seed,faa_energy_W,fpa_energy_W,faa_energy_dBm,fpa_energy_dBm,faa_saving_pct,faa_fpa_ratio,faa_iterations,fpa_iterations,faa_monotone,fpa_monotone,faa_feasible,fpa_feasible,same_physical_channel,faa_wins,fpa_wins,tie
0,0.0004188736372674922,0.0004499871244339734,-3.7791697205591683,-3.4679991259637943,6.9143060938950205,0.9308569390610498,20,14,True,True,True,True,True,True,False,False
1,0.000310912325742582,0.0003624195094933216,-5.073620605367996,-4.407884317533984,14.212033955553036,0.8578796604444696,8,14,True,True,True,True,True,True,False,False
2,0.000287542042360785,0.00042928570146889193,-5.412986468686242,-3.672535766418636,33.01849062829276,0.6698150937170724,6,25,True,True,True,True,True,True,False,False
3,0.00023285179277028546,0.00036259682815033105,-6.329204140024758,-4.405759992554953,35.782176044367894,0.642178239556321,4,12,True,True,True,True,True,True,False,False
4,0.00027821292876128095,0.0003201873739033976,-5.556226918881273,-4.945957978139601,13.10933801992473,0.8689066198007527,7,13,True,True,True,True,True,True,False,False
5,0.00026930105884237986,0.00043907155769618174,-5.697619390188692,-3.574646948374793,38.665792825340695,0.613342071746593,7,25,True,True,True,True,True,True,False,False
6,0.00023076669843836035,0.00030475435412746256,-6.3682686331505725,-5.160500807546274,24.27780101811346,0.7572219898188653,6,25,True,True,True,True,True,True,False,False
7,0.0004678612788032847,0.000597811968434981,-3.2988289645759017,-2.2343539446027494,21.737719633130766,0.7826228036686924,14,14,True,True,True,True,True,True,False,False
8,0.0002098958068836423,0.00033758769154892623,-6.77996237289375,-4.716133961394789,37.82480459503888,0.6217519540496111,9,25,True,True,True,True,True,True,False,False
9,0.00017652842209716737,0.00023401171812095518,-7.5318536072251385,-6.307623947785391,24.564281004969178,0.7543571899503082,6,21,True,True,True,True,True,True,False,False
10,0.00037506907206109354,0.0005267019210214739,-4.258887459985131,-2.7843509765257357,28.789120166166665,0.7121087983383334,10,19,True,True,True,True,True,True,False,False
11,0.000213463927207124,0.0003137849043352083,-6.706755048943095,-5.033679534247208,31.971256660873003,0.68028743339127,10,25,True,True,True,True,True,True,False,False
12,0.00021277201729260703,0.0003849490785068731,-6.720854888511804,-4.145967156502114,44.72723038644497,0.5527276961355503,5,25,True,True,True,True,True,True,False,False
13,0.000689109311445818,0.0008132978417626164,-1.6171188173207405,-0.8975038017966269,15.269747925022317,0.8473025207497769,9,25,True,True,True,True,True,True,False,False
14,0.00014323191271006712,0.00022660381655787996,-8.439602084961153,-6.447327798386021,36.79192394648732,0.6320807605351269,8,15,True,True,True,True,True,True,False,False
15,0.0002252403276123396,0.00048427129167156975,-6.473538496486997,-3.149112758185682,53.488812678762635,0.46511187321237374,10,18,True,True,True,True,True,True,False,False
16,0.0004901742165703537,0.0006841762537925715,-3.0964953660845067,-1.6483200326673821,28.355564249243198,0.7164443575075681,5,13,True,True,True,True,True,True,False,False
17,0.00015850880369105307,0.00022047812114009023,-7.999466117537013,-6.5663450070664755,28.10678770691369,0.7189321229308631,7,25,True,True,True,True,True,True,False,False
18,0.00039889987951385164,0.000634985974674075,-3.9913609486709016,-1.9723586713152794,37.179733817176256,0.6282026618282374,9,24,True,True,True,True,True,True,False,False
19,0.00034793711963053794,0.00047869730729643514,-4.584992361251999,-3.199390154459576,27.315839398470537,0.7268416060152947,5,25,True,True,True,True,True,True,False,False
20,0.00015151679568690387,0.0001591874647523689,-8.19539222806291,-7.98091133854718,4.81863887800303,0.9518136112199697,10,17,True,True,True,True,True,True,False,False
21,0.00021825744073080284,0.0004875900894781756,-6.610309416052312,-3.119451302248661,55.23751498633116,0.4476248501366884,10,17,True,True,True,True,True,True,False,False
22,0.0002479208083448331,0.00027148612906387925,-6.0568702075099266,-5.662523547488219,8.680119606958383,0.9131988039304162,5,18,True,True,True,True,True,True,False,False
23,0.00023924856442774454,0.0005049803573947869,-6.211506594569888,-2.967255146357232,52.62220382946437,0.47377796170535647,11,23,True,True,True,True,True,True,False,False
24,0.00018135198846350308,0.0002915996650885627,-7.414776781646474,-5.352129791547236,37.80788863100234,0.6219211136899765,9,24,True,True,True,True,True,True,False,False
25,0.00030128274398823874,0.0003624143646077516,-5.210257418921885,-4.40794597015517,16.867880136505303,0.8313211986349469,6,11,True,True,True,True,True,True,False,False
26,0.00015698530758758816,0.0002594390626084527,-8.041409917450421,-5.859646335021814,39.490489208052864,0.6050951079194713,7,19,True,True,True,True,True,True,False,False
27,0.0003482660727281584,0.0006434865508718579,-4.5808883144075985,-1.914605255943676,45.878267035061754,0.5412173296493825,9,25,True,True,True,True,True,True,False,False
28,0.0004767507245627185,0.000693737645059445,-3.2170863824346423,-1.588047382552657,31.277950972104644,0.6872204902789536,12,25,True,True,True,True,True,True,False,False
29,0.0001727474565795889,0.00022384498831657583,-7.625883381742058,-6.50052624625729,22.82719489110096,0.7717280510889905,7,17,True,True,True,True,True,True,False,False
30,0.0005009233330212188,0.0006413248913746607,-3.0022873839163813,-1.9292190373335403,21.892423051364084,0.7810757694863592,12,21,True,True,True,True,True,True,False,False
31,0.0003754009525815525,0.0006790458599248712,-4.255046296891346,-1.6810089429129347,44.716406543869304,0.552835934561307,10,25,True,True,True,True,True,True,False,False
32,0.0001178769827284295,0.00027427423837905995,-9.285709892215369,-5.618149822432054,57.022218555751515,0.4297778144424849,6,25,True,True,True,True,True,True,False,False
33,0.00017200385630365976,0.0002577314213567252,-7.644618161585804,-5.888326311581694,33.262364597140134,0.6673763540285986,5,13,True,True,True,True,True,True,False,False
34,0.0007296279764043936,0.0010567634247778935,-1.3689852204105382,0.23977773671557137,30.956356049345292,0.6904364395065471,5,25,True,True,True,True,True,True,False,False
35,0.00027690822804457896,0.0004819115215044547,-5.576641394466715,-3.170326904948217,42.539612420945346,0.5746038757905465,6,25,True,True,True,True,True,True,False,False
36,0.00027894474472565245,0.0003330145209605508,-5.544818162150722,-4.775368288494045,16.236462025421265,0.8376353797457874,4,10,True,True,True,True,True,True,False,False
37,0.0002927207542046673,0.00040043688504414084,-5.335464845459663,-3.9746592561494003,26.899652570117212,0.731003474298828,15,18,True,True,True,True,True,True,False,False
38,0.00032832550514538816,0.00047017578273543233,-4.836953788799913,-3.2773974376748836,30.169626509637403,0.698303734903626,7,23,True,True,True,True,True,True,False,False
39,0.00023356354544129776,0.0002563027436981309,-6.315949408796268,-5.912467447069757,8.872007349096105,0.911279926509039,11,15,True,True,True,True,True,True,False,False
40,0.00038994627989682746,0.0005462847930977112,-4.0899521848972755,-2.6258088875078722,28.618499942926334,0.7138150005707367,8,25,True,True,True,True,True,True,False,False
41,0.0003710932689654262,0.0005166230951050067,-4.305169229826216,-2.8682618303984464,28.169438710439515,0.7183056128956049,6,24,True,True,True,True,True,True,False,False
42,0.0006049458408023689,0.0008538014661495636,-2.1828350484097294,-0.6864310376008986,29.146778872314766,0.7085322112768524,8,17,True,True,True,True,True,True,False,False
43,0.0003225728765057413,0.00044652676111085776,-4.913721530013503,-3.5015250798596345,27.759564577215308,0.722404354227847,7,23,True,True,True,True,True,True,False,False
44,0.00038072362699471414,0.000622654696926,-4.193901708477546,-2.0575273150163804,38.854773139218516,0.6114522686078149,10,19,True,True,True,True,True,True,False,False
45,0.00021272542848075905,0.0002885569786376782,-6.721805928955681,-5.3976841798610895,26.279575879582445,0.7372042412041755,6,11,True,True,True,True,True,True,False,False
46,0.00038397798918205005,0.0005007507287087067,-4.156936700354732,-3.003784100345061,23.319534617109834,0.7668046538289016,18,25,True,True,True,True,True,True,False,False
47,0.0003046921406238804,0.0003468077348291889,-5.161387480343055,-4.599112250476872,12.143787457927212,0.8785621254207279,4,21,True,True,True,True,True,True,False,False
48,0.00017784694898882416,0.00017385027135368098,-7.499535808503319,-7.5982462711293834,-2.2989194115276024,1.022989194115276,6,11,True,True,True,True,True,False,True,False
49,0.0002973838458936198,0.000577047354872904,-5.266826263648543,-2.3878854539520997,48.46456822263412,0.5153543177736588,6,15,True,True,True,True,True,True,False,False
50,0.0002823954317942103,0.00035138060905778396,-5.491423329835956,-4.542222087245201,19.63260791440803,0.8036739208559197,9,16,True,True,True,True,True,True,False,False
51,0.0001855344383046476,0.00030380896522994613,-7.315754662240703,-5.173994145007315,38.930558496119176,0.6106944150388083,7,12,True,True,True,True,True,True,False,False
52,0.00036408873848378046,0.0005469159449110035,-4.387927538866807,-2.6207941492135896,33.42875776952773,0.6657124223047227,7,18,True,True,True,True,True,True,False,False
53,0.00022435467806638317,0.0004203370107807871,-6.490648704712912,-3.7640236857128277,46.62504792294202,0.5337495207705799,8,25,True,True,True,True,True,True,False,False
54,0.000211201227932149,0.00029351917982674703,-6.753035611258854,-5.3236351478854775,28.04516963531552,0.7195483036468447,4,18,True,True,True,True,True,True,False,False
55,0.00020296327402578076,0.00023130154538439937,-6.925825400715948,-6.358214655878976,12.251656732999047,0.8774834326700095,13,15,True,True,True,True,True,True,False,False
56,0.000281189307749146,0.00044081911424564583,-5.510011974282816,-3.5573958241526915,36.21208820984708,0.6378791179015292,7,25,True,True,True,True,True,True,False,False
57,0.0001942987211409401,0.00030804526307051406,-7.1153005788328825,-5.113854651310948,36.92526896722202,0.6307473103277798,6,12,True,True,True,True,True,True,False,False
58,0.00020252308729653157,0.0003780879209026237,-6.935254607754794,-4.2240719719216795,46.434922646288065,0.5356507735371193,15,25,True,True,True,True,True,True,False,False
59,0.00029612215655811853,0.00031834287497249864,-5.285290964576043,-4.971048659030305,6.980121171645427,0.9301987882835457,8,16,True,True,True,True,True,True,False,False
60,0.0005743444311793877,0.0008327724169076194,-2.4082758547812757,-0.7947366796341826,31.03224608325367,0.6896775391674633,6,17,True,True,True,True,True,True,False,False
61,0.0001471293061118755,0.0003146861794341137,-8.323008132342604,-5.021223302590173,53.245704537628036,0.46754295462371964,6,14,True,True,True,True,True,True,False,False
62,0.00015930927831841134,0.00031056233559461217,-7.9775892975352285,-5.078512158170022,48.702962317245294,0.5129703768275471,5,18,True,True,True,True,True,True,False,False
63,0.00019475719189131135,0.00024192494618153197,-7.105064959607091,-6.163193468907484,19.49685430737994,0.8050314569262006,6,16,True,True,True,True,True,True,False,False
64,0.00031878629031049786,0.0003388725019564409,-4.965003640969008,-4.699636708589886,5.927365463405163,0.9407263453659483,16,20,True,True,True,True,True,True,False,False
65,0.00021916939235394628,0.0003433038244256741,-6.592200964464567,-4.643213584801186,36.15876761040952,0.6384123238959047,9,25,True,True,True,True,True,True,False,False
66,0.00031724956914335974,0.0004269795259290427,-4.985989590481935,-3.6959294930570206,25.699114388898902,0.743008856111011,6,18,True,True,True,True,True,True,False,False
67,0.00018154431381662601,0.0002999856224986226,-7.410173491566824,-5.228995593441378,39.48232841810291,0.6051767158189709,8,20,True,True,True,True,True,True,False,False
68,0.0004374111857076646,0.0006912446919564488,-3.591101151506906,-1.6036819060641343,36.72122320829,0.6327877679171,8,23,True,True,True,True,True,True,False,False
69,0.00019312108675622442,0.00029132511787027636,-7.141703033211696,-5.356220691581878,33.70942808912928,0.6629057191087071,10,16,True,True,True,True,True,True,False,False
70,0.00032660299550625,0.0004790332285125301,-4.859798363603151,-3.1963436036599058,31.82038821807806,0.6817961178192194,4,12,True,True,True,True,True,True,False,False
71,0.0002620230832745876,0.0004564708401295325,-5.816604472406191,-3.4058696046335757,42.598067556684796,0.5740193244331521,11,15,True,True,True,True,True,True,False,False
72,0.0003480433097402888,0.00043622298092661034,-4.583667100451287,-3.6029145882445017,20.21435711594406,0.7978564288405594,7,18,True,True,True,True,True,True,False,False
73,0.00024755678286642784,0.0004235642564217874,-6.063251698329822,-3.730806960946455,41.55390141799181,0.5844609858200819,8,25,True,True,True,True,True,True,False,False
74,0.00036698266946652894,0.0006681368039816423,-4.3535444455654995,-1.7513460469308524,45.073723333371085,0.5492627666662891,9,25,True,True,True,True,True,True,False,False
75,0.0002503065281437122,0.0003814627060379608,-6.015278235846656,-4.185479147304116,34.382437868302844,0.6561756213169715,5,16,True,True,True,True,True,True,False,False
76,0.00033382339479588345,0.0005804565625928491,-4.764832306444061,-2.36230274344126,42.48951320237929,0.5751048679762071,4,25,True,True,True,True,True,True,False,False
77,0.00017258697581626356,0.00036135594176182667,-7.629919811848223,-4.420647997998326,52.23906517911434,0.47760934820885653,5,25,True,True,True,True,True,True,False,False
78,0.00020927401741966962,0.0003407510913196924,-6.792846884875282,-4.675627445810029,38.58449092292741,0.6141550907707259,5,15,True,True,True,True,True,True,False,False
79,0.00040109984588785957,0.0009831767332709796,-3.9674750488463353,-0.07368407513370628,59.20368817583584,0.4079631182416416,9,25,True,True,True,True,True,True,False,False
80,0.0003534624075326964,0.0005650744939269964,-4.516567687674105,-2.4789429524457973,37.448529117585466,0.6255147088241454,10,18,True,True,True,True,True,True,False,False
81,0.0003458822087795419,0.0004289536923651243,-4.610717763134386,-3.6758958948382032,19.366072623725593,0.8063392737627441,17,22,True,True,True,True,True,True,False,False
82,0.0002475948937024657,0.0003917820762266459,-6.062583162743338,-4.06955436574873,36.802904286200146,0.6319709571379986,9,19,True,True,True,True,True,True,False,False
83,0.0002480325080912387,0.0004399105579647877,-6.054913951438781,-3.5663561472051546,43.61751415134431,0.5638248584865568,6,15,True,True,True,True,True,True,False,False
84,0.0002923936589995609,0.0003781465468391097,-5.340320499472861,-4.223398611427035,22.677157455581398,0.773228425444186,10,25,True,True,True,True,True,True,False,False
85,0.00024483151054596243,0.00031290768019791364,-6.111326879335248,-5.045837771330026,21.75599192991784,0.7824400807008216,7,25,True,True,True,True,True,True,False,False
86,0.00023502669525688418,0.0003048059153929061,-6.2888280605035165,-5.1597660886272365,22.893000631590084,0.7710699936840991,5,25,True,True,True,True,True,True,False,False
87,0.00023963705767967504,0.00034222564941916605,-6.204460214190364,-4.656874437027071,29.976885693286558,0.7002311430671344,6,16,True,True,True,True,True,True,False,False
88,0.00020331767083927059,0.0003091659562760832,-6.918248741190794,-5.0980833433791,34.236720857548356,0.6576327914245165,6,14,True,True,True,True,True,True,False,False
89,0.0004356307029231744,0.0007496122819006389,-3.608815190902459,-1.2516330643460873,41.88586374030125,0.5811413625969876,6,25,True,True,True,True,True,True,False,False
90,0.00022096070668482809,0.00031366342506277555,-6.556849497863052,-5.035361195536925,29.554838393859356,0.7044516160614064,9,20,True,True,True,True,True,True,False,False
91,0.0001530034181822888,0.00030637077793251103,-8.152988666913961,-5.137526606709048,50.05939560724254,0.49940604392757454,5,25,True,True,True,True,True,True,False,False
92,0.00033544555301919757,0.0005086378354306378,-4.74377961164845,-2.935913376176673,34.05021615523492,0.6594978384476509,15,24,True,True,True,True,True,True,False,False
93,0.00047754046152710965,0.0008375362951191368,-3.2098982518286556,-0.769963634810732,42.982714383836814,0.5701728561616319,7,25,True,True,True,True,True,True,False,False
94,0.00027460174960210106,0.00031180065123577764,-5.612967000194481,-5.0612298206632635,11.930347639186772,0.8806965236081323,6,23,True,True,True,True,True,True,False,False
95,0.0001862891135204816,0.0002751441775578447,-7.298125239342812,-5.604396730445529,32.29400121275789,0.6770599878724212,6,20,True,True,True,True,True,True,False,False
96,0.00023464336133611298,0.0003424943052183804,-6.295917285849986,-4.653466452892036,31.48985026583136,0.6851014973416865,9,25,True,True,True,True,True,True,False,False
97,0.00022217412997346141,0.00043246910186598797,-6.533065118391778,-3.640449156406774,48.626588809503446,0.5137341119049655,10,19,True,True,True,True,True,True,False,False
98,0.0002993611462272064,0.0004463670061882906,-5.238045669659329,-3.503079143391246,32.93385441196181,0.6706614558803818,18,25,True,True,True,True,True,True,False,False
99,0.0002566653539311006,0.00039482484093128614,-5.90632750775507,-4.035955309264224,34.99260245994256,0.6500739754005744,11,25,True,True,True,True,True,True,False,False
100,0.00039440962588852945,0.0006796036902331574,-4.040524942905185,-1.6774427158706204,41.96476099869087,0.5803523900130914,18,25,True,True,True,True,True,True,False,False
101,0.0001495337354175563,0.00021580647866076757,-8.25260817688109,-6.659355216346316,30.709339058994285,0.6929066094100572,7,21,True,True,True,True,True,True,False,False
102,0.0001919783876955633,0.00022382186017653238,-7.167476600092986,-6.500974991731309,14.22715031313454,0.8577284968686546,5,22,True,True,True,True,True,True,False,False
103,0.0002106915684871572,0.00030916988907723163,-6.7635284375957605,-5.098028098519852,31.85249407178661,0.6814750592821339,9,20,True,True,True,True,True,True,False,False
104,0.0001794552439497835,0.00035200652368625016,-7.460438464130527,-4.534492877301465,49.01934143989467,0.5098065856010533,8,25,True,True,True,True,True,True,False,False
105,0.00022419290554012873,0.00030950035871822097,-6.493781345310692,-5.093388432860162,27.562957772129394,0.7243704222787061,7,25,True,True,True,True,True,True,False,False
106,0.0005465983072878769,0.0008086917173517154,-2.623317175695798,-0.9221700492557319,32.40955786243685,0.6759044213756314,9,25,True,True,True,True,True,True,False,False
107,0.0002445827375125827,0.0004641379492259801,-6.115741984346057,-3.3335292098919,47.303869911852445,0.5269613008814755,8,14,True,True,True,True,True,True,False,False
108,0.0002658559494185863,0.00028764492115327485,-5.753536164453386,-5.411432897580015,7.574954442904297,0.9242504555709571,10,20,True,True,True,True,True,True,False,False
109,0.00024561951120253417,0.0004186986569556701,-6.097371372416628,-3.7809843217702106,41.33740170355043,0.5866259829644958,6,14,True,True,True,True,True,True,False,False
110,0.0003438574484643928,0.0004122698541209545,-4.63621563754855,-3.84818420395274,16.5940839410709,0.834059160589291,14,17,True,True,True,True,True,True,False,False
111,0.00027175202299596234,0.00037942227578811254,-5.658272142234041,-4.208771753770734,28.377420004796555,0.7162257999520345,5,25,True,True,True,True,True,True,False,False
112,0.00030971538091167553,0.00035666303828074425,-5.090372264184822,-4.4774189515407805,13.163028497535054,0.8683697150246494,13,20,True,True,True,True,True,True,False,False
113,0.00024168411751339584,0.0002942160431391172,-6.167518887025258,-5.313336495662535,17.854881421568898,0.8214511857843111,6,25,True,True,True,True,True,True,False,False
114,0.000218652801397985,0.0002751742665728248,-6.602449540662421,-5.603921823841029,20.540243780346877,0.7945975621965312,13,17,True,True,True,True,True,True,False,False
115,0.0005530875678173663,0.0007510743553078744,-2.572061033984835,-1.2431706632283428,26.360477639973595,0.736395223600264,5,24,True,True,True,True,True,True,False,False
116,0.0002404932629631036,0.00037527573061085974,-6.188970851900652,-4.256495208589471,35.91558330413808,0.6408441669586192,7,25,True,True,True,True,True,True,False,False
117,0.00023622089514864912,0.0003183884746488536,-6.266816890832507,-4.970426616849935,25.807334763240412,0.7419266523675959,10,20,True,True,True,True,True,True,False,False
118,0.0002585054820496415,0.0003912660314195754,-5.875302425171802,-4.075278546482511,33.93101846543068,0.6606898153456933,8,20,True,True,True,True,True,True,False,False
119,0.0006855174208616135,0.0009001794363424615,-1.639815041305818,-0.4567091228734441,23.846580672076428,0.7615341932792358,16,25,True,True,True,True,True,True,False,False
120,0.00022827167646610237,0.0004393076131846892,-6.415479716353705,-3.57231270362154,48.03830627671487,0.5196169372328513,10,25,True,True,True,True,True,True,False,False
121,0.00016036094035603562,0.0003424423799983303,-7.949014057126117,-4.654124932341868,53.171409345765696,0.46828590654234303,9,25,True,True,True,True,True,True,False,False
122,0.00026505320740085806,0.0004023887134016711,-5.766669360213471,-3.953542093043085,34.130059175820485,0.6586994082417951,17,25,True,True,True,True,True,True,False,False
123,0.0003696787464551477,0.0004030859590940403,-4.321755171374124,-3.9460232959238035,8.287863143131382,0.9171213685686862,9,21,True,True,True,True,True,True,False,False
124,0.00021697052318020186,0.0002582702677209203,-6.635992638000125,-5.879255872760152,15.990901664819509,0.8400909833518049,8,13,True,True,True,True,True,True,False,False
125,0.00029628668272088275,0.0005826429185950839,-5.2828786843493925,-2.345975275653795,49.1478102170514,0.508521897829486,5,25,True,True,True,True,True,True,False,False
126,0.0002524230592792631,0.0003971177539521312,-5.978709740701181,-4.010806964891654,36.43621903902833,0.6356378096097167,8,25,True,True,True,True,True,True,False,False
127,0.00027183074608376153,0.0007372382400878355,-5.6570142288190715,-1.323921462847357,63.12850700048125,0.3687149299951875,8,17,True,True,True,True,True,True,False,False
128,0.00035999955782078095,0.0007776788192424581,-4.436980326663593,-1.0919972927091253,53.708452781129004,0.46291547218871,6,25,True,True,True,True,True,True,False,False
129,0.0001824962072516217,0.0003429291381310227,-7.387461568886467,-4.647956120215868,46.783114364024826,0.5321688563597518,8,25,True,True,True,True,True,True,False,False
130,0.00027215979349685574,0.0004437220340118447,-5.651760332553527,-3.5288900488235626,38.66435005803865,0.6133564994196136,10,21,True,True,True,True,True,True,False,False
131,0.00038296769744531456,0.0004325714557577021,-4.168378563522285,-3.6394214189165845,11.467182508725747,0.8853281749127425,8,14,True,True,True,True,True,True,False,False
132,0.00035761410873829075,0.0004673871635589075,-4.465853555743431,-3.3032321935518865,23.486536083865175,0.7651346391613483,9,21,True,True,True,True,True,True,False,False
133,0.00011944345273208885,0.0001678143836049221,-9.228376510229797,-7.751708179260769,28.824067302067956,0.7117593269793204,6,18,True,True,True,True,True,True,False,False
134,0.00018851677225267452,0.0002743945294783509,-7.246500047539729,-5.616245512781437,31.29718270584251,0.6870281729415749,9,21,True,True,True,True,True,True,False,False
135,0.0002042492382646709,0.00029526337036193083,-6.898395544678455,-5.297904271846109,30.824728440136596,0.691752715598634,10,25,True,True,True,True,True,True,False,False
136,0.00035596071643149985,0.000416721566823031,-4.485979278091312,-3.8015402267720875,14.580682937711847,0.8541931706228816,9,17,True,True,True,True,True,True,False,False
137,9.987026328213283e-05,0.0001414480457514768,-10.00563805217024,-8.49403048385236,29.39438452362631,0.706056154763737,4,13,True,True,True,True,True,True,False,False
138,0.00023000686081599134,0.000354282213647146,-6.3825920932985545,-4.506506504012141,35.07806715776283,0.6492193284223717,6,17,True,True,True,True,True,True,False,False
139,0.00026491035885374526,0.0003630898453458108,-5.7690105904870865,-4.399858969751522,27.039997882220668,0.7296000211777933,10,19,True,True,True,True,True,True,False,False
140,0.0001455451233377966,0.00023122431708863303,-8.370023415337664,-6.359664945505181,37.05457748978618,0.6294542251021382,5,18,True,True,True,True,True,True,False,False
141,0.0003832417164058007,0.000873222202604222,-4.165272234484865,-0.5887523042291738,56.111775987503066,0.43888224012496924,8,25,True,True,True,True,True,True,False,False
142,0.00037584014792690787,0.0004969835875976085,-4.24996829632489,-3.0365795318515225,24.37574251823916,0.7562425748176084,5,18,True,True,True,True,True,True,False,False
143,0.0001647000538582978,0.00028831411028152574,-7.833062588122875,-5.401341024350746,42.87478552559373,0.5712521447440627,10,23,True,True,True,True,True,True,False,False
144,0.00033255470599471255,0.0006139255362127299,-4.781369020680667,-2.11884301779134,45.83142638988065,0.5416857361011935,6,25,True,True,True,True,True,True,False,False
145,0.00021623813096776736,0.00036098541789232917,-6.6506772107317245,-4.4251034118798325,40.09782106149658,0.5990217893850343,9,19,True,True,True,True,True,True,False,False
146,0.0003041477711044085,0.0002893923754726932,-5.169153618431852,-5.385129152824852,-5.098750652160013,1.0509875065216001,7,25,True,True,True,True,True,False,True,False
147,0.0002551205904970479,0.00043118247297584957,-5.932544885545582,-3.653389009859223,40.83233747042006,0.5916766252957995,5,25,True,True,True,True,True,True,False,False
148,0.00016685475647300224,0.00024695549420199306,-7.776614085444916,-6.073813073235904,32.43529284004258,0.6756470715995743,8,16,True,True,True,True,True,True,False,False
149,0.0002544030157290989,0.00041344815832399504,-5.944777448052914,-3.8357893826450953,38.4679770348044,0.615320229651956,5,25,True,True,True,True,True,True,False,False
150,0.00043142612855302234,0.0006442506848211709,-3.65093556167246,-1.9094511113344486,33.03443229202367,0.6696556770797633,13,24,True,True,True,True,True,True,False,False
151,0.0003391264301187475,0.0005268234506096393,-4.696383617777241,-2.7833490143294086,35.6280686202729,0.6437193137972711,5,25,True,True,True,True,True,True,False,False
152,0.0002169166589196575,0.00035493799646969814,-6.637070934488772,-4.498475065024193,38.88604176583947,0.6111395823416053,4,25,True,True,True,True,True,True,False,False
153,0.00020828734423289185,0.00027776431505086946,-6.813371174588669,-5.563235497141962,25.012921766157643,0.7498707823384236,9,25,True,True,True,True,True,True,False,False
154,0.0002976146615857139,0.00044648836249499044,-5.263456776660544,-3.5018985630527713,33.34324327679355,0.6665675672320645,4,25,True,True,True,True,True,True,False,False
155,0.00012196793638500174,0.00023795140591830702,-9.137543240896042,-6.235117248607734,48.742502312898495,0.512574976871015,7,12,True,True,True,True,True,True,False,False
156,0.00045711157548884626,0.0005559732148552401,-3.3997778088245023,-2.5494613093732172,17.781727019373527,0.8221827298062647,8,19,True,True,True,True,True,True,False,False
157,0.00022464250033116907,0.0004196412162330019,-6.485080757095366,-3.771218629392033,46.467960810017665,0.5353203918998233,14,25,True,True,True,True,True,True,False,False
158,0.00017668469610419396,0.0002602934335148431,-7.5280106614313596,-5.845367878040959,32.120955293281106,0.6787904470671889,5,25,True,True,True,True,True,True,False,False
159,0.00024227965317200997,0.00048579175650843284,-6.156830567092067,-3.135498590930019,50.12684963751454,0.49873150362485463,10,25,True,True,True,True,True,True,False,False
160,0.00029662501290659107,0.00039270820259810894,-5.277922298778118,-4.059300274133303,24.466815069266026,0.7553318493073398,16,25,True,True,True,True,True,True,False,False
161,0.00019637714860526,0.0003390340117228923,-7.069090502152246,-4.697567314056716,42.07744892398351,0.5792255107601648,7,24,True,True,True,True,True,True,False,False
162,0.0006485711887992849,0.0009094562080291984,-1.8804234771269634,-0.4121820816636221,28.685825323602348,0.7131417467639766,23,25,True,True,True,True,True,True,False,False
163,0.00038544569326149746,0.0005623869765741228,-4.1403680251127835,-2.4996474500722714,31.462549931453545,0.6853745006854646,6,24,True,True,True,True,True,True,False,False
164,0.0002095535656583864,0.00033356126245957666,-6.787049450301518,-4.768243911185138,37.176887953593955,0.6282311204640605,6,19,True,True,True,True,True,True,False,False
165,0.0004925437987937469,0.0006903521784998259,-3.0755514439747755,-1.6092930033594994,28.653256390952187,0.7134674360904781,11,25,True,True,True,True,True,True,False,False
166,0.00019327838926200708,0.00029254392125025033,-7.138167023549938,-5.338089216342775,33.93183887192402,0.6606816112807598,7,25,True,True,True,True,True,True,False,False
167,0.00033350008213416755,0.0003933321501667068,-4.769040547896771,-4.052405537953419,15.211588477367155,0.8478841152263284,8,14,True,True,True,True,True,True,False,False
168,0.00031953485719634354,0.00044689549225568944,-4.954817589068359,-3.4979402595801923,28.498975099636276,0.7150102490036372,16,23,True,True,True,True,True,True,False,False
169,0.0003817689728935964,0.0006115757748792012,-4.181993704647495,-2.1354972575261146,37.57617803468366,0.6242382196531634,5,15,True,True,True,True,True,True,False,False
170,0.0005610095310372434,0.0008200329714894571,-2.5102976041635165,-0.8616868536255768,31.586954361327642,0.6841304563867237,16,25,True,True,True,True,True,True,False,False
171,0.0002662818860268324,0.00038113780585822827,-5.746583756795629,-4.189179705107668,30.135011029086627,0.6986498897091338,10,25,True,True,True,True,True,True,False,False
172,0.00018277558015889847,0.00034444342587388915,-7.380818289013032,-4.62882099876675,46.935964971554434,0.5306403502844557,5,21,True,True,True,True,True,True,False,False
173,0.0001637101153650919,0.00028108337048197404,-7.859244854535463,-5.511648474610372,41.75745257203301,0.58242547427967,8,25,True,True,True,True,True,True,False,False
174,0.00024873645600353636,0.0004507146473768622,-6.04260557790548,-3.460983279472613,44.812874963977606,0.5518712503602239,11,25,True,True,True,True,True,True,False,False
175,0.00020153634935385684,0.00027210416084641855,-6.956466125496986,-5.65264817210233,25.934117020868236,0.7406588297913177,13,25,True,True,True,True,True,True,False,False
176,0.00027931646674966555,0.0003095813079179376,-5.539034602613685,-5.092252692848903,9.776055722425756,0.9022394427757424,7,12,True,True,True,True,True,True,False,False
177,0.00020340024154396957,0.0002916531384843246,-6.9164853567506945,-5.351333457586017,30.259539602073694,0.6974046039792631,7,25,True,True,True,True,True,True,False,False
178,0.00031806625162486665,0.0006056194033672571,-4.974824092033609,-2.1780021897638453,47.480835347016395,0.525191646529836,7,24,True,True,True,True,True,True,False,False
179,0.00039852805094782,0.0004990949162362948,-3.9954110477450926,-3.0181685382005066,20.149847657607022,0.7985015234239298,8,22,True,True,True,True,True,True,False,False
180,0.00014144880074967885,0.0002238196025709907,-8.49400730285497,-6.5010187975764175,36.80231797176283,0.6319768202823717,6,25,True,True,True,True,True,True,False,False
181,0.0002010593139630993,0.0003780909044190373,-6.96675803639976,-4.224037701596414,46.82249384654181,0.5317750615345819,6,11,True,True,True,True,True,True,False,False
182,0.0001667085513455389,0.00026149019544327904,-7.780421223859798,-5.825445903328765,36.2467296095236,0.637532703904764,5,13,True,True,True,True,True,True,False,False
183,0.0003712842558414387,0.00042184979474103505,-4.3029346646507785,-3.7484215787088573,11.986621667230516,0.8801337833276949,6,14,True,True,True,True,True,True,False,False
184,0.00029521313259205887,0.0006932992511391172,-5.298643267764897,-1.5907926890021105,57.41908964894851,0.425809103510515,10,25,True,True,True,True,True,True,False,False
185,0.00021044790498121323,0.0004261603225461948,-6.768553933164217,-3.7042698752044014,50.61766808232102,0.4938233191767898,12,17,True,True,True,True,True,True,False,False
186,0.0002539624380398951,0.00033028489808150817,-5.952305123498091,-4.811112834984408,23.108068363082744,0.7689193163691725,13,13,True,True,True,True,True,True,False,False
187,0.00014978603139965087,0.0002724173143741081,-8.245286857614788,-5.647652928746588,45.0159650300527,0.549840349699473,14,15,True,True,True,True,True,True,False,False
188,0.00021003261567692028,0.0003536240004056142,-6.777132590344797,-4.514582671600909,40.60566719566307,0.5939433280433692,5,25,True,True,True,True,True,True,False,False
189,0.0002203456192978214,0.0003200050476543008,-6.56895579298355,-4.948431712078439,31.14308011295521,0.6885691988704479,8,17,True,True,True,True,True,True,False,False
190,0.00019826326228811208,0.00022237505378709384,-7.027577520764414,-6.529139338627786,10.842849091367437,0.8915715090863257,6,18,True,True,True,True,True,True,False,False
191,0.00025992525910488017,0.0005383327846820137,-5.851515144319148,-2.6894917067116983,51.71662092651208,0.4828337907348792,13,25,True,True,True,True,True,True,False,False
192,0.0004118124879497803,0.0006770773920527812,-3.85300487816463,-1.6936168726688636,39.17792961581005,0.6082207038418995,8,25,True,True,True,True,True,True,False,False
193,0.00030388591621990745,0.0003821566666192583,-5.172894270991062,-4.177585598636388,20.481325392481455,0.7951867460751855,6,25,True,True,True,True,True,True,False,False
194,0.0002128965417265306,0.00021682575059727566,-6.718313931473189,-6.63889141514648,1.8121504756337887,0.9818784952436621,9,16,True,True,True,True,True,True,False,False
195,0.00027133085521543923,0.0004076325272247879,-5.665008163089931,-3.897311685551819,33.43738855613587,0.6656261144386413,8,22,True,True,True,True,True,True,False,False
196,0.0003952337551313154,0.000723000511314904,-4.0314597136872035,-1.4086139556693145,45.33423573760507,0.5466576426239493,15,25,True,True,True,True,True,True,False,False
197,0.0003534456675978817,0.0004523789907239967,-4.516773373860884,-3.4449757267785106,21.869566260754077,0.7813043373924592,10,21,True,True,True,True,True,True,False,False
198,0.0005416819874880117,0.0006675340221674376,-2.6625560573571527,-1.7552659473785972,18.85327646234313,0.8114672353765687,11,14,True,True,True,True,True,True,False,False
199,0.00019367333949589505,0.0004195548563026198,-7.129301588715594,-3.7721124763148755,53.838374985653644,0.4616162501434636,6,25,True,True,True,True,True,True,False,False
200,0.00024315100315058335,0.0002853411655122695,-6.141239343546392,-5.446355691590622,14.78586599516501,0.85214134004835,7,16,True,True,True,True,True,True,False,False
201,0.00020217273768338375,0.00023813716744787048,-6.94277407953317,-6.2317281644815194,15.102400918730815,0.8489759908126918,11,25,True,True,True,True,True,True,False,False
202,0.0002553013458894103,0.0003641412122445866,-5.929468956900566,-4.38730166335099,29.88946669460491,0.7011053330539508,6,20,True,True,True,True,True,True,False,False
203,0.00018300012942837747,0.0003370345127506313,-7.375486031110445,-4.723256245598254,45.70285163532271,0.542971483646773,4,21,True,True,True,True,True,True,False,False
204,0.00017908459480008723,0.00027302071027881375,-7.4694177138752185,-5.638044078359456,34.40622338971913,0.6559377661028087,7,13,True,True,True,True,True,True,False,False
205,0.0001793389035226642,0.0002463809245642624,-7.463254898436764,-6.083929193857388,27.210718995460198,0.727892810045398,13,12,True,True,True,True,True,True,False,False
206,0.0003042225242933218,0.0005195828013095159,-5.168086344179354,-2.8434523292616958,41.44869238808846,0.5855130761191154,14,16,True,True,True,True,True,True,False,False
207,0.00015309430041222038,0.0002526389749949592,-8.150409774637117,-5.974996493486696,39.40194682341669,0.6059805317658331,8,25,True,True,True,True,True,True,False,False
208,0.00019629075036567292,0.00032856432384061653,-7.071001647901756,-4.8337959488850295,40.258045039335514,0.5974195496066448,8,25,True,True,True,True,True,True,False,False
209,0.00030303854202972606,0.0003034445044548953,-5.18502132136852,-5.179207234116948,0.13378473467447943,0.9986621526532552,9,16,True,True,True,True,True,True,False,False
210,0.0002552501690382506,0.00031600749006331565,-5.930339616314334,-5.003026235378732,19.22654460275344,0.8077345539724656,5,12,True,True,True,True,True,True,False,False
211,0.00023588318432302832,0.0003941008003826435,-6.27303018063193,-4.0439268312117065,40.14648432735921,0.5985351567264079,8,17,True,True,True,True,True,True,False,False
212,0.00015969647035516164,0.000263150201965955,-7.967046826230484,-5.797962923285729,39.31356724711071,0.606864327528893,6,13,True,True,True,True,True,True,False,False
213,0.0001783878882774246,0.00029009993181891417,-7.486346355700057,-5.374523732679075,38.508124714494016,0.6149187528550599,6,16,True,True,True,True,True,True,False,False
214,0.0003288899158035377,0.0005439481400478557,-4.829494423520005,-2.6444250391332695,39.53653085851118,0.6046346914148882,13,25,True,True,True,True,True,True,False,False
215,0.00043761027417318096,0.000546290563616896,-3.589124902296101,-2.6257630123263693,19.894227849033587,0.8010577215096641,12,21,True,True,True,True,True,True,False,False
216,0.0001429159130687955,0.0002695010318685419,-8.449194117044733,-5.694395676425268,46.970179639791695,0.5302982036020831,7,25,True,True,True,True,True,True,False,False
217,0.00022688187134460672,0.00032860214855416186,-6.442002043774719,-4.8332960127172395,30.955451039234177,0.6904454896076582,5,25,True,True,True,True,True,True,False,False
218,0.0003291604647451443,0.0005452434391838395,-4.825923331624369,-2.6340955150515004,39.630550119437316,0.6036944988056269,8,25,True,True,True,True,True,True,False,False
219,0.000386112611099616,0.0006493731475648453,-4.132860133422032,-1.8750567398769944,40.5407179912595,0.594592820087405,7,25,True,True,True,True,True,True,False,False
220,0.0001926479054468552,0.00031523739545207636,-7.152357084668012,-5.013622693704159,38.88799101052645,0.6111200898947355,11,22,True,True,True,True,True,True,False,False
221,0.00017452309512856694,0.00023509084552553444,-7.581470935001509,-6.287642820411689,25.763551218496477,0.7423644878150353,6,24,True,True,True,True,True,True,False,False
222,0.00025605311683815136,0.0003292350001006312,-5.916699332942542,-4.824940023097463,22.227856467298942,0.7777214353270105,15,17,True,True,True,True,True,True,False,False
223,0.00016949770667523602,0.00032549363694514246,-7.708361734787635,-4.874574970086115,47.92595386317719,0.5207404613682282,8,25,True,True,True,True,True,True,False,False
224,0.0002981300958578835,0.000393817690474696,-5.255941802731013,-4.047047790486346,24.297434303033352,0.7570256569696665,7,25,True,True,True,True,True,True,False,False
225,0.00017866798732438867,0.0003415294646041663,-7.47953254846437,-4.665718226910872,47.68592293157915,0.5231407706842085,8,24,True,True,True,True,True,True,False,False
226,0.00022869733250148377,0.00027992373294697477,-6.407389009229508,-5.529602789151809,18.30012764769563,0.8169987235230437,6,15,True,True,True,True,True,True,False,False
227,0.00032836471587350424,0.00045591507827447966,-4.836435157569314,-3.4111604433430527,27.976780869744527,0.7202321913025547,5,25,True,True,True,True,True,True,False,False
228,0.0002533326983016432,0.0002830065507392577,-5.963087510879679,-5.482035117655125,10.485217518853105,0.8951478248114689,7,21,True,True,True,True,True,True,False,False
229,0.00022231275074010746,0.00033379631150958877,-6.530356276417109,-4.765184666378466,33.39867965146127,0.6660132034853873,4,19,True,True,True,True,True,True,False,False
230,0.0004098856675543235,0.0005379772479079337,-3.8733726736511356,-2.6923609109379436,23.809850853679794,0.7619014914632021,8,25,True,True,True,True,True,True,False,False
231,0.00018595976697547204,0.00024964064457014756,-7.305810066991572,-6.026847047448285,25.509018254750405,0.744909817452496,11,20,True,True,True,True,True,True,False,False
232,0.00012731069742702623,0.00020406491931095522,-8.951351027223316,-6.902316481949966,37.61264902517149,0.6238735097482851,5,21,True,True,True,True,True,True,False,False
233,0.00023606850034844207,0.0002840280130756122,-6.269619588658402,-5.466388243044051,16.88548682499237,0.8311451317500763,7,24,True,True,True,True,True,True,False,False
234,0.000270547395233906,0.00035367647209309544,-5.677566429954427,-4.513938301485036,23.504271111737413,0.7649572888826259,10,25,True,True,True,True,True,True,False,False
235,0.00020283399650444006,0.0004107188792793443,-6.928592522139827,-3.864553337219613,50.61488362542848,0.49385116374571514,7,20,True,True,True,True,True,True,False,False
236,0.00028406118426488715,0.0004324420122944089,-5.46588106689833,-3.640721204048784,34.31230634652196,0.6568769365347804,9,25,True,True,True,True,True,True,False,False
237,0.0003525440416330148,0.0005331485915903318,-4.5278662096075815,-2.731517337236875,33.87508713444984,0.6612491286555016,5,19,True,True,True,True,True,True,False,False
238,0.00015591735278417553,0.0001792929582153438,-8.071055474216347,-7.464367671487718,13.037659517610543,0.8696234048238946,6,18,True,True,True,True,True,True,False,False
239,0.0001647897907281501,0.00031881861458233523,-7.830696977831448,-4.964563297653115,48.31236847822355,0.5168763152177646,6,25,True,True,True,True,True,True,False,False
240,0.0004302907125694046,0.0006530996918887763,-3.662380276645693,-1.8502052112522676,34.1156154391995,0.658843845608005,17,25,True,True,True,True,True,True,False,False
241,0.00023616433978973676,0.0003725280462212884,-6.267856791261158,-4.28841025303266,36.60495036944121,0.6339504963055879,5,23,True,True,True,True,True,True,False,False
242,0.0002096902164411042,0.00033732166111929745,-6.784218320275615,-4.719557696838163,37.83671770579092,0.6216328229420908,7,19,True,True,True,True,True,True,False,False
243,0.00014831962889977926,0.000251284747174845,-8.28801369816216,-5.998338720076513,40.97547480803607,0.5902452519196393,7,25,True,True,True,True,True,True,False,False
244,0.00020117223619961223,0.00031361330061783897,-6.96431956505308,-5.0360552678338735,35.85341061642169,0.6414658938357831,4,25,True,True,True,True,True,True,False,False
245,0.00014280777578399022,0.00023845349464724557,-8.452481448837894,-6.225963083951652,40.11084803128935,0.5988915196871065,5,25,True,True,True,True,True,True,False,False
246,0.00032278668573256994,0.00041637730281726703,-4.910843873084799,-3.805129523840659,22.477358023948447,0.7752264197605155,6,23,True,True,True,True,True,True,False,False
247,0.00012284957902069688,0.0002445309361964139,-9.106263274159035,-6.116661894259061,49.76113005103749,0.5023886994896251,5,25,True,True,True,True,True,True,False,False
248,0.0002315273899634325,0.0003817135722554828,-6.35397624057104,-4.18262397947491,39.34525602656065,0.6065474397343935,8,25,True,True,True,True,True,True,False,False
249,0.0008071454273469267,0.0012977100632058161,-0.9304820926284076,1.1317767242184,37.8023296395665,0.621976703604335,12,20,True,True,True,True,True,True,False,False
250,0.00032712029323826063,0.0005242701640452753,-4.852925131418429,-2.804448570663593,37.60463294073493,0.6239536705926507,8,25,True,True,True,True,True,True,False,False
251,0.000146637487317421,0.00016920681609229807,-8.337549897638443,-7.715821464290858,13.338309470090179,0.8666169052990982,8,18,True,True,True,True,True,True,False,False
252,0.0002667117387270911,0.0004654253619169605,-5.739578693787082,-3.321499548686286,42.695056919851126,0.5730494308014887,4,17,True,True,True,True,True,True,False,False
253,0.0003102907114215947,0.00040520535624878823,-5.082312248628993,-3.923248225074189,23.423837657495763,0.7657616234250424,12,25,True,True,True,True,True,True,False,False
254,0.00028281087609302385,0.0003643305753369403,-5.485038928370934,-4.385043803833582,22.375201194279505,0.776247988057205,8,24,True,True,True,True,True,True,False,False
255,0.00021662569102641374,0.0002960920281885282,-6.642900388955468,-5.2857328514814945,26.838391309716897,0.731616086902831,5,15,True,True,True,True,True,True,False,False
256,0.00023759053654698233,0.0004101069749279253,-6.24170861701262,-3.8710284435077416,42.06620441197374,0.5793379558802625,9,20,True,True,True,True,True,True,False,False
257,0.0002962694229802917,0.0006362010837338997,-5.283131683517835,-1.9640559543102638,53.43148093343855,0.46568519066561453,7,17,True,True,True,True,True,True,False,False
258,0.00023024121796815124,0.0003602835100131237,-6.3781692599847,-4.433556148527126,36.094433531036586,0.6390556646896342,18,25,True,True,True,True,True,True,False,False
259,0.0003277207823422063,0.0005840558223008467,-4.844960170541358,-2.3354564234199056,43.88879113452317,0.5611120886547684,5,19,True,True,True,True,True,True,False,False
260,0.0002980371597742198,0.0007525788363991824,-5.257295839815423,-1.2344799883077904,60.397881875044504,0.396021181249555,13,25,True,True,True,True,True,True,False,False
261,0.00015929665212561437,0.00027777919505750923,-7.977933514973642,-5.5630028491258,42.653497828505536,0.5734650217149446,7,13,True,True,True,True,True,True,False,False
262,0.0003990221202784278,0.0005450954008076861,-3.990030280010351,-2.635274822765953,26.797745919854876,0.7320225408014512,13,19,True,True,True,True,True,True,False,False
263,0.0002281413395275484,0.0003414676282293357,-6.417960128294525,-4.666504619612247,33.18800358600183,0.6681199641399818,8,21,True,True,True,True,True,True,False,False
264,0.0004960841877932874,0.0006578788155201655,-3.0444461546242922,-1.8185409817618887,24.593378584314475,0.7540662141568553,8,15,True,True,True,True,True,True,False,False
265,0.0002167858299276642,0.0003309689486431024,-6.639691085974188,-4.802127496246893,34.49964692565966,0.6550035307434033,5,25,True,True,True,True,True,True,False,False
266,0.00025733337872169474,0.0003117129727258955,-5.895038777832275,-5.0624512308076755,17.44540611468853,0.8255459388531147,3,25,True,True,True,True,True,True,False,False
267,0.00024608458565963503,0.0004180392124809442,-6.089155889490478,-3.787829790733699,41.133611797038654,0.5886638820296134,5,14,True,True,True,True,True,True,False,False
268,0.00020940671741799614,0.0004090352192034708,-6.790093909915786,-3.882392962782078,48.8047220418375,0.511952779581625,6,21,True,True,True,True,True,True,False,False
269,0.00022337016128248254,0.0002862459703952212,-6.5097484221356545,-5.432606183548945,21.965657377089258,0.7803434262291074,5,25,True,True,True,True,True,True,False,False
270,0.00018633572213648888,0.00029366291047400195,-7.2970387919077675,-5.321509012594193,36.54775067245503,0.6345224932754497,7,12,True,True,True,True,True,True,False,False
271,0.000288901481436377,0.00029738422451420317,-5.392502311637842,-5.266820734339279,2.852452275060425,0.9714754772493958,7,25,True,True,True,True,True,True,False,False
272,0.0002770644144866282,0.0003979462651915774,-5.574192504159877,-4.001755668868553,30.3764254821577,0.696235745178423,8,25,True,True,True,True,True,True,False,False
273,0.00015649582549435824,0.00018186640813773252,-8.054972427114302,-7.40247510434341,13.950120257590633,0.8604987974240936,5,14,True,True,True,True,True,True,False,False
274,0.0004348400353297223,0.0004521361005834139,-3.616704776438234,-3.4473081555309553,3.8254112492618058,0.961745887507382,10,21,True,True,True,True,True,True,False,False
275,0.0004337469037290481,0.0007152324599818698,-3.6276361236980392,-1.4555278382188188,39.355813948930255,0.6064418605106975,9,22,True,True,True,True,True,True,False,False
276,0.0003226392934770516,0.0004360773003991517,-4.912827420274456,-3.6043651953608515,26.01327948468487,0.7398672051531513,6,16,True,True,True,True,True,True,False,False
277,0.0001758423931566532,0.000241486982298775,-7.548764142764975,-6.171062755467828,27.183489775405086,0.7281651022459491,6,25,True,True,True,True,True,True,False,False
278,0.00045806673445525055,0.0006047458506094976,-3.3907124624420293,-2.18427102814914,24.254670950849093,0.7574532904915091,11,14,True,True,True,True,True,True,False,False
279,0.00026035786750169685,0.00045380843836426794,-5.844292942665753,-3.4312743286499736,42.62824454297389,0.5737175545702611,9,15,True,True,True,True,True,True,False,False
280,0.00022296938396467098,0.00028481220311276143,-6.51754766046123,-5.454414067802801,21.7135426334264,0.782864573665736,13,24,True,True,True,True,True,True,False,False
281,0.00023944163324296527,0.00030522713247885605,-6.208003338140883,-5.153768633708308,21.552965721501817,0.7844703427849818,9,22,True,True,True,True,True,True,False,False
282,0.00029518298502221544,0.0003951615818541121,-5.299086797891418,-4.032252847316683,25.300687471386652,0.7469931252861335,9,25,True,True,True,True,True,True,False,False
283,0.000388430085196293,0.0006667483595799369,-4.106871399156088,-1.7603804414390973,41.742626042453146,0.5825737395754685,5,25,True,True,True,True,True,True,False,False
284,0.00029465182934810657,0.0003710040817904072,-5.306908582398929,-4.306213122466833,20.579895529406766,0.7942010447059323,9,25,True,True,True,True,True,True,False,False
285,0.0001915523193766626,0.0002689656675551737,-7.177125850727714,-5.703031524991728,28.78186977623495,0.7121813022376505,9,25,True,True,True,True,True,True,False,False
286,0.00019810498257212138,0.00034903881103611904,-7.031046013096841,-4.571262793970446,43.242706453174,0.5675729354682599,6,21,True,True,True,True,True,True,False,False
287,0.0004984732006032952,0.0006508801525583689,-3.023581856832595,-1.8649897130002693,23.415516874499616,0.7658448312550039,17,25,True,True,True,True,True,True,False,False
288,0.00029410533452417834,0.00039974344441177283,-5.314970981267174,-3.9821864973091516,26.42647712285619,0.7357352287714382,10,18,True,True,True,True,True,True,False,False
289,0.00028125948542994295,0.00041797035681451005,-5.508928221235404,-3.788545180536543,32.70826965493097,0.6729173034506902,15,25,True,True,True,True,True,True,False,False
290,0.00018726854265302956,0.0002152053031568236,-7.27535169232291,-6.67147030852453,12.981446132596488,0.8701855386740351,7,14,True,True,True,True,True,True,False,False
291,0.0002425224091021785,0.00028790961263687,-6.152481263409722,-5.407438347903573,15.764393247938107,0.842356067520619,12,25,True,True,True,True,True,True,False,False
292,0.00018349995053680335,0.00022738404584866638,-7.363640484778116,-6.432400103736919,19.299548984659083,0.8070045101534092,5,19,True,True,True,True,True,True,False,False
293,0.00022126327309376,0.00033554816415260624,-6.550906674844802,-4.742451329483411,34.059161476106254,0.6594083852389375,6,21,True,True,True,True,True,True,False,False
294,0.0002017763517882161,0.0003058753683182841,-6.951297344801816,-5.144554946863266,34.03314791328536,0.6596685208671463,9,16,True,True,True,True,True,True,False,False
295,0.0002713286070904597,0.0004580629331465885,-5.665044146919239,-3.390748502916087,40.76608530041666,0.5923391469958335,9,25,True,True,True,True,True,True,False,False
296,0.00017183419845972554,0.0002834749423538247,-7.648903985705104,-5.474853243492816,39.38293203875235,0.6061706796124765,7,25,True,True,True,True,True,True,False,False
297,0.00026569775050836256,0.0004067224044505891,-5.756121224656758,-3.9070190366804054,34.67344124618023,0.6532655875381976,5,15,True,True,True,True,True,True,False,False
298,0.00018577993685209542,0.0002509586051124395,-7.310011890770442,-6.003979082155312,25.97188019559697,0.7402811980440303,5,18,True,True,True,True,True,True,False,False
299,0.00015322310326770655,0.0002654386017357339,-8.146757460271964,-5.760359190685635,42.275500900862625,0.5772449909913737,6,25,True,True,True,True,True,True,False,False
300,0.00018725021170941218,0.00027113785389584316,-7.275776826048511,-5.668098457893278,30.93911122371581,0.6906088877628419,4,19,True,True,True,True,True,True,False,False
301,0.00031544811468590234,0.0006949653125758215,-5.0107206386413505,-1.580368715722752,54.60951662224341,0.4539048337775658,9,14,True,True,True,True,True,True,False,False
302,0.0001578640155027342,0.0002275059001502477,-8.017168544731348,-6.430073358443723,30.611023538959266,0.6938897646104073,4,18,True,True,True,True,True,True,False,False
303,0.00019023307000294668,0.00036881973996582466,-7.207139833430173,-4.331858426921457,48.42112571833223,0.5157887428166777,11,25,True,True,True,True,True,True,False,False
304,0.00019354734773237796,0.0002548323216202232,-7.132127756397045,-5.937454891660646,24.049136898410513,0.7595086310158948,7,16,True,True,True,True,True,True,False,False
305,0.0003248287065472954,0.0005085144922406621,-4.883455972135515,-2.9369666553285176,36.12203555576046,0.6387796444423953,7,20,True,True,True,True,True,True,False,False
306,0.0004740278478232087,0.000816387588997027,-3.2419614397845398,-0.8810360619883388,41.935931631986755,0.5806406836801324,8,16,True,True,True,True,True,True,False,False
307,0.00023696314223552417,0.0003072876635517362,-6.2531919984877415,-5.124548746897677,22.88556608598506,0.7711443391401493,5,25,True,True,True,True,True,True,False,False
308,0.0004244964563355466,0.000699811444977204,-3.7212593086252914,-1.5501895918120556,39.34130980819064,0.6065869019180936,7,24,True,True,True,True,True,True,False,False
309,0.00014404145940881115,0.0001745910842153462,-8.41512487064827,-7.579779380356168,17.497814933581708,0.8250218506641829,8,18,True,True,True,True,True,True,False,False
310,0.0001794507846766749,0.00035699464693096666,-7.4605463830591585,-4.473382960048163,49.73292002572354,0.5026707997427646,6,25,True,True,True,True,True,True,False,False
311,0.00037116525509574917,0.0006691609415919084,-4.304326850028412,-1.744694164038313,44.53273763815904,0.5546726236184096,7,22,True,True,True,True,True,True,False,False
312,0.00016218464770544001,0.00024662082741923097,-7.89990258215915,-6.079702495111986,34.23724613909344,0.6576275386090655,6,13,True,True,True,True,True,True,False,False
313,0.0002162502646760199,0.00022120046537332425,-6.6504335231510385,-6.552139636745087,2.237879874687337,0.9776212012531267,6,11,True,True,True,True,True,True,False,False
314,0.00020479017888290924,0.0003096546550865112,-6.88690874645579,-5.091223867889541,33.86497650884821,0.6613502349115179,6,15,True,True,True,True,True,True,False,False
315,0.0001640575051115736,0.000277838689713193,-7.850038972255893,-5.562072778245321,40.952246326482936,0.5904775367351707,5,22,True,True,True,True,True,True,False,False
316,0.0005867092504316283,0.0006100586278114152,-2.3157706436635,-2.146284264458173,3.827398927796953,0.9617260107220305,24,19,True,True,True,True,True,True,False,False
317,0.0002494269598797286,0.00038825324813135945,-6.03056606614474,-4.1088490227132874,35.75663279568008,0.6424336720431992,8,25,True,True,True,True,True,True,False,False
318,0.0004304705736994349,0.000718500626327708,-3.660565308926675,-1.4357284894861586,40.08765505193904,0.5991234494806096,7,18,True,True,True,True,True,True,False,False
319,0.00025235401232849943,0.0004095160970952748,-5.97989785765746,-3.8772902249390855,38.377510891888406,0.616224891081116,10,25,True,True,True,True,True,True,False,False
320,0.00021139878000874082,0.0003361787610399383,-6.748975233530991,-4.73429727703579,37.1171517930526,0.6288284820694741,6,21,True,True,True,True,True,True,False,False
321,0.00018196351092420962,0.0003546152902851182,-7.4001569219655305,-4.502425424426887,48.68706569930836,0.5131293430069164,6,25,True,True,True,True,True,True,False,False
322,0.00018961755487343238,0.00025305317462831966,-7.22121457969812,-5.967882099658909,25.06809876938334,0.7493190123061666,8,15,True,True,True,True,True,True,False,False
323,0.00022485625649572072,0.00030148138351977733,-6.480950239343071,-5.207395003870257,25.416205183040752,0.7458379481695925,6,20,True,True,True,True,True,True,False,False
324,0.0002274193669680002,0.00032782002194751763,-6.431725536800091,-4.843645249699812,30.626761106004402,0.6937323889399559,4,20,True,True,True,True,True,True,False,False
325,0.00019202282258745006,0.00025749161632595077,-7.166471508029745,-5.892369065942482,25.42560207304993,0.7457439792695006,4,14,True,True,True,True,True,True,False,False
326,0.00025457331030772284,0.0002898535713545821,-5.941871301154881,-5.37821344214953,12.171753096566267,0.8782824690343374,7,19,True,True,True,True,True,True,False,False
327,0.00021160811472243181,0.00025075966990990427,-6.7446768204516445,-6.00742310520754,15.613178626985459,0.8438682137301454,6,17,True,True,True,True,True,True,False,False
328,0.00020011415468075685,0.00038883797826826837,-6.987221913121538,-4.102313236150204,48.535337115991936,0.5146466288400806,9,24,True,True,True,True,True,True,False,False
329,0.00028362846027359784,0.0002908729845526988,-5.472501926722348,-5.362966129039207,2.4906143450350084,0.9750938565496499,5,13,True,True,True,True,True,True,False,False
330,0.00037709188914718516,0.0008668002397865988,-4.235528087147812,-0.6208097721149249,56.49610234994594,0.43503897650054063,8,25,True,True,True,True,True,True,False,False
331,0.0001641524638134964,0.00022290943783601075,-7.847525944297629,-6.518715433935661,26.35912350455994,0.7364087649544006,8,25,True,True,True,True,True,True,False,False
332,0.0002033989865379681,0.0003089504988177579,-6.916512153368956,-5.101110992562492,34.1645385534891,0.658354614465109,6,20,True,True,True,True,True,True,False,False
333,0.00012652933324950298,0.00014820090560470028,-8.978087804833308,-8.291491425245553,14.623103864832235,0.8537689613516777,9,18,True,True,True,True,True,True,False,False
334,0.0002882210882305881,0.00041781722142498465,-5.402742463980879,-3.7901366340860045,31.017422583110154,0.6898257741688985,18,16,True,True,True,True,True,True,False,False
335,0.00019888839801086568,0.00030426959864286523,-7.013905503437439,-5.1674143837869,34.634153757730544,0.6536584624226945,5,9,True,True,True,True,True,True,False,False
336,0.00035622855493297706,0.0006916549458664899,-4.4827127085600456,-1.6011051317319431,48.49620362553732,0.5150379637446268,7,18,True,True,True,True,True,True,False,False
337,0.000489301158589706,0.0007770617743148934,-3.104237558964681,-1.0954445458690203,37.03188410971512,0.6296811589028488,7,14,True,True,True,True,True,True,False,False
338,0.00047874691755967245,0.0008068845596319446,-3.19894009245012,-0.931885950190212,40.667235251341296,0.5933276474865871,10,12,True,True,True,True,True,True,False,False
339,0.00031285259597550584,0.0008529099794215685,-5.046602370004768,-0.6909680412387976,63.31938850244454,0.3668061149755547,10,25,True,True,True,True,True,True,False,False
340,0.0004903007245582537,0.0006440547532870705,-3.095374649601874,-1.9107721021838178,23.872819499289527,0.7612718050071048,7,22,True,True,True,True,True,True,False,False
341,0.00026077007960632166,0.0003811550927730064,-5.837422404221499,-4.188982730645173,31.58425938660591,0.6841574061339409,8,25,True,True,True,True,True,True,False,False
342,0.00032221901964244175,0.00046060655647443767,-4.918488280323502,-3.366698843908865,30.044630256945993,0.6995536974305401,11,15,True,True,True,True,True,True,False,False
343,0.00021915400497061975,0.00042089566690304685,-6.592505883422267,-3.758255452659548,47.93151315071585,0.5206848684928415,5,25,True,True,True,True,True,True,False,False
344,0.0001675205697545072,0.0003420782943330356,-7.7593185858298765,-4.658744819402045,51.02858832913411,0.489714116708659,7,15,True,True,True,True,True,True,False,False
345,0.0004074894970460678,0.000590353485403214,-3.8988358062638535,-2.2888786837424577,30.975338145458615,0.6902466185454139,13,25,True,True,True,True,True,True,False,False
346,0.00029188387404053694,0.0004086512567452582,-5.347898981900209,-3.8864716113600055,28.57384647112704,0.7142615352887296,6,25,True,True,True,True,True,True,False,False
347,0.0002746571435831745,0.0004977327465000322,-5.6120910089018174,-3.0300378550386595,44.818349703829114,0.5518165029617089,7,22,True,True,True,True,True,True,False,False
348,0.00023452458355404293,0.0004222924124180703,-6.298116265426047,-3.74386721735326,44.463936206871004,0.55536063793129,6,25,True,True,True,True,True,True,False,False
349,0.00023260009068120784,0.0002604794016302141,-6.333901202939827,-5.842266144452026,10.703077008977749,0.8929692299102225,5,18,True,True,True,True,True,True,False,False
350,0.0004775806218463004,0.0006819616259855932,-3.209533033107597,-1.6624006242795542,29.969575464589337,0.7003042453541066,13,21,True,True,True,True,True,True,False,False
351,0.0004284154589453933,0.0006763219803241065,-3.681348664733526,-1.6984649786469455,36.65510342572507,0.6334489657427493,9,25,True,True,True,True,True,True,False,False
352,0.00026057550502622476,0.00041836644665220316,-5.840664118465143,-3.784431535340105,37.715964769314624,0.6228403523068538,13,25,True,True,True,True,True,True,False,False
353,0.00036478272015115357,0.0013308059806024666,-4.379657424947874,1.2411474390764565,72.58933868135958,0.2741066131864041,7,25,True,True,True,True,True,True,False,False
354,0.00033607244822163155,0.00048746582336713453,-4.735670902552412,-3.1205582764415034,31.057228607282518,0.6894277139271748,6,10,True,True,True,True,True,True,False,False
355,0.00014205980944542203,0.00021646877693977308,-8.475287722125856,-6.6460473663464645,34.373995430783744,0.6562600456921626,6,14,True,True,True,True,True,True,False,False
356,0.00037735233806814684,0.0003747272248641455,-4.23252954783624,-4.262847531865562,-0.7005397606093425,1.0070053976060935,9,25,True,True,True,True,True,False,True,False
357,0.00013285763125567182,0.0002559629590103303,-8.766134949455113,-5.918228778964831,48.09497758216263,0.5190502241783738,4,13,True,True,True,True,True,True,False,False
358,0.00020888618297648854,0.0003524170583600613,-6.800902859915596,-4.5294307820452575,40.72756184149536,0.5927243815850464,8,25,True,True,True,True,True,True,False,False
359,0.00025886109461646916,0.00042523148373319714,-5.869332167070251,-3.7137458820939706,39.12466397269721,0.6087533602730278,7,25,True,True,True,True,True,True,False,False
360,0.00017947319726144758,0.000285144563453158,-7.460004002923284,-5.449349042289786,37.05887459750554,0.6294112540249446,10,18,True,True,True,True,True,True,False,False
361,0.00018618153469775238,0.0002943328944062424,-7.300633941201796,-5.311611987879229,36.74457111790502,0.6325542888209499,6,23,True,True,True,True,True,True,False,False
362,0.00023618409727996513,0.00034220832249257777,-6.267493476033921,-4.657094326422281,30.982363152466057,0.6901763684753394,5,21,True,True,True,True,True,True,False,False
363,0.00041647782898811216,0.000493149167214661,-3.8040811311531515,-3.070216959366627,15.547291433055355,0.8445270856694465,6,23,True,True,True,True,True,True,False,False
364,0.00024533228079280097,0.00034975510423510263,-6.102453036166436,-4.562359388090752,29.855982708435175,0.7014401729156483,5,12,True,True,True,True,True,True,False,False
365,0.0002400711367438443,0.0003656412939844709,-6.1966005113158475,-4.369447627826472,34.34244416768738,0.6565755583231262,8,24,True,True,True,True,True,True,False,False
366,0.00036856232714823896,0.0006460224297060454,-4.33489058557504,-1.8975240316829012,42.94898904424371,0.570510109557563,4,24,True,True,True,True,True,True,False,False
367,0.00030676990508272614,0.0005637921457191368,-5.131872480398347,-2.488809786499401,45.58812012334257,0.5441187987665743,6,13,True,True,True,True,True,True,False,False
368,0.0001409432070538357,0.00018428811988387736,-8.5095585069076,-7.345026606310357,23.52018831021442,0.7647981168978558,5,17,True,True,True,True,True,True,False,False
369,0.00022936451775287442,0.00031256228819701005,-6.394737657547141,-5.050634224010815,26.61798098678351,0.7338201901321648,6,23,True,True,True,True,True,True,False,False
370,0.00043972671271157876,0.0006721211636495608,-3.5681715086687253,-1.7255242938494717,34.576273372512176,0.6542372662748782,8,20,True,True,True,True,True,True,False,False
371,0.00027833746629637025,0.0004954423962502541,-5.554283304586427,-3.0500683249035916,43.820418195341816,0.5617958180465819,13,18,True,True,True,True,True,True,False,False
372,0.00023445370994183609,0.00038881704367365233,-6.2994289069429446,-4.102547061655557,39.700763185005535,0.6029923681499447,16,13,True,True,True,True,True,True,False,False
373,0.00034616012828613674,0.0005443879631126165,-4.607229568607795,-2.6409148598810477,36.41297167797091,0.6358702832202909,9,20,True,True,True,True,True,True,False,False
374,0.0004240416148392649,0.0006493061724845412,-3.725915202747317,-1.87550468583837,34.69311816077637,0.6530688183922363,16,25,True,True,True,True,True,True,False,False
375,0.00036998113381069665,0.0005796124806758125,-4.3182042104329605,-2.368622715268147,36.167500503214036,0.6383249949678597,9,19,True,True,True,True,True,True,False,False
376,0.00023429594087863252,0.0003266843987710243,-6.302352353863138,-4.858716053147048,28.280645858802572,0.7171935414119743,6,25,True,True,True,True,True,True,False,False
377,0.00011100079483352936,0.00026262937957223547,-9.54673911388298,-5.806566922891955,57.73481435537607,0.4226518564462393,7,25,True,True,True,True,True,True,False,False
378,0.0004317790872605898,0.0006873792089346921,-3.647383960621609,-1.6280360804617624,37.18473272856685,0.6281526727143315,8,15,True,True,True,True,True,True,False,False
379,0.0002417012627381653,0.000447089821793104,-6.167210806689539,-3.496052169344861,45.93899235531795,0.5406100764468205,8,25,True,True,True,True,True,True,False,False
380,0.0004164142853679316,0.0008687449466650372,-3.8047438014602046,-0.6110770860830157,52.067141574005745,0.4793285842599425,6,25,True,True,True,True,True,True,False,False
381,0.0001621620049932161,0.0003407174115426156,-7.90050894605459,-4.676056722916356,52.40571819942536,0.47594281800574645,6,13,True,True,True,True,True,True,False,False
382,0.00030019468041128465,0.0005641645532064546,-5.225970079238426,-2.4859420430338517,46.78951757867192,0.5321048242132809,6,25,True,True,True,True,True,True,False,False
383,0.0003373062310379286,0.0006125841298361694,-4.719756360405825,-2.1283425861311764,44.93715808012552,0.5506284191987448,7,25,True,True,True,True,True,True,False,False
384,0.000320568148576422,0.0003358342593082946,-4.9407963102957,-4.73875002451642,4.545727634612266,0.9545427236538774,9,18,True,True,True,True,True,True,False,False
385,0.00025706818385973234,0.00040559624184695114,-5.899516706507491,-3.9190607771982093,36.61968299086578,0.6338031700913422,5,25,True,True,True,True,True,True,False,False
386,0.0001870805104595611,0.0003032032233531535,-7.2797145376530725,-5.182661860312549,38.29864063098677,0.6170135936901323,7,15,True,True,True,True,True,True,False,False
387,0.0001377779887443841,0.00019035922000941913,-8.608201592818755,-7.2042608337684815,27.62210901181108,0.7237789098818892,13,25,True,True,True,True,True,True,False,False
388,0.0002836977124437704,0.0004168685122341783,-5.471441660619303,-3.8000090765468957,31.945516603470026,0.6805448339652997,5,20,True,True,True,True,True,True,False,False
389,0.00047950760542477726,0.0007774078984063791,-3.1920450013498822,-1.0935105128272933,38.319689521070266,0.6168031047892973,10,25,True,True,True,True,True,True,False,False
390,0.0001656117891917494,0.0001971360944423708,-7.8090875089242,-7.052338517124115,15.991138172739316,0.8400886182726068,7,25,True,True,True,True,True,True,False,False
391,0.0005069219930959998,0.000545235700410067,-2.9505886625730153,-2.634157155969225,7.026999018085542,0.9297300098191446,10,25,True,True,True,True,True,True,False,False
392,0.00025424503344499927,0.00039146041909751976,-5.947475220571282,-4.073121432779223,35.052173593657166,0.6494782640634283,5,12,True,True,True,True,True,True,False,False
393,0.00021590952287231003,0.00030932053854128576,-6.657282023175069,-5.095912423666606,30.19877571320985,0.6980122428679014,12,19,True,True,True,True,True,True,False,False
394,0.00031217158713715826,0.0005055866751608018,-5.05606627574317,-2.962043804938535,38.255574667217616,0.6174442533278238,6,25,True,True,True,True,True,True,False,False
395,0.000336738070365489,0.0005263497210115239,-4.727077811022641,-2.7872560292400674,36.02389116529683,0.6397610883470316,16,25,True,True,True,True,True,True,False,False
396,0.00016190105309330278,0.00022989620743527723,-7.907503263477819,-6.384681931653326,29.576457611253616,0.7042354238874639,9,14,True,True,True,True,True,True,False,False
397,0.00022077092888895167,0.00029565645546522076,-6.560581150657207,-5.292126340255514,25.328561305531235,0.7467143869446876,4,14,True,True,True,True,True,True,False,False
398,0.00021064535893248397,0.00033576914974393934,-6.764481050736468,-4.739592090659207,37.264826416267226,0.6273517358373277,4,12,True,True,True,True,True,True,False,False
399,0.0003191404820898885,0.0003811641953618626,-4.960181032551036,-4.188879015465116,16.27217719468409,0.8372782280531591,8,25,True,True,True,True,True,True,False,False
400,0.00027920334533323814,0.0004421932828670951,-5.540793824275959,-3.543878588534416,36.859433159423396,0.631405668405766,7,19,True,True,True,True,True,True,False,False
401,0.0005446207025404978,0.0005235543500797023,-2.6390585394682358,-2.810382276155056,-4.023718350843327,1.0402371835084332,8,14,True,True,True,True,True,False,True,False
402,0.00016069565982904712,0.0002759861012231875,-7.939958527808345,-5.591127886379134,41.77400270635586,0.5822599729364414,5,14,True,True,True,True,True,True,False,False
403,0.00020982971681209173,0.0003599826300767562,-6.78133005496214,-4.437184543544121,41.71115512785952,0.5828884487214048,7,25,True,True,True,True,True,True,False,False
404,0.00020530396534283233,0.0002521324981652336,-6.876026623689122,-5.9837117310892065,18.57298569727114,0.8142701430272886,6,18,True,True,True,True,True,True,False,False
405,0.0002245031868156068,0.0003510039332457434,-6.487774898205253,-4.546880169320346,36.039694843411176,0.6396030515658883,15,25,True,True,True,True,True,True,False,False
406,0.0004464002255847564,0.0005931202758157061,-3.5027559460320585,-2.2685722935670984,24.73698104978264,0.7526301895021736,7,14,True,True,True,True,True,True,False,False
407,0.00028753728704432877,0.0004143520393953212,-5.413058292088374,-3.8263051926518328,30.605557664457923,0.6939444233554208,7,15,True,True,True,True,True,True,False,False
408,0.00032220256522716336,0.0005918229435305646,-4.9187100625209865,-2.2780820231230314,45.557608276380854,0.5444239172361915,9,25,True,True,True,True,True,True,False,False
409,0.00038133433241323484,0.0005778431628770538,-4.186940924279023,-2.38190020990953,34.00729524693358,0.6599270475306642,20,25,True,True,True,True,True,True,False,False
410,0.00015728451749017104,0.0002413823345163077,-8.033140256253796,-6.172945167689845,34.84008769517267,0.6515991230482733,9,14,True,True,True,True,True,True,False,False
411,0.0003202470168056932,0.00042822342723796737,-4.9451490714412,-3.6832957701854885,25.214970401951124,0.7478502959804888,6,17,True,True,True,True,True,True,False,False
412,0.0001836587922056322,0.00033729599070807416,-7.359882760581917,-4.719888210512617,45.54966638646268,0.5445033361353732,7,19,True,True,True,True,True,True,False,False
413,0.0002601498608442315,0.00036301955566855144,-5.847764020746851,-4.400699791231624,28.337232311044776,0.7166276768895522,11,25,True,True,True,True,True,True,False,False
414,0.00014788837720789978,0.0002486182267208199,-8.300659565833804,-6.04467035492815,40.515874817992476,0.5948412518200752,8,24,True,True,True,True,True,True,False,False
415,0.00022781460370801878,0.00029713850104493846,-6.424184395785976,-5.270410718313469,23.330499781458922,0.7666950021854108,7,25,True,True,True,True,True,True,False,False
416,0.00039012330167651355,0.0005332619173577573,-4.08798108936349,-2.730594301403626,26.842084728359524,0.7315791527164048,11,20,True,True,True,True,True,True,False,False
417,0.0002995648115111235,0.000543693295933847,-5.235092025348978,-2.6464602207808867,44.90187505501769,0.5509812494498232,10,25,True,True,True,True,True,True,False,False
418,0.00040583027433258576,0.00040172261683883514,-3.9165555837422668,-3.9607371695689944,-1.022510887256954,1.0102251088725696,8,15,True,True,True,True,True,False,True,False
419,0.00029019369438418037,0.0003580670248147984,-5.373120285761176,-4.460356722871089,18.95548199830014,0.8104451800169986,7,18,True,True,True,True,True,True,False,False
420,0.0007683422689494124,0.0012737464012272555,-1.144452742353971,1.0508296998456919,39.67855232335776,0.6032144767664224,7,11,True,True,True,True,True,True,False,False
421,0.0002769185899119744,0.0003356013655834305,-5.576478885115898,-4.741762806677061,17.485857237034267,0.8251414276296574,6,16,True,True,True,True,True,True,False,False
422,0.0003359448098974652,0.0005434373734624904,-4.737320640557253,-2.6485049744114715,38.181504198541646,0.6181849580145835,6,17,True,True,True,True,True,True,False,False
423,0.00017057762001495771,0.00019943111044837155,-7.680779493794352,-7.002070925531281,14.46789839786977,0.8553210160213023,15,15,True,True,True,True,True,True,False,False
424,0.00020025055437017294,0.00046966568970519787,-6.984262729487246,-3.2821116499444267,57.36317155807843,0.42636828441921576,7,25,True,True,True,True,True,True,False,False
425,0.00031388377346559565,0.0006503184854592093,-5.032311350056039,-1.8687390089164295,51.733838037226796,0.482661619627732,8,25,True,True,True,True,True,True,False,False
426,0.00036726389599582267,0.0005423558793437705,-4.350217630254281,-2.6571564756449155,32.28359643852342,0.6771640356147658,9,13,True,True,True,True,True,True,False,False
427,0.00011562297650333036,0.0001450293490495188,-9.36955854695095,-8.385441023134758,20.27615288830121,0.7972384711169879,5,23,True,True,True,True,True,True,False,False
428,0.00017410165013284897,0.0002089939313222528,-7.591971126265255,-6.79866324566091,16.695356161133017,0.8330464383886699,6,15,True,True,True,True,True,True,False,False
429,0.0005872925403712669,0.0007490827218672453,-2.3114551541137702,-1.2547022012863274,21.598439901628293,0.7840156009837171,12,18,True,True,True,True,True,True,False,False
430,0.0003483716927498256,0.0004823232431194168,-4.57957141213175,-3.166618089566622,27.772153276972926,0.7222784672302708,9,16,True,True,True,True,True,True,False,False
431,0.00025782812516979346,0.00033968853916674824,-5.88669709403854,-4.68919105648679,24.09866820875304,0.7590133179124696,14,16,True,True,True,True,True,True,False,False
432,0.00018187526682409625,0.00020779412379854826,-7.402263565283123,-6.823667380009236,12.473334905071596,0.875266650949284,9,22,True,True,True,True,True,True,False,False
433,0.00031893423281481457,0.0005168062009978933,-4.962988632447676,-2.866722840164346,38.28746013515526,0.6171253986484474,7,24,True,True,True,True,True,True,False,False
434,0.00015606644402780688,0.00016709091008236852,-8.066904649077363,-7.7704717553117995,6.597884977182216,0.9340211502281779,4,18,True,True,True,True,True,True,False,False
435,0.00014224140220060614,0.00019813823320784924,-8.469739751239727,-7.030317139159057,28.211027272362273,0.7178897272763773,4,18,True,True,True,True,True,True,False,False
436,0.00025406458399441297,0.00035252783157124393,-5.950558703600346,-4.528065903869887,27.93063093429322,0.7206936906570678,7,25,True,True,True,True,True,True,False,False
437,0.00014621151345673914,0.00022636648324265702,-8.350184274202093,-6.45187876160151,35.409380681147276,0.6459061931885272,7,22,True,True,True,True,True,True,False,False
438,0.00016036345843295667,0.00041012858552037015,-7.948945862319862,-3.8707995980027627,60.89922426902093,0.3910077573097908,5,17,True,True,True,True,True,True,False,False
439,0.0001431719000170872,0.00023322145493982792,-8.441422115325876,-6.3223149965326675,38.611179638671686,0.6138882036132831,4,18,True,True,True,True,True,True,False,False
440,0.0002550995172842814,0.0003197557580414588,-5.932903631893918,-4.951816261671621,20.220508663613877,0.7977949133638612,11,17,True,True,True,True,True,True,False,False
441,0.0004256391853860874,0.0006379076608953175,-3.709583966585775,-1.9524218219726714,33.275736994803694,0.667242630051963,7,20,True,True,True,True,True,True,False,False
442,0.00024942709654009914,0.00034904110671627863,-6.03056368665743,-4.5712342298705435,28.539334840337784,0.7146066515966222,7,15,True,True,True,True,True,True,False,False
443,0.0004811543715567556,0.0006143490494632724,-3.177155640435088,-2.115848093412743,21.680619189186125,0.7831938081081388,8,24,True,True,True,True,True,True,False,False
444,0.00040377286490012477,0.000715878446072582,-3.938628706824217,-1.4516071328080828,43.59756644228023,0.5640243355771977,10,25,True,True,True,True,True,True,False,False
445,0.00036749562773592673,0.0004556600077791102,-4.347478235497349,-3.413590867632201,19.34872021639494,0.8065127978360506,6,24,True,True,True,True,True,True,False,False
446,0.00038547649313449054,0.00043970561752731263,-4.140021006564676,-3.5683798594834104,12.333052440353145,0.8766694755964686,8,13,True,True,True,True,True,True,False,False
447,0.00012875976401471075,0.0001711028932022418,-8.902198279417119,-7.667426468519716,24.747173116168124,0.7525282688383188,12,25,True,True,True,True,True,True,False,False
448,0.0002805116426771255,0.0007504390033669206,-5.520491085771729,-1.2468460199196016,62.62032737922981,0.3737967262077019,5,25,True,True,True,True,True,True,False,False
449,0.00025680313801364554,0.0004585310770567903,-5.903996736963158,-3.38631224580874,43.994387542495886,0.5600561245750412,6,25,True,True,True,True,True,True,False,False
450,0.00022965091138863096,0.00039204082474516595,-6.389318267090759,-4.066687058408348,41.421684453931945,0.5857831554606805,9,24,True,True,True,True,True,True,False,False
451,0.00032137107469935443,0.0005496572517011464,-4.929932148899501,-2.5990803795190147,41.53245978203035,0.5846754021796965,6,17,True,True,True,True,True,True,False,False
452,0.00032900129918253746,0.0006169257142642089,-4.828023870752751,-2.097671274212668,46.670840333681234,0.5332915966631877,5,15,True,True,True,True,True,True,False,False
453,0.00019545396806311762,0.0002673817688838353,-7.089555081919663,-5.72868207930698,26.900787260468345,0.7309921273953165,5,23,True,True,True,True,True,True,False,False
454,0.00016460871437987875,0.0002649160917728669,-7.835471769796767,-5.768916605932829,37.86382953248059,0.6213617046751941,8,25,True,True,True,True,True,True,False,False
455,0.0005346331397426522,0.000980487507874977,-2.7194412458940893,-0.08557935188981901,45.47272296193051,0.545272770380695,13,25,True,True,True,True,True,True,False,False
456,0.0005633972932081056,0.0007708274887475654,-2.4918524387422005,-1.1304280621363554,26.91006724169773,0.7308993275830228,8,25,True,True,True,True,True,True,False,False
457,0.0002937628638691442,0.0005738641131216915,-5.320031065582921,-2.4119093322574536,48.809682091612174,0.5119031790838783,6,22,True,True,True,True,True,True,False,False
458,0.00027919067221387654,0.0005277976134833863,-5.540990956252134,-2.7753257783961356,47.1027028009355,0.528972971990645,7,14,True,True,True,True,True,True,False,False
459,0.00018387155076034548,0.00020368839329759896,-7.354854611022052,-6.9103371754092615,9.7289993879524,0.902710006120476,6,24,True,True,True,True,True,True,False,False
460,0.0002180238970958392,0.0003563817197967035,-6.614959017712633,-4.480845807154859,38.82292918385094,0.6117707081614906,13,18,True,True,True,True,True,True,False,False
461,0.00042415323679386677,0.0006399992348835072,-3.724772144660384,-1.9382054521309635,33.725977520727625,0.6627402247927238,5,25,True,True,True,True,True,True,False,False
462,0.0002956031478564935,0.0005398596356616722,-5.292909454821312,-2.67719142735701,45.24444349424435,0.5475555650575564,7,17,True,True,True,True,True,True,False,False
463,0.00045081622271017326,0.0004970178342426526,-3.4600046417264227,-3.0362802741513732,9.295765332622434,0.9070423466737757,11,25,True,True,True,True,True,True,False,False
464,0.00031663182412222885,0.000380169774303686,-4.994454370855151,-4.200224150216998,16.71304624304561,0.8328695375695438,18,14,True,True,True,True,True,True,False,False
465,0.00040443552891714,0.0007843340906811037,-3.931506994339225,-1.0549890819158154,48.4358089591727,0.515641910408273,8,25,True,True,True,True,True,True,False,False
466,0.0002676907737574389,0.0003967100027466473,-5.723665969687763,-4.015268489765546,32.52230296587821,0.6747769703412179,10,20,True,True,True,True,True,True,False,False
467,0.00012607480848458237,0.00024233078019005063,-8.993716828884581,-6.15591419466733,47.974083859381466,0.5202591614061853,5,25,True,True,True,True,True,True,False,False
468,0.000631011512596275,0.0009415958309174918,-1.9996271712444895,-0.2613547307619386,32.984886734107896,0.670151132658921,9,25,True,True,True,True,True,True,False,False
469,0.00021268507403979822,0.00020188355659329116,-6.722629872463343,-6.948990528821058,-5.350370098872139,1.0535037009887214,6,13,True,True,True,True,True,False,True,False
470,0.00031661145334313355,0.0005193222882597069,-4.994733786911224,-2.8456303796630875,39.03372520287442,0.6096627479712557,6,15,True,True,True,True,True,True,False,False
471,0.00032343688364227087,0.0004825230949912407,-4.902104561397716,-3.164818951964205,32.969657411290896,0.670303425887091,9,25,True,True,True,True,True,True,False,False
472,0.00044242988924289984,0.0006007383393559474,-3.5415554107320446,-2.213146503243388,26.35231343529203,0.7364768656470797,6,25,True,True,True,True,True,True,False,False
473,0.0001229066223799968,0.00020837968799438674,-9.10424716091535,-6.81144616571539,41.01794490482796,0.5898205509517204,6,25,True,True,True,True,True,True,False,False
474,0.0002139320072261552,0.00040271151937121144,-6.697242340269341,-3.950059474280785,46.87710757313675,0.5312289242686324,7,13,True,True,True,True,True,True,False,False
475,0.00027234501563392526,0.0003279669218767244,-5.648805686283764,-4.841699561993939,16.959608586290962,0.8304039141370904,8,20,True,True,True,True,True,True,False,False
476,0.0002693294810836115,0.00025613112725991104,-5.697161056632508,-5.915376391194389,-5.152967530692712,1.0515296753069272,6,11,True,True,True,True,True,False,True,False
477,0.00019139122531328383,0.0002697478595467307,-7.180779771410796,-5.690419927645393,29.048102314922165,0.7095189768507784,5,25,True,True,True,True,True,True,False,False
478,0.00018036073644178284,0.0002837974297640733,-7.438580000678979,-5.46991542086208,36.447367901914944,0.6355263209808506,7,25,True,True,True,True,True,True,False,False
479,0.00016922892971650333,0.0003142785883586058,-7.7152539222921295,-5.026852062381167,46.153210563805374,0.5384678943619462,4,10,True,True,True,True,True,True,False,False
480,0.00010712691724528452,0.00014081047478209304,-9.701013924517415,-8.513650371622699,23.92120159308779,0.7607879840691221,6,11,True,True,True,True,True,True,False,False
481,0.00038189868031949197,0.000547997269581104,-4.180518423623532,-2.6122160540032784,30.310112564717684,0.6968988743528232,15,24,True,True,True,True,True,True,False,False
482,0.00028653769104785437,0.0005294557555631496,-5.42818243024806,-2.761703262413323,45.880710892814484,0.5411928910718552,6,17,True,True,True,True,True,True,False,False
483,0.0003981805467771875,0.0005626418330967863,-3.9991996136962005,-2.4976798065344052,29.230191685961614,0.7076980831403838,7,24,True,True,True,True,True,True,False,False
484,0.0003087533018293088,0.0004969981634556546,-5.103883893320138,-3.0364521610076975,37.87636966653343,0.6212363033346657,6,25,True,True,True,True,True,True,False,False
485,0.00022090626413704418,0.0002616539955969717,-6.557919688656401,-5.82272628963806,15.573135570492749,0.8442686442950725,4,19,True,True,True,True,True,True,False,False
486,0.0005891083600713077,0.0005906107125783805,-2.2980481412179796,-2.2869868000642244,0.25437271540743156,0.9974562728459256,8,25,True,True,True,True,True,True,False,False
487,0.0002713670135687725,0.00044443221540481,-5.664429447961169,-3.5219446803573877,38.94074188082911,0.6105925811917089,5,25,True,True,True,True,True,True,False,False
488,0.00032574693259102347,0.00048119391365382576,-4.871196651474249,-3.1767987443958052,32.304436247427674,0.6769556375257233,5,25,True,True,True,True,True,True,False,False
489,0.00020700515337073876,0.00027841948980489176,-6.840188426946937,-5.553003666963417,25.64990564568525,0.7435009435431474,6,25,True,True,True,True,True,True,False,False
490,0.00014424242503827844,0.00023986907522052493,-8.409069847611846,-6.200257392218086,39.866185373971874,0.6013381462602813,6,25,True,True,True,True,True,True,False,False
491,0.0002016533559185236,0.00033175780798999865,-6.953945460601863,-4.791788471309955,39.216696318236245,0.6078330368176376,5,25,True,True,True,True,True,True,False,False
492,0.00012524926854987723,0.00014713748284924915,-9.022248017136484,-8.322766779117877,14.876028783092377,0.8512397121690762,6,22,True,True,True,True,True,True,False,False
493,0.00024112831106423048,0.0004464699878687816,-6.177517957729355,-3.5020772947655643,45.99226877146811,0.5400773122853189,6,25,True,True,True,True,True,True,False,False
494,0.0001900013735013423,0.00033906030051053266,-7.212432595634983,-4.6972305740130995,43.96236503794403,0.5603763496205597,7,25,True,True,True,True,True,True,False,False
495,0.0002345416405719974,0.0004230770883561835,-6.297800413702022,-3.7358049315111335,44.56290661276849,0.5543709338723151,7,25,True,True,True,True,True,True,False,False
496,0.00037206699377964527,0.0006197342054677481,-4.293788547168587,-2.0779453283865768,39.96345683407527,0.6003654316592474,7,19,True,True,True,True,True,True,False,False
497,0.00019687859354949465,0.0003505603834610139,-7.058015017832876,-4.55237164729424,43.83889257372698,0.5616110742627302,5,21,True,True,True,True,True,True,False,False
498,0.0005419019974044826,0.0009069038723550245,-2.660792482122885,-0.42438743720748845,40.24703015135601,0.5975296984864399,8,25,True,True,True,True,True,True,False,False
499,0.0002718821924399574,0.0003971156424091121,-5.656192366137737,-4.0108300571334485,31.535763539663865,0.6846423646033614,8,25,True,True,True,True,True,True,False,False
500,0.00014142401066661112,0.0001865576650465531,-8.494768506892637,-7.291869025114713,24.19287053613126,0.7580712946386874,5,16,True,True,True,True,True,True,False,False
501,0.0003209913983559107,0.0007404513243855371,-4.9350660527928705,-1.3050348575260746,56.64922354993623,0.4335077645006377,7,25,True,True,True,True,True,True,False,False
502,0.0004162468286161086,0.0005125771232261805,-3.806490623619502,-2.9024078066902,18.793326944395265,0.8120667305560474,7,23,True,True,True,True,True,True,False,False
503,0.0003226199025687215,0.0004268838747498616,-4.913088442962424,-3.696902500670337,24.424434453570072,0.7557556554642992,12,25,True,True,True,True,True,True,False,False
504,0.0006436084282035327,0.0005649566007750392,-1.9137827734752622,-2.4798491283160886,-13.92174678915061,1.1392174678915061,10,16,True,True,True,True,True,False,True,False
505,0.0003154166566898967,0.0006822955141614468,-5.011153759484618,-1.6602748403496208,53.77125451608028,0.46228745483919725,9,25,True,True,True,True,True,True,False,False
506,0.00020037889252088798,0.00029303912442685124,-6.981480280368127,-5.330743919723508,31.620430236814066,0.6837956976318593,5,16,True,True,True,True,True,True,False,False
507,0.0003719678687221598,0.000522276070028979,-4.2949457366474295,-2.8209987248284447,28.779453996136418,0.7122054600386358,11,18,True,True,True,True,True,True,False,False
508,0.0002541164160692358,0.0003066590922736692,-5.949672783656216,-5.13344154192718,17.13390456316332,0.8286609543683668,13,23,True,True,True,True,True,True,False,False
509,0.0002965886115740845,0.0002672702757289885,-5.2784552905102355,-5.730493383055268,-10.969546001750205,1.109695460017502,4,22,True,True,True,True,True,False,True,False
510,0.00039553181072349595,0.0005675589351836278,-4.028185825427426,-2.4598903475846527,30.31000197441597,0.6968999802558402,13,13,True,True,True,True,True,True,False,False
511,0.00023363939502841948,0.0003389790503783236,-6.314539269664955,-4.698271412843322,31.075565062896338,0.6892443493710366,16,25,True,True,True,True,True,True,False,False
512,0.0002065305809965298,0.00031108837816223704,-6.85015633234096,-5.07116213238095,33.61031928720232,0.6638968071279768,8,25,True,True,True,True,True,True,False,False
513,0.0001526986952733324,0.00018048145168665978,-8.16164673736067,-7.4356742447329065,15.393690683274208,0.8460630931672579,7,15,True,True,True,True,True,True,False,False
514,0.00031542944441846995,0.0006536109367891485,-5.0109776899187946,-1.8468068942019735,51.740488620338695,0.48259511379661296,9,20,True,True,True,True,True,True,False,False
515,0.00024379070362698965,0.0004113994611567483,-6.1298285917898525,-3.857362814716401,40.74112228015234,0.5925887771984766,16,25,True,True,True,True,True,True,False,False
516,0.00015833783301284171,0.00027995625868072,-8.004153030429222,-5.529098190062271,43.441938480317994,0.56558061519682,5,22,True,True,True,True,True,True,False,False
517,0.00041428536853453207,0.00046369777229693756,-3.8270040456538776,-3.3376499054256374,10.656165872361218,0.8934383412763878,5,25,True,True,True,True,True,True,False,False
518,0.0002767765901255287,0.00039078815794767576,-5.578706454625628,-4.080586051781911,29.17477551543733,0.7082522448456267,17,14,True,True,True,True,True,True,False,False
519,0.00044249708514000304,0.0007317783395119635,-3.5408958578374143,-1.3562044968632208,39.531267701212286,0.6046873229878771,6,13,True,True,True,True,True,True,False,False
520,0.0001623233773708003,0.00020507133320789745,-7.8961892976079575,-6.880950451399729,20.845407872664524,0.7915459212733548,10,13,True,True,True,True,True,True,False,False
521,0.0003342826777063586,0.0004398601802441253,-4.758861276594706,-3.566853521467977,24.00251427150566,0.7599748572849434,10,25,True,True,True,True,True,True,False,False
522,0.00031644592342181454,0.0004276453658305414,-4.997004947020738,-3.68916229831816,26.00272358681205,0.7399727641318795,10,23,True,True,True,True,True,True,False,False
523,0.0003762584004892857,0.00047502788765692723,-4.245137950647707,-3.2328089332251517,20.792355508814765,0.7920764449118524,5,25,True,True,True,True,True,True,False,False
524,0.0003450990425587547,0.0005400632331744561,-4.620562456115163,-2.6755538793444527,36.10025245927495,0.6389974754072505,18,25,True,True,True,True,True,True,False,False
525,0.0002609095631917639,0.0006714004746275059,-5.835100022899803,-1.7301835607574256,61.13950271832665,0.3886049728167335,7,25,True,True,True,True,True,True,False,False
526,0.0003949088998483566,0.0004199004297520099,-4.035030786932424,-3.768536808780618,5.951775262152776,0.9404822473784722,9,22,True,True,True,True,True,True,False,False
527,0.00012794645312218621,0.00019234784599161578,-8.929717489390725,-7.159126727790174,33.48173333442827,0.6651826666557173,10,25,True,True,True,True,True,True,False,False
528,0.00025645774403548245,0.00036419943244129095,-5.909841823806435,-4.386607353335413,29.58315659186989,0.704168434081301,5,13,True,True,True,True,True,True,False,False
529,0.000311309722941461,0.00040409772046112545,-5.068073150583055,-3.935135994310139,22.961772071810227,0.7703822792818977,4,25,True,True,True,True,True,True,False,False
530,0.00039207487706994625,0.0004177099857438671,-4.066309850383484,-3.7912514239917927,6.137059095743019,0.9386294090425699,6,25,True,True,True,True,True,True,False,False
531,0.00019575641207600936,0.0002785996686092506,-7.0828400355548276,-5.550194044994904,29.73559047890789,0.7026440952109211,7,25,True,True,True,True,True,True,False,False
532,0.0003346430682009822,0.0005223062518958768,-4.754181665464575,-2.8207477571837547,35.9297218851414,0.640702781148586,11,22,True,True,True,True,True,True,False,False
533,0.0003149468049451614,0.000575309843259932,-5.01762793098278,-2.4009819535238743,45.256141775612804,0.547438582243872,7,25,True,True,True,True,True,True,False,False
534,0.00018825015387425434,0.0003270329253294486,-7.252646601380865,-4.854085208288529,42.4369415756491,0.575630584243509,6,10,True,True,True,True,True,True,False,False
535,0.0002530853032690043,0.00038322728723100177,-5.967330737058022,-4.165435750842724,33.959477390645844,0.6604052260935416,7,20,True,True,True,True,True,True,False,False
536,0.000167767477469641,0.0002670700598938309,-7.752922254168597,-5.733747961857243,37.18222194717967,0.6281777805282033,6,14,True,True,True,True,True,True,False,False
537,0.00021207338918193753,0.0002931862993150681,-6.735138230274783,-5.32856328269954,27.665996099621225,0.7233400390037877,7,25,True,True,True,True,True,True,False,False
538,0.0003603202362870278,0.0004092279351579227,-4.433113463675901,-3.880347276704328,11.951212189857282,0.8804878781014271,8,24,True,True,True,True,True,True,False,False
539,0.00032875380362580044,0.0006040876466471611,-4.831292137595538,-2.189000453296737,45.57845944202517,0.5442154055797483,17,25,True,True,True,True,True,True,False,False
540,0.0002968421019611649,0.00041698948386310474,-5.274745018004635,-3.7987489744306107,28.813048422435404,0.711869515775646,11,25,True,True,True,True,True,True,False,False
541,0.00020308021514324248,0.00029869359836368276,-6.923323851754809,-5.247740851465253,32.010523072551265,0.6798947692744873,6,14,True,True,True,True,True,True,False,False
542,0.00042219985529148596,0.0005548843945603259,-3.744819198822703,-2.5579748901109935,23.912105038379256,0.7608789496162074,10,14,True,True,True,True,True,True,False,False
543,0.00023900320423632322,0.0003812184259399274,-6.215962765714203,-4.188261161904828,37.30544276629863,0.6269455723370136,6,14,True,True,True,True,True,True,False,False
544,0.00026296977207546313,0.00034161411633785933,-5.800941700475315,-4.66464191493078,23.021397682704738,0.7697860231729526,4,9,True,True,True,True,True,True,False,False
545,0.0002609374838827248,0.0004116290480939054,-5.8346352966128645,-3.8549398526588305,36.60858360433377,0.6339141639566623,7,25,True,True,True,True,True,True,False,False
546,0.00016400434650402755,0.0002261066585930738,-7.851446419663219,-6.456866479702141,27.465936861599616,0.7253406313840038,6,16,True,True,True,True,True,True,False,False
547,0.00033663885753836004,0.0005015959036824629,-4.728357557384074,-2.99646018858693,32.8864420409082,0.671135579590918,8,25,True,True,True,True,True,True,False,False
548,0.0003012741470180986,0.00033755168882432197,-5.210381344703796,-4.7165971482595594,10.747255311498058,0.8925274468850194,5,20,True,True,True,True,True,True,False,False
549,0.0001570578726077681,0.0003500921734922491,-8.039402894824766,-4.55817598024233,55.13813661097302,0.4486186338902698,5,25,True,True,True,True,True,True,False,False
550,0.0001366163593392658,0.00019211380031203411,-8.64497292269656,-7.164414368869022,28.887795089487867,0.7111220491051213,5,15,True,True,True,True,True,True,False,False
551,0.00023652395461266643,0.0002840336183738311,-6.261248683330823,-5.4663025357914865,16.726774820942065,0.8327322517905793,5,15,True,True,True,True,True,True,False,False
552,0.0001790763066307766,0.0002533018542250271,-7.469618713268673,-5.963616310671305,29.30319946584771,0.7069680053415228,7,25,True,True,True,True,True,True,False,False
553,0.00026200513083201254,0.0003177670038290646,-5.816902038321164,-4.978912008949542,17.548037500787174,0.8245196249921283,4,13,True,True,True,True,True,True,False,False
554,0.0003217326542917957,0.00039603795042892265,-4.92504858093888,-4.022631957104418,18.762165609798704,0.812378343902013,9,25,True,True,True,True,True,True,False,False
555,0.0002426823033827591,0.00039724706969502274,-6.149618916673553,-4.009392976950967,38.90897582477504,0.6109102417522496,11,25,True,True,True,True,True,True,False,False
556,0.000528696773885813,0.0006086043495732167,-2.7679333965704878,-2.156649481512061,13.129642557342686,0.8687035744265731,18,25,True,True,True,True,True,True,False,False
557,0.0002542652212179697,0.00032863820790161305,-5.947130392189663,-4.832819463294157,22.630657329384217,0.7736934267061578,5,13,True,True,True,True,True,True,False,False
558,0.00011097249557670799,0.00020848497493426,-9.547846473342613,-6.809252382358725,46.771945742516884,0.5322805425748312,5,19,True,True,True,True,True,True,False,False
559,0.00025065936905219595,0.0004829304592743626,-6.00916057850748,-3.1611540201815895,48.096177360850355,0.5190382263914964,8,24,True,True,True,True,True,True,False,False
560,0.00021161301805666107,0.00029003347898286523,-6.744576187905968,-5.375518679689254,27.038416806646353,0.7296158319335364,6,12,True,True,True,True,True,True,False,False
561,0.0003820740675178234,0.0005824345163695366,-4.178524381454212,-2.347528956719459,34.40051082490975,0.6559948917509025,5,18,True,True,True,True,True,True,False,False
562,0.00047780354094384517,0.0005686435974392012,-3.207506360707068,-2.451598463666115,15.974866665946857,0.8402513333405314,9,18,True,True,True,True,True,True,False,False
563,0.00030567240572372973,0.000496889563623902,-5.147437650122947,-3.037401248244987,38.482828358396645,0.6151717164160335,8,25,True,True,True,True,True,True,False,False
564,0.0002606551688191204,0.0003484026635266459,-5.839336585468045,-4.5791853348497416,25.185655534121526,0.7481434446587848,8,25,True,True,True,True,True,True,False,False
565,0.00028679786172903165,0.00037532192989633655,-5.424240909496495,-4.255960592087675,23.586169929307125,0.7641383007069288,8,25,True,True,True,True,True,True,False,False
566,0.00018730073287829738,0.000516497176988989,-7.274605232954633,-2.869320478548252,63.73634915679502,0.3626365084320497,5,25,True,True,True,True,True,True,False,False
567,0.000176097199781067,0.00034358720372035007,-7.542475499344822,-4.639630190466344,48.747451047567324,0.5125254895243267,10,25,True,True,True,True,True,True,False,False
568,0.0001736570256088837,0.00026738307489171116,-7.603076418294711,-5.72866086654326,35.053097254112316,0.6494690274588769,10,18,True,True,True,True,True,True,False,False
569,0.00023574741238400505,0.00031138687455031214,-6.275530654772314,-5.066996975819923,24.291153015213453,0.7570884698478655,6,21,True,True,True,True,True,True,False,False
570,0.000354260325783934,0.0005502799507167732,-4.506774823207889,-2.5941631028841354,35.6218002632136,0.643781997367864,9,25,True,True,True,True,True,True,False,False
571,0.0002602014546976451,0.0003559248777913682,-5.846902797752238,-4.486416554074632,26.89427715413395,0.7310572284586605,11,25,True,True,True,True,True,True,False,False
572,0.0003964900538907921,0.0004506850226900504,-4.017677026579124,-3.461268743034279,12.0250210392569,0.879749789607431,11,16,True,True,True,True,True,True,False,False
573,0.0004527980542392391,0.000585067178965855,-3.440954480631092,-2.3279426420994747,22.607510638421108,0.773924893615789,19,18,True,True,True,True,True,True,False,False
574,0.00025759473270248255,0.0005360740798954916,-5.890630216757123,-2.707751911527956,51.94792243029154,0.4805207756970847,7,21,True,True,True,True,True,True,False,False
575,0.0002936451621626962,0.0005816080217617888,-5.321771498128606,-2.3536961215098744,49.511500671329216,0.5048849932867079,14,19,True,True,True,True,True,True,False,False
576,0.00031076240889985345,0.00043528570364276514,-5.0757152074219425,-3.612255964102964,28.60725580941817,0.7139274419058182,6,18,True,True,True,True,True,True,False,False
577,0.0005636682669026442,0.0008161543766652952,-2.489764141721839,-0.8822768610808229,30.936072510482354,0.6906392748951764,13,25,True,True,True,True,True,True,False,False
578,0.00019782016483238987,0.00037164566111570296,-7.037294405999472,-4.298709331274316,46.77183523721987,0.5322816476278013,4,23,True,True,True,True,True,True,False,False
579,0.00032066076277484747,0.00044737403453470263,-4.9395417868364575,-3.4932922583961137,28.323787698507136,0.7167621230149287,9,21,True,True,True,True,True,True,False,False
580,0.00021298498455785543,0.00037072289895726456,-6.716510132445062,-4.309505874702069,42.54873784249096,0.5745126215750904,6,19,True,True,True,True,True,True,False,False
581,0.000337889570067652,0.0004902219071023505,-4.712252137651308,-3.096072848402083,31.074159442428574,0.6892584055757143,7,25,True,True,True,True,True,True,False,False
582,0.00021178403021971756,0.0002873259644050779,-6.741067913906662,-5.416251269201818,26.291370618653797,0.737086293813462,5,18,True,True,True,True,True,True,False,False
583,0.00022863371066565057,0.0003125864235852672,-6.4085973511001075,-5.050298884091006,26.857440562102987,0.7314255943789701,6,15,True,True,True,True,True,True,False,False
584,0.00014419405472151312,0.0002454711889641201,-8.410526456836415,-6.099994738390513,41.258257097296415,0.5874174290270359,5,16,True,True,True,True,True,True,False,False
585,0.00033740460003862287,0.00046538520053936,-4.7184900071022495,-3.321874315913729,27.499929166723287,0.7250007083327671,7,19,True,True,True,True,True,True,False,False
586,0.00027938780990761415,0.0005136409145921252,-5.537925467019721,-2.8934038939039604,45.60639505724112,0.5439360494275888,5,23,True,True,True,True,True,True,False,False
587,0.00035006958008889527,0.0006955255656859058,-4.558456263772735,-1.5768690185848653,49.66833753355026,0.5033166246644973,13,23,True,True,True,True,True,True,False,False
588,0.0003544254608601851,0.000489419396394744,-4.504750872536544,-3.103188229280765,27.582465372026,0.72417534627974,7,25,True,True,True,True,True,True,False,False
589,0.0002766075015249805,0.0003732173696425777,-5.581360461112773,-4.280381522664215,25.885683779969398,0.741143162200306,8,25,True,True,True,True,True,True,False,False
590,0.0001984910227613701,0.00031011715863056685,-7.022591304795257,-5.0847420379681285,35.9948273620595,0.640051726379405,11,22,True,True,True,True,True,True,False,False
591,0.00017208456356086543,0.00021687802538367703,-7.642580852855069,-6.637844495444875,20.653757679491907,0.7934624232050809,6,11,True,True,True,True,True,True,False,False
592,0.00020902382986575112,0.00031689520732844394,-6.798041991078641,-4.990843289591154,34.04007853955653,0.6595992146044347,4,20,True,True,True,True,True,True,False,False
593,0.00021266922087194722,0.00033775224450596916,-6.7229535999255505,-4.714017562265297,37.03395778079317,0.6296604221920683,10,20,True,True,True,True,True,True,False,False
594,0.00024122437024701133,0.0003539783285104811,-6.175788187161647,-4.510233258171915,31.853350666390075,0.6814664933360993,12,25,True,True,True,True,True,True,False,False
595,0.0002702687416604781,0.0003712681145101125,-5.682041803810929,-4.303123475336907,27.20389090856964,0.7279610909143036,8,24,True,True,True,True,True,True,False,False
596,0.000156243611439429,0.0002530449724105318,-8.061977312531695,-5.968022869900642,38.25460749089907,0.6174539250910094,5,11,True,True,True,True,True,True,False,False
597,0.00020465461454083507,0.00034864084752804606,-6.889784584605528,-4.576217313488915,41.29930098785346,0.5870069901214654,5,13,True,True,True,True,True,True,False,False
598,0.0001895714569782631,0.0002838599371402792,-7.222270520718154,-5.468958977406682,33.216550779203544,0.6678344922079645,4,17,True,True,True,True,True,True,False,False
599,0.00012812614855913299,0.0001697246133183605,-8.923622284438167,-7.702551721005802,24.509388441615897,0.754906115583841,8,23,True,True,True,True,True,True,False,False
600,0.00023828823898672396,0.0004245369781292252,-6.228973922704756,-3.720844757426471,43.871028611742936,0.5612897138825707,8,25,True,True,True,True,True,True,False,False
601,0.00041400245014090937,0.000499510103640261,-3.8299708863869504,-3.0145572283172384,17.118303088606357,0.8288169691139364,7,14,True,True,True,True,True,True,False,False
602,0.00037880266618470264,0.000530914523922684,-4.21586972896776,-2.749753937524596,28.65091288407343,0.7134908711592657,7,15,True,True,True,True,True,True,False,False
603,0.00020508157225148838,0.00030931855449024614,-6.880733617137519,-5.095940280374275,33.69891030641187,0.6630108969358813,6,25,True,True,True,True,True,True,False,False
604,0.0003046943633215087,0.0004817982506587054,-5.161355799125676,-3.1713478119664273,36.75893116985452,0.6324106883014547,12,25,True,True,True,True,True,True,False,False
605,0.00025066689440965824,0.000318308776240774,-6.00903019550309,-4.971513870767802,21.250398003462635,0.7874960199653737,7,23,True,True,True,True,True,True,False,False
606,0.00036669485944804397,0.0005214370329889234,-4.356951782013737,-2.8279812803611937,29.676099653659723,0.7032390034634028,5,25,True,True,True,True,True,True,False,False
607,0.00025111196527623496,0.0005616990031109947,-6.001325930232863,-2.504963468978978,55.2942120449849,0.447057879550151,8,25,True,True,True,True,True,True,False,False
608,0.00022394660003283235,0.0003095348212830982,-6.498555266472384,-5.092904877086358,27.650595463050507,0.7234940453694949,8,25,True,True,True,True,True,True,False,False
609,0.00034236481406265637,0.0006665099264094628,-4.655108755475826,-1.7619337820398147,48.63320102267638,0.5136679897732362,12,21,True,True,True,True,True,True,False,False
610,0.00027290400977955664,0.0004338308261361978,-5.639900831929044,-3.626795921438525,37.09437104548201,0.6290562895451799,7,18,True,True,True,True,True,True,False,False
611,0.00031373286576583196,0.0004853193721759588,-5.034399834600595,-3.1397237288993507,35.35537962163108,0.6464462037836892,8,16,True,True,True,True,True,True,False,False
612,0.00021533169197095577,0.00029695310284311876,-6.66892047114703,-5.273121324492447,27.48629668816218,0.7251370331183782,6,13,True,True,True,True,True,True,False,False
613,0.00019396008324212057,0.0003573961118031625,-7.122876381697022,-4.468501765970688,45.729660498112814,0.5427033950188719,5,23,True,True,True,True,True,True,False,False
614,0.00020818410218831636,0.0003984160645867535,-6.815524381084015,-3.996631586501367,47.74706125260039,0.522529387473996,10,16,True,True,True,True,True,True,False,False
615,0.00010073131355018933,0.0001778865105221763,-9.968355027524098,-7.498569840571885,43.37327026400261,0.5662672973599739,4,19,True,True,True,True,True,True,False,False
616,0.0002855052002588861,0.0003520488612848492,-5.443859770042254,-4.533970560851276,18.901825383869483,0.8109817461613051,6,19,True,True,True,True,True,True,False,False
617,0.0004543156661315262,0.0005557294431701238,-3.4264228718456553,-2.5513659319559343,18.248768044408276,0.8175123195559173,13,16,True,True,True,True,True,True,False,False
618,0.0003833258048074796,0.0007253808021935562,-4.164319438339005,-1.3943394256828316,47.15523161788954,0.5284476838211046,9,22,True,True,True,True,True,True,False,False
619,0.0001955913208758536,0.0002737341986639959,-7.086504204040014,-5.626709411238684,28.546991267269956,0.7145300873273005,12,22,True,True,True,True,True,True,False,False
620,0.00014879588369135706,0.00017163593735186654,-8.274090830028864,-7.65391773832606,13.307267704481763,0.8669273229551824,9,25,True,True,True,True,True,True,False,False
621,0.00020847723562122174,0.00024466106021170234,-6.809413602769665,-6.114351466306411,14.789368017604094,0.852106319823959,5,14,True,True,True,True,True,True,False,False
622,0.0002222181969372254,0.00034616384050305135,-6.532203805623725,-4.607182995171244,35.80548545616607,0.6419451454383392,18,25,True,True,True,True,True,True,False,False
623,0.0003102942144438525,0.00040665211608107094,-5.082263219296403,-3.90776963435292,23.695413801316192,0.7630458619868381,7,18,True,True,True,True,True,True,False,False
624,0.00035849076598046,0.0005255607168450302,-4.455220264268089,-2.793771036747086,31.788896222590658,0.6821110377740934,13,25,True,True,True,True,True,True,False,False
625,0.0003305898276599636,0.00040493720613202894,-4.807105139197844,-3.9261231788339526,18.360224090602458,0.8163977590939754,7,16,True,True,True,True,True,True,False,False
626,0.0005495604722951042,0.0007333667086704969,-2.599845119045991,-1.346788088134592,25.063346099881006,0.74936653900119,10,23,True,True,True,True,True,True,False,False
627,0.0002633832193326285,0.0004640892879834297,-5.794118982557677,-3.333984557640693,43.24729612332,0.5675270387668,8,25,True,True,True,True,True,True,False,False
628,0.00020766455938100743,0.0002786141613044095,-6.826376150613452,-5.549968131810451,25.465181522443736,0.7453481847755626,10,21,True,True,True,True,True,True,False,False
629,0.00020466251332122327,0.00044035101047477324,-6.889616969008561,-3.562010027427824,53.522869607915226,0.4647713039208478,5,25,True,True,True,True,True,True,False,False
630,0.00022688312659848564,0.00024327941369817495,-6.441978015926143,-6.138946395095761,6.739693610093695,0.932603063899063,12,13,True,True,True,True,True,True,False,False
631,0.0002619791217894993,0.00044283250186892564,-5.81733318042499,-3.5376051140598146,40.8401324013379,0.5915986759866211,9,25,True,True,True,True,True,True,False,False
632,0.00020282843678803446,0.0002725864684435894,-6.928711564671641,-5.6449570692446125,25.591157203752047,0.7440884279624795,6,13,True,True,True,True,True,True,False,False
633,0.00021932027535332717,0.00032090348975542717,-6.589212175379845,-4.936255600210918,31.655378531258872,0.6834462146874113,5,25,True,True,True,True,True,True,False,False
634,0.00022494002425245196,0.00033975789614500173,-6.4793326237029465,-4.6883044125520765,33.79402603892622,0.6620597396107378,10,25,True,True,True,True,True,True,False,False
635,0.00023330122748111125,0.00028947270291940143,-6.32082976221803,-5.383923836823701,19.40475729551955,0.8059524270448045,7,25,True,True,True,True,True,True,False,False
636,0.0002731856241332543,0.000456721575545597,-5.6354215829895935,-3.4034847181960233,40.18552248009998,0.5981447751990002,8,25,True,True,True,True,True,True,False,False
637,0.00015430482118413953,0.0002475993944169424,-8.116205043907884,-6.062504218558852,37.67964515926903,0.6232035484073097,8,18,True,True,True,True,True,True,False,False
638,0.00019816833829006694,0.00032061805941149455,-7.029657323145402,-4.940120188444265,38.19177289831654,0.6180822710168346,7,16,True,True,True,True,True,True,False,False
639,0.00019896082483683683,0.00031738240506453633,-7.012324272689599,-4.984171531803753,37.311955022717704,0.626880449772823,6,24,True,True,True,True,True,True,False,False
640,0.00014015114320028275,0.00018402549479757324,-8.534033553881788,-7.351220058877681,23.841452862578617,0.7615854713742138,8,11,True,True,True,True,True,True,False,False
641,0.0003830620137100731,0.00039319575090224646,-4.167309126320339,-4.0539118404864665,2.5772753568470628,0.9742272464315294,21,25,True,True,True,True,True,True,False,False
642,0.00021381107299571272,0.0002976721454062784,-6.6996980700184485,-5.262618024453902,28.172294151375077,0.7182770584862492,4,13,True,True,True,True,True,True,False,False
643,0.00014438570750669903,0.00024383283190220785,-8.404757947039194,-6.12907817364258,40.784960589471936,0.5921503941052807,6,13,True,True,True,True,True,True,False,False
644,0.00020981959648091303,0.0003267639857542495,-6.781539525291178,-4.85765815205997,35.788640845288015,0.6421135915471198,10,23,True,True,True,True,True,True,False,False
645,0.00023866004964910717,0.00031410677719959594,-6.222202733645325,-5.029226931187363,24.019452309539606,0.7598054769046039,8,18,True,True,True,True,True,True,False,False
646,0.0002663230832791925,0.00025736147530291357,-5.745911899023495,-5.894564625425255,-3.4821093427954475,1.0348210934279545,13,25,True,True,True,True,True,False,True,False
647,0.0006990703396324797,0.0010584949020739098,-1.5547912385755769,0.24688770710176527,33.95619211176259,0.660438078882374,7,25,True,True,True,True,True,True,False,False
648,0.00015468503083417793,0.0003487391851769312,-8.1055171177357,-4.574992515056085,55.644493819729725,0.44355506180270277,6,17,True,True,True,True,True,True,False,False
649,0.0003696472150054024,0.00045638770536613295,-4.322125615139201,-3.4066606356049514,19.005877971919464,0.8099412202808054,4,25,True,True,True,True,True,True,False,False
650,0.00018040999087911262,0.0002906699064713353,-7.437394154441767,-5.3659992911697385,37.93303439312045,0.6206696560687954,8,17,True,True,True,True,True,True,False,False
651,0.0001718393015042771,0.00024632710493879096,-7.6487750130557695,-6.08487797346128,30.23938573589906,0.6976061426410094,6,14,True,True,True,True,True,True,False,False
652,0.0002675164085915273,0.00047241609089864286,-5.726495746064768,-3.256753183627645,43.37271448932863,0.5662728551067138,5,19,True,True,True,True,True,True,False,False
653,0.0001589121559651423,0.00024703220274477475,-7.98842880220815,-6.0724642907735635,35.67148161273334,0.6432851838726666,6,25,True,True,True,True,True,True,False,False
654,0.00015451018381304563,0.000262301694641759,-8.110428908148483,-5.8119890357210435,41.09447747790217,0.5890552252209783,5,12,True,True,True,True,True,True,False,False
655,0.0002161383632374026,0.00025281602621888394,-6.652681416608738,-5.9719539922739315,14.507649507047635,0.8549235049295236,10,21,True,True,True,True,True,True,False,False
656,0.00024237306981647274,0.00041155922992026505,-6.155156364852559,-3.855676540690745,41.10858117228235,0.5889141882771766,8,19,True,True,True,True,True,True,False,False
657,0.0002783517711642913,0.0005134651827227941,-5.5540601091378425,-2.8948899990315473,45.789552918027965,0.5421044708197204,7,24,True,True,True,True,True,True,False,False
658,0.000390148898515387,0.0008063708531162286,-4.087696148649772,-0.9346517851704728,51.61669137622565,0.4838330862377434,8,25,True,True,True,True,True,True,False,False
659,0.0002891836509314081,0.0003749603810305951,-5.3882626362847095,-4.260146181623693,22.87621157825419,0.7712378842174581,22,19,True,True,True,True,True,True,False,False
660,0.00026637029401584003,0.0004323999155585112,-5.745142099234716,-3.641143995301894,38.39723727240286,0.6160276272759714,7,24,True,True,True,True,True,True,False,False
661,0.0003449432548508508,0.0004885524124577716,-4.62252342990748,-3.11088837840481,29.39483133129216,0.7060516866870784,11,25,True,True,True,True,True,True,False,False
662,0.000340221490803803,0.000556200686046215,-4.68238256735451,-2.547684797906264,38.83116304255442,0.6116883695744557,4,24,True,True,True,True,True,True,False,False
663,0.00032738188302321874,0.00046358730567372104,-4.849453576691819,-3.338684647518746,29.380748994530386,0.7061925100546962,10,25,True,True,True,True,True,True,False,False
664,0.00030291592860946543,0.00042299916729141647,-5.186778890134276,-3.736604875684537,28.388528386681717,0.7161147161331829,9,16,True,True,True,True,True,True,False,False
665,0.00017419616837063476,0.0004355449883107301,-7.589614019907621,-3.609669791959347,60.00501141196503,0.39994988588034974,17,25,True,True,True,True,True,True,False,False
666,0.000168651374577465,0.00018801936189874382,-7.730101147832577,-7.257974255618047,10.30106002152549,0.8969893997847451,11,23,True,True,True,True,True,True,False,False
667,0.0005824043078982966,0.0007463902103034819,-2.347754213160022,-1.2703406545536597,21.970532322296762,0.7802946767770323,10,18,True,True,True,True,True,True,False,False
668,0.0003523440343883137,0.0005548940386397401,-4.530330772365849,-2.5578994089095675,36.50246536220767,0.6349753463779233,10,16,True,True,True,True,True,True,False,False
669,0.00019216765850842615,0.0003062286629772068,-7.1631970154362925,-5.139541618080919,37.24700469246095,0.6275299530753905,7,25,True,True,True,True,True,True,False,False
670,0.0003421717964486715,0.0006902468119499458,-4.657557900944401,-1.609955905644602,50.42761653878025,0.4957238346121975,11,25,True,True,True,True,True,True,False,False
671,0.0007417659588299788,0.0014715448182065606,-1.297331012197627,1.677734937569938,49.592703555301625,0.5040729644469837,11,25,True,True,True,True,True,True,False,False
672,0.00019544402038222628,0.00029674785011323917,-7.089776122858603,-5.276124187502511,34.13801639754265,0.6586198360245734,6,18,True,True,True,True,True,True,False,False
673,0.00035935433510290315,0.0005364220538975053,-4.444771116256189,-2.7049337532248807,33.00903039091578,0.6699096960908422,14,25,True,True,True,True,True,True,False,False
674,0.00024204746320306795,0.00036911631308770697,-6.160994646557402,-4.328367607446898,34.425151471006856,0.6557484852899315,5,16,True,True,True,True,True,True,False,False
675,0.0002876339076183973,0.0004450480043454513,-5.411599186245092,-3.515931420574319,35.37013876931519,0.6462986123068482,11,25,True,True,True,True,True,True,False,False
676,0.0003412778965897523,0.0004478335447441335,-4.668918385890876,-3.48883378931073,23.793583442986844,0.7620641655701316,17,25,True,True,True,True,True,True,False,False
677,0.00024344036764238131,0.00043301843101045743,-6.136074047801188,-3.6349361792888963,43.78059911345847,0.5621940088654153,5,23,True,True,True,True,True,True,False,False
678,0.0005651684950769626,0.0007954019023068274,-2.4782205559131185,-0.9941337467720707,28.945543952326624,0.7105445604767338,25,25,True,True,True,True,True,True,False,False
679,0.00032149668012270387,0.0004054233098920482,-4.92823507379991,-3.9209128507946174,20.700987763059654,0.7929901223694035,16,18,True,True,True,True,True,True,False,False
680,0.00021900726246524237,0.0002875976281566443,-6.595414833503668,-5.412146999398118,23.84941980607823,0.7615058019392177,7,18,True,True,True,True,True,True,False,False
681,0.0001609775972432692,0.0002800003333499499,-7.9323455918927515,-5.52841451615075,42.50806943073305,0.5749193056926695,5,15,True,True,True,True,True,True,False,False
682,0.0003577503382733431,0.0005112337801478955,-4.4641994691779665,-2.913804575743528,30.02216360392911,0.6997783639607089,11,25,True,True,True,True,True,True,False,False
683,0.0003701093964283091,0.000586065429902944,-4.316698887898885,-2.320538954844167,36.84845112096076,0.6315154887903924,9,25,True,True,True,True,True,True,False,False
684,0.00019039627801893528,0.0002743807512447597,-7.203415457185486,-5.616463591511675,30.60873361007259,0.6939126638992741,5,19,True,True,True,True,True,True,False,False
685,0.0002002491590877295,0.0003776121284191985,-6.984292989856755,-4.229540651659664,46.96961670006877,0.5303038329993123,5,13,True,True,True,True,True,True,False,False
686,0.00030735481191123684,0.000626115742433476,-5.123599832259325,-2.033453766077279,50.91086342651848,0.4908913657348152,8,13,True,True,True,True,True,True,False,False
687,0.00022060690082746832,0.0003251865481512765,-6.563809064723696,-4.878674279749663,32.159893426820915,0.6784010657317908,7,25,True,True,True,True,True,True,False,False
688,0.00031179236453920175,0.00047452903091729933,-5.061345244232973,-3.23737212991141,34.294354143837246,0.6570564585616275,8,25,True,True,True,True,True,True,False,False
689,0.0002088090131201868,0.0002688017770994563,-6.802507591952526,-5.705678644056512,22.318589046036045,0.7768141095396396,8,18,True,True,True,True,True,True,False,False
690,0.0002857164448037746,0.0006195172041367067,-5.440647624803976,-2.0794662866178095,53.88078928301617,0.4611921071698383,13,25,True,True,True,True,True,True,False,False
691,0.0002607173165458514,0.00039984674561794036,-5.838301225311243,-3.9810643438705147,34.79568874746556,0.6520431125253443,8,21,True,True,True,True,True,True,False,False
692,0.000253487533030615,0.0004650029585684272,-5.960433951833124,-3.3254428391465956,45.48689887672765,0.5451310112327236,6,25,True,True,True,True,True,True,False,False
693,0.0002640414584880618,0.000320064099704551,-5.78327876997684,-4.9476303617947295,17.503569212605626,0.8249643078739437,4,14,True,True,True,True,True,True,False,False
694,0.0002740464726668099,0.0006011387205979724,-5.621757834885116,-2.2102529731762113,54.41210767554503,0.4558789232445497,7,25,True,True,True,True,True,True,False,False
695,0.00017601415040063623,0.0003484289232949222,-7.544524163115346,-4.5788580112128825,49.483484684291895,0.5051651531570811,4,22,True,True,True,True,True,True,False,False
696,0.00020303002334523822,0.0003385981885748947,-6.924397354412717,-4.70315369599889,40.038065708573654,0.5996193429142634,4,25,True,True,True,True,True,True,False,False
697,0.00037882090331949677,0.0004463744350397466,-4.215660646586294,-3.5030068646989996,15.133826316517132,0.8486617368348287,7,17,True,True,True,True,True,True,False,False
698,0.00019463335430335179,0.0003317084940396502,-7.1078273267699235,-4.792434073851971,41.32397638268297,0.5867602361731703,7,18,True,True,True,True,True,True,False,False
699,0.00014790466161130746,0.00022140552983524982,-8.300181378343224,-6.548115363617963,33.19739496959951,0.6680260503040049,4,25,True,True,True,True,True,True,False,False
700,0.00017031743806305284,0.0001953863256210486,-7.68740884234408,-7.09105834246373,12.830420695160022,0.8716957930483998,6,14,True,True,True,True,True,True,False,False
701,0.00032547502425985707,0.0006618819903304804,-4.874823319568872,-1.7921943581238997,50.82582257641637,0.4917417742358363,8,25,True,True,True,True,True,True,False,False
702,0.00019144617953719035,0.00025056532488910256,-7.179532959262275,-6.010790301147232,23.594304350802602,0.7640569564919739,9,17,True,True,True,True,True,True,False,False
703,0.00011251493082331197,0.00012925536540880423,-9.487898424955986,-8.885514202334523,12.951442698371718,0.8704855730162828,5,11,True,True,True,True,True,True,False,False
704,0.00024845702578679826,0.00031112083338877657,-6.0474871790699405,-5.070709065292062,20.14130873829128,0.7985869126170871,5,20,True,True,True,True,True,True,False,False
705,0.00017097724395507603,0.0002490896574693808,-7.6706168775044015,-6.036443045679748,31.359155698347962,0.6864084430165204,9,23,True,True,True,True,True,True,False,False
706,0.00020960343660149074,0.00032097542686763974,-6.786016010545869,-4.9352821489820435,34.697980263789894,0.653020197362101,13,19,True,True,True,True,True,True,False,False
707,0.00019231417742219826,0.0003764750365121413,-7.159886983446253,-4.242638159160296,48.917150203664,0.5108284979633599,6,18,True,True,True,True,True,True,False,False
708,0.00018265228944170959,0.00030060378855098675,-7.383748797856553,-5.220055502413939,39.2381944611689,0.6076180553883109,14,24,True,True,True,True,True,True,False,False
709,0.00016223565853035193,0.00032589463794201656,-7.89853684027843,-4.869227850744425,50.21837132551502,0.49781628674484985,6,25,True,True,True,True,True,True,False,False
710,0.00032508153029307384,0.0006162889479101518,-4.880077045108354,-2.102156205293813,47.25176698439395,0.5274823301560604,5,17,True,True,True,True,True,True,False,False
711,0.0002575846291609427,0.0003791160273001808,-5.890800561792807,-4.212278551913558,32.05651816007521,0.6794348183992479,5,25,True,True,True,True,True,True,False,False
712,0.00016707308590613345,0.00025811567180866345,-7.770935057252382,-5.8818562593502675,35.27201012808639,0.647279898719136,8,25,True,True,True,True,True,True,False,False
713,0.0005404602965637308,0.0007227691153219684,-2.6723620479415477,-1.4100041357073099,25.223659242415934,0.7477634075758406,8,25,True,True,True,True,True,True,False,False
714,0.0002750456761615872,0.000375484120120534,-5.605951779598916,-4.2540842534385215,26.749052377156485,0.7325094762284352,9,16,True,True,True,True,True,True,False,False
715,0.0002746006486006382,0.0004240394198408081,-5.612984413041237,-3.725937683516927,35.241716748002304,0.647582832519977,9,25,True,True,True,True,True,True,False,False
716,0.00014136164446606328,0.00018075103748561383,-8.496684113056013,-7.429192012368395,21.79207022404261,0.7820792977595739,7,25,True,True,True,True,True,True,False,False
717,0.0003154647697084308,0.0006007948521971791,-5.010491345990632,-2.2127379716223845,47.49209841683261,0.5250790158316738,4,22,True,True,True,True,True,True,False,False
718,0.00035433280537107664,0.00041313745353050167,-4.505886373024773,-3.8390543168935283,14.233676384676542,0.8576632361532346,6,25,True,True,True,True,True,True,False,False
719,0.00023804911357734116,0.0002856001363175238,-6.233334313673161,-5.4424158960617754,16.64950981932182,0.8335049018067818,6,15,True,True,True,True,True,True,False,False
720,0.00016602959492298454,0.0003091206857191826,-7.7981449168190276,-5.098719318726274,46.289717060924104,0.5371028293907589,9,20,True,True,True,True,True,True,False,False
721,0.00022386652106292678,0.00047969715549574433,-6.5001084972054235,-3.190328568023219,53.331697197251195,0.4666830280274881,7,25,True,True,True,True,True,True,False,False
722,0.00020025505256684163,0.0002999866492017787,-6.9841651756973375,-5.228980729703959,33.24534505129094,0.6675465494870906,5,19,True,True,True,True,True,True,False,False
723,0.00020111323396256742,0.00028207938151066233,-6.965593503489977,-5.496286572810016,28.703320006760038,0.7129667999323996,11,20,True,True,True,True,True,True,False,False
724,0.0002470964079515995,0.0003858148387958421,-6.0713356790483255,-4.136210730031198,35.95466449066436,0.6404533550933564,7,20,True,True,True,True,True,True,False,False
725,0.00030713165360473857,0.0003668860740702462,-5.126754219892008,-4.35468772488335,16.2869143008319,0.837130856991681,5,12,True,True,True,True,True,True,False,False
726,0.00020683741498512658,0.00030616503115509506,-6.843708985963056,-5.140444140415189,32.44250847173064,0.6755749152826935,5,13,True,True,True,True,True,True,False,False
727,0.0003316134650375858,0.0004088401012184139,-4.793678434028351,-3.8844651286421312,18.88920288168393,0.8111079711831607,7,24,True,True,True,True,True,True,False,False
728,0.0003451985324694056,0.00044455140631063456,-4.619310592540294,-3.5207801155276575,22.349018005761337,0.7765098199423867,9,14,True,True,True,True,True,True,False,False
729,0.0003984389024930781,0.0007978213375464181,-3.996382648435911,-0.9809435276577972,50.05913182036241,0.4994086817963758,8,25,True,True,True,True,True,True,False,False
730,0.00024567959825041877,0.00036186628330905435,-6.09630906748026,-4.414518801550778,32.10762936966016,0.6789237063033984,10,25,True,True,True,True,True,True,False,False
731,0.0003573317658977403,0.0005133757923652012,-4.469283743912372,-2.8956461382990266,30.395672875135393,0.6960432712486461,11,17,True,True,True,True,True,True,False,False
732,0.00020984611629954147,0.00044325144173345014,-6.780990640283134,-3.5334984312498374,52.65754455780593,0.47342455442194076,6,17,True,True,True,True,True,True,False,False
733,0.0002718246860119053,0.00043356907760244587,-5.6571110495482255,-3.629416994989842,37.30533378555411,0.6269466621444589,5,25,True,True,True,True,True,True,False,False
734,0.00044298163825050405,0.0005030511370007365,-3.5361427506756904,-2.983878650665101,11.941032299096964,0.8805896770090303,8,20,True,True,True,True,True,True,False,False
735,0.0003300253107697868,0.0006075816066840545,-4.81452751315686,-2.163953820056468,45.68214258971114,0.5431785741028886,4,20,True,True,True,True,True,True,False,False
736,0.00022571725298504056,0.0005335675107978576,-6.464352438029273,-2.7281062270241856,57.69658976283628,0.4230341023716373,13,25,True,True,True,True,True,True,False,False
737,0.00016526745601429824,0.0002532105361777823,-7.818126580129383,-5.965182271354506,34.73120885528165,0.6526879114471835,4,14,True,True,True,True,True,True,False,False
738,0.0006312440549827187,0.0007925179036038013,-1.9980269901246337,-1.009909179448988,20.349552721487456,0.7965044727851255,12,18,True,True,True,True,True,True,False,False
739,0.0003814746543133014,0.000535665639215266,-4.185343118573089,-2.711062109685799,28.784931049124175,0.7121506895087583,11,25,True,True,True,True,True,True,False,False
740,0.00040188118794439294,0.0005142581471490379,-3.9590232265384366,-2.888188192562957,21.852246741766614,0.7814775325823339,6,25,True,True,True,True,True,True,False,False
741,0.00013122095717400342,0.00014948148616463202,-8.819967986632202,-8.254125929879715,12.215913461361556,0.8778408653863844,5,18,True,True,True,True,True,True,False,False
742,0.00023186603952030942,0.00023637330856521102,-6.347628560579236,-6.264015658504411,1.9068434893350588,0.9809315651066494,8,15,True,True,True,True,True,True,False,False
743,0.00030015850236687344,0.0004052719363500984,-5.226493501967698,-3.9225346857577232,25.936519298593037,0.7406348070140697,9,25,True,True,True,True,True,True,False,False
744,0.00021767397214093165,0.0003202434461647412,-6.621934976072858,-4.945197494009589,32.02859426233044,0.6797140573766957,7,14,True,True,True,True,True,True,False,False
745,0.0001762477020031045,0.0003610004789473091,-7.53876536826648,-4.424922219058781,51.17798665612594,0.48822013343874054,6,15,True,True,True,True,True,True,False,False
746,0.0001788535898361326,0.00043280898319192503,-7.475023385433754,-3.6370373378366057,58.67609112058987,0.4132390887941013,5,25,True,True,True,True,True,True,False,False
747,0.00045843852293719645,0.0005391222072962487,-3.3871889541217266,-2.6831277852643733,14.96575048608903,0.8503424951391098,9,25,True,True,True,True,True,True,False,False
748,0.00016500531322033224,0.0002461143758983277,-7.825020711490033,-6.088630177845184,32.95584111328076,0.6704415888671923,4,16,True,True,True,True,True,True,False,False
749,0.0003391307630905873,0.0006054686636299672,-4.696328128922007,-2.1790832909360978,43.98871758987557,0.5601128241012443,6,25,True,True,True,True,True,True,False,False
750,0.00027406798231890576,0.00036076941512913597,-5.621416974572723,-4.427702876591101,24.032367815657484,0.7596763218434252,7,20,True,True,True,True,True,True,False,False
751,0.0002171399524432143,0.00039784026777170726,-6.632602616249105,-4.0029126146803,45.42031814441273,0.5457968185558727,6,18,True,True,True,True,True,True,False,False
752,0.00047060801399854567,0.000632680395171775,-3.273406814827515,-1.9881562278856886,25.616785727843855,0.7438321427215615,12,22,True,True,True,True,True,True,False,False
753,0.0002467364473029369,0.0005297988502902804,-6.077666928556722,-2.758889884946745,53.4282780780388,0.46571721921961196,11,25,True,True,True,True,True,True,False,False
754,0.00020804386280399566,0.00036857912041908395,-6.8184509116481875,-4.334692707002713,43.55516867926636,0.5644483132073365,9,10,True,True,True,True,True,True,False,False
755,0.00028495174134690317,0.0003517436210262616,-5.452286846980806,-4.537737698796139,18.98879629557566,0.8101120370442434,10,16,True,True,True,True,True,True,False,False
756,0.000249949174067983,0.0003473957159878632,-6.0214829399164715,-4.591755414856477,28.050588258631436,0.7194941174136856,11,11,True,True,True,True,True,True,False,False
757,0.0002057035101365334,0.0001993337131181031,-6.867582974160169,-7.00419243281723,-3.1955442553042896,1.0319554425530428,4,12,True,True,True,True,True,False,True,False
758,0.00021358418338100884,0.00023061037600203134,-6.704309114032316,-6.371211561087577,7.383099111235358,0.9261690088876464,11,18,True,True,True,True,True,True,False,False
759,0.0002668214508248805,0.00048297266772872954,-5.737792587120332,-3.1607744604033794,44.75433732520332,0.5524566267479668,7,24,True,True,True,True,True,True,False,False
760,0.00019124138519869348,0.00029934602499261803,-7.18418119285126,-5.238265044641235,36.11360458071573,0.6388639541928427,12,11,True,True,True,True,True,True,False,False
761,0.00015760460774203326,0.00021976651863381876,-8.024310895895702,-6.580384715129109,28.285432775754828,0.7171456722424517,7,18,True,True,True,True,True,True,False,False
762,0.00012583304652300488,0.00023566118351575445,-9.002052886375147,-6.277119455757505,46.60425418995968,0.5339574581004032,5,13,True,True,True,True,True,True,False,False
763,0.00032135283481547343,0.0006971957497104518,-4.930178646059632,-1.566452691279133,53.90780351874886,0.4609219648125115,5,20,True,True,True,True,True,True,False,False
764,0.0003270823285888684,0.0003787808117063678,-4.853429190473126,-4.216120296189071,13.648654187260224,0.8635134581273978,6,25,True,True,True,True,True,True,False,False
765,0.00037816923030519796,0.000545001016511037,-4.223138103727652,-2.636026876963438,30.611279823633232,0.6938872017636677,7,25,True,True,True,True,True,True,False,False
766,0.00022035748674884042,0.000266862600570592,-6.5687218954492534,-5.737122860997435,17.426613441642523,0.8257338655835748,6,11,True,True,True,True,True,True,False,False
767,0.0001719319157048566,0.0003910225000865992,-7.646434977868578,-4.077982518565422,56.03017328496976,0.4396982671503023,10,25,True,True,True,True,True,True,False,False
768,0.000358153074405041,0.0005653354724943567,-4.459313164824256,-2.476937634780877,36.647691179750595,0.633523088202494,5,21,True,True,True,True,True,True,False,False
769,0.00023168236294499078,0.0003559904322366012,-6.351070260598752,-4.48561674169503,34.91893546425197,0.6508106453574802,6,13,True,True,True,True,True,True,False,False
770,0.0003626552991999302,0.0005411948695070829,-4.405059721482607,-2.6664632913894644,32.9898859665402,0.670101140334598,8,25,True,True,True,True,True,True,False,False
771,0.00015319566851698587,0.00024942139777142723,-8.147535138533176,-6.030662912928181,38.57958062708949,0.6142041937291051,4,25,True,True,True,True,True,True,False,False
772,0.00014883060373362822,0.00015985073798260928,-8.273077565183476,-7.962853543811258,6.8940152470112315,0.9310598475298877,5,24,True,True,True,True,True,True,False,False
773,0.00024180350534507998,0.00033970815111716596,-6.165374076067986,-4.688940323388736,28.820222726512824,0.7117977727348718,4,11,True,True,True,True,True,True,False,False
774,0.00024345472976635335,0.00036668826158775173,-6.1358178369161545,-4.357029924371671,33.60716574013033,0.6639283425986967,5,17,True,True,True,True,True,True,False,False
775,0.00023237974755482103,0.0003918004011080804,-6.3380172442478155,-4.069351237293968,40.68925225762652,0.5931074774237348,7,19,True,True,True,True,True,True,False,False
776,0.0003708122680709683,0.0005559813526811043,-4.308459059531385,-2.5493977417964335,33.304909187546784,0.6669509081245322,11,25,True,True,True,True,True,True,False,False
777,0.0001740454508339026,0.00028000261739552154,-7.5933732373593,-5.52837908960927,37.84149146432716,0.6215850853567283,7,17,True,True,True,True,True,True,False,False
778,0.00037899473802092124,0.0004668266816305117,-4.213668197531465,-3.308443296752018,18.814679422953056,0.8118532057704695,21,25,True,True,True,True,True,True,False,False
779,0.0004092619241101249,0.0008023559617321308,-3.8799865828184243,-0.9563291610626197,48.992474209750014,0.5100752579024999,10,24,True,True,True,True,True,True,False,False
780,0.00026048629691292956,0.00051317361419085,-5.842151181672595,-2.897356818097905,49.240122697334485,0.5075987730266551,5,25,True,True,True,True,True,True,False,False
781,0.00023298221030130264,0.00029335373883226766,-6.326772389007419,-5.326083722716649,20.579771292938574,0.7942022870706142,12,15,True,True,True,True,True,True,False,False
782,0.00022826550085038277,0.00031576540636696354,-6.415597211092919,-5.006354507902739,27.7104153122124,0.722895846877876,6,25,True,True,True,True,True,True,False,False
783,0.00024040864507037348,0.00042205694470060125,-6.190499192031906,-3.746289492733754,43.03881310591523,0.5696118689408477,7,17,True,True,True,True,True,True,False,False
784,0.00015763723837156876,0.00022090052742153614,-8.023411820942702,-6.558032472069294,28.638813038795707,0.7136118696120429,7,24,True,True,True,True,True,True,False,False
785,0.0001448303998726023,0.0002234868731043774,-8.391402702436784,-6.507479808352102,35.19512002614997,0.6480487997385003,11,21,True,True,True,True,True,True,False,False
786,0.00035309651281146415,0.0005724013650107079,-4.52106571517098,-2.4229933924505067,38.31312530066053,0.6168687469933947,6,22,True,True,True,True,True,True,False,False
787,0.00024132845860522302,0.000326227306968196,-6.173914609903369,-4.8647968900619905,26.02444570075484,0.7397555429924516,5,24,True,True,True,True,True,True,False,False
788,0.00019201873805304228,0.0004522915819906695,-7.166563888174828,-3.4458149522782056,57.5453654901312,0.42454634509868794,9,25,True,True,True,True,True,True,False,False
789,0.00018088041337378,0.00024233314816478574,-7.426084581497241,-6.155871757081178,25.358782014096597,0.7464121798590341,7,25,True,True,True,True,True,True,False,False
790,0.0002530925688051146,0.000333177622062749,-5.967206062218797,-4.773241757557466,24.036744353302204,0.7596325564669779,10,12,True,True,True,True,True,True,False,False
791,0.0001316385096915803,0.00019668764873154623,-8.806170430928473,-7.0622291133716075,33.07230497668401,0.6692769502331599,9,24,True,True,True,True,True,True,False,False
792,0.0002103744760034743,0.0003264401150368044,-6.770069527467582,-4.861964777716244,35.554955928208855,0.6444504407179115,5,25,True,True,True,True,True,True,False,False
793,0.000291981470740403,0.00042997533808305377,-5.346447081766815,-3.6655645335435967,32.09343772083876,0.6790656227916124,6,14,True,True,True,True,True,True,False,False
794,0.0001423277358702329,0.00024974662192754236,-8.467104592857769,-6.025003773288055,43.011146748753355,0.5698885325124664,7,25,True,True,True,True,True,True,False,False
795,0.00023524839485935433,0.00028368730861992836,-6.284733311572551,-5.471600928950967,17.07475529878932,0.8292524470121068,11,21,True,True,True,True,True,True,False,False
796,0.00016617838844102767,0.00020962711447428765,-7.794254570326096,-6.7855254370662665,20.726672759973184,0.7927332724002681,7,13,True,True,True,True,True,True,False,False
797,0.00013482365564091385,0.00015184694226930473,-8.70233901472907,-8.185939490136677,11.210819509423912,0.8878918049057609,5,15,True,True,True,True,True,True,False,False
798,0.00012688244668227294,0.00021081375943752002,-8.965984554176668,-6.7610104690932555,39.81301456754404,0.6018698543245596,4,15,True,True,True,True,True,True,False,False
799,0.00026715289623408526,0.0004854990915588769,-5.732401132210586,-3.1381157838488676,44.97355383790921,0.5502644616209079,8,25,True,True,True,True,True,True,False,False
800,0.0003555786806629522,0.0005668676341536792,-4.490642858008059,-2.465183387573643,37.27306707255861,0.6272693292744139,5,25,True,True,True,True,True,True,False,False
801,0.00016766648055517027,0.0002800514640979842,-7.755537517347535,-5.527621525149212,40.13011819266645,0.5986988180733355,21,21,True,True,True,True,True,True,False,False
802,0.0005597191639883428,0.0009570349859356188,-2.520298232131446,-0.19072185607632908,41.515287088366065,0.5848471291163393,6,17,True,True,True,True,True,True,False,False
803,0.00017397780397265754,0.000241229958812101,-7.595061553212971,-6.175687573162182,27.878856826331244,0.7212114317366876,4,10,True,True,True,True,True,True,False,False
804,0.00028646932562376165,0.0005539208856015079,-5.429218743092877,-2.5655225945977564,48.2833500107724,0.517166499892276,10,17,True,True,True,True,True,True,False,False
805,0.00020447153125545493,0.00027663472250369413,-6.893671506362735,-5.580933092399995,26.086093096023237,0.7391390690397676,7,14,True,True,True,True,True,True,False,False
806,0.00012037589235129938,0.000162874242516178,-9.194604804131304,-7.881475910602276,26.092738488504313,0.7390726151149569,6,12,True,True,True,True,True,True,False,False
807,0.0001925463261581635,0.00019400146231263505,-7.154647634315823,-7.121949965032032,0.7500645289603959,0.9924993547103961,8,12,True,True,True,True,True,True,False,False
808,0.00010919992920784177,0.00019396173929637505,-9.617776431757289,-7.122839301276036,43.70027325802465,0.5629972674197534,14,13,True,True,True,True,True,True,False,False
809,0.0004449764089662183,0.000557611279989352,-3.5166301312553454,-2.5366844942299256,20.19953237410917,0.7980046762589083,6,19,True,True,True,True,True,True,False,False
810,0.00014273108358472229,0.00019332887605539467,-8.45481437121642,-7.137032738818695,26.17187535718904,0.7382812464281095,4,25,True,True,True,True,True,True,False,False
811,0.00034638407895241317,0.00044248181736605445,-4.6044207791917255,-3.541045707962851,21.717895434817823,0.7828210456518218,10,25,True,True,True,True,True,True,False,False
812,0.00014776391967657787,0.00020725425837896333,-8.30431597052585,-6.834965373929549,28.704036851975168,0.7129596314802483,3,12,True,True,True,True,True,True,False,False
813,0.0003467393248008041,0.00036940190438715566,-4.599969008429146,-4.325008699604736,6.134938482233652,0.9386506151776635,5,19,True,True,True,True,True,True,False,False
814,0.00030080771866897757,0.00041174651404317635,-5.217110240234268,-3.853700689966326,26.943469243935258,0.7305653075606474,6,24,True,True,True,True,True,True,False,False
815,0.0003264464453679633,0.0004851365180555447,-4.861880560087707,-3.1413603315976957,32.7103952766987,0.6728960472330131,8,25,True,True,True,True,True,True,False,False
816,0.00027997296217521176,0.0003755641861131856,-5.528839077473815,-4.253158288526815,25.452699557770153,0.7454730044222985,6,13,True,True,True,True,True,True,False,False
817,0.0004414696339467407,0.0004935575708776177,-3.5509916357658815,-3.066621818875687,10.553568621844258,0.8944643137815574,13,25,True,True,True,True,True,True,False,False
818,0.0002499557938431497,0.00041216514474823253,-6.021367920782394,-3.849287376503241,39.355426574017315,0.6064457342598268,8,25,True,True,True,True,True,True,False,False
819,0.00025871849991252144,0.00032017712675771337,-5.871725155329237,-4.946096970192461,19.195195942806784,0.8080480405719321,5,15,True,True,True,True,True,True,False,False
820,0.0004946174070880137,0.0005183388585693475,-3.0573060356460706,-2.8538623196763,4.57643703325787,0.9542356296674213,11,23,True,True,True,True,True,True,False,False
821,0.00021550166447726338,0.00037034091623363186,-6.665493711157828,-4.313983033088365,41.809922957226576,0.5819007704277342,9,18,True,True,True,True,True,True,False,False
822,0.0002089565102252186,0.0002499938745811213,-6.799440934801852,-6.020706324007985,16.41534794588991,0.8358465205411009,6,25,True,True,True,True,True,True,False,False
823,0.00019810040350313622,0.00033815344570169224,-7.0311463986273,-4.708861828605312,41.41700875114139,0.5858299124885861,5,20,True,True,True,True,True,True,False,False
824,0.00019980514457643454,0.00028742507016814235,-6.993933337657264,-5.414753539441932,30.48444088069651,0.6951555911930349,4,25,True,True,True,True,True,True,False,False
825,0.0003643054218367941,0.0004652516435839287,-4.3853436524921925,-3.323120839722197,21.69712308150599,0.7830287691849401,7,25,True,True,True,True,True,True,False,False
826,0.00039116909710778435,0.0006106708696571865,-4.076354623856812,-2.141927963114519,35.944366017102524,0.6405563398289748,8,25,True,True,True,True,True,True,False,False
827,0.00022815650344052362,0.00027592652505178516,-6.417671474563936,-5.592065484156813,17.312587690616617,0.8268741230938338,6,14,True,True,True,True,True,True,False,False
828,0.0005169337629835208,0.000815519227565941,-2.8656510141990137,-0.8856579510519096,36.61292762815667,0.6338707237184333,8,25,True,True,True,True,True,True,False,False
829,0.00023904183895533077,0.00043455695698433634,-6.215260788126512,-3.619532929026266,44.991827857459185,0.5500817214254081,8,23,True,True,True,True,True,True,False,False
830,0.00022861047642328537,0.0002701741291372628,-6.409038712785789,-5.683562397360825,15.384023942892366,0.8461597605710763,7,18,True,True,True,True,True,True,False,False
831,0.0003878260499045207,0.0006381593411660966,-4.113630231329551,-1.9507086932099331,39.22739590462573,0.6077260409537427,11,24,True,True,True,True,True,True,False,False
832,0.00031227200484255425,0.0005758808619769618,-5.054669484863259,-2.3966735396862737,45.77489452062278,0.5422510547937721,8,18,True,True,True,True,True,True,False,False
833,0.00017519195203730294,0.00025859923486157955,-7.564858483167368,-5.873727644358471,32.253491727816616,0.6774650827218339,4,25,True,True,True,True,True,True,False,False
834,0.0003926437009409265,0.0003562292231378897,-4.060013654051903,-4.482704562176771,-10.22220397368731,1.1022220397368732,8,16,True,True,True,True,True,False,True,False
835,0.0002609466442225995,0.0003813508670325087,-5.834482838055645,-4.1867526186998045,31.573082223947114,0.6842691777605289,10,20,True,True,True,True,True,True,False,False
836,0.0002756943169815512,0.0004473389745149229,-5.595721861212514,-3.493632621685337,38.370154918760775,0.6162984508123922,6,17,True,True,True,True,True,True,False,False
837,0.0002699634345280145,0.0006205465924917421,-5.686950553155189,-2.0722560481408974,56.49586384094003,0.4350413615905997,6,16,True,True,True,True,True,True,False,False
838,0.0004933188964936731,0.0007017573309109596,-3.0687224864539875,-1.5381304181066273,29.702352257112874,0.7029764774288713,6,25,True,True,True,True,True,True,False,False
839,0.0001786577651914915,0.00027733022545962065,-7.4797810285070465,-5.570027952797798,35.57941082858849,0.6442058917141151,8,16,True,True,True,True,True,True,False,False
840,0.0003435751991388707,0.0005452480801279727,-4.639781931116674,-2.6340585494008337,36.987361962240804,0.6301263803775919,8,25,True,True,True,True,True,True,False,False
841,0.0005036843581493972,0.0006672292111775947,-2.9784153589012075,-1.7572494861801815,24.511045123392716,0.7548895487660728,10,20,True,True,True,True,True,True,False,False
842,0.0002474038556795341,0.00044860373706103265,-6.065935363669733,-3.481371128791659,44.85024638885815,0.5514975361114184,10,14,True,True,True,True,True,True,False,False
843,0.00034956131167187285,0.000675439331414658,-4.5647663970236065,-1.7041365362212202,48.24682315438422,0.5175317684561579,6,19,True,True,True,True,True,True,False,False
844,0.0002515411785840822,0.00028433819814446267,-5.9939090854865675,-5.4616479303905034,11.534510584370175,0.8846548941562983,5,12,True,True,True,True,True,True,False,False
845,0.00033758886878196303,0.0005162083540030812,-4.7161188167395425,-2.8717497137664756,34.602207390865274,0.6539779260913472,8,16,True,True,True,True,True,True,False,False
846,0.0001599830957529585,0.0002036788889691603,-7.959259036506653,-6.910539826803987,21.453275514880644,0.7854672448511936,5,12,True,True,True,True,True,True,False,False
847,0.0002875190316319695,0.0005315992780061277,-5.413334029423925,-2.7441561756784516,45.91432992340233,0.5408567007659767,8,25,True,True,True,True,True,True,False,False
848,0.0002048948994408558,0.00026810245616390243,-6.884688525908115,-5.716992073019273,23.575896180676978,0.7642410381932302,10,25,True,True,True,True,True,True,False,False
849,0.00029807396379697966,0.00048250194823565507,-5.256759571210972,-3.165009287320306,38.22326212631174,0.6177673787368826,5,25,True,True,True,True,True,True,False,False
850,0.00012032477658915211,0.00021255028647755326,-9.196449360182624,-6.725383053497084,43.389972046987005,0.56610027953013,6,25,True,True,True,True,True,True,False,False
851,0.00012850282364082924,0.00017537538170601908,-8.910873293120016,-7.560313707168986,26.726988479923648,0.7327301152007636,8,25,True,True,True,True,True,True,False,False
852,0.0002933230968475101,0.0004391830428738529,-5.326537384565815,-3.5735443661006956,33.21165249730244,0.6678834750269756,6,19,True,True,True,True,True,True,False,False
853,0.0001995559124633789,0.0003025266231074606,-6.9993540036715025,-5.192364003176548,34.03690874753374,0.6596309125246625,7,13,True,True,True,True,True,True,False,False
854,0.0001814784974932916,0.0003521728642826597,-7.411748250257792,-4.532441104536881,48.46891515536132,0.5153108484463867,13,25,True,True,True,True,True,True,False,False
855,0.00029725934545621086,0.0005455084876390926,-5.268644828278152,-2.631984877774805,45.50784228074613,0.5449215771925388,9,25,True,True,True,True,True,True,False,False
856,0.00023516155719320003,0.00033453855645247877,-6.286336726614942,-4.755538214250913,29.705693810930057,0.7029430618906994,9,25,True,True,True,True,True,True,False,False
857,0.0002245225545726963,0.0003751134206603365,-6.487400251085468,-4.258373975542595,40.14542210261241,0.598545778973876,5,17,True,True,True,True,True,True,False,False
858,0.0003136523788491841,0.0005085687578097226,-5.035514142731281,-2.9365032274385894,38.32645556128815,0.6167354443871186,9,19,True,True,True,True,True,True,False,False
859,0.00035993163875269686,0.00042416284054502736,-4.437799762651722,-3.7246738120636973,15.14305253845356,0.8485694746154644,8,24,True,True,True,True,True,True,False,False
860,0.0003833616003794623,0.0007642362244899189,-4.163913906193967,-1.1677238077581185,49.837290081959566,0.5016270991804044,8,25,True,True,True,True,True,True,False,False
861,0.00048767797336154257,0.0008344418181776696,-3.1186685946598027,-0.7860393930262237,41.55638383193949,0.5844361616806051,10,21,True,True,True,True,True,True,False,False
862,0.0001782872653236544,0.0002755645902794735,-7.488796764386692,-5.597765895010997,35.301097596451676,0.6469890240354832,9,16,True,True,True,True,True,True,False,False
863,0.0002311545631776688,0.0003095623865966541,-6.3609752881763395,-5.092518137704407,25.328601540066032,0.7467139845993397,8,13,True,True,True,True,True,True,False,False
864,0.0002794715299976459,0.00036164537060413235,-5.536624274723162,-4.417170899030964,22.722215542041692,0.7727778445795831,7,23,True,True,True,True,True,True,False,False
865,0.00014401223712275302,0.00025311894729127346,-8.416006031194378,-5.966753443871492,43.104916220660186,0.5689508377933982,8,25,True,True,True,True,True,True,False,False
866,0.00021216899919853358,0.0002782569637403025,-6.733180721809688,-5.555539580762988,23.75069563522187,0.7624930436477813,16,13,True,True,True,True,True,True,False,False
867,0.00018836444588222082,0.0003367172224021268,-7.250010676488875,-4.727346697630177,44.0585650658328,0.559414349341672,7,17,True,True,True,True,True,True,False,False
868,0.0002594727704820591,0.00038045457736592955,-5.8590821103273285,-4.196971864016316,31.79927751730202,0.6820072248269797,8,25,True,True,True,True,True,True,False,False
869,0.0003128449036112704,0.000430630102828805,-5.046709154875816,-3.658956144672846,27.3518266474649,0.726481733525351,4,20,True,True,True,True,True,True,False,False
870,0.00024668579718270154,0.0003527509914835447,-6.078558540884664,-4.5253175689260186,30.068007422111233,0.6993199257788877,8,25,True,True,True,True,True,True,False,False
871,0.0005440203471495668,0.0006212000698128005,-2.6438485675489836,-2.0676850413582883,12.424293945506472,0.8757570605449353,13,18,True,True,True,True,True,True,False,False
872,0.000591100870703876,0.0008666457887643189,-2.2833840092583735,-0.6215836897999656,31.794410315351612,0.6820558968464839,7,25,True,True,True,True,True,True,False,False
873,0.00033316473996085967,0.0004721116247626084,-4.77340967801654,-3.2595530584263095,29.43093910716884,0.7056906089283116,10,25,True,True,True,True,True,True,False,False
874,0.0003138461110853343,0.00048521391787426186,-5.032832483885892,-3.1406675032545364,35.317990782229735,0.6468200921777026,8,20,True,True,True,True,True,True,False,False
875,0.000153790347695417,0.00023709934050353544,-8.130709211936528,-6.250696540187487,35.13674590203097,0.6486325409796904,6,10,True,True,True,True,True,True,False,False
876,0.00020029277465036008,0.0003085486035239637,-6.983347171371602,-5.106764148409385,35.085502782123534,0.6491449721787647,8,25,True,True,True,True,True,True,False,False
877,0.0004430297021916935,0.0006915453672531021,-3.5356715624751613,-1.6017932372330348,35.936277911677934,0.6406372208832207,11,25,True,True,True,True,True,True,False,False
878,0.0006567296956675758,0.0010142409413726496,-1.8261334556259188,0.06141137520617717,35.24914358330147,0.6475085641669853,12,25,True,True,True,True,True,True,False,False
879,0.0003982693002979622,0.0006030356986536677,-3.998231689234339,-2.196569776286821,33.95593309199857,0.6604406690800143,9,25,True,True,True,True,True,True,False,False
880,0.0002298640802725201,0.0004208872950894973,-6.385288884880925,-3.758341836741725,45.38583536392043,0.5461416463607957,5,18,True,True,True,True,True,True,False,False
881,0.00020890152771179868,0.00030093893190122616,-6.800583839815006,-5.215216247685496,30.583415581349872,0.6941658441865013,5,15,True,True,True,True,True,True,False,False
882,0.0004103936118628185,0.0005597765583507544,-3.86799408018852,-2.5198529235087843,26.686174020587156,0.7331382597941285,4,23,True,True,True,True,True,True,False,False
883,0.0002827106607828315,0.0004540660040515059,-5.48657814319606,-3.428810125353348,37.7379812053133,0.622620187946867,8,13,True,True,True,True,True,True,False,False
884,0.00010061803747684593,0.00013565713875271854,-9.973241577048483,-8.675573472076778,25.829161368163113,0.7417083863183689,13,10,True,True,True,True,True,True,False,False
885,0.00020639769479671797,0.00027494467733234836,-6.852951575421894,-5.607546834291478,24.931190958380324,0.7506880904161968,8,23,True,True,True,True,True,True,False,False
886,0.0003892073277894369,0.0005689529781083014,-4.098189916602161,-2.449236249791733,31.592356000402123,0.6840764399959788,7,16,True,True,True,True,True,True,False,False
887,0.00042575333457832714,0.0006968650205082978,-3.708419418778788,-1.5685133456388698,38.90447618280798,0.6109552381719202,11,25,True,True,True,True,True,True,False,False
888,0.0002741661389741144,0.000492421714544521,-5.6198618399133125,-3.076628040369666,44.322898264608035,0.5567710173539197,6,21,True,True,True,True,True,True,False,False
889,0.00022839351658022935,0.0003050096479870826,-6.413162285934172,-5.156864229440956,25.11924849344372,0.7488075150655629,5,15,True,True,True,True,True,True,False,False
890,0.00021892250392438505,0.0003018650634797226,-6.597095932614678,-5.20187147380851,27.47670054931981,0.7252329945068019,10,17,True,True,True,True,True,True,False,False
891,0.0004297967130581648,0.0005863758616565346,-3.667369101711457,-2.318239158654574,26.702863954192736,0.7329713604580727,9,25,True,True,True,True,True,True,False,False
892,0.0004675993124709537,0.0006501268003911095,-3.3012613606941574,-1.8700193052710345,28.075675054520005,0.7192432494547999,7,25,True,True,True,True,True,True,False,False
893,0.00010577666444682373,0.00018878272346830186,-9.75610132109798,-7.240377528647363,43.969097116779075,0.5603090288322092,5,17,True,True,True,True,True,True,False,False
894,0.0004466739805841389,0.0008399324355572355,-3.50009345083227,-0.7575564732479538,46.82024866823931,0.5317975133176068,10,12,True,True,True,True,True,True,False,False
895,0.00023145423112220457,0.00034035694522980994,-6.355348756449216,-4.680653828757273,31.996618736272286,0.6800338126372771,9,25,True,True,True,True,True,True,False,False
896,0.00020681394114930993,0.00029357322522430675,-6.844201891750698,-5.322835559343816,29.552859941061637,0.7044714005893836,11,20,True,True,True,True,True,True,False,False
897,0.0002554999153678485,0.0003643058258041316,-5.926092393855599,-4.385338836733827,29.86664025921519,0.7013335974078481,9,16,True,True,True,True,True,True,False,False
898,0.00023015472157903737,0.0003220420358532342,-6.379801112123781,-4.920874365414848,28.532708169834414,0.7146729183016558,8,13,True,True,True,True,True,True,False,False
899,0.0002509286722298614,0.0003510906534828873,-6.0044971142447245,-4.545807318984669,28.52880880177232,0.7147119119822768,8,25,True,True,True,True,True,True,False,False
900,0.00025275559589744924,0.0005439794543657647,-5.972992205421809,-2.6441750291961004,53.53581943786067,0.4646418056213933,8,25,True,True,True,True,True,True,False,False
901,0.000461937368103949,0.0005042905735291541,-3.3541690438060345,-2.973191498312182,8.39857170615079,0.9160142829384921,12,14,True,True,True,True,True,True,False,False
902,0.00040608299553867845,0.0008873028238222792,-3.9138519592817875,-0.5192813634594979,54.234001669308995,0.45765998330691005,5,23,True,True,True,True,True,True,False,False
903,0.00039103861970912486,0.0005125545354961496,-4.077803487465753,-2.9025991914051157,23.707899817801458,0.7629210018219854,10,25,True,True,True,True,True,True,False,False
904,0.00017567762941548686,0.00028813092493040315,-7.552835375369188,-5.404101266350466,39.02854077259458,0.6097145922740541,9,25,True,True,True,True,True,True,False,False
905,0.00023171396109645425,0.0002504729974478301,-6.350477985600948,-6.012390869285001,7.4894445878474825,0.9251055541215252,8,22,True,True,True,True,True,True,False,False
906,0.00040041415820969527,0.0005001037764681999,-3.9749057474008413,-3.009398659220228,19.933786335813355,0.8006621366418665,12,25,True,True,True,True,True,True,False,False
907,0.00028675273767760545,0.00038996792678632045,-5.4249242712294,-4.089711103901981,26.467609774808704,0.735323902251913,11,25,True,True,True,True,True,True,False,False
908,0.0004495890642527287,0.0006055437771209469,-3.471842610343157,-2.1785445454435983,25.754490221946234,0.7424550977805376,13,25,True,True,True,True,True,True,False,False
909,0.00022505181687972758,0.0003814686771835319,-6.477174765817349,-4.185411166470472,41.00385422432709,0.5899614577567291,9,22,True,True,True,True,True,True,False,False
910,0.00027253879066073633,0.000403690448730934,-5.645716755122654,-3.9395152582506214,32.48817466018679,0.675118253398132,9,25,True,True,True,True,True,True,False,False
911,0.0003299037380195119,0.0004888343757257442,-4.816127635936372,-3.108382613107846,32.512164773657155,0.6748783522634284,7,22,True,True,True,True,True,True,False,False
912,0.000405755883010668,0.000665263218062771,-3.9173517466735475,-1.7700648772780478,39.008219304199855,0.6099178069580015,8,15,True,True,True,True,True,True,False,False
913,0.00021312075999111867,0.0003134382395164225,-6.713742438078381,-5.038480206374015,32.00550120498228,0.6799449879501772,10,14,True,True,True,True,True,True,False,False
914,0.00034526994304238186,0.0006424437029916183,-4.618412268605064,-1.9216492332943702,46.256778386247724,0.5374322161375227,10,21,True,True,True,True,True,True,False,False
915,0.00042609933872935467,0.0006074526360532984,-3.70489139787848,-2.1648757896850617,29.85472225492683,0.7014527774507316,6,25,True,True,True,True,True,True,False,False
916,0.0004672782749205285,0.0005334769463197257,-3.304244100766105,-2.7288434344187085,12.408909486319711,0.8759109051368029,10,13,True,True,True,True,True,True,False,False
917,0.00013376856363450198,0.00017565084001715128,-8.736459362256312,-7.553497689351997,23.844051288658648,0.7615594871134135,24,25,True,True,True,True,True,True,False,False
918,0.00022514177040866004,0.0003873574420894051,-6.475439231466524,-4.118880957516929,41.877515197785826,0.5812248480221417,8,22,True,True,True,True,True,True,False,False
919,0.00015258728247701648,0.00023344932450504506,-8.164816615332665,-6.318073783798059,34.63794217416169,0.653620578258383,8,25,True,True,True,True,True,True,False,False
920,0.00023495211438365142,0.00034096215970307714,-6.290206423157661,-4.672938167378085,31.091440003706953,0.6890855999629304,5,13,True,True,True,True,True,True,False,False
921,0.00022468179478224573,0.00032732202647841664,-6.48432115591194,-4.8502476873366005,31.35756942496472,0.6864243057503527,6,25,True,True,True,True,True,True,False,False
922,0.0002393635078031308,0.000499167719389714,-6.20942059308695,-3.0175350774914147,52.04747853170908,0.4795252146829092,7,25,True,True,True,True,True,True,False,False
923,0.00016910492768562065,0.00019671082131061956,-7.718437369587767,-7.0617174833577145,14.03374427551566,0.8596625572448434,6,25,True,True,True,True,True,True,False,False
924,0.00037874267640444596,0.0005971735713328407,-4.216557561870315,-2.238994207700034,36.577455100847075,0.6342254489915293,7,19,True,True,True,True,True,True,False,False
925,0.0002588398884219156,0.0005017303382338295,-5.86968796061068,-2.9952963760253537,48.41055668806612,0.5158944331193388,13,25,True,True,True,True,True,True,False,False
926,0.00027358785704290425,0.00048250896088770505,-5.629031823038638,-3.1649461677004123,43.29890650329772,0.5670109349670227,6,25,True,True,True,True,True,True,False,False
927,0.00031435183038066076,0.00047009843790933603,-5.025840065340691,-3.278111919270053,33.13063711109647,0.6686936288890353,6,25,True,True,True,True,True,True,False,False
928,0.00020566801569689265,0.0003386667127046102,-6.868332420261537,-4.70227487734291,39.2712634630026,0.607287365369974,16,16,True,True,True,True,True,True,False,False
929,0.00026362513683033924,0.0004259108197889268,-5.790131818389119,-3.706813270196072,38.10320738952188,0.6189679261047812,4,25,True,True,True,True,True,True,False,False
930,0.0003441638034326829,0.00045692478721186475,-4.632348074427262,-3.401552817400022,24.678237411291366,0.7532176258870864,5,19,True,True,True,True,True,True,False,False
931,0.00025644144378063463,0.0004768001369986167,-5.91011786677568,-3.216636284823025,46.21615560035407,0.5378384439964593,9,19,True,True,True,True,True,True,False,False
932,0.00019070710745061625,0.0003193159871178018,-7.196331209599576,-4.957793371973849,40.27636725239795,0.5972363274760206,7,13,True,True,True,True,True,True,False,False
933,0.00014785460704462396,0.00017460659567907616,-8.301651386191907,-7.579393550581433,15.321293293881,0.84678706706119,9,25,True,True,True,True,True,True,False,False
934,0.0002700504178968964,0.0003904547763467127,-5.685551463214075,-4.084292601744774,30.836953661158606,0.6916304633884139,6,16,True,True,True,True,True,True,False,False
935,0.0001370402488320098,0.0002963348585478921,-8.631518614678914,-5.2821725846071335,53.75493470341692,0.46245065296583077,7,15,True,True,True,True,True,True,False,False
936,0.0002412796681130827,0.0003353001941477353,-6.1747927319408955,-4.745661951030449,28.040701340371598,0.719592986596284,14,10,True,True,True,True,True,True,False,False
937,0.0002754021688613473,0.0003292246353222894,-5.600326438873515,-4.8250767472274845,16.34825000512291,0.8365174999487709,8,25,True,True,True,True,True,True,False,False
938,0.0002517604694453302,0.00032836391759988494,-5.990124602865807,-4.83644571553223,23.3288263565843,0.766711736434157,8,19,True,True,True,True,True,True,False,False
939,0.000311650426868106,0.00049845045039257,-5.063322739177039,-3.0237800724325945,37.47614700264468,0.6252385299735532,6,11,True,True,True,True,True,True,False,False
940,0.00026625264298534316,0.0003816484666950025,-5.7470607246117495,-4.183364780936959,30.236155462371833,0.6976384453762816,11,25,True,True,True,True,True,True,False,False
941,0.00041696933351332514,0.0006019065120400304,-3.7989588453627734,-2.20470958008069,30.725233043234766,0.6927476695676523,8,18,True,True,True,True,True,True,False,False
942,0.0003801489926385875,0.0004198585884179162,-4.200461560179022,-3.768969586759401,9.457850065413641,0.9054214993458636,8,17,True,True,True,True,True,True,False,False
943,0.00024251164547580786,0.0002977600287217706,-6.152674016206961,-5.261336023214964,18.5546674894995,0.814453325105005,12,25,True,True,True,True,True,True,False,False
944,0.0003625064064039117,0.0003679914456353005,-4.406843139446214,-4.3416227686062845,1.4905344394404174,0.9850946556055958,9,17,True,True,True,True,True,True,False,False
945,0.00024472327897724427,0.0003074171590685971,-6.113247169968035,-5.122718951940283,20.393747792511252,0.7960625220748875,5,21,True,True,True,True,True,True,False,False
946,0.00020128326803355912,0.00038079487279569515,-6.961923249757852,-4.193089077968278,47.141287235358334,0.5285871276464167,4,11,True,True,True,True,True,True,False,False
947,0.00023571134507672993,0.00034360088564150995,-6.276195138454476,-4.639457254323989,31.39966893954537,0.6860033106045462,7,15,True,True,True,True,True,True,False,False
948,0.00016775905492146269,0.00020387100418616346,-7.753140291542401,-6.906445379168725,17.713136504554313,0.8228686349544568,5,17,True,True,True,True,True,True,False,False
949,0.00019692950930163432,0.00037040497199781835,-7.056892012482843,-4.3132319235531895,46.833999489943615,0.5316600051005639,6,24,True,True,True,True,True,True,False,False
950,0.00020650667471609324,0.0003061110473027457,-6.850659064990106,-5.1412099677951195,32.538640295507896,0.6746135970449211,6,15,True,True,True,True,True,True,False,False
951,0.0004913990322494339,0.0008752863618645939,-3.0856570314520235,-0.5784983837027253,43.8584840734154,0.5614151592658461,5,25,True,True,True,True,True,True,False,False
952,0.0003359738255636099,0.0005036944284634177,-4.736945555151425,-2.9783285299572504,33.29808578813553,0.6670191421186447,18,22,True,True,True,True,True,True,False,False
953,0.00024247454559550807,0.00052466049229085,-6.153338458767246,-2.8012163758567254,53.784485556215614,0.4621551444378439,7,17,True,True,True,True,True,True,False,False
954,0.0005238030855479298,0.0007222655194892542,-2.8083194762042254,-1.4130311759573186,27.47776663652252,0.7252223336347748,6,25,True,True,True,True,True,True,False,False
955,0.00017820485803387353,0.0003162743317433147,-7.490804608572467,-4.999360532141701,43.65497286750954,0.5634502713249046,7,25,True,True,True,True,True,True,False,False
956,0.00019926122666846026,0.00044232783966069087,-7.005772004572783,-3.54255725720781,54.951687684565975,0.45048312315434025,11,25,True,True,True,True,True,True,False,False
957,0.00016276187711940197,0.0003346903758535141,-7.884473101071698,-4.75356775762348,51.36941816616834,0.48630581833831665,14,25,True,True,True,True,True,True,False,False
958,0.0003201634013910072,0.0005753884805522665,-4.946283147726492,-2.4003883706276605,44.357001884412156,0.5564299811558784,4,23,True,True,True,True,True,True,False,False
959,0.0001454898966301789,0.0002506298795665092,-8.371671646857195,-6.009671545816593,41.95029863086595,0.5804970136913405,10,20,True,True,True,True,True,True,False,False
960,0.0002555300655063211,0.0003757079430780002,-5.925579937081143,-4.25149623146679,31.9870473291349,0.680129526708651,9,21,True,True,True,True,True,True,False,False
961,0.00021084166909871477,0.00026793052190153766,-6.760435544116792,-5.719778099514334,21.307334602140845,0.7869266539785915,7,18,True,True,True,True,True,True,False,False
962,0.0002740981269510282,0.00034578179086302847,-5.620939322007867,-4.611978807437833,20.73089613339289,0.7926910386660712,8,16,True,True,True,True,True,True,False,False
963,0.00020867408323836848,0.00043950680518927657,-6.805314857955345,-3.570343960548957,52.52085274345147,0.47479147256548526,6,22,True,True,True,True,True,True,False,False
964,0.0002861062822498228,0.00041014327843031577,-5.4347260596098135,-3.870644014226368,30.242357415974848,0.6975764258402515,8,25,True,True,True,True,True,True,False,False
965,0.00019826521589134136,0.0002971406689405776,-7.027534727414176,-5.270379032696305,33.275637899640536,0.6672436210035947,8,13,True,True,True,True,True,True,False,False
966,0.000229577343842909,0.00025741314982527367,-6.390709731098626,-5.893692711430436,10.813668999139711,0.8918633100086029,6,11,True,True,True,True,True,True,False,False
967,0.000201044710802068,0.0002393963747154512,-6.967073480755769,-6.208824305920811,16.020152334791348,0.8397984766520865,5,12,True,True,True,True,True,True,False,False
968,0.00021528982156928647,0.0003634449007867574,-6.669765021820211,-4.395614200127794,40.764110019636064,0.5923588998036393,13,25,True,True,True,True,True,True,False,False
969,0.00027474053098242176,0.00045522870876867636,-5.61077266740501,-3.417703571870973,39.647802150801816,0.6035219784919819,6,17,True,True,True,True,True,True,False,False
970,0.00014356678481533032,0.00018929479860829116,-8.429460255531277,-7.22861319299554,24.157036605948214,0.7584296339405179,4,12,True,True,True,True,True,True,False,False
971,0.00021367277086495876,0.000395539223401301,-6.702508181098908,-4.02810443488402,45.97937240520558,0.5402062759479442,5,25,True,True,True,True,True,True,False,False
972,0.0002873781920784187,0.0005095247987723813,-5.4154619173190754,-2.928346738598913,43.59878208660097,0.5640121791339904,7,16,True,True,True,True,True,True,False,False
973,0.00038009638677579587,0.0008112347374118901,-4.201062588125557,-0.9085346094060274,53.145942937745694,0.46854057062254306,8,25,True,True,True,True,True,True,False,False
974,0.00015928496818104796,0.00021762065889549895,-7.978252068984978,-6.622998791096921,26.806136425891292,0.7319386357410871,10,20,True,True,True,True,True,True,False,False
975,0.00013599129820880362,0.00020083427545501982,-8.66488880312181,-6.971621661750468,32.28680816524213,0.6771319183475788,5,19,True,True,True,True,True,True,False,False
976,0.000291878440568361,0.00034622430018702526,-5.347979827371888,-4.606424538876252,15.69672018668459,0.8430327981331541,7,23,True,True,True,True,True,True,False,False
977,0.00028426130636615343,0.0003492510673862294,-5.462822524281707,-4.568622579145934,18.608321373633814,0.8139167862636619,7,10,True,True,True,True,True,True,False,False
978,0.0002294952148118987,0.0003470373923197596,-6.392263654750995,-4.596237286580108,33.870176559982255,0.6612982344001774,13,25,True,True,True,True,True,True,False,False
979,0.0004330901946353096,0.0006708629476677122,-3.6342164878916936,-1.7336619391608639,35.442820900905495,0.645571790990945,9,22,True,True,True,True,True,True,False,False
980,0.00012799952477219353,0.00024155184866036632,-8.927916427677342,-6.169896343938815,47.00950314308416,0.5299049685691585,5,13,True,True,True,True,True,True,False,False
981,0.0002668927914195353,0.0003895896566904637,-5.73663156032635,-4.093925818290634,31.49387134998129,0.685061286500187,6,25,True,True,True,True,True,True,False,False
982,0.00022083422106508523,0.00033926291696489497,-6.559336262863957,-4.6946360819355055,34.907645362273435,0.6509235463772657,5,25,True,True,True,True,True,True,False,False
983,0.0001745740345868973,0.00018885906823157012,-7.580203509752894,-7.238621573104833,7.563859007901695,0.924361409920983,6,25,True,True,True,True,True,True,False,False
984,0.00017784826864510885,0.0003101503189418722,-7.49950358319277,-5.084277678937466,42.657396177483584,0.5734260382251641,6,25,True,True,True,True,True,True,False,False
985,0.0002218244684160275,0.0003066244122244864,-6.539905505585425,-5.133932712940188,27.6559662008826,0.723440337991174,5,19,True,True,True,True,True,True,False,False
986,0.00034069248134373876,0.0005375077060090201,-4.6763745066152085,-2.6961530508081304,36.61626102565654,0.6338373897434346,6,23,True,True,True,True,True,True,False,False
987,0.00011312893468949891,0.00018525582921371552,-9.46426302511865,-7.322281177317879,38.9336707138156,0.610663292861844,7,25,True,True,True,True,True,True,False,False
988,0.00016568937038908047,0.0002556903290628867,-7.807053523497839,-5.922856979183293,35.19920327204499,0.6480079672795501,8,20,True,True,True,True,True,True,False,False
989,0.00032843495307815807,0.0005550367166848539,-4.835506301116922,-2.556782865598632,40.826445673747884,0.5917355432625212,10,18,True,True,True,True,True,True,False,False
990,0.00022965794671794032,0.0003151650736160763,-6.38918522351262,-5.014619167416583,27.130901884863658,0.7286909811513634,16,17,True,True,True,True,True,True,False,False
991,0.00010863831380491253,0.0002396850996840005,-9.640169837751438,-6.2035896357233575,54.67456510724252,0.4532543489275749,10,25,True,True,True,True,True,True,False,False
992,0.00022316196618289618,0.0003471914676047888,-6.5137982086526875,-4.594309563575571,35.723660571946006,0.64276339428054,8,25,True,True,True,True,True,True,False,False
993,0.00022606666023396407,0.0003810556209860208,-6.457634816353978,-4.190116276727859,40.67357945042426,0.5932642054957574,7,18,True,True,True,True,True,True,False,False
994,0.0003707760119118842,0.0006006578550988714,-4.308883711599461,-2.213728390699696,38.271678499758806,0.6172832150024119,5,17,True,True,True,True,True,True,False,False
995,0.00043331464821128507,0.000728353577641303,-3.6319662938288344,-1.376577421971279,40.50765157019901,0.5949234842980099,9,25,True,True,True,True,True,True,False,False
996,0.00022484547171822722,0.0003923771479910248,-6.48115854494036,-4.0629629382622205,42.696593604026525,0.5730340639597348,9,20,True,True,True,True,True,True,False,False
997,0.00020434844255537646,0.0004774932956232376,-6.8962866792147715,-3.2103272186928926,57.20391376623306,0.4279608623376694,7,17,True,True,True,True,True,True,False,False
998,0.00018396278099461452,0.0003154283238405818,-7.352700337496296,-5.010993118461259,41.6784203920794,0.583215796079206,16,25,True,True,True,True,True,True,False,False
999,0.000262030845458186,0.00040592995970567726,-5.816475818719243,-3.915488943474306,35.44924704543278,0.6455075295456723,5,16,True,True,True,True,True,True,False,False
