epsilon,realization,seed,faa_energy_W,fpa_energy_W,faa_energy_dBm,fpa_energy_dBm,faa_energy_saving_pct,faa_iterations,fpa_iterations,faa_converged,fpa_converged,faa_monotone,fpa_monotone,faa_wins,fpa_wins,tie,same_physical_channel
0.04,1,20260820,0.00044536422515281714,0.0007679182592805558,-3.51284671546974,-1.1468500579231742,42.00369378245177,12,25,1,0,1,1,1,0,0,1
0.04,2,20260821,0.0005286872008530878,0.0007495193948519868,-2.7680120343290904,-1.252171246993377,29.46317273651183,8,17,1,1,1,1,1,0,0,1
0.04,3,20260822,0.0004318943447129028,0.0005061346072768812,-3.6462248263011166,-2.957339665135061,14.668086611071281,6,25,1,0,1,1,1,0,0,1
0.04,4,20260823,0.0008369232243110919,0.0015101096230240004,-0.7731438046238269,1.790084750722082,44.578644387739885,7,25,1,0,1,1,1,0,0,1
0.04,5,20260824,0.0007000761327783019,0.000913813732897944,-1.5485472820346078,-0.39142319603817144,23.38962443055259,13,25,1,0,1,1,1,0,0,1
0.04,6,20260825,0.0007467805576238301,0.0009314617456078876,-1.2680699740024972,-0.3083497653000745,19.82702873788246,14,25,1,0,1,1,1,0,0,1
0.04,7,20260826,0.0007078242475967013,0.0008741478243057593,-1.5007456402532804,-0.5841511902267897,19.02693938993108,13,25,1,0,1,1,1,0,0,1
0.04,8,20260827,0.0006114881994089675,0.0006896610172924332,-2.136119196269094,-1.613643215726877,11.334962528455984,11,25,1,0,1,1,1,0,0,1
0.04,9,20260828,0.0006889984324867362,0.0013011389888797297,-1.617817661375631,1.1432369078097877,47.04651552406723,8,20,1,1,1,1,1,0,0,1
0.04,10,20260829,0.0004757067077473219,0.0007466746062829565,-3.2266072472659957,-1.2686861837673555,36.28995766771125,8,25,1,0,1,1,1,0,0,1
0.04,11,20260830,0.0003718160921963125,0.0006013001047059912,-4.296718178970371,-2.209087205296377,38.16463870763603,6,23,1,1,1,1,1,0,0,1
0.04,12,20260831,0.0004939846232252565,0.0007389261704896655,-3.0628656960339113,-1.3139895179557324,33.14831129909679,6,25,1,0,1,1,1,0,0,1
0.04,13,20260832,0.0005261753638218017,0.0008535042485736014,-2.7886948997650607,-0.6879431271271719,38.351172275807684,14,25,1,0,1,1,1,0,0,1
0.04,14,20260833,0.0005442571196873779,0.001125001939808963,-2.6419588103612526,0.5115327128969434,51.62167277864441,10,25,1,0,1,1,1,0,0,1
0.04,15,20260834,0.0005096217858282113,0.0007937522990133336,-2.9275201461552607,-1.0031500381353178,35.79586648609498,11,25,1,0,1,1,1,0,0,1
0.04,16,20260835,0.00039892357336609107,0.000923668186844653,-3.9911029941259835,-0.34484014172687616,56.81094368651413,12,25,1,0,1,1,1,0,0,1
0.04,17,20260836,0.0007182130751007222,0.000920478463378741,-1.4374669278777152,-0.3598636831715337,21.973940328334933,9,21,1,1,1,1,1,0,0,1
0.04,18,20260837,0.0004386999325519048,0.0005726450364983255,-3.578324323658272,-2.4211449925266697,23.39059895908351,6,25,1,0,1,1,1,0,0,1
0.04,19,20260838,0.0007962408254524021,0.0009088371248353997,-0.9895555871103676,-0.4151394089598887,12.389051492960307,10,23,1,1,1,1,1,0,0,1
0.04,20,20260839,0.0007716361172363086,0.0008090086295359537,-1.125874529445137,-0.9204684582918916,4.619544333053894,7,25,1,0,1,1,1,0,0,1
0.04,21,20260840,0.0006120290300915296,0.0009766462167743529,-2.1322797767543515,-0.10262727916783802,37.33359945703506,10,25,1,0,1,1,1,0,0,1
0.04,22,20260841,0.0011028699159669319,0.001426591804559682,0.42524290219513183,1.5429972477037144,22.69197730970191,6,24,1,1,1,1,1,0,0,1
0.04,23,20260842,0.0005787234268173134,0.0010664886005406302,-2.375289369702017,0.27956217733164873,45.735620003444595,8,20,1,1,1,1,1,0,0,1
0.04,24,20260843,0.0005189835668778565,0.0008551860544759485,-2.8484639345646774,-0.6793938978422225,39.313373486207546,10,25,1,0,1,1,1,0,0,1
0.04,25,20260844,0.000665210744534669,0.0006762490589815628,-1.7704074463827904,-1.6989332621720263,1.6322853688724628,7,23,1,1,1,1,1,0,0,1
0.04,26,20260845,0.0007078165332791412,0.0010986254498866475,-1.5007929726781906,0.4084965532371212,35.57253444727942,11,25,1,0,1,1,1,0,0,1
0.04,27,20260846,0.0005299317290663488,0.0007372254259667276,-2.757800768134696,-1.3239969493068187,28.118088389118352,22,25,1,0,1,1,1,0,0,1
0.04,28,20260847,0.0016041502402154779,0.0019799989739376907,2.05245040656967,2.966649652043016,18.98226911576372,13,25,1,0,1,1,1,0,0,1
0.04,29,20260848,0.0003185965503269746,0.0005365273991285611,-4.967589309268212,-2.7040809478562715,40.618773459762586,8,18,1,1,1,1,1,0,0,1
0.04,30,20260849,0.00040549592435356615,0.0005109041004531332,-3.920135065321142,-2.9166061170994095,20.631695068815848,9,21,1,1,1,1,1,0,0,1
0.04,31,20260850,0.00031753894619743157,0.0008911247371880409,-4.982030008244979,-0.5006150036177099,64.36649854436416,7,25,1,0,1,1,1,0,0,1
0.04,32,20260851,0.0012761310189335954,0.002444828005734765,1.0589526519926171,3.882483118082298,47.80283046741078,11,25,1,0,1,1,1,0,0,1
0.04,33,20260852,0.0006445585679074917,0.0008737956402565155,-1.9073761428669127,-0.5859012650360915,26.234632194059458,10,20,1,1,1,1,1,0,0,1
0.04,34,20260853,0.0007361310784576166,0.0014570292046245951,-1.3304484655619089,1.6346825683532582,49.477259884623834,12,25,1,0,1,1,1,0,0,1
0.04,35,20260854,0.0006391629261863609,0.0008878470603688578,-1.943884236496892,-0.5166183890420744,28.00979417324202,9,25,1,0,1,1,1,0,0,1
0.04,36,20260855,0.0007806851195277371,0.0010160268580844212,-1.0752409855074943,0.06905188423970811,23.162944629277664,8,19,1,1,1,1,1,0,0,1
0.04,37,20260856,0.00044867302626419396,0.0006629970221422672,-3.4807003899543627,-1.7848842222884014,32.3265397460689,10,25,1,0,1,1,1,0,0,1
0.04,38,20260857,0.0008084503175726887,0.001144197323291997,-0.9234666402845783,0.5850092745265645,29.343453168840025,13,25,1,0,1,1,1,0,0,1
0.04,39,20260858,0.0005455709424540042,0.0005744575901484357,-2.6314876860806735,-2.407420279754736,5.028508316334963,8,20,1,1,1,1,1,0,0,1
0.04,40,20260859,0.00047533068509985916,0.0008218585731857267,-3.230041488035109,-0.8520291015999077,42.16393177510334,9,25,1,0,1,1,1,0,0,1
0.04,41,20260860,0.0007039651096840766,0.0010699204270293297,-1.5244886507262336,0.29351479192564583,34.20397518358823,14,25,1,0,1,1,1,0,0,1
0.04,42,20260861,0.000792938975515348,0.0013994192434209993,-1.0076023464549517,1.4594784160277037,43.33799686954846,9,25,1,0,1,1,1,0,0,1
0.04,43,20260862,0.00033844321695082125,0.0005189129830436898,-4.705141855712987,-2.8490546325439654,34.77842566865858,20,25,1,0,1,1,1,0,0,1
0.04,44,20260863,0.0008705998861804978,0.0010891433886798317,-0.6018139395691705,0.3708505956572858,20.06563183239206,13,25,1,0,1,1,1,0,0,1
0.04,45,20260864,0.0011157526889794315,0.0014434623953578029,0.47567942169543764,1.5940547425669096,22.70303039637824,9,19,1,1,1,1,1,0,0,1
0.04,46,20260865,0.0004268961531479148,0.0006916673576903619,-3.696777586984206,-1.6010271978100472,38.280135906164446,14,20,1,1,1,1,1,0,0,1
0.04,47,20260866,0.0006267674883969599,0.0014790937271435827,-2.0289353928704217,1.69995695221729,57.6248971316125,9,25,1,0,1,1,1,0,0,1
0.04,48,20260867,0.0005559700978702783,0.0016645569055039758,-2.549485657545531,2.2129864678852433,66.59951389874844,9,25,1,0,1,1,1,0,0,1
0.04,49,20260868,0.000416000520713617,0.0005476791020057317,-3.809061257604953,-2.614738302903992,24.043017308835825,10,25,1,0,1,1,1,0,0,1
0.04,50,20260869,0.00043408850686100424,0.00046996026010689946,-3.62421712601573,-3.2793886450251266,7.6329333117944165,11,25,1,0,1,1,1,0,0,1
0.04,51,20260870,0.000410148145677185,0.0006064622100470687,-3.87059247599507,-2.171962557691332,32.37037050579745,11,25,1,0,1,1,1,0,0,1
0.04,52,20260871,0.0016430911241925872,0.0031524198584075435,2.1566164964114853,4.986440546443952,47.8784172796513,16,25,1,0,1,1,1,0,0,1
0.04,53,20260872,0.00035607345143534244,0.0006312359377522319,-4.484604057836307,-1.9980828368458337,43.59106791300819,13,17,1,1,1,1,1,0,0,1
0.04,54,20260873,0.0006454191698550402,0.0011693150336173448,-1.9015813958500483,0.6793153334275901,44.80365416508859,9,25,1,0,1,1,1,0,0,1
0.04,55,20260874,0.000657889349485044,0.0013116624906023065,-1.8184714430248814,1.1782209927306144,49.843091938769575,9,19,1,1,1,1,1,0,0,1
0.04,56,20260875,0.001091974621630627,0.0022087866124716575,0.3821254513258854,3.4415376136603775,50.56224012474003,7,25,1,0,1,1,1,0,0,1
0.04,57,20260876,0.0003569453554170943,0.0005691611198767738,-4.473982647205151,-2.447647747853853,37.28570997710196,13,25,1,0,1,1,1,0,0,1
0.04,58,20260877,0.000792436289714469,0.0009578042114071037,-1.0103564411044283,-0.18723257722681097,17.265315784078023,8,19,1,1,1,1,1,0,0,1
0.04,59,20260878,0.00039032563189768583,0.0006279485407024506,-4.085729285388474,-2.020759444867741,37.84114356551405,12,20,1,1,1,1,1,0,0,1
0.04,60,20260879,0.0005661109885521853,0.0010117599701401669,-2.47098415118477,0.05077492733012634,44.04690783785826,8,25,1,0,1,1,1,0,0,1
0.04,61,20260880,0.0005137864166401189,0.0005683373014760514,-2.8921738168941165,-2.453938391275629,9.598329142615876,12,25,1,0,1,1,1,0,0,1
0.04,62,20260881,0.0005373078423157679,0.0007139990770012928,-2.697768206082875,-1.4630234964329958,24.74670351502499,20,25,1,0,1,1,1,0,0,1
0.04,63,20260882,0.000461941246448851,0.001089422291318973,-3.35413258135819,0.3719625738633234,57.59759552105596,13,25,1,0,1,1,1,0,0,1
0.04,64,20260883,0.0005410430753208511,0.0007941085007550883,-2.667681570201677,-1.001201549281561,31.867865057936886,16,25,1,0,1,1,1,0,0,1
0.04,65,20260884,0.0005449578631547564,0.0008331924771493934,-2.636370766349867,-0.7925465992839158,34.594001014120515,12,25,1,0,1,1,1,0,0,1
0.04,66,20260885,0.0014703139480511836,0.0024236885596536605,1.6741007716219065,3.844768128896139,39.33568971991649,24,25,1,0,1,1,1,0,0,1
0.04,67,20260886,0.0004743249732037453,0.000807779986197233,-3.23924009147278,-0.9270691124498462,41.28042520133312,6,16,1,1,1,1,1,0,0,1
0.04,68,20260887,0.00031509886981059,0.0005272370144071353,-5.015531545407084,-2.7799410791995975,40.235821613376146,6,25,1,0,1,1,1,0,0,1
0.04,69,20260888,0.0006121197305040489,0.0009552291522711876,-2.1316362162655684,-0.19892431946158534,35.91906936166565,17,25,1,0,1,1,1,0,0,1
0.04,70,20260889,0.0007259778933862405,0.001127741177224038,-1.3907660371663306,0.5220943812141847,35.625486765212166,12,25,1,0,1,1,1,0,0,1
0.04,71,20260890,0.0006798322684111147,0.0011796810415877317,-1.6759822536594409,0.7176460001521866,42.371518703383664,8,25,1,0,1,1,1,0,0,1
0.04,72,20260891,0.0005700255353994154,0.0009462011540003188,-2.4410568882810653,-0.24016526615433906,39.75641088689442,11,23,1,1,1,1,1,0,0,1
0.04,73,20260892,0.0008516078339077063,0.0017578983040423693,-0.697603521571062,2.4499374714803355,51.55534128741155,10,25,1,0,1,1,1,0,0,1
0.04,74,20260893,0.000782197230674005,0.0013742057153099117,-1.0668372597673816,1.3805175043571147,43.08004820824054,12,25,1,0,1,1,1,0,0,1
0.04,75,20260894,0.0002996441465857689,0.0003988068904300495,-5.233942016328729,-3.9923734672473272,24.864852193839834,8,21,1,1,1,1,1,0,0,1
0.04,76,20260895,0.00079369462853989,0.001344054749556448,-1.00346558844395,1.2841695989783861,40.94774570739641,12,25,1,0,1,1,1,0,0,1
0.04,77,20260896,0.0006757597074757424,0.0012157539940375601,-1.7020770682366289,0.8484570500198642,44.41641065627746,9,25,1,0,1,1,1,0,0,1
0.04,78,20260897,0.0006237275171069275,0.0008470140068575375,-2.0500509567296517,-0.7210940779132409,26.361605350425503,12,15,1,1,1,1,1,0,0,1
0.04,79,20260898,0.00039266563272124784,0.0007156528735749257,-4.059771078272753,-1.4529758055079747,45.131830357956716,10,21,1,1,1,1,1,0,0,1
0.04,80,20260899,0.00042394940832262643,0.0007249015096187186,-3.726859665139857,-1.3972099582178001,41.5162745976879,9,25,1,0,1,1,1,0,0,1
0.04,81,20260900,0.00028850817926646174,0.0003117513211385001,-5.398418699954702,-5.06191697394104,7.455667481104998,7,17,1,1,1,1,1,0,0,1
0.04,82,20260901,0.0004793771233054349,0.0006842321930470041,-3.1932269508182456,-1.6479649616417467,29.939408262758608,5,16,1,1,1,1,1,0,0,1
0.04,83,20260902,0.0005470638493192219,0.0006680038421731838,-2.6196198301069917,-1.7522103957563178,18.104685215658904,12,24,1,1,1,1,1,0,0,1
0.04,84,20260903,0.000599217040570244,0.0008034468929315314,-2.2241584464037447,-0.9504282440035894,25.419209926385467,20,25,1,0,1,1,1,0,0,1
0.04,85,20260904,0.00034196009025300715,0.0007463672110429789,-4.660245769680935,-1.2704744800738976,54.183398574657424,5,25,1,0,1,1,1,0,0,1
0.04,86,20260905,0.0005512615000777441,0.0008170311544859275,-2.586423374457194,-0.877613829249176,32.52870504985877,21,25,1,0,1,1,1,0,0,1
0.04,87,20260906,0.00037062681030317925,0.0005327097492738559,-4.310631680025931,-2.7350935499460793,30.426125895314314,11,25,1,0,1,1,1,0,0,1
0.04,88,20260907,0.0002962265614713806,0.0004124873353869629,-5.283760025897433,-3.8458938106797746,28.185295387679158,9,18,1,1,1,1,1,0,0,1
0.04,89,20260908,0.00048695483616692053,0.000786793827542211,-3.1251131663557743,-1.0413905581278287,38.108965891601926,12,25,1,0,1,1,1,0,0,1
0.04,90,20260909,0.0006549024442111331,0.0010485700700299876,-1.8382338870476558,0.2059745722442484,37.54328271143542,16,25,1,0,1,1,1,0,0,1
0.04,91,20260910,0.0018302506776168646,0.0026014279971842925,2.625105763150926,4.152118099136646,29.644384561176672,10,25,1,0,1,1,1,0,0,1
0.04,92,20260911,0.00042002858776274757,0.0004721470282536954,-3.7672114987568817,-3.259227394673538,11.03860394583346,9,25,1,0,1,1,1,0,0,1
0.04,93,20260912,0.0016275588189640687,0.003497224913895457,2.115366926564723,5.437235635996841,53.461419867583565,25,25,0,0,1,1,1,0,0,1
0.04,94,20260913,0.0005773207901046466,0.0014277861954817448,-2.3858280268645387,1.5466317867658455,59.565319238161244,7,25,1,0,1,1,1,0,0,1
0.04,95,20260914,0.0003873702540339267,0.0004523328230451036,-4.1187373159035845,-3.4454189699836464,14.36167478933963,9,25,1,0,1,1,1,0,0,1
0.04,96,20260915,0.0006422166479015729,0.0011270134416007521,-1.9231844059748837,0.5192909579608227,43.01606137106925,13,25,1,0,1,1,1,0,0,1
0.04,97,20260916,0.0003656297164334741,0.0006017227980677487,-4.369585143643198,-2.206035336513507,39.23618689410079,8,25,1,0,1,1,1,0,0,1
0.04,98,20260917,0.0008404365968283686,0.0010456332239295492,-0.7549504449245025,0.1937937405607149,19.624149501489633,7,19,1,1,1,1,1,0,0,1
0.04,99,20260918,0.0013369904991307078,0.0018500205226730567,1.261283211065861,2.6717654615124404,27.731044994089167,14,25,1,0,1,1,1,0,0,1
0.04,100,20260919,0.0008659364902580177,0.0011981997515734758,-0.6251395895485418,0.7852922521071428,27.73020615962656,11,25,1,0,1,1,1,0,0,1
0.04,101,20260920,0.0005158369033722547,0.000928541698713173,-2.8748759132248876,-0.32198588300723596,44.44655484108776,10,23,1,1,1,1,1,0,0,1
0.04,102,20260921,0.0005188779295332243,0.0010683229258097338,-2.8493480162301745,0.287025482907876,51.43060988418445,10,25,1,0,1,1,1,0,0,1
0.04,103,20260922,0.000514990313779435,0.0006420223650781037,-2.8820093933104647,-1.924498428644374,19.786234593745792,8,13,1,1,1,1,1,0,0,1
0.04,104,20260923,0.0015584375520263309,0.0016929448345345268,1.9268940439679147,2.28642806633693,7.945166302195462,9,25,1,0,1,1,1,0,0,1
0.04,105,20260924,0.0006010433023147816,0.0006440874670852665,-2.2109423801571784,-1.9105515143975162,6.682968846649919,15,17,1,1,1,1,1,0,0,1
0.04,106,20260925,0.0003754170387681361,0.0005955824217646107,-4.254860202734048,-2.250581286554026,36.96640044280715,20,18,1,1,1,1,1,0,0,1
0.04,107,20260926,0.0006292118320266219,0.000983511412968855,-2.012031192725953,-0.07220596028694479,36.02394199704652,7,20,1,1,1,1,1,0,0,1
0.04,108,20260927,0.0007095848432802281,0.0010896414749288377,-1.489956695997531,0.37283625396468983,34.87905337610524,11,24,1,1,1,1,1,0,0,1
0.04,109,20260928,0.0012320610834859313,0.0015454815955155614,0.9063223994143633,1.89063837601442,20.27979582151383,10,25,1,0,1,1,1,0,0,1
0.04,110,20260929,0.0008661121756697569,0.0014428288824856665,-0.6242585611267447,1.5921482742134638,39.971247721514814,10,25,1,0,1,1,1,0,0,1
0.04,111,20260930,0.0003337824626013755,0.0005030757445726925,-4.765364854983961,-2.9836662135876035,33.651648642912214,8,17,1,1,1,1,1,0,0,1
0.04,112,20260931,0.0007542911352760322,0.001295493548471592,-1.2246099625240476,1.1243525455058614,41.77577061916395,9,17,1,1,1,1,1,0,0,1
0.04,113,20260932,0.0006130362547184721,0.0010606087080698913,-2.12513840720438,0.2555518854831458,42.19958312108498,8,25,1,0,1,1,1,0,0,1
0.04,114,20260933,0.00029553544345212353,0.0007105580457504467,-5.293904268889596,-1.4840043860994603,58.407980147491315,8,25,1,0,1,1,1,0,0,1
0.04,115,20260934,0.0003446027100199156,0.000653350019225261,-4.626813115018402,-1.8485409178422656,47.25603430324473,12,25,1,0,1,1,1,0,0,1
0.04,116,20260935,0.0007072771861786869,0.0011876907878747964,-1.5041035022590825,0.7470338795232666,40.449383509637315,25,25,0,0,1,1,1,0,0,1
0.04,117,20260936,0.0005923818985749448,0.0008304869374191375,-2.2739822069290296,-0.8066719409928464,28.67053388992965,10,25,1,0,1,1,1,0,0,1
0.04,118,20260937,0.0017539184774707129,0.0019767118927638662,2.440094033929529,2.959433751807337,11.270909843196243,7,25,1,0,1,1,1,0,0,1
0.04,119,20260938,0.0009395741978981334,0.001409647428825315,-0.27068918101672573,1.4911050353292263,33.34686541576586,14,25,1,0,1,1,1,0,0,1
0.04,120,20260939,0.0006640538376466693,0.0008370075002478171,-1.7779670911838694,-0.7727065036797565,20.663334862583728,7,25,1,0,1,1,1,0,0,1
0.04,121,20260940,0.0004048550525998304,0.00046930944077032134,-3.9270043634943486,-3.2854070930078887,13.733878454415057,13,25,1,0,1,1,1,0,0,1
0.04,122,20260941,0.0010258462248126012,0.0017749591521653337,0.11082264556930428,2.491883629160028,42.204516449793445,9,13,1,1,1,1,1,0,0,1
0.04,123,20260942,0.0008030663433679557,0.0010385637635920955,-0.9524857505949886,0.1643316560494794,22.675297221002737,18,16,1,1,1,1,1,0,0,1
0.04,124,20260943,0.0008783069043674511,0.0012225617676401071,-0.5635370324707479,0.8727081026403998,28.15848428968674,17,21,1,1,1,1,1,0,0,1
0.04,125,20260944,0.0007201718774425987,0.0011090496044577859,-1.4256384174001815,0.44950971271352513,35.06405172970684,14,25,1,0,1,1,1,0,0,1
0.04,126,20260945,0.0005756338807627384,0.0008234102184588006,-2.3985365220022543,-0.843837477432764,30.091482002716933,7,25,1,0,1,1,1,0,0,1
0.04,127,20260946,0.000621745252336869,0.0012902334287211467,-2.0638752232947315,1.1066828986081878,51.81141346235849,10,19,1,1,1,1,1,0,0,1
0.04,128,20260947,0.0024891278557241194,0.0032043830186681815,3.960472050092958,5.057444215670721,22.32115071067064,17,25,1,0,1,1,1,0,0,1
0.04,129,20260948,0.0008393221722884951,0.0008317914555103189,-0.760713040221795,-0.799855451922665,-0.9053611609361774,7,15,1,1,1,1,0,1,0,1
0.04,130,20260949,0.00028627241428997316,0.0004024543565023013,-5.432204993372832,-3.952833670805062,28.86835248152266,18,25,1,0,1,1,1,0,0,1
0.04,131,20260950,0.000694680556192344,0.000746235291521207,-1.5821485666983328,-1.2712421582790685,6.908643415104134,13,25,1,0,1,1,1,0,0,1
0.04,132,20260951,0.0003777628397654734,0.0006748122331978205,-4.2278076552096175,-1.7081705299139918,44.01956260109283,7,23,1,1,1,1,1,0,0,1
0.04,133,20260952,0.0006447691589774847,0.0015104163176187359,-1.9059574416547642,1.790966688326317,57.31182512686284,23,25,1,0,1,1,1,0,0,1
0.04,134,20260953,0.0004941610019894907,0.0006117441078666718,-3.061315310688053,-2.134302049484894,19.220962550375397,24,20,1,1,1,1,1,0,0,1
0.04,135,20260954,0.0008765205305232098,0.0016162074640868412,-0.5723790707900803,2.08497108124827,45.766830682319316,12,25,1,0,1,1,1,0,0,1
0.04,136,20260955,0.00030890387734606263,0.0004688375257496294,-5.1017664042165976,-3.289776346739226,34.11280872789505,7,19,1,1,1,1,1,0,0,1
0.04,137,20260956,0.0008634912428648336,0.0011079114244652286,-0.6374206249115476,0.4450504071401711,22.06134680111028,14,23,1,1,1,1,1,0,0,1
0.04,138,20260957,0.0005657732742562556,0.0012894842783304286,-2.473575714021246,1.1041605149453466,56.12406573977035,8,25,1,0,1,1,1,0,0,1
0.04,139,20260958,0.0008612521106644716,0.0008902144171884785,-0.6486970076059069,-0.5050537651642709,3.253407939120687,12,21,1,1,1,1,1,0,0,1
0.04,140,20260959,0.0005717058524761972,0.0007098532685372177,-2.428273619485605,-1.4883141360530971,19.4614045161331,7,25,1,0,1,1,1,0,0,1
0.04,141,20260960,0.0005243229906795358,0.000738039978025906,-2.8040109878761617,-1.3192011274904172,28.95737273176122,15,25,1,0,1,1,1,0,0,1
0.04,142,20260961,0.0007109384129151467,0.001766793569845479,-1.4816801964940354,2.47185809996752,59.7610934831892,10,25,1,0,1,1,1,0,0,1
0.04,143,20260962,0.001220066606105799,0.0014079465001323008,0.8638354040803531,1.4858615257686,13.344249515791072,14,25,1,0,1,1,1,0,0,1
0.04,144,20260963,0.001133029033070436,0.0019928620422974878,0.5424103849599616,2.9947723530726162,43.14563632492022,17,25,1,0,1,1,1,0,0,1
0.04,145,20260964,0.0009520619957365254,0.0011687678673696505,-0.21334770597003877,0.6772826314537194,18.541395403077658,25,22,0,1,1,1,1,0,0,1
0.04,146,20260965,0.0002029417521164158,0.00033897643580749415,-6.926285944236428,-4.698304910431494,40.1310148202552,11,13,1,1,1,1,1,0,0,1
0.04,147,20260966,0.0009134746575802015,0.001597265223121029,-0.3930349672495762,2.0337703597209416,42.810082861800026,9,25,1,0,1,1,1,0,0,1
0.04,148,20260967,0.0005259101290615208,0.000651737259728865,-2.7908846456748466,-1.8592744973927566,19.306419694293787,11,25,1,0,1,1,1,0,0,1
0.04,149,20260968,0.0007892653161495793,0.001228810066437525,-1.0277698161856967,0.894847604514037,35.76995031968132,17,25,1,0,1,1,1,0,0,1
0.04,150,20260969,0.0005226398530779571,0.0007112508091083864,-2.8179747690503683,-1.4797722654962098,26.51820618198933,9,25,1,0,1,1,1,0,0,1
0.04,151,20260970,0.0005244498951592405,0.0011228770901925025,-2.8029599707059476,0.5033222111231329,53.29409605557716,6,25,1,0,1,1,1,0,0,1
0.04,152,20260971,0.0007871186748538542,0.0012491055924745216,-1.0395978358933178,0.9659915277818687,36.98541743820515,6,22,1,1,1,1,1,0,0,1
0.04,153,20260972,0.000340030846474789,0.000636791193876838,-4.684816834103106,-1.9600295104479073,46.60245780023232,15,20,1,1,1,1,1,0,0,1
0.04,154,20260973,0.001632237437494312,0.002511018238132545,2.1278333474447795,3.998498671101982,34.996989957818315,8,25,1,0,1,1,1,0,0,1
0.04,155,20260974,0.0007874465745754588,0.0009697902686676435,-1.0377890186109513,-0.133221781140272,18.802384390049554,10,25,1,0,1,1,1,0,0,1
0.04,156,20260975,0.0003046765683846074,0.00038142921347841,-5.161609445714385,-4.185860476125014,20.12238244518915,16,25,1,0,1,1,1,0,0,1
0.04,157,20260976,0.0005288779679672337,0.0008546624258645931,-2.7664452447194594,-0.6820538882004576,38.11849544781257,14,25,1,0,1,1,1,0,0,1
0.04,158,20260977,0.001380545876388727,0.0022470566951726693,1.4005084308787095,3.516140301805958,38.562036313790365,25,25,0,0,1,1,1,0,0,1
0.04,159,20260978,0.00045025961465526814,0.0005597622918607198,-3.465370046669052,-2.5199636094023075,19.56235330562391,9,23,1,1,1,1,1,0,0,1
0.04,160,20260979,0.0003256176249044442,0.0003763062779405538,-4.872920958234282,-4.244585362584053,13.470052456610096,8,16,1,1,1,1,1,0,0,1
0.04,161,20260980,0.00039603223673414335,0.0005941788352060206,-4.022694613827374,-2.260828219314463,33.34797315747094,7,24,1,1,1,1,1,0,0,1
0.04,162,20260981,0.0006455442834539535,0.0009779620562269716,-1.9007396036885436,-0.09677994998618508,33.990866072606444,10,19,1,1,1,1,1,0,0,1
0.04,163,20260982,0.00033196109244543876,0.0006865712919021201,-4.789128148695756,-1.6331435999729669,51.64943592008443,4,18,1,1,1,1,1,0,0,1
0.04,164,20260983,0.00042885311201340613,0.0006872138391605085,-3.676914340756708,-1.6290810323600355,37.59539060836035,8,25,1,0,1,1,1,0,0,1
0.04,165,20260984,0.0006046959249604578,0.0006182810452494696,-2.184629580901885,-2.088140675392033,2.197240299276903,18,25,1,0,1,1,1,0,0,1
0.04,166,20260985,0.0008272871382110158,0.0013639924104194212,-0.823437275732707,1.3481195380863056,39.34811279803024,9,25,1,0,1,1,1,0,0,1
0.04,167,20260986,0.0005567391231373024,0.0007805877871202554,-2.543482589056765,-1.0757824786360108,28.676936492790322,7,25,1,0,1,1,1,0,0,1
0.04,168,20260987,0.0002921139645394495,0.0003503214585490953,-5.3444768103582865,-4.555332596448158,16.61545206243437,9,18,1,1,1,1,1,0,0,1
0.04,169,20260988,0.0004131451418606327,0.0006700176393903744,-3.8389734971020992,-1.739137635841552,38.33816938960905,6,25,1,0,1,1,1,0,0,1
0.04,170,20260989,0.001207200184693916,0.001433779309380444,0.8177929321181971,1.5648230886719094,15.802928888995893,22,21,1,1,1,1,1,0,0,1
0.04,171,20260990,0.0014350765030183034,0.0032452450189684578,1.5687505365055807,5.1124749200505395,55.77910158923961,23,25,1,0,1,1,1,0,0,1
0.04,172,20260991,0.0009931879320658446,0.0014408898185960198,-0.029685660698017945,1.5863077262159317,31.071208967692538,14,25,1,0,1,1,1,0,0,1
0.04,173,20260992,0.000542317023795789,0.0008195415893484125,-2.6574676247487257,-0.8642900235435311,33.826784284740775,11,23,1,1,1,1,1,0,0,1
0.04,174,20260993,0.0005037086215640558,0.001112874601220613,-2.9782061561905944,0.46446230762302276,54.7380611425957,6,14,1,1,1,1,1,0,0,1
0.04,175,20260994,0.0007515675200379735,0.0013840316461654692,-1.2403199676347292,1.4114602046604865,45.69723010884687,12,25,1,0,1,1,1,0,0,1
0.04,176,20260995,0.0007710624997682542,0.0010978514348817365,-1.1291041805232418,0.40543573833132013,29.7662256231131,16,25,1,0,1,1,1,0,0,1
0.04,177,20260996,0.0006165493396612248,0.0010640590189342674,-2.1003216305009014,0.2696571713819089,42.056847534759505,11,25,1,0,1,1,1,0,0,1
0.04,178,20260997,0.000534155533285102,0.0011491113156420116,-2.723322684162976,0.6036210129702604,53.515771186478325,9,25,1,0,1,1,1,0,0,1
0.04,179,20260998,0.00045250918215124767,0.0005716447564006155,-3.443726038241712,-2.4287377586273573,20.8408409095729,5,25,1,0,1,1,1,0,0,1
0.04,180,20260999,0.00036381287325532355,0.00043169586372472017,-4.391219378045939,-3.6482211249762515,15.724725709367375,11,25,1,0,1,1,1,0,0,1
0.04,181,20261000,0.0005181401062441497,0.0009541690485234363,-2.8555279017495905,-0.20374675257174127,45.69724232346831,9,25,1,0,1,1,1,0,0,1
0.04,182,20261001,0.0005692320763954144,0.0007221767127314596,-2.4471063527604615,-1.4135651991817044,21.178284156736222,9,25,1,0,1,1,1,0,0,1
0.04,183,20261002,0.0003518536251801214,0.00045840871718493524,-4.53637970037717,-3.387471323379638,23.244560587582907,7,25,1,0,1,1,1,0,0,1
0.04,184,20261003,0.0003293605061034942,0.00042484665141179223,-4.823284786624226,-3.7176780045225257,22.47543790000264,5,24,1,1,1,1,1,0,0,1
0.04,185,20261004,0.0010049906165366003,0.0012025136882013036,0.021620068257610873,0.8009002864375624,16.42584808827868,17,25,1,0,1,1,1,0,0,1
0.04,186,20261005,0.0004653263874252058,0.0006936904292918831,-3.3224231908026853,-1.5883429733324304,32.920166146704744,7,15,1,1,1,1,1,0,0,1
0.04,187,20261006,0.000395485919626409,0.0008546382144837188,-4.028689739549475,-0.6821769194433585,53.724755934846726,13,25,1,0,1,1,1,0,0,1
0.04,188,20261007,0.0003061147919351501,0.00034471946790506734,-5.141156841217121,-4.625341892784477,11.198867358587535,10,25,1,0,1,1,1,0,0,1
0.04,189,20261008,0.0005887410379557952,0.0006862845048665768,-2.30075690811614,-1.6349580662719434,14.21326960161302,6,19,1,1,1,1,1,0,0,1
0.04,190,20261009,0.0005200609635315873,0.0005845290897444429,-2.8394574372387615,-2.331938708133032,11.02907063890372,16,19,1,1,1,1,1,0,0,1
0.04,191,20261010,0.0007082948838134095,0.000902730179221373,-1.4978589520518162,-0.44442038375281817,21.538583718965583,8,23,1,1,1,1,1,0,0,1
0.04,192,20261011,0.0007260330600776077,0.001386022840835991,-1.3904360315337967,1.4177038725075013,47.617525578460544,14,25,1,0,1,1,1,0,0,1
0.04,193,20261012,0.0003238156726212405,0.0006040171855257747,-4.897021352978966,-2.1895070463576465,46.38965903935814,11,18,1,1,1,1,1,0,0,1
0.04,194,20261013,0.00038225937998186994,0.0007365238750889061,-4.176418489519127,-1.3281317054394677,48.09952631396677,10,25,1,0,1,1,1,0,0,1
0.04,195,20261014,0.0005570344744666191,0.0006276016893995062,-2.5411792581854353,-2.0231589603491646,11.243949167888053,5,19,1,1,1,1,1,0,0,1
0.04,196,20261015,0.0009979883392364445,0.0012216336363655895,-0.008745330962487238,0.86940982043499,18.30706772240645,9,24,1,1,1,1,1,0,0,1
0.04,197,20261016,0.00027899418870876624,0.00038696413823573113,-5.5440484274073984,-4.123292812032972,27.90179731362901,14,25,1,0,1,1,1,0,0,1
0.04,198,20261017,0.0005787684588941708,0.0010015313460196285,-2.374951446253238,0.006645464307086381,42.21164807328678,18,25,1,0,1,1,1,0,0,1
0.04,199,20261018,0.0008373229552502717,0.0015026596580765782,-0.7710700242377687,1.7686062705607042,44.277271919174645,11,25,1,0,1,1,1,0,0,1
0.04,200,20261019,0.0005177348100043675,0.0012402073556888153,-2.8589263415939086,0.9349430282579212,58.254173575932725,16,25,1,0,1,1,1,0,0,1
0.04,201,20261020,0.0007016767013461652,0.0010977002081098341,-1.5386294365756417,0.40483746542922966,36.077565061738916,13,25,1,0,1,1,1,0,0,1
0.04,202,20261021,0.0007815752080389187,0.0008155572757745773,-1.0702922511151833,-0.8854553348407612,4.166729761975824,13,18,1,1,1,1,1,0,0,1
0.04,203,20261022,0.0004976016715955091,0.0006879014208399244,-3.031181693874021,-1.624737935271372,27.663811046074045,13,25,1,0,1,1,1,0,0,1
0.04,204,20261023,0.0004846106939137137,0.001000733814655476,-3.146070065078968,0.00318574782481239,51.57446597519529,9,25,1,0,1,1,1,0,0,1
0.04,205,20261024,0.0005371676160273986,0.0008843577772169442,-2.698901773222625,-0.5337200055672102,39.259015992616234,6,19,1,1,1,1,1,0,0,1
0.04,206,20261025,0.00038298627139932726,0.000630910793934532,-4.168167935571664,-2.000320424052308,39.296287988525236,8,25,1,0,1,1,1,0,0,1
0.04,207,20261026,0.0013296374543815817,0.00151316827381545,1.2373324019615881,1.7988722698276962,12.128910089496907,12,19,1,1,1,1,1,0,0,1
0.04,208,20261027,0.000672286260589149,0.0011397489478292637,-1.724457642640769,0.5680919995085388,41.014531150077566,10,25,1,0,1,1,1,0,0,1
0.04,209,20261028,0.0011557803236953777,0.001669349655793762,0.628752966511636,2.2254731192031416,30.76463521683157,18,25,1,0,1,1,1,0,0,1
0.04,210,20261029,0.00046930205716254054,0.0007071854415354986,-3.285475420747808,-1.5046668850103275,33.63804886260757,7,25,1,0,1,1,1,0,0,1
0.04,211,20261030,0.0006293561191026617,0.0012489740148944463,-2.0110354088884197,0.9655340290147908,49.61015108422011,5,25,1,0,1,1,1,0,0,1
0.04,212,20261031,0.0005362657173763488,0.0008768500864229319,-2.706199659125128,-0.5707465088088299,38.841801388876036,16,25,1,0,1,1,1,0,0,1
0.04,213,20261032,0.0003480561885114,0.0005751918588470723,-4.583506399883567,-2.4018726950072002,39.48867961917059,8,25,1,0,1,1,1,0,0,1
0.04,214,20261033,0.0005847200012494467,0.0008030461669353149,-2.330520501960704,-0.9525948651595615,27.18724958479932,16,16,1,1,1,1,1,0,0,1
0.04,215,20261034,0.0004074898060848669,0.000746060337425451,-3.898832512588919,-1.2722604765967993,45.38111924150039,16,25,1,0,1,1,1,0,0,1
0.04,216,20261035,0.0007459267810901612,0.0008568740255072156,-1.2730380004624502,-0.6708302177401776,12.947906123234455,11,25,1,0,1,1,1,0,0,1
0.04,217,20261036,0.000869123731612929,0.0015055762470057809,-0.6091839140918452,1.7770275441229157,42.27301783344408,15,25,1,0,1,1,1,0,0,1
0.04,218,20261037,0.0003333352014252108,0.00043622180824954795,-4.771188208205003,-3.6029262631879155,23.585846667592364,10,22,1,1,1,1,1,0,0,1
0.04,219,20261038,0.00036092241120566615,0.0006025795358802913,-4.425861499139931,-2.19985621426647,40.10377224669522,14,25,1,0,1,1,1,0,0,1
0.04,220,20261039,0.0006664621660484647,0.0010694407199445533,-1.7622449972762235,0.29156716243228453,37.68124276369255,8,25,1,0,1,1,1,0,0,1
0.04,221,20261040,0.0009096850632263276,0.0014187884649367304,-0.4110893622430589,1.5191764890429549,35.88296735504583,9,23,1,1,1,1,1,0,0,1
0.04,222,20261041,0.0010152140785321308,0.001784404076227758,0.06557631728908848,2.514932066572277,43.106267685831554,9,19,1,1,1,1,1,0,0,1
0.04,223,20261042,0.0004813179373147555,0.0006274857793753517,-3.1756795313323796,-2.0239611209201698,23.294207911150288,13,20,1,1,1,1,1,0,0,1
0.04,224,20261043,0.0005343687925374197,0.0006363341413061557,-2.7215891285388705,-1.9631477488872662,16.02386893141382,8,25,1,0,1,1,1,0,0,1
0.04,225,20261044,0.0006204119126874662,0.001465557351679362,-2.0731987177919193,1.6600281835993047,57.66716928706033,8,25,1,0,1,1,1,0,0,1
0.04,226,20261045,0.0009250513010625907,0.0015329133744335297,-0.33834181692754417,1.8551761338765695,39.65403939381554,14,24,1,1,1,1,1,0,0,1
0.04,227,20261046,0.0011853166570736252,0.001686861226661729,0.7383438751789778,2.270793558706674,29.73241435993241,8,23,1,1,1,1,1,0,0,1
0.04,228,20261047,0.0004385747677691748,0.0006912922032281203,-3.5795635791575404,-1.6033834130084312,36.55725238601469,9,25,1,0,1,1,1,0,0,1
0.04,229,20261048,0.00047945666465478906,0.0006919305650323133,-3.1925064011333957,-1.5993748464194084,30.707402030664973,7,17,1,1,1,1,1,0,0,1
0.04,230,20261049,0.0003081193425858618,0.0004729809926676954,-5.11281037435647,-3.2515631157803977,34.85587214657086,6,23,1,1,1,1,1,0,0,1
0.04,231,20261050,0.0003660391464297525,0.0009033979748593666,-4.364724660555989,-0.44120887328297304,59.48196070654969,9,22,1,1,1,1,1,0,0,1
0.04,232,20261051,0.0003636695062776066,0.0006509639678773582,-4.392931130519054,-1.8644304981140176,44.13369645274713,11,25,1,0,1,1,1,0,0,1
0.04,233,20261052,0.0004381111996424595,0.0011329482393016637,-3.5841564460600797,0.542100688226524,61.32998980496177,6,25,1,0,1,1,1,0,0,1
0.04,234,20261053,0.0005138392167802885,0.0008323225321740714,-2.8917275296705642,-0.7970834822850997,38.26441110057268,11,25,1,0,1,1,1,0,0,1
0.04,235,20261054,0.0006673311374554981,0.0012131484762346193,-1.7565861063609656,0.8391395706051661,44.99180021832396,7,25,1,0,1,1,1,0,0,1
0.04,236,20261055,0.0007002354852964719,0.0014119159697483894,-1.547558846050445,1.4980885042645542,50.40530029409205,14,25,1,0,1,1,1,0,0,1
0.04,237,20261056,0.0007192112066808325,0.0008953411183521191,-1.4314355408666408,-0.4801147016656241,19.67182206436077,10,25,1,0,1,1,1,0,0,1
0.04,238,20261057,0.000709792449280625,0.000791444287882693,-1.4886862495630573,-1.0157965100591706,10.316814443188,9,25,1,0,1,1,1,0,0,1
0.04,239,20261058,0.0004261881813063037,0.0005676495436728383,-3.7039859794566503,-2.459197069342035,24.920545421607013,12,25,1,0,1,1,1,0,0,1
0.04,240,20261059,0.0009962574815361,0.0011895681397587456,-0.016284041879072654,0.7538932394676434,16.250490557174018,15,25,1,0,1,1,1,0,0,1
0.04,241,20261060,0.001210492621861532,0.0018115300694439662,0.829621466942418,2.5804554725005064,33.17844167869196,25,25,0,0,1,1,1,0,0,1
0.04,242,20261061,0.00042425328612521063,0.0007044800340375091,-3.723747850962767,-1.521313109012681,39.7778126239101,10,25,1,0,1,1,1,0,0,1
0.04,243,20261062,0.0015447770144965262,0.002527833189543415,1.8886579873638927,4.027484116787548,38.889281900141974,7,23,1,1,1,1,1,0,0,1
0.04,244,20261063,0.00037890507889908753,0.0005679919701205489,-4.21469573339246,-2.456578040019857,33.29041626791487,9,25,1,0,1,1,1,0,0,1
0.04,245,20261064,0.0004428646503361743,0.0009392877998953517,-3.537289839207703,-0.2720131853698463,52.85101644187065,13,25,1,0,1,1,1,0,0,1
0.04,246,20261065,0.0006805354156979697,0.0013206546694969567,-1.6714926878250194,1.207892712570183,48.46984367554702,12,25,1,0,1,1,1,0,0,1
0.04,247,20261066,0.0010872559885121754,0.001823583955793337,0.36331808400496224,2.6092576254885835,40.378067866956386,8,25,1,0,1,1,1,0,0,1
0.04,248,20261067,0.0011401842720198895,0.0018493232569967576,0.5697504594535878,2.670128313643743,38.34586421243019,13,25,1,0,1,1,1,0,0,1
0.04,249,20261068,0.0008224058611140525,0.0012356139227811484,-0.8491380321210162,0.9188279324624631,33.44151875021266,13,25,1,0,1,1,1,0,0,1
0.04,250,20261069,0.0007491669292491671,0.0013927431970121242,-1.2542140209444816,1.43871045783564,46.209255887491125,7,25,1,0,1,1,1,0,0,1
0.04,251,20261070,0.00034602512248660286,0.00043420901766421364,-4.608923689493513,-3.623011613488023,20.30908884665448,8,25,1,0,1,1,1,0,0,1
0.04,252,20261071,0.00043230252779120584,0.0012083869032428049,-3.642122250202171,0.8220600964973374,64.22482512586932,21,25,1,0,1,1,1,0,0,1
0.04,253,20261072,0.0008758863919243609,0.001776393677276877,-0.5755222095523767,2.4953921871879112,50.693002169032084,14,25,1,0,1,1,1,0,0,1
0.04,254,20261073,0.0010685944393641746,0.0012351015553996696,0.288129099182533,0.9170266863729125,13.481248995886379,11,22,1,1,1,1,1,0,0,1
0.04,255,20261074,0.0007316032042227288,0.0008533502903822014,-1.3572440109993655,-0.6887265939267633,14.2669531529595,11,25,1,0,1,1,1,0,0,1
0.04,256,20261075,0.0006224304221329512,0.0012946893238106544,-2.0590918876646853,1.121655667633516,51.924341177005,23,25,1,0,1,1,1,0,0,1
0.04,257,20261076,0.0002936636851350313,0.0004845804044780631,-5.321497556242212,-3.1463415189705506,39.39835733734763,8,25,1,0,1,1,1,0,0,1
0.04,258,20261077,0.0006179292271595263,0.0008178364401820838,-2.0906126279818364,-0.8733354257427219,24.443422083032875,11,24,1,1,1,1,1,0,0,1
0.04,259,20261078,0.000530925957057131,0.0006263075264874864,-2.7496604141133045,-2.032123692465719,15.229190995880694,7,25,1,0,1,1,1,0,0,1
0.04,260,20261079,0.0007507823329099313,0.0013743305425540121,-1.2448595556321531,1.3809119818408024,45.371050874362346,13,20,1,1,1,1,1,0,0,1
0.04,261,20261080,0.00043911810896509997,0.0006477403072597228,-3.574186524846637,-1.8859907704551402,32.20769125472566,9,17,1,1,1,1,1,0,0,1
0.04,262,20261081,0.00034287744397815036,0.0005373211370102333,-4.648610837915212,-2.697660749229276,36.18761288900864,4,15,1,1,1,1,1,0,0,1
0.04,263,20261082,0.0002881370073715237,0.0005021459848694441,-5.404009587793768,-2.991700055513955,42.618876571035784,10,25,1,0,1,1,1,0,0,1
0.04,264,20261083,0.0004914701460649712,0.0006772032446563591,-3.085028578786903,-1.6928096974063245,27.426492719425248,7,22,1,1,1,1,1,0,0,1
0.04,265,20261084,0.0006303394088352539,0.0010728346471307677,-2.0042553992394634,0.3053279058434383,41.24542766016562,9,25,1,0,1,1,1,0,0,1
0.04,266,20261085,0.0008718360553134415,0.0015124398224716337,-0.595651744329477,1.7967810379496787,42.35565327229454,20,25,1,0,1,1,1,0,0,1
0.04,267,20261086,0.0008075510366825123,0.0013582401350032448,-0.9283002101027125,1.3297655940484674,40.544310547811705,22,24,1,1,1,1,1,0,0,1
0.04,268,20261087,0.0008159937437989733,0.0011494016534203619,-0.8831317095692227,0.6047181753303897,29.007084566934576,12,25,1,0,1,1,1,0,0,1
0.04,269,20261088,0.00044485493439793143,0.0006419504355478435,-3.517815878091972,-1.9249850214771094,30.702604163156284,7,25,1,0,1,1,1,0,0,1
0.04,270,20261089,0.00034256284974030983,0.0006875619737858667,-4.652597371895728,-1.6268815035559867,50.17716761529381,17,22,1,1,1,1,1,0,0,1
0.04,271,20261090,0.0002986619113983178,0.0005595086833151855,-5.24820159800544,-2.521931690344577,46.62068341304474,6,25,1,0,1,1,1,0,0,1
0.04,272,20261091,0.0005829151424437409,0.0011990988886568382,-2.3439466282373207,0.7885500046919575,51.38723353361715,8,25,1,0,1,1,1,0,0,1
0.04,273,20261092,0.0009978224845434633,0.0020797697044013805,-0.009467140637703412,3.180152476334638,52.022453138355225,6,25,1,0,1,1,1,0,0,1
0.04,274,20261093,0.000575562205763859,0.0008852199762654673,-2.3990773170398385,-0.5294879415285445,34.980883712993105,11,25,1,0,1,1,1,0,0,1
0.04,275,20261094,0.0010794478589219538,0.0016034287224072276,0.3320166924609666,2.050496588991649,32.67877493791063,13,21,1,1,1,1,1,0,0,1
0.04,276,20261095,0.0005095874491688592,0.0012457073234848277,-2.927812769518105,0.9541601766326515,59.0925220104427,14,25,1,0,1,1,1,0,0,1
0.04,277,20261096,0.00130524963715845,0.0017114991932553677,1.1569358115484298,2.3337669876175755,23.73647371251214,10,15,1,1,1,1,1,0,0,1
0.04,278,20261097,0.001033985848916793,0.0016211757889889155,0.14514595064108715,2.0983010926467798,36.220004274696045,14,25,1,0,1,1,1,0,0,1
0.04,279,20261098,0.0009909470667942768,0.0022853878845579163,-0.03949543509813093,3.589599207414528,56.63987397981832,12,25,1,0,1,1,1,0,0,1
0.04,280,20261099,0.0003783779361338115,0.0005231494146107506,-4.220741959877591,-2.813742563074787,27.67306517673471,10,17,1,1,1,1,1,0,0,1
0.04,281,20261100,0.0005342561006923219,0.0008999904022067653,-2.7225050990908013,-0.4576212199497079,40.63757798057262,10,22,1,1,1,1,1,0,0,1
0.04,282,20261101,0.0007610522575922116,0.0012187556977711787,-1.1858552140980072,0.8591665906950421,37.554978492900624,11,25,1,0,1,1,1,0,0,1
0.04,283,20261102,0.0005498477788645586,0.0008188781934609558,-2.597575249587809,-0.8678069389519907,32.85353264315795,17,25,1,0,1,1,1,0,0,1
0.04,284,20261103,0.0005536136958224176,0.0007181836708478827,-2.567931744282376,-1.4376447353642676,22.9147475368209,6,25,1,0,1,1,1,0,0,1
0.04,285,20261104,0.0007672513258980084,0.0013588210105098509,-1.1506235238497518,1.3316225344522685,43.535512038474906,5,24,1,1,1,1,1,0,0,1
0.04,286,20261105,0.0005382517958338547,0.0010249931276431119,-2.690145125134257,0.10720953551109898,47.48727759067802,13,25,1,0,1,1,1,0,0,1
0.04,287,20261106,0.0006252083666850256,0.0009622498631713359,-2.0397521878332823,-0.16712141988568097,35.026401082095816,10,18,1,1,1,1,1,0,0,1
0.04,288,20261107,0.001159674171796243,0.002515297100376162,0.6433598468542624,4.005892901606737,53.89514138815593,15,25,1,0,1,1,1,0,0,1
0.04,289,20261108,0.00047618320168548237,0.0005806585837932196,-3.2222592926708806,-2.3607914946438124,17.992566548356116,8,25,1,0,1,1,1,0,0,1
0.04,290,20261109,0.00040147052506307306,0.0006850939934212098,-3.963463340026138,-1.6424984015170006,41.39920523047984,13,18,1,1,1,1,1,0,0,1
0.04,291,20261110,0.00045015749025273475,0.0005987351445436925,-3.466355191541053,-2.2276524889719154,24.815255233462477,6,19,1,1,1,1,1,0,0,1
0.04,292,20261111,0.00119502548066475,0.0013550552193166989,0.773771655302803,1.319569933328607,11.809831538278248,17,25,1,0,1,1,1,0,0,1
0.04,293,20261112,0.0007078037774193289,0.00149595672565168,-1.5008712394208574,1.7491903063906413,52.68554462289074,11,25,1,0,1,1,1,0,0,1
0.04,294,20261113,0.0009302988692829694,0.0014098396777684477,-0.3137750689904195,1.491697289538074,34.01385391880269,20,25,1,0,1,1,1,0,0,1
0.04,295,20261114,0.0007909796653485521,0.001207602592579194,-1.0183468128163022,0.8192403673068022,34.50000271536515,14,25,1,0,1,1,1,0,0,1
0.04,296,20261115,0.0003383912543112631,0.00057271784717285,-4.705808697862072,-2.420592830855237,40.914840356086486,12,25,1,0,1,1,1,0,0,1
0.04,297,20261116,0.00046585137360574203,0.0008015829701297369,-3.317526196158251,-0.9605151809515177,41.883574007274184,11,20,1,1,1,1,1,0,0,1
0.04,298,20261117,0.00043188746886644767,0.0008349217525978254,-3.6462939674227974,-0.7835422392636691,48.272102442816085,9,25,1,0,1,1,1,0,0,1
0.04,299,20261118,0.0003473073348812388,0.00048528432996554604,-4.592860446051333,-3.140037320091904,28.432196665839854,8,25,1,0,1,1,1,0,0,1
0.04,300,20261119,0.0004590211694099811,0.000644214704279401,-3.381672849508976,-1.909693665785392,28.747176001915662,11,25,1,0,1,1,1,0,0,1
0.04,301,20261120,0.000696754110700745,0.0009901027287299922,-1.5692046036222331,-0.043197425681220716,29.62809913730128,8,25,1,0,1,1,1,0,0,1
0.04,302,20261121,0.0005849550720825468,0.0008715019072002557,-2.328774889535957,-0.5973165814017207,32.8796566881024,13,25,1,0,1,1,1,0,0,1
0.04,303,20261122,0.0010355723296507809,0.0015802303694453347,0.15180437629458457,1.9872040397083544,34.46700242735686,8,25,1,0,1,1,1,0,0,1
0.04,304,20261123,0.0005097347241120009,0.0008407034255234262,-2.926557804262747,-0.7535718300642367,39.368068615322045,25,25,0,0,1,1,1,0,0,1
0.04,305,20261124,0.00041721295570545946,0.001112438678129093,-3.796422138983637,0.46276080341361686,62.495644577269545,10,25,1,0,1,1,1,0,0,1
0.04,306,20261125,0.000822809632611272,0.0015943644533060186,-0.8470063267318835,2.0258760311269053,48.3926256067035,10,25,1,0,1,1,1,0,0,1
0.04,307,20261126,0.0007328178105828301,0.0008695956729412335,-1.35003984012907,-0.6068262994110477,15.728903283957198,9,20,1,1,1,1,1,0,0,1
0.04,308,20261127,0.00030182271981234144,0.0005067667633449129,-5.202480716586857,-2.951918763640485,40.44149268587362,8,25,1,0,1,1,1,0,0,1
0.04,309,20261128,0.00023755734518219175,0.00043279711216757006,-6.242315368180126,-3.6371564571542687,45.11115289276365,4,25,1,0,1,1,1,0,0,1
0.04,310,20261129,0.00038112721382822724,0.0006721840956992067,-4.189300399618451,-1.7251176742706822,43.30017382637144,10,25,1,0,1,1,1,0,0,1
0.04,311,20261130,0.0005846560296318029,0.0008176381466883354,-2.3309956702527703,-0.8743885484417308,28.494526337864205,8,21,1,1,1,1,1,0,0,1
0.04,312,20261131,0.0005457432669442211,0.0007683638101483899,-2.630116136527383,-1.144330985513449,28.97332490987249,10,19,1,1,1,1,1,0,0,1
0.04,313,20261132,0.0009452829237048502,0.0014158389493925437,-0.24438187454629293,1.5101385549500843,33.23513778806427,13,22,1,1,1,1,1,0,0,1
0.04,314,20261133,0.00044939202222795045,0.0007778320465538166,-3.4737464160343228,-1.091141679579338,42.225056910552745,8,25,1,0,1,1,1,0,0,1
0.04,315,20261134,0.0005056678402353292,0.0005795791370682537,-2.961346660084701,-2.368872560842457,12.75258064097989,12,17,1,1,1,1,1,0,0,1
0.04,316,20261135,0.0003700334215546617,0.0004688115096671077,-4.317590485242062,-3.290017346103722,21.06989399270211,9,22,1,1,1,1,1,0,0,1
0.04,317,20261136,0.0009066735021546848,0.001327861167141502,-0.4254907649038611,1.231526702908523,31.719254648700325,17,25,1,0,1,1,1,0,0,1
0.04,318,20261137,0.0003269066812296756,0.00046290812294416385,-4.855762033366425,-3.3450519830797534,29.37979157710585,10,16,1,1,1,1,1,0,0,1
0.04,319,20261138,0.0017800858252232776,0.0023604090514384823,2.5044094192816986,3.7298727135513685,24.58570584880378,14,25,1,0,1,1,1,0,0,1
0.04,320,20261139,0.0008810579249892639,0.0014904734991306409,-0.5499553803945191,1.7332425860840452,40.8873807214174,7,25,1,0,1,1,1,0,0,1
0.04,321,20261140,0.0006099132520990234,0.0009857999434585121,-2.147319302577215,-0.06211211090664556,38.13011898141868,11,21,1,1,1,1,1,0,0,1
0.04,322,20261141,0.0018312992566806821,0.002585603979351648,2.6275931912722177,4.1256200749220735,29.17325037765881,20,25,1,0,1,1,1,0,0,1
0.04,323,20261142,0.0005193828553370676,0.0006109662799959799,-2.8451239039288585,-2.1398275835939358,14.989931139819177,6,25,1,0,1,1,1,0,0,1
0.04,324,20261143,0.0005496815637745743,0.001304732256201346,-2.5988882895248033,1.1552139934911703,57.87016369358867,8,22,1,1,1,1,1,0,0,1
0.04,325,20261144,0.0002846365488213707,0.00046941166347256474,-5.457093349885133,-3.2844612368748076,39.36312815158532,5,25,1,0,1,1,1,0,0,1
0.04,326,20261145,0.0008916788199626079,0.0010636700807953995,-0.49791549027767057,0.2680694345838851,16.169605965054373,18,25,1,0,1,1,1,0,0,1
0.04,327,20261146,0.0008783185273233225,0.0010734283340173515,-0.5634795610769338,0.3077305465977404,18.176323515126736,7,25,1,0,1,1,1,0,0,1
0.04,328,20261147,0.00046701205300950493,0.0012858597275507856,-3.306719106802069,1.0919359465869636,63.68094878443418,6,25,1,0,1,1,1,0,0,1
0.04,329,20261148,0.0012809030988252283,0.0027025445782733913,1.0751627631979865,4.317728663398619,52.60381238027256,13,25,1,0,1,1,1,0,0,1
0.04,330,20261149,0.0015100638798634192,0.00217297541903207,1.7899531953514536,3.3705481355517146,30.507088730158674,19,25,1,0,1,1,1,0,0,1
0.04,331,20261150,0.0005378745729169296,0.0009468364883510301,-2.6931898574767654,-0.23725013962051456,43.19245407898581,8,25,1,0,1,1,1,0,0,1
0.04,332,20261151,0.001152604755247459,0.0014221107907816514,0.6168040699743811,1.5293343180219732,18.951127948762746,10,25,1,0,1,1,1,0,0,1
0.04,333,20261152,0.0005899449248416059,0.0011165920922118822,-2.291885306524906,0.478945478195292,47.16558276237021,9,24,1,1,1,1,1,0,0,1
0.04,334,20261153,0.0004748758694516033,0.0013146574013958583,-3.2341989828547186,1.1881259079634323,63.87835576421688,10,25,1,0,1,1,1,0,0,1
0.04,335,20261154,0.0007219018050036087,0.0008869391274500106,-1.415218722992414,-0.5210618571476737,18.607514015182925,6,18,1,1,1,1,1,0,0,1
0.04,336,20261155,0.0008283807021872526,0.001243808195173278,-0.817700269094501,0.9475341395588343,33.39964269395662,11,25,1,0,1,1,1,0,0,1
0.04,337,20261156,0.001319911581101231,0.0026705954520943043,1.2054483944374645,4.266081050825409,50.5761316238989,11,25,1,0,1,1,1,0,0,1
0.04,338,20261157,0.0006314673628795532,0.0015440018442092794,-1.9964909085306952,1.8864781473639822,59.10190358594146,9,25,1,0,1,1,1,0,0,1
0.04,339,20261158,0.0005899635659958051,0.0010650872806300961,-2.2917480797743814,0.2738519833143814,44.60889950288506,7,15,1,1,1,1,1,0,0,1
0.04,340,20261159,0.0004215657230437072,0.0005091430392334055,-3.7513470827499384,-2.931601893277745,17.200925759794266,11,22,1,1,1,1,1,0,0,1
0.04,341,20261160,0.0003530792169268752,0.0005167735739840973,-4.521278452791995,-2.8669970276513745,31.676224423631133,25,25,0,0,1,1,1,0,0,1
0.04,342,20261161,0.0003930825706151465,0.0006100007560159413,-4.055162124848684,-2.1466962673784264,35.56031419002471,7,25,1,0,1,1,1,0,0,1
0.04,343,20261162,0.0005671620733548118,0.0007969948284628975,-2.4629281852216303,-0.9854449664317666,28.83742113500868,13,19,1,1,1,1,1,0,0,1
0.04,344,20261163,0.00019557375712132345,0.0004208988714636641,-7.0868942103114385,-3.7582223870377227,53.534264313605505,5,20,1,1,1,1,1,0,0,1
0.04,345,20261164,0.0004656413612560667,0.0008898209296020433,-3.319484498198136,-0.5069738336682803,47.67021703295779,6,19,1,1,1,1,1,0,0,1
0.04,346,20261165,0.000658053062937624,0.00103898409670263,-1.8173908509144,0.16608900043076666,36.66379831740901,12,25,1,0,1,1,1,0,0,1
0.04,347,20261166,0.000472705795926168,0.0007541423616620596,-3.254090727059275,-1.225466633500153,37.318758372839795,17,19,1,1,1,1,1,0,0,1
0.04,348,20261167,0.0004113492860131243,0.0005843691172844208,-3.857892521704265,-2.3331274370858184,29.607969715327258,10,21,1,1,1,1,1,0,0,1
0.04,349,20261168,0.0008280237647398649,0.0017378443423079666,-0.8195719854449419,2.4001087435423067,52.353398714628426,13,25,1,0,1,1,1,0,0,1
0.04,350,20261169,0.0006670212333934697,0.0007987943487693238,-1.7586034089778548,-0.9756501629379917,16.496500704952737,11,25,1,0,1,1,1,0,0,1
0.04,351,20261170,0.0009172035978689019,0.002283666047825564,-0.3753425035340923,3.5863259511209327,59.83635178434979,25,23,0,1,1,1,1,0,0,1
0.04,352,20261171,0.0004381569730622653,0.0011041163782054605,-3.5837027232323693,0.43014852151030825,60.31605166708881,9,25,1,0,1,1,1,0,0,1
0.04,353,20261172,0.000299190998556958,0.00040430420559322427,-5.2405147676963795,-3.9329174108920255,25.998544062146618,13,14,1,1,1,1,1,0,0,1
0.04,354,20261173,0.0006056320572639506,0.0009957637578560242,-2.1779114486140947,-0.01843684497165377,39.17914239337903,11,18,1,1,1,1,1,0,0,1
0.04,355,20261174,0.0005794574540472652,0.0011738091964565434,-2.369784460693693,0.695975077629048,50.63444248038674,13,25,1,0,1,1,1,0,0,1
0.04,356,20261175,0.0006518925023657502,0.0011540231613828412,-1.8582401389754455,0.6221452524936539,43.51131552813885,7,25,1,0,1,1,1,0,0,1
0.04,357,20261176,0.0008436788404779826,0.0016450270752208032,-0.7382284289100082,2.1617305032381924,48.71337662544307,6,25,1,0,1,1,1,0,0,1
0.04,358,20261177,0.0005493071348046429,0.0007101429263470958,-2.601847600061993,-1.486542345527627,22.648369162779122,20,25,1,0,1,1,1,0,0,1
0.04,359,20261178,0.0006326908798971965,0.001396071558377618,-1.988084257571763,1.4490767947056147,54.680626784457246,11,25,1,0,1,1,1,0,0,1
0.04,360,20261179,0.0005053538544972022,0.0007357774939462515,-2.9640441744616792,-1.3325350055550196,31.317027409088123,11,25,1,0,1,1,1,0,0,1
0.04,361,20261180,0.0009401246770695919,0.001363050214210801,-0.2681454749307632,1.3451185535995946,31.027876503147084,15,25,1,0,1,1,1,0,0,1
0.04,362,20261181,0.0006969712122957209,0.0012305641924105653,-1.5678515963414255,0.9010427361178919,43.36165341115472,11,25,1,0,1,1,1,0,0,1
0.04,363,20261182,0.0004392147874564131,0.0005978840735771818,-3.5732304651194724,-2.2338301515263774,26.53847010365059,10,25,1,0,1,1,1,0,0,1
0.04,364,20261183,0.0005407563682162436,0.0011933704619688558,-2.6699835739069417,0.7677528408400408,54.68663039270398,13,25,1,0,1,1,1,0,0,1
0.04,365,20261184,0.00041873403292013594,0.0007589493655315467,-3.7806174006706543,-1.1978719775904447,44.827145006325104,6,25,1,0,1,1,1,0,0,1
0.04,366,20261185,0.00111454282816898,0.001588113742542736,0.470967616274586,2.0088160387801914,29.81971011821354,24,25,1,0,1,1,1,0,0,1
0.04,367,20261186,0.00023410660767793096,0.0003705127710559084,-6.305863281335133,-4.311968179045729,36.815509216926415,10,25,1,0,1,1,1,0,0,1
0.04,368,20261187,0.0004372962248401945,0.0005498683979059229,-3.5922427188484525,-2.597412394187901,20.472566434885085,13,25,1,0,1,1,1,0,0,1
0.04,369,20261188,0.001569399294331593,0.0024681142855697666,1.9573345299605802,3.9236526575146176,36.41302173455491,16,25,1,0,1,1,1,0,0,1
0.04,370,20261189,0.0004707872020543159,0.0006104971235427493,-3.2717535159057274,-2.1431637796390524,22.88461584842346,12,25,1,0,1,1,1,0,0,1
0.04,371,20261190,0.000519912878509349,0.0008356411013505982,-2.840694247355429,-0.7798020721401915,37.782754143011395,9,25,1,0,1,1,1,0,0,1
0.04,372,20261191,0.0007208695051253457,0.0012533302231193884,-1.4214334600634375,0.9806551248159184,42.483673350572516,12,25,1,0,1,1,1,0,0,1
0.04,373,20261192,0.0005038099045209525,0.000796048065366055,-2.9773329885355997,-0.9906070877861989,36.71112003905437,9,25,1,0,1,1,1,0,0,1
0.04,374,20261193,0.00044072910156817304,0.0005444823464688265,-3.5582827185632837,-2.6401619663449214,19.055391891680678,10,25,1,0,1,1,1,0,0,1
0.04,375,20261194,0.000646012250352177,0.0008127132143070733,-1.897592463858642,-0.9006267878046814,20.511659096994887,9,25,1,0,1,1,1,0,0,1
0.04,376,20261195,0.00033088741687856447,0.0005313614626295542,-4.803197480535398,-2.7460994630179094,37.728375098732535,7,16,1,1,1,1,1,0,0,1
0.04,377,20261196,0.0005147905339036487,0.0007518687702401879,-2.8836944760915832,-1.2385795373538997,31.53186376670538,9,16,1,1,1,1,1,0,0,1
0.04,378,20261197,0.0002960899254986541,0.00043642609743412485,-5.285763692901223,-3.600892873395373,32.1557699598048,5,19,1,1,1,1,1,0,0,1
0.04,379,20261198,0.0005009189424682551,0.0006327391098239733,-3.0023254496473117,-1.9877532081855143,20.833257389825373,14,25,1,0,1,1,1,0,0,1
0.04,380,20261199,0.002606282883087118,0.002895512858943806,4.160215517818874,4.617254979711499,9.988903173518988,10,25,1,0,1,1,1,0,0,1
0.04,381,20261200,0.0007423567591220711,0.0011155939607627437,-1.29387332885093,0.47506154559130054,33.45636627375486,18,25,1,0,1,1,1,0,0,1
0.04,382,20261201,0.0007920499950296122,0.0010821960410174651,-1.0124740442034394,0.3430594082608262,26.810858198581272,11,25,1,0,1,1,1,0,0,1
0.04,383,20261202,0.0007725094194899732,0.0010495361472008277,-1.1209621635933862,0.20997400764550894,26.39515832300778,10,25,1,0,1,1,1,0,0,1
0.04,384,20261203,0.000929451778723322,0.0018478514878387817,-0.3177313712136564,2.6666706395989865,49.70094810972097,10,25,1,0,1,1,1,0,0,1
0.04,385,20261204,0.0003914281099513176,0.0012535380402836681,-4.073479892084678,0.9813751773947943,68.7741339016134,10,25,1,0,1,1,1,0,0,1
0.04,386,20261205,0.00033015270046290524,0.0007167688275456265,-4.812851460924946,-1.4462089051013816,53.938747365252986,11,22,1,1,1,1,1,0,0,1
0.04,387,20261206,0.0005596759998131218,0.0008591872108737533,-2.520633162346082,-0.6591219613275867,34.85983116020112,16,22,1,1,1,1,1,0,0,1
0.04,388,20261207,0.0002197722677483577,0.00039633435626851483,-6.58027110473578,-4.019382791896218,44.54877194661799,10,20,1,1,1,1,1,0,0,1
0.04,389,20261208,0.000664713276334521,0.0007647706010844493,-1.7736564696492751,-1.1646881533472935,13.083312121052563,9,25,1,0,1,1,1,0,0,1
0.04,390,20261209,0.0005426399419048142,0.0007300343290764402,-2.6548824243872198,-1.3665671717006032,25.669256870248415,11,23,1,1,1,1,1,0,0,1
0.04,391,20261210,0.0005703651571393949,0.0007996057564271376,-2.438470128270955,-0.9712408802122617,28.669203222354714,25,23,0,1,1,1,1,0,0,1
0.04,392,20261211,0.0006267752075788367,0.0012285838680091104,-2.0288819060908367,0.8940480849239861,48.98392988062668,10,23,1,1,1,1,1,0,0,1
0.04,393,20261212,0.0007991342567845893,0.0011568494782151113,-0.9738025187178687,0.6327685503367617,30.921500866511725,9,17,1,1,1,1,1,0,0,1
0.04,394,20261213,0.000788892175153713,0.0015968461720065677,-1.0298235158879063,2.032630815320782,50.59685842109604,7,25,1,0,1,1,1,0,0,1
0.04,395,20261214,0.0004426674577519247,0.0006343588350065938,-3.539224035649485,-1.976650071367557,30.218129972553566,10,25,1,0,1,1,1,0,0,1
0.04,396,20261215,0.00045998271035819176,0.0007175007760805445,-3.3725849209483547,-1.4417762484161367,35.89098079155868,4,25,1,0,1,1,1,0,0,1
0.04,397,20261216,0.0009082401992658603,0.001137665604190537,-0.417992798706654,0.5601462796764698,20.16633042957431,9,16,1,1,1,1,1,0,0,1
0.04,398,20261217,0.00044407797090309075,0.0006883642052240825,-3.5254077006550446,-1.62181720967713,35.48793392612121,8,25,1,0,1,1,1,0,0,1
0.04,399,20261218,0.00030675758712835977,0.0006707657633558926,-5.132046869310932,-1.7342911238239207,54.267554504626474,8,25,1,0,1,1,1,0,0,1
0.04,400,20261219,0.0008419127909212502,0.00099832559510901,-0.7473289232838599,-0.007277942859662489,15.66751418115056,12,25,1,0,1,1,1,0,0,1
0.04,401,20261220,0.0009495532279330987,0.0010463377205558076,-0.22480685534961034,0.1967188195124676,9.249833081741292,11,18,1,1,1,1,1,0,0,1
0.04,402,20261221,0.0005661073866557691,0.001063973421017598,-2.4710117833760896,0.269307790402615,46.793089425642165,8,24,1,1,1,1,1,0,0,1
0.04,403,20261222,0.0004849972930993496,0.0009371698831678682,-3.1426068530556344,-0.2818167631084862,48.248732507286974,9,25,1,0,1,1,1,0,0,1
0.04,404,20261223,0.0006444415980034297,0.0013458367222141032,-1.9081643411211215,1.2899237419500043,52.115915150299465,16,25,1,0,1,1,1,0,0,1
0.04,405,20261224,0.0005738163945759969,0.000824221383318604,-2.4122704763381027,-0.8395612247727797,30.380792565025303,13,25,1,0,1,1,1,0,0,1
0.04,406,20261225,0.0010386872532868812,0.0013324341107769945,0.16484802015419997,1.2464574225134966,22.045882427823617,15,25,1,0,1,1,1,0,0,1
0.04,407,20261226,0.0008528756864889904,0.0008834890486737002,-0.6911426614350689,-0.5379882943968305,3.465052818783289,10,25,1,0,1,1,1,0,0,1
0.04,408,20261227,0.0009429952682411998,0.0020515325105036186,-0.25490486458739847,3.1207840359415853,54.034592997519226,8,25,1,0,1,1,1,0,0,1
0.04,409,20261228,0.0006017544012681634,0.0008525437270137219,-2.205807245851526,-0.6928333677681143,29.416593870676856,15,21,1,1,1,1,1,0,0,1
0.04,410,20261229,0.0018782256703874266,0.0023402676413855454,2.7374777191087847,3.692655277221439,19.74312522325732,10,25,1,0,1,1,1,0,0,1
0.04,411,20261230,0.0009359116056700509,0.0011071140037488148,-0.28765167268890685,0.4419234413957247,15.463845412401342,20,25,1,0,1,1,1,0,0,1
0.04,412,20261231,0.0003574141300527223,0.0004899192903582885,-4.468282820412808,-3.0987546005127826,27.04632434633516,8,25,1,0,1,1,1,0,0,1
0.04,413,20261232,0.0005322765693375449,0.0012262801707727256,-2.7386265092545354,0.8858970567968149,56.594212152828234,10,25,1,0,1,1,1,0,0,1
0.04,414,20261233,0.00047764174641534273,0.0008953931198464702,-3.2089772240318877,-0.4798624703565669,46.65563808472839,15,21,1,1,1,1,1,0,0,1
0.04,415,20261234,0.0011732094600514957,0.0015231077726973164,0.693755562106617,1.8273063441403226,22.9726562307653,11,25,1,0,1,1,1,0,0,1
0.04,416,20261235,0.00036874775012917806,0.0006229336032512252,-4.332706208021571,-2.055582411069862,40.804646240850744,13,25,1,0,1,1,1,0,0,1
0.04,417,20261236,0.001182075710909605,0.0018062670776961488,0.7264529361566354,2.5678196623993905,34.55698077510693,13,25,1,0,1,1,1,0,0,1
0.04,418,20261237,0.0008904895803347908,0.0021863005075090777,-0.5037115787348148,3.397098555932461,59.2695707988764,12,25,1,0,1,1,1,0,0,1
0.04,419,20261238,0.0013303626271054842,0.002762773179007056,1.239700360687694,4.413452312251709,51.84683863249251,14,25,1,0,1,1,1,0,0,1
0.04,420,20261239,0.001257953481145211,0.0022477712425196103,0.9966458128772077,3.517521106485251,44.035520281186436,13,25,1,0,1,1,1,0,0,1
0.04,421,20261240,0.0005705446307972793,0.0011436304863660406,-2.4371037727407763,0.5828572405921945,50.111103402793894,12,25,1,0,1,1,1,0,0,1
0.04,422,20261241,0.0007961173687332705,0.0013259256327604926,-0.9902290106174144,1.2251916646131475,39.95761533957187,18,19,1,1,1,1,1,0,0,1
0.04,423,20261242,0.0006698046289522683,0.0009095650500573234,-1.7405185542039718,-0.4116623572012485,26.359898183196982,14,15,1,1,1,1,1,0,0,1
0.04,424,20261243,0.0008290917411557918,0.0012402424435305269,-0.8139741097771853,0.9350658967476846,33.15083309069282,15,25,1,0,1,1,1,0,0,1
0.04,425,20261244,0.00062920545941909,0.0012717858715834563,-2.0120751779493804,1.0441399604669435,50.52583351663687,11,25,1,0,1,1,1,0,0,1
0.04,426,20261245,0.0006475500475959417,0.0010939285063076786,-1.88726660366726,0.38988939611070206,40.805085171277945,7,25,1,0,1,1,1,0,0,1
0.04,427,20261246,0.0003141989535830484,0.0005419903341226449,-5.027952656800831,-2.66008458617757,42.02867951664438,10,25,1,0,1,1,1,0,0,1
0.04,428,20261247,0.0009529534473753261,0.0014407630452975095,-0.20928314515743454,1.5859256056300617,33.8577255652371,10,25,1,0,1,1,1,0,0,1
0.04,429,20261248,0.0008367446708897363,0.001280192044733119,-0.7740704492244224,1.0727512411016753,34.63912900160444,25,22,0,1,1,1,1,0,0,1
0.04,430,20261249,0.0008237751505312514,0.001665974856834255,-0.8419131282864978,2.2166844267668715,50.55296620162573,9,25,1,0,1,1,1,0,0,1
0.04,431,20261250,0.0016726266200805542,0.002315340994128498,2.2339900435962554,3.646149612125658,27.758951086592056,21,25,1,0,1,1,1,0,0,1
0.04,432,20261251,0.0004431623549112898,0.0009337769093389932,-3.5343713850678227,-0.29756869611303144,52.54087454090101,8,25,1,0,1,1,1,0,0,1
0.04,433,20261252,0.0008932840908046772,0.0016537940813046987,-0.4901040063256097,2.184814333178501,45.985772902273645,15,25,1,0,1,1,1,0,0,1
0.04,434,20261253,0.0003449100945822523,0.0005775688620815704,-4.622940948259568,-2.38396228510911,40.282429122098264,12,25,1,0,1,1,1,0,0,1
0.04,435,20261254,0.0013150393924120127,0.0014321677976359137,1.1893876244625354,1.5599390436717804,8.178399585386956,17,22,1,1,1,1,1,0,0,1
0.04,436,20261255,0.0006665007077360152,0.001336664560803193,-1.7619938508630675,1.2602243368684898,50.137025602330674,20,25,1,0,1,1,1,0,0,1
0.04,437,20261256,0.0013150127821801236,0.0020535858717371895,1.1892997427316434,3.125128678139109,35.965045324950786,8,23,1,1,1,1,1,0,0,1
0.04,438,20261257,0.0007754196692266282,0.0010911565838215233,-1.104631869137376,0.37887077453667506,28.93598584073971,10,25,1,0,1,1,1,0,0,1
0.04,439,20261258,0.0005393039984422653,0.0006924924208373484,-2.6816635980645147,-1.5958497548593953,22.121313935804626,12,23,1,1,1,1,1,0,0,1
0.04,440,20261259,0.0005006888560222312,0.0012622041444848274,-3.0043207471235727,1.0112960185993871,60.332180954247384,16,25,1,0,1,1,1,0,0,1
0.04,441,20261260,0.00044295094786655543,0.0005730750097767924,-3.536443646355804,-2.417885295158579,22.706287953634394,9,25,1,0,1,1,1,0,0,1
0.04,442,20261261,0.0007286568200631355,0.0010822059346239196,-1.3747696584496205,0.34309911196409126,32.669301031290956,15,25,1,0,1,1,1,0,0,1
0.04,443,20261262,0.00029449280281822307,0.00044053666941028203,-5.3092531457645675,-3.5601793592452036,33.151353050259914,7,13,1,1,1,1,1,0,0,1
0.04,444,20261263,0.0003095888900284768,0.00046556097692170484,-5.092146328919261,-3.3202342916962895,33.50196743818983,7,21,1,1,1,1,1,0,0,1
0.04,445,20261264,0.0006357181325481142,0.0014404512245039082,-1.9673540103882,1.584985571062332,55.866736635455624,10,25,1,0,1,1,1,0,0,1
0.04,446,20261265,0.0004102323315641084,0.0005856057820630743,-3.8697011464891258,-2.3239464385934654,29.947356373622156,7,25,1,0,1,1,1,0,0,1
0.04,447,20261266,0.0004004944186169227,0.0006848094752754157,-3.9740353196616613,-1.6443023923137239,41.51739526444893,11,25,1,0,1,1,1,0,0,1
0.04,448,20261267,0.001043702946876755,0.001252706543323212,0.1857690969174773,0.9784934590081938,16.68416258863045,16,25,1,0,1,1,1,0,0,1
0.04,449,20261268,0.0008450108621423986,0.0010253787792297545,-0.7313770840156721,0.10884325237416884,17.59036960203574,9,19,1,1,1,1,1,0,0,1
0.04,450,20261269,0.0007862919368226672,0.0011262081231914974,-1.0441617786467579,0.516186555254302,30.182359669504155,9,15,1,1,1,1,1,0,0,1
0.04,451,20261270,0.0004413960659976925,0.0005177043241080749,-3.551715418655908,-2.8591820757284108,14.739737444119257,12,25,1,0,1,1,1,0,0,1
0.04,452,20261271,0.0006194464911189245,0.00106957508586773,-2.079962027914709,0.2921127813932074,42.08480551728849,14,21,1,1,1,1,1,0,0,1
0.04,453,20261272,0.0005183972845893074,0.000834051498770583,-2.8533728200430053,-0.7880713288577647,37.84589016943911,8,25,1,0,1,1,1,0,0,1
0.04,454,20261273,0.0004371129581980717,0.000586814497582282,-3.5940631867506707,-2.3149916520672096,25.510879502976053,12,17,1,1,1,1,1,0,0,1
0.04,455,20261274,0.0009860024607657265,0.0017242122511207803,-0.061220011889686024,2.3659072657955034,42.81432230139876,7,25,1,0,1,1,1,0,0,1
0.04,456,20261275,0.00027381229261354436,0.00030984874847311643,-5.625470584138915,-5.088502536931541,11.630337717080927,7,25,1,0,1,1,1,0,0,1
0.04,457,20261276,0.00045405735776686757,0.0006529375913288391,-3.428892824111367,-1.85128327203905,30.4593021144971,12,25,1,0,1,1,1,0,0,1
0.04,458,20261277,0.0005682436675889792,0.0009080393875905166,-2.454653952800473,-0.41895312886165853,37.42081286839172,7,25,1,0,1,1,1,0,0,1
0.04,459,20261278,0.0006845909254985722,0.0009569095949149616,-1.6456886189112407,-0.19129090733282172,28.458139709696376,12,24,1,1,1,1,1,0,0,1
0.04,460,20261279,0.0007921281306727377,0.0011591737020680477,-1.0120456343153552,0.6414851982657156,31.664414982886065,10,25,1,0,1,1,1,0,0,1
0.04,461,20261280,0.0005209187307240412,0.0012684441977274944,-2.8323002631880563,1.032713661954381,58.932467690947455,6,25,1,0,1,1,1,0,0,1
0.04,462,20261281,0.0009179733794420327,0.0011391980995973303,-0.3716991283912943,0.5659925180622809,19.419337184067757,16,25,1,0,1,1,1,0,0,1
0.04,463,20261282,0.0005124050572396975,0.0009347952085023866,-2.90386592587664,-0.2928352234560735,45.18531411167483,7,24,1,1,1,1,1,0,0,1
0.04,464,20261283,0.0007275915263369032,0.0006793185200387509,-1.3811236745153608,-1.6792654521938009,-7.106093073305079,9,18,1,1,1,1,0,1,0,1
0.04,465,20261284,0.0008813172825460397,0.0024850702645980768,-0.5486771332190119,3.9533867278597272,64.53551856858343,14,25,1,0,1,1,1,0,0,1
0.04,466,20261285,0.0008808046226773494,0.0009318191725527245,-0.5512041474702642,-0.3066835801294189,5.474726360868968,16,25,1,0,1,1,1,0,0,1
0.04,467,20261286,0.00043422235317463673,0.000789247736167764,-3.622878234184026,-1.027866551389545,44.98275594897144,11,25,1,0,1,1,1,0,0,1
0.04,468,20261287,0.000696112567457533,0.0010249355479348798,-1.5732052551490572,0.10696556068544502,32.0823081158503,7,21,1,1,1,1,1,0,0,1
0.04,469,20261288,0.0007646015479621329,0.0008856978069018309,-1.1656482707198417,-0.5271443068814077,13.672412644137902,11,22,1,1,1,1,1,0,0,1
0.04,470,20261289,0.000991394557648226,0.0012230233036957564,-0.03753469523899506,0.8743473223665663,18.93902964461838,15,25,1,0,1,1,1,0,0,1
0.04,471,20261290,0.0004980729663832215,0.0006024257391417942,-3.0270702957700135,-2.200964808172426,17.32209731065474,12,25,1,0,1,1,1,0,0,1
0.04,472,20261291,0.0008340887743627371,0.0008928796789681567,-0.7878772374585508,-0.4920706102282377,6.584415122243622,11,22,1,1,1,1,1,0,0,1
0.04,473,20261292,0.0006123129919536913,0.0009541688463371566,-2.130265256795082,-0.20374767283209805,35.82760595210946,16,22,1,1,1,1,1,0,0,1
0.04,474,20261293,0.001030656949809377,0.0018587688591433162,0.13114136091894993,2.6922538792157775,44.55163455426114,13,25,1,0,1,1,1,0,0,1
0.04,475,20261294,0.0003803160460860911,0.0005171747261639955,-4.198553506871998,-2.863627068305246,26.462754878417368,13,25,1,0,1,1,1,0,0,1
0.04,476,20261295,0.0005066351739673571,0.0011320683517137954,-2.953046619010928,0.538726493575198,55.246944833288445,10,25,1,0,1,1,1,0,0,1
0.04,477,20261296,0.0004952647581688808,0.0006499134634181533,-3.0516257425319786,-1.8714446622165344,23.795276441253186,11,25,1,0,1,1,1,0,0,1
0.04,478,20261297,0.0002925353909854721,0.0010548364123568153,-5.3382158537693645,0.23185112980227846,72.26722669424524,9,23,1,1,1,1,1,0,0,1
0.04,479,20261298,0.001046571533415783,0.0011924734338172645,0.19768917821402254,0.764487125129194,12.23523277448877,16,25,1,0,1,1,1,0,0,1
0.04,480,20261299,0.0008677428460204329,0.0022925549207276187,-0.6160895811942215,3.6031974847869845,62.14952853801095,15,25,1,0,1,1,1,0,0,1
0.04,481,20261300,0.00041947666995748663,0.0006429736674730668,-3.7729218832867724,-1.918068129316357,34.759899016384225,13,25,1,0,1,1,1,0,0,1
0.04,482,20261301,0.0003490612555433875,0.0004833540764884617,-4.570983535276006,-3.157346143236453,27.78352919265799,8,25,1,0,1,1,1,0,0,1
0.04,483,20261302,0.0008791132023707814,0.0013580577947714632,-0.5595519773681804,1.3291825257793892,35.26687849696997,18,25,1,0,1,1,1,0,0,1
0.04,484,20261303,0.0004634358453501786,0.0007973726537932435,-3.3401037789234884,-0.9833866271719633,41.8796414517689,7,22,1,1,1,1,1,0,0,1
0.04,485,20261304,0.000740384542474526,0.001243991856469998,-1.3054265689386875,0.9481753734698711,40.48316806707471,14,25,1,0,1,1,1,0,0,1
0.04,486,20261305,0.0010530818888340823,0.001850286511919822,0.2246214372678977,2.6723898294972317,43.085469085464794,11,25,1,0,1,1,1,0,0,1
0.04,487,20261306,0.0005091652258308999,0.0006151128521966793,-2.931412647698658,-2.1104519871225245,17.224095706571777,8,22,1,1,1,1,1,0,0,1
0.04,488,20261307,0.0007047795483581538,0.0012064033394580704,-1.5194670698543822,0.8149253070259309,41.58010631214362,13,25,1,0,1,1,1,0,0,1
0.04,489,20261308,0.0007774422568382197,0.0018756121377206149,-1.093318575651774,2.7314303454240867,58.549945311026505,12,25,1,0,1,1,1,0,0,1
0.04,490,20261309,0.000509798559962815,0.0006628856596159455,-2.926013956244728,-1.7856137609037173,23.094043057414183,20,23,1,1,1,1,1,0,0,1
0.04,491,20261310,0.0002990885523854563,0.00047295126561508455,-5.242002092721615,-3.2518360802512323,36.76123226005444,9,25,1,0,1,1,1,0,0,1
0.04,492,20261311,0.0005344456893604124,0.0010192107658455588,-2.7209642143648045,0.082640024349815,47.562790026356815,18,25,1,0,1,1,1,0,0,1
0.04,493,20261312,0.00043297161427873843,0.00107771523661231,-3.6354057516212053,0.32504022905242874,59.82504472705225,8,25,1,0,1,1,1,0,0,1
0.04,494,20261313,0.0008396371827914715,0.0012134538057694136,-0.7590833721255947,0.8402324809168926,30.80600359079319,14,21,1,1,1,1,1,0,0,1
0.04,495,20261314,0.0012659261972470782,0.0019311567834299874,1.0240838730642696,2.8581753396294136,34.4472593779451,13,25,1,0,1,1,1,0,0,1
0.04,496,20261315,0.00039646995239831943,0.0006476607771877066,-4.017897213402962,-1.8865240334248887,38.784319451938416,10,17,1,1,1,1,1,0,0,1
0.04,497,20261316,0.0015526856887354639,0.002744357453528196,1.9108355008585345,4.38440677728721,43.422614764002304,18,25,1,0,1,1,1,0,0,1
0.04,498,20261317,0.0005930368690058722,0.0008851964843416132,-2.2691830577897294,-0.5296031959122071,33.00505825585627,10,25,1,0,1,1,1,0,0,1
0.04,499,20261318,0.0007727796589792749,0.0011748934071432325,-1.1194431789344281,0.6999846678698406,34.225551502727555,8,19,1,1,1,1,1,0,0,1
0.04,500,20261319,0.0003282819803907506,0.0004372766409305352,-4.837529553201304,-3.5924372179973156,24.925790755216504,9,25,1,0,1,1,1,0,0,1
0.05,1,20260820,0.00028956673001418994,0.0004870714177511538,-5.382513381975468,-3.1240735488144162,40.54943085120006,11,25,1,0,1,1,1,0,0,1
0.05,2,20260821,0.0003277792378031197,0.0004880809296934961,-4.844185589812177,-3.115081607734736,32.84326064348433,7,14,1,1,1,1,1,0,0,1
0.05,3,20260822,0.0002634545380597309,0.0003118752480632575,-5.792943162131312,-5.0601909159779,15.525666209235526,11,23,1,1,1,1,1,0,0,1
0.05,4,20260823,0.0005586119867348447,0.0009411181707941819,-2.528897494138433,-0.2635584128935957,40.64379967677719,7,18,1,1,1,1,1,0,0,1
0.05,5,20260824,0.0004050843266762131,0.000534402892138247,-3.924545600001083,-2.7213120016521515,24.19870239560378,12,25,1,0,1,1,1,0,0,1
0.05,6,20260825,0.0004572732237411954,0.0005394090091885886,-3.3982422858194177,-2.6808180425276817,15.226995479913619,11,25,1,0,1,1,1,0,0,1
0.05,7,20260826,0.00042318921693801955,0.0004920890633904466,-3.734654068612886,-3.079562869918493,14.001499236279235,11,25,1,0,1,1,1,0,0,1
0.05,8,20260827,0.00038294359820910406,0.00044285495079473885,-4.168651863194641,-3.537384958640923,13.528436901996704,9,24,1,1,1,1,1,0,0,1
0.05,9,20260828,0.0004515638459700197,0.0008645888689541204,-3.4528083672994154,-0.6319036003868626,47.77126306098881,5,16,1,1,1,1,1,0,0,1
0.05,10,20260829,0.000328704382968194,0.0005062870797262345,-4.8319450496549985,-2.95603155518943,35.07549449100402,13,25,1,0,1,1,1,0,0,1
0.05,11,20260830,0.00024868383102994785,0.0004066452048127841,-6.0435245084887645,-3.9078434456296303,38.84501081367977,6,20,1,1,1,1,1,0,0,1
0.05,12,20260831,0.00032727619829689685,0.0004907607767627961,-4.850855783283975,-3.091301548207186,33.31247854490168,6,23,1,1,1,1,1,0,0,1
0.05,13,20260832,0.0003550799642543448,0.0005588208856736191,-4.496738325118661,-2.5272737069798095,36.45907421188795,13,25,1,0,1,1,1,0,0,1
0.05,14,20260833,0.000338255590947643,0.0006444658101228965,-4.707550163189781,-1.9080011767259983,47.513803582048936,4,25,1,0,1,1,1,0,0,1
0.05,15,20260834,0.0002959927644719263,0.00048383276255172967,-5.287189051178284,-3.153047268925425,38.82333165888496,12,25,1,0,1,1,1,0,0,1
0.05,16,20260835,0.0002826123926434709,0.0005027189129608413,-5.488087981184884,-2.986747757227484,43.78321854274763,5,25,1,0,1,1,1,0,0,1
0.05,17,20260836,0.00048552653742881923,0.0006150870129825295,-3.137870278694022,-2.110634426227604,21.063763795869676,7,19,1,1,1,1,1,0,0,1
0.05,18,20260837,0.00028887589078442286,0.0003789802290925429,-5.392887023101931,-4.213834460213143,23.775472014429948,7,25,1,0,1,1,1,0,0,1
0.05,19,20260838,0.0005423336568321544,0.0006186369222653042,-2.6573344272863464,-2.085641634509179,12.334094957304679,9,20,1,1,1,1,1,0,0,1
0.05,20,20260839,0.0004995101706890019,0.0004826408720216876,-3.0145566453681445,-3.1637590302012693,-3.495207232792387,7,25,1,0,1,1,0,1,0,1
0.05,21,20260840,0.0003855706114889915,0.0006271298381346176,-4.138960757924522,-2.0264253548851,38.5182161582581,8,23,1,1,1,1,1,0,0,1
0.05,22,20260841,0.0006583425661115936,0.0009447451765223191,-1.8154806404852408,-0.24685316733083928,30.31532920496042,13,21,1,1,1,1,1,0,0,1
0.05,23,20260842,0.000388641387734872,0.0007119556759609172,-4.104509517862655,-1.47547043279981,45.41213717970184,6,21,1,1,1,1,1,0,0,1
0.05,24,20260843,0.00034217879392826325,0.0005620620594226277,-4.657469087788782,-2.502157296679455,39.12081625296631,10,25,1,0,1,1,1,0,0,1
0.05,25,20260844,0.0004040336651112472,0.0004501168006579033,-3.9358244686236827,-3.4667477667083464,10.238039433164833,14,19,1,1,1,1,1,0,0,1
0.05,26,20260845,0.0004432085217028184,0.0007068968592822164,-3.5339189788943983,-1.5064394788946176,37.302236403645544,9,25,1,0,1,1,1,0,0,1
0.05,27,20260846,0.000336097469450822,0.00047580004103504046,-4.735347574135379,-3.225755248433283,29.361614025991646,13,25,1,0,1,1,1,0,0,1
0.05,28,20260847,0.0008650209743756926,0.0011729051963549157,-0.6297336196271295,0.692629103560798,26.24971079811456,17,25,1,0,1,1,1,0,0,1
0.05,29,20260848,0.0002097966386178695,0.0003490713533373023,-6.782014743951089,-4.570857902520248,39.89863773921711,7,15,1,1,1,1,1,0,0,1
0.05,30,20260849,0.00027172828317531355,0.0003470352445648575,-5.658651551496847,-4.596264164403923,21.700090284481124,8,18,1,1,1,1,1,0,0,1
0.05,31,20260850,0.00020737630415897668,0.0004946198243963953,-6.83240869745082,-3.0572848107334254,58.07359633996749,6,25,1,0,1,1,1,0,0,1
0.05,32,20260851,0.0008433368505386494,0.0016325562346089706,-0.7399892227940753,2.1286814979993824,48.34255429243176,11,25,1,0,1,1,1,0,0,1
0.05,33,20260852,0.00044612519106593273,0.0006002017836145717,-3.5054325303715173,-2.2170271832000426,25.670798847139302,7,22,1,1,1,1,1,0,0,1
0.05,34,20260853,0.0004594418034847287,0.000942857238834069,-3.3776949195166655,-0.2555406026394405,51.271328833104,11,25,1,0,1,1,1,0,0,1
0.05,35,20260854,0.00039221522244829347,0.000553696313012185,-4.0647555473503365,-2.5672836838583453,29.16419827421496,14,20,1,1,1,1,1,0,0,1
0.05,36,20260855,0.0004955668251397074,0.0006404756527990755,-3.048977744126006,-1.9349737498406827,22.6251891115723,5,16,1,1,1,1,1,0,0,1
0.05,37,20260856,0.0002976255184398516,0.0004377216837441448,-5.2632983508014854,-3.588019388856898,32.005763138337386,8,25,1,0,1,1,1,0,0,1
0.05,38,20260857,0.00043995269616160657,0.0006690232546457781,-3.5659401646923277,-1.7455878628476937,34.239551001176416,11,24,1,1,1,1,1,0,0,1
0.05,39,20260858,0.0003736942799719015,0.00039501916415181435,-4.274835497169979,-4.033818342887554,5.398442940281561,6,17,1,1,1,1,1,0,0,1
0.05,40,20260859,0.0002994162559005228,0.0005212741493702071,-5.237246246467894,-2.8293381173947485,42.560693588532736,8,25,1,0,1,1,1,0,0,1
0.05,41,20260860,0.00044055193449949175,0.0006687298015015709,-3.560028873948247,-1.747493223223212,34.12108545031594,15,25,1,0,1,1,1,0,0,1
0.05,42,20260861,0.0004972807356982636,0.0008860389236508429,-3.0339836470100154,-0.5254719915643908,43.87597176326481,8,25,1,0,1,1,1,0,0,1
0.05,43,20260862,0.0002362925268446262,0.0003549716566727853,-6.265500134563476,-4.498063225562461,33.43341013211039,12,25,1,0,1,1,1,0,0,1
0.05,44,20260863,0.0005322241752631948,0.0006885914782208669,-2.7390540234203735,-1.6203835628216487,22.708283198868898,11,25,1,0,1,1,1,0,0,1
0.05,45,20260864,0.0007051400014125602,0.0009521331449667864,-1.5172464782475799,-0.21302316236158306,25.941029871703723,8,16,1,1,1,1,1,0,0,1
0.05,46,20260865,0.000277396730814819,0.000465019429805359,-5.568986614943514,-3.325289006993741,40.347281632742174,16,25,1,0,1,1,1,0,0,1
0.05,47,20260866,0.00041419668986653177,0.000999854743930803,-3.82793376177583,-0.0006308849141934338,58.57431368098833,10,22,1,1,1,1,1,0,0,1
0.05,48,20260867,0.0003599029425715736,0.0005309258808523042,-4.438146025347166,-2.7496610374645982,32.21220596859672,6,24,1,1,1,1,1,0,0,1
0.05,49,20260868,0.0002686157560147415,0.00032827606134133345,-5.708685167992104,-4.837607858860109,18.173821472945782,8,25,1,0,1,1,1,0,0,1
0.05,50,20260869,0.0002739713423002076,0.00030177543790126354,-5.622948624781065,-5.203161112073641,9.213505179355586,11,21,1,1,1,1,1,0,0,1
0.05,51,20260870,0.000266827939668174,0.0003628955196509205,-5.737686972127167,-4.402183936150777,26.472517510041623,10,24,1,1,1,1,1,0,0,1
0.05,52,20260871,0.0007991608341914196,0.001645561445255291,-0.973658084549285,2.1631410348672215,51.435369581873104,11,25,1,0,1,1,1,0,0,1
0.05,53,20260872,0.0002712005691472673,0.00040842361829238093,-5.667094033844055,-3.888891515080748,33.59821592072543,7,13,1,1,1,1,1,0,0,1
0.05,54,20260873,0.0004017705630358717,0.0006822262051856644,-3.9602188635186755,-1.6607160279881572,41.10889321137527,9,25,1,0,1,1,1,0,0,1
0.05,55,20260874,0.00045186723029035835,0.0009039782897235553,-3.449891528491584,-0.4384199957605331,50.01348644904476,7,22,1,1,1,1,1,0,0,1
0.05,56,20260875,0.000723496755104093,0.0015147324317707931,-1.4056341235910683,1.8033592414645339,52.23600287885225,6,25,1,0,1,1,1,0,0,1
0.05,57,20260876,0.0002245605250999403,0.0002917385625494632,-6.486665848421786,-5.35006161226114,23.026793874098537,13,25,1,0,1,1,1,0,0,1
0.05,58,20260877,0.0004939733537087435,0.0006002355418132839,-3.062964774920864,-2.2167829222275954,17.703414860027653,7,15,1,1,1,1,1,0,0,1
0.05,59,20260878,0.0002688863014316295,0.0003860247850661572,-5.7043132259705445,-4.133848101678781,30.34480897760293,8,16,1,1,1,1,1,0,0,1
0.05,60,20260879,0.0003542555457865337,0.0006456610786103253,-4.506833422501929,-1.8999539270866035,45.13289440506342,5,25,1,0,1,1,1,0,0,1
0.05,61,20260880,0.00032563955668216636,0.0003654523375568588,-4.872628451669565,-4.371692558766065,10.894110334838995,11,25,1,0,1,1,1,0,0,1
0.05,62,20260881,0.0003665720059352112,0.00040308162972377845,-4.358407039457479,-3.946069941848074,9.057625328543589,10,25,1,0,1,1,1,0,0,1
0.05,63,20260882,0.00028535642849211284,0.0007176712721000832,-5.446123392453756,-1.4407443793672052,60.238560524083745,13,25,1,0,1,1,1,0,0,1
0.05,64,20260883,0.0003663769167396671,0.0005279773840305912,-4.360718964899579,-2.7738468011974304,30.607460125898292,15,25,1,0,1,1,1,0,0,1
0.05,65,20260884,0.000313881427590684,0.0005410732406992136,-5.0323438080682905,-2.6674394399024326,41.98910535936615,9,25,1,0,1,1,1,0,0,1
0.05,66,20260885,0.0008300055333453132,0.0013507160835042136,-0.8091901233076262,1.3056407120890425,38.55070332826728,12,25,1,0,1,1,1,0,0,1
0.05,67,20260886,0.00032483229548509694,0.0005411398388776416,-4.88340798846778,-2.6669049200009742,39.97257785366167,5,14,1,1,1,1,1,0,0,1
0.05,68,20260887,0.00021020851003090312,0.0003122890940522302,-6.773497060782337,-5.054431821983604,32.687847883747786,5,22,1,1,1,1,1,0,0,1
0.05,69,20260888,0.00040865092459168055,0.0005921870577322931,-3.8864751413265024,-2.2754108836324933,30.99293217306056,9,25,1,0,1,1,1,0,0,1
0.05,70,20260889,0.0004602226862797514,0.0007143499320790164,-3.3703197696839435,-1.4608899222673117,35.57461607921805,12,25,1,0,1,1,1,0,0,1
0.05,71,20260890,0.0004292370809929341,0.0007079119597422151,-3.6730276719305204,-1.5002075046790988,39.36575373733762,6,25,1,0,1,1,1,0,0,1
0.05,72,20260891,0.00035352118395330157,0.0005917480862198067,-4.5158455697777065,-2.2786313795404913,40.258161845244224,8,20,1,1,1,1,1,0,0,1
0.05,73,20260892,0.0004933004925834344,0.0011139163873554081,-3.068884508744478,0.4685259310613746,55.714764754058585,8,21,1,1,1,1,1,0,0,1
0.05,74,20260893,0.0003899134857280559,0.0007629866216483259,-4.090317438425468,-1.1748307697991223,48.89641906358694,22,25,1,0,1,1,1,0,0,1
0.05,75,20260894,0.00019339779287218782,0.00025568422382434995,-7.135484865554954,-5.922960678962344,24.36068601360078,6,14,1,1,1,1,1,0,0,1
0.05,76,20260895,0.0005351297165402912,0.0009103649945305474,-2.715409313447024,-0.4078445017407398,41.21811364064539,6,23,1,1,1,1,1,0,0,1
0.05,77,20260896,0.000380156728516315,0.0006098107189562526,-4.200373183913623,-2.1480494608635023,37.65988089435549,8,25,1,0,1,1,1,0,0,1
0.05,78,20260897,0.0003919286555423609,0.0005325309132240759,-4.067929822760151,-2.7365517652217215,26.40264709338161,9,12,1,1,1,1,1,0,0,1
0.05,79,20260898,0.00026581250406350213,0.0004969466686839247,-5.754245933027985,-3.036902163754451,46.51085904902844,8,18,1,1,1,1,1,0,0,1
0.05,80,20260899,0.000271948955291011,0.00041516969992516075,-5.655126052151297,-3.817743498500743,34.49691648016871,8,25,1,0,1,1,1,0,0,1
0.05,81,20260900,0.00019252386806033656,0.00021044659286904128,-7.1551542135378865,-6.768581010879835,8.51651935265963,7,15,1,1,1,1,1,0,0,1
0.05,82,20260901,0.0003226711345124058,0.00045456276701801355,-4.912398839381792,-3.424061399723425,29.01505404211452,7,14,1,1,1,1,1,0,0,1
0.05,83,20260902,0.0003664136229670253,0.00043747698079530815,-4.360283879806563,-3.590447937881488,16.243907896386624,11,21,1,1,1,1,1,0,0,1
0.05,84,20260903,0.0003795264579442233,0.0004912526353421272,-4.20757942723312,-3.086951068221681,22.743120211476008,11,25,1,0,1,1,1,0,0,1
0.05,85,20260904,0.0002345523594575899,0.0004922879102481571,-6.297601939500028,-3.077808296283905,52.354637484525156,5,24,1,1,1,1,1,0,0,1
0.05,86,20260905,0.0003642998621127834,0.000523225295072185,-4.385409931381791,-2.8131126842094427,30.37418765036503,16,25,1,0,1,1,1,0,0,1
0.05,87,20260906,0.0002570502295264083,0.0003618445517394482,-5.899820040046576,-4.414779621212688,28.961144145815044,5,25,1,0,1,1,1,0,0,1
0.05,88,20260907,0.00024256986069093805,0.0002751825468233547,-6.151631612136972,-5.603791142543853,11.851291627645058,4,15,1,1,1,1,1,0,0,1
0.05,89,20260908,0.0003244967935352672,0.0005266440107595052,-4.887895902559694,-2.784828504496085,38.38403420418838,11,25,1,0,1,1,1,0,0,1
0.05,90,20260909,0.00037085556816926545,0.0006779216839287224,-4.307951959375255,-1.688204745726646,45.2952196454218,8,25,1,0,1,1,1,0,0,1
0.05,91,20260910,0.001112480173420007,0.001685953421006874,0.4629227974194519,2.268455719025284,34.014774100009305,24,22,1,1,1,1,1,0,0,1
0.05,92,20260911,0.00029702022498894214,0.0003378085866391587,-5.27213977275257,-4.7132931544408185,12.074400492899837,8,25,1,0,1,1,1,0,0,1
0.05,93,20260912,0.0007552909914020972,0.0018490040445629666,-1.218856952415203,2.6693786114806266,59.15146894226405,21,25,1,0,1,1,1,0,0,1
0.05,94,20260913,0.00036597982956378626,0.0009393574576339711,-4.365428494431179,-0.27169112380556854,61.03934379936615,5,25,1,0,1,1,1,0,0,1
0.05,95,20260914,0.00027315003764310006,0.00029212547715612674,-5.635987352988056,-5.344305652249504,6.49564690411622,6,20,1,1,1,1,1,0,0,1
0.05,96,20260915,0.00043431022803909003,0.000694203752651266,-3.621999428490705,-1.58513042996309,37.437643288386795,6,22,1,1,1,1,1,0,0,1
0.05,97,20260916,0.00023881352299816614,0.0004016398113553982,-6.2194108458957515,-3.9616324557659395,40.54037566837524,8,22,1,1,1,1,1,0,0,1
0.05,98,20260917,0.0005421709433334482,0.0006785620118706652,-2.658637613554782,-1.684104572413673,20.10001534881286,6,16,1,1,1,1,1,0,0,1
0.05,99,20260918,0.0008235239937923566,0.0010174487902475677,-0.8432374291824929,0.07512559742386878,19.059907320546806,11,24,1,1,1,1,1,0,0,1
0.05,100,20260919,0.0005712193910284532,0.0007838372762099877,-2.4319705810563157,-1.0577408703377884,27.125258218081328,10,25,1,0,1,1,1,0,0,1
0.05,101,20260920,0.00030510698423123284,0.0005152929568295641,-5.155478507700226,-2.8794579355864123,40.78960711816044,10,21,1,1,1,1,1,0,0,1
0.05,102,20260921,0.00033642146074267036,0.000672551423145513,-4.731163078062396,-1.7227450398795383,49.97832891807258,8,25,1,0,1,1,1,0,0,1
0.05,103,20260922,0.0003570648352094504,0.00043833630734693946,-4.472529182935741,-3.581925552931634,18.54089446283613,8,11,1,1,1,1,1,0,0,1
0.05,104,20260923,0.0009286525340008003,0.0010211951028906907,-0.3214675187669651,0.09108723491545093,9.062182988141123,25,21,0,1,1,1,1,0,0,1
0.05,105,20260924,0.00035883391182216906,0.000408916257519685,-4.451065204181035,-3.8836562260601726,12.247579981606624,14,14,1,1,1,1,1,0,0,1
0.05,106,20260925,0.0002423997086925258,0.00038058594752075567,-6.154679064253248,-4.195472513271415,36.30881269484963,5,15,1,1,1,1,1,0,0,1
0.05,107,20260926,0.00042499274981521346,0.0006528501458334,-3.7161847875463727,-1.8518649453862943,34.90194456911911,5,25,1,0,1,1,1,0,0,1
0.05,108,20260927,0.0004362143734979218,0.0006572666227591803,-3.603000282850859,-1.822584214539373,33.63205153082162,10,18,1,1,1,1,1,0,0,1
0.05,109,20260928,0.0007582242290958421,0.0009630948625230153,-1.202023417844201,-0.16330933808743578,21.272113620300555,11,24,1,1,1,1,1,0,0,1
0.05,110,20260929,0.0005291786054867025,0.0010274239882251768,-2.7639772250965393,0.11749701384624749,48.49462232229638,9,25,1,0,1,1,1,0,0,1
0.05,111,20260930,0.0002303086871869888,0.0003360160404956058,-6.376896802458552,-4.736399900731029,31.459019977946372,6,16,1,1,1,1,1,0,0,1
0.05,112,20260931,0.00047954134760473124,0.0008654395557432353,-3.1917394060510995,-0.6276325883868001,44.58985096967246,10,15,1,1,1,1,1,0,0,1
0.05,113,20260932,0.00036406750758406195,0.0006999179808110918,-4.388180793924248,-1.5495284936880993,47.984261361286,19,25,1,0,1,1,1,0,0,1
0.05,114,20260933,0.000195266675933406,0.00044368466036844587,-7.093718667638385,-3.52925586006229,55.989761789093166,7,22,1,1,1,1,1,0,0,1
0.05,115,20260934,0.00023447516841070364,0.0004438743276290593,-6.299031435383568,-3.5273997254943366,47.17532557849306,15,22,1,1,1,1,1,0,0,1
0.05,116,20260935,0.00047296860098744334,0.0007574351060055938,-3.2516768985525744,-1.206545698368155,37.55655141445868,25,24,0,1,1,1,1,0,0,1
0.05,117,20260936,0.0003596358407369438,0.0005136219543146058,-4.441370336834056,-2.8935642101025154,29.980438391335156,8,23,1,1,1,1,1,0,0,1
0.05,118,20260937,0.0009376270667595071,0.0012441782352173771,-0.2796986423700357,0.9488259982961444,24.63884673278429,5,22,1,1,1,1,1,0,0,1
0.05,119,20260938,0.0005567764521897639,0.0008019694634757958,-2.543191406753365,-0.9584216799568719,30.57385878800759,11,25,1,0,1,1,1,0,0,1
0.05,120,20260939,0.0003546538669622156,0.0005298520396937779,-4.5019530046737115,-2.7584538948546786,33.06548991163952,8,21,1,1,1,1,1,0,0,1
0.05,121,20260940,0.0002606025977974615,0.00031179653136641586,-5.840212593698677,-5.061287205031889,16.419019590949986,14,25,1,0,1,1,1,0,0,1
0.05,122,20260941,0.0006739859860168031,0.0011925798667544352,-1.7134913352231465,0.7648747327128534,43.48504407918333,13,25,1,0,1,1,1,0,0,1
0.05,123,20260942,0.0005551447967720765,0.0006951578560251133,-2.5559372635945676,-1.5791656488294359,20.141189233424797,12,13,1,1,1,1,1,0,0,1
0.05,124,20260943,0.0005781641562610932,0.0007768511651721815,-2.379488362567551,-1.0966217854267055,25.575942705453922,17,18,1,1,1,1,1,0,0,1
0.05,125,20260944,0.0004815276792652955,0.0007573068941299398,-3.1737874362422542,-1.207280895652432,36.415780313406955,23,23,1,1,1,1,1,0,0,1
0.05,126,20260945,0.0003829235895842694,0.0005182879753548942,-4.168878785969153,-2.8542886698064174,26.11760106491665,6,25,1,0,1,1,1,0,0,1
0.05,127,20260946,0.0004062152414159339,0.0008415911431975633,-3.91243785661257,-0.7489884362838906,51.73247191355304,13,16,1,1,1,1,1,0,0,1
0.05,128,20260947,0.001525786137887311,0.001964078377969071,1.8349366491353005,2.9315881463233797,22.315414954823254,15,25,1,0,1,1,1,0,0,1
0.05,129,20260948,0.000597612314471546,0.000550101784453777,-2.235804619758944,-2.5955694625697534,-8.636679858245602,8,13,1,1,1,1,0,1,0,1
0.05,130,20260949,0.00019537386677810495,0.0002432932959389103,-7.091335279922991,-6.1386985809282155,19.696156844715386,9,25,1,0,1,1,1,0,0,1
0.05,131,20260950,0.00045345859258429745,0.0007272033490606704,-3.4346236424485794,-1.3834412968265184,37.6434950182737,10,25,1,0,1,1,1,0,0,1
0.05,132,20260951,0.00024204778695762603,0.00043228055259448347,-6.160988837584146,-3.642343020348935,44.006783209447825,6,20,1,1,1,1,1,0,0,1
0.05,133,20260952,0.0004263448639692224,0.0009734657984411651,-3.702389644462747,-0.11679302294131627,56.20340594893637,9,25,1,0,1,1,1,0,0,1
0.05,134,20260953,0.0003422454999106253,0.000375521987275255,-4.656622535718603,-4.25364629438086,8.86139520247007,19,17,1,1,1,1,1,0,0,1
0.05,135,20260954,0.0005755344011268853,0.0010357749581883235,-2.3992871239376963,0.15265406921211983,44.43441632016727,11,25,1,0,1,1,1,0,0,1
0.05,136,20260955,0.00019497124774179542,0.00029020105839190104,-7.100294289849458,-5.373010079805569,32.81511486477862,6,16,1,1,1,1,1,0,0,1
0.05,137,20260956,0.0004465160902897254,0.000703992840134407,-3.501628866116433,-1.5243175776972087,36.57377393149679,12,22,1,1,1,1,1,0,0,1
0.05,138,20260957,0.00033114955793384646,0.00074915626494242,-4.799758203755688,-1.254275842714199,55.796998112363305,7,22,1,1,1,1,1,0,0,1
0.05,139,20260958,0.0005097729884859136,0.000596742395241725,-2.926231803659785,-2.242131068425307,14.574028500284843,11,17,1,1,1,1,1,0,0,1
0.05,140,20260959,0.00038927395800667365,0.00047920768869709116,-4.097446491261756,-3.1947622248032297,18.7671718988768,11,25,1,0,1,1,1,0,0,1
0.05,141,20260960,0.0003457370604893708,0.0005002903651342934,-4.612540647637622,-3.0077786091691556,30.89272059105829,10,25,1,0,1,1,1,0,0,1
0.05,142,20260961,0.00046802503494137657,0.0011672277143529289,-3.2973091563079016,0.671555907836588,59.90285107299447,9,25,1,0,1,1,1,0,0,1
0.05,143,20260962,0.0008086527698186743,0.0009147948409349406,-0.9223792155628601,-0.3867629329988131,11.602827909237748,13,25,1,0,1,1,1,0,0,1
0.05,144,20260963,0.0007527377934029977,0.0012050479458464124,-1.2335627839335521,0.8100432674680553,37.53461876786297,10,25,1,0,1,1,1,0,0,1
0.05,145,20260964,0.0006468724991922907,0.0007546393625582025,-1.8918131184128826,-1.2226054541653577,14.28057807647161,20,18,1,1,1,1,1,0,0,1
0.05,146,20260965,0.00014033657463294948,0.0002333089379510013,-8.528291280363856,-6.320686232789204,39.84946489172975,9,11,1,1,1,1,1,0,0,1
0.05,147,20260966,0.0005905054431242231,0.0010105806168801872,-2.2877609481944288,0.04570964135038252,41.56770541006403,13,24,1,1,1,1,1,0,0,1
0.05,148,20260967,0.00034300194241985147,0.00044077540494590647,-4.647034205408026,-3.557826469019169,22.182150235459282,9,25,1,0,1,1,1,0,0,1
0.05,149,20260968,0.0004553610314310972,0.0007272738070554785,-3.4164413788110783,-1.3830205336918566,37.387951138413406,16,25,1,0,1,1,1,0,0,1
0.05,150,20260969,0.00030796669913319937,0.0004485248475318601,-5.114962418261294,-3.4821349276021363,31.33787329110601,11,25,1,0,1,1,1,0,0,1
0.05,151,20260970,0.00036166680132785657,0.0006960153329634986,-4.416913548320704,-1.5738119293528527,48.03752385914412,5,21,1,1,1,1,1,0,0,1
0.05,152,20260971,0.00048482998056654527,0.0008144191337216899,-3.1441053242255865,-0.8915203170164974,40.46923009396959,5,17,1,1,1,1,1,0,0,1
0.05,153,20260972,0.00024154689803796304,0.00042457091645072226,-6.169985353815429,-3.7204975877474897,43.10799711454138,7,15,1,1,1,1,1,0,0,1
0.05,154,20260973,0.0009840369759246503,0.0014761651010306229,-0.06988582322386946,1.6913493367715915,33.33828477332113,10,23,1,1,1,1,1,0,0,1
0.05,155,20260974,0.0004885624968307634,0.0005942857518199831,-3.1107987351601447,-2.260046819580724,17.789969667865208,9,20,1,1,1,1,1,0,0,1
0.05,156,20260975,0.00020230514411313707,0.00024924762925014523,-6.939930740678201,-6.033689638426917,18.83367367554643,15,25,1,0,1,1,1,0,0,1
0.05,157,20260976,0.0003553592243652475,0.0005140827396981715,-4.493324067195674,-2.8896697730331917,30.87509131820179,9,25,1,0,1,1,1,0,0,1
0.05,158,20260977,0.0007487463846283878,0.001229462993000907,-1.2566526161729925,0.8971546094998671,39.09972167597927,12,25,1,0,1,1,1,0,0,1
0.05,159,20260978,0.0002912483019838261,0.0003508563474002881,-5.357365979528917,-4.548706621706967,16.98930227659693,8,18,1,1,1,1,1,0,0,1
0.05,160,20260979,0.00022732623088345957,0.00026056022393490687,-6.433504486979652,-5.840918811945935,12.754822109666984,8,15,1,1,1,1,1,0,0,1
0.05,161,20260980,0.0002654495318423521,0.0004013598539855455,-5.760180362616541,-3.96466069976327,33.86246053101465,6,21,1,1,1,1,1,0,0,1
0.05,162,20260981,0.0004295864865291744,0.0006543241565663926,-3.6694938866352307,-1.8420704597119664,34.34653417299208,10,17,1,1,1,1,1,0,0,1
0.05,163,20260982,0.00021639963538473093,0.00040135864590607904,-6.647434753146955,-3.9646737718986707,46.08322566561328,4,23,1,1,1,1,1,0,0,1
0.05,164,20260983,0.00028572610056060404,0.00045212992202365324,-5.440500857926218,-3.4473675034295415,36.80442575405212,8,20,1,1,1,1,1,0,0,1
0.05,165,20260984,0.0003522277821190235,0.00034933253107476717,-4.531763918521762,-4.567609694484863,-0.828795141222239,17,22,1,1,1,1,0,1,0,1
0.05,166,20260985,0.00047128543875521824,0.0008165801654459819,-3.2671597837308486,-0.8800117320309855,42.285465812432285,6,18,1,1,1,1,1,0,0,1
0.05,167,20260986,0.0003714872929231949,0.0005269551460006322,-4.300560371058856,-2.7822635001221157,29.503052443338465,5,25,1,0,1,1,1,0,0,1
0.05,168,20260987,0.00019390006609383865,0.00022987969403136238,-7.124220428852733,-6.384993895815772,15.651503317476596,7,14,1,1,1,1,1,0,0,1
0.05,169,20260988,0.00028019071277083084,0.00044254641470165907,-5.525462639796704,-3.540411733465043,36.68670596739094,4,24,1,1,1,1,1,0,0,1
0.05,170,20260989,0.0007531169609474834,0.0009066569652125922,-1.231375715422577,-0.4255699771911723,16.934740497924352,22,21,1,1,1,1,1,0,0,1
0.05,171,20260990,0.0009619890867727353,0.0017138565092676044,-0.1682985476183829,2.339744582861692,43.86991667208887,16,25,1,0,1,1,1,0,0,1
0.05,172,20260991,0.0005988302096476471,0.0008503499339898182,-2.2269629858894953,-0.7040231766635957,29.57837876955521,10,20,1,1,1,1,1,0,0,1
0.05,173,20260992,0.0003267112348749614,0.0005198691088238095,-4.858359308434899,-2.841059880404419,37.15509744094294,8,20,1,1,1,1,1,0,0,1
0.05,174,20260993,0.0003372864252853435,0.0006187639810412695,-4.720011374419969,-2.0847497501518037,45.49029426086655,6,25,1,0,1,1,1,0,0,1
0.05,175,20260994,0.00046170952817714496,0.0009130110412081802,-3.35631162936278,-0.3952397043197502,49.4300170164242,7,24,1,1,1,1,1,0,0,1
0.05,176,20260995,0.00046899832532364984,0.000676050867794343,-3.2882870803970645,-1.7002062540266198,30.626769720186093,7,25,1,0,1,1,1,0,0,1
0.05,177,20260996,0.00040028275083522794,0.0006439913827508681,-3.9763312430529476,-1.9111994389606641,37.84346164301399,7,25,1,0,1,1,1,0,0,1
0.05,178,20260997,0.0003430946901200752,0.000690926181721647,-4.645860032186606,-1.605683499969591,50.34278636465139,8,25,1,0,1,1,1,0,0,1
0.05,179,20260998,0.0003090409692321611,0.0003861188679081312,-5.099839428016287,-4.132789758217539,19.962220207873685,5,22,1,1,1,1,1,0,0,1
0.05,180,20260999,0.00022951705435443474,0.00025488168825459295,-6.391850385064977,-5.936613649059948,9.95153244387738,10,24,1,1,1,1,1,0,0,1
0.05,181,20261000,0.0003378179270301989,0.0006069719621630606,-4.7131730738872655,-2.168313698128831,44.34373445746652,6,25,1,0,1,1,1,0,0,1
0.05,182,20261001,0.0003604804431184042,0.00044865261983466847,-4.4311829176605135,-3.4808979191296032,19.65266061496672,7,24,1,1,1,1,1,0,0,1
0.05,183,20261002,0.00022269302772372288,0.0003160146279432987,-6.5229338004056885,-5.002928139384907,29.530784959840577,7,25,1,0,1,1,1,0,0,1
0.05,184,20261003,0.00022085439460669274,0.0002781291386554815,-6.558939546376559,-5.557535091783995,20.592859966296086,4,22,1,1,1,1,1,0,0,1
0.05,185,20261004,0.0005974347157313398,0.0006387046186777793,-2.2370954501862483,-1.9469994330808562,6.461500627923239,12,23,1,1,1,1,1,0,0,1
0.05,186,20261005,0.0003136340123672746,0.0004653620488936924,-5.035768459160243,-3.322090370959148,32.604299574303845,7,12,1,1,1,1,1,0,0,1
0.05,187,20261006,0.00021172109091660113,0.0004918255780754061,-6.742358769241124,-3.0818888891949117,56.95199673325239,11,25,1,0,1,1,1,0,0,1
0.05,188,20261007,0.00018999850347539184,0.00021693771493571867,-7.212498197573761,-6.636649386976774,12.417947459393705,8,25,1,0,1,1,1,0,0,1
0.05,189,20261008,0.000346590920994885,0.0004110277054270023,-4.601828178871492,-3.8612890340729775,15.676992957245107,7,16,1,1,1,1,1,0,0,1
0.05,190,20261009,0.00035030597537543014,0.0003734861652362283,-4.555524546022515,-4.27725480790603,6.20643868994098,9,15,1,1,1,1,1,0,0,1
0.05,191,20261010,0.0004344579874880896,0.0005981579071824403,-3.6205221388564524,-2.231841518556725,27.36734192237663,12,21,1,1,1,1,1,0,0,1
0.05,192,20261011,0.0004577374559096673,0.0008002200572997504,-3.3938354850930024,-0.9679056734662933,42.79855250638816,7,25,1,0,1,1,1,0,0,1
0.05,193,20261012,0.00021646861867628754,0.00039623278729032185,-6.6460505415380355,-4.020495905084463,45.368322455940564,11,15,1,1,1,1,1,0,0,1
0.05,194,20261013,0.0002840600713199053,0.00044726556813447417,-5.465898082486447,-3.4943453385231593,36.48961790090216,5,25,1,0,1,1,1,0,0,1
0.05,195,20261014,0.0003794603446455987,0.00043121452356608894,-4.20833603171551,-3.653066202740345,12.001956356314206,5,16,1,1,1,1,1,0,0,1
0.05,196,20261015,0.0006025994053483981,0.0007335002532156566,-2.199713012289358,-1.3459973189548595,17.84605353486801,6,18,1,1,1,1,1,0,0,1
0.05,197,20261016,0.00019611428026953108,0.000248587188008653,-7.0749078156701914,-6.045212583191867,21.108452193157845,10,22,1,1,1,1,1,0,0,1
0.05,198,20261017,0.00039172618854638137,0.0006399629583934028,-4.070173930653855,-1.938451626268952,38.789240313253174,19,25,1,0,1,1,1,0,0,1
0.05,199,20261018,0.0005545533705654596,0.0009513413430116541,-2.560566507291032,-0.21663629447215577,41.70826542553967,4,25,1,0,1,1,1,0,0,1
0.05,200,20261019,0.00033506635140916714,0.0004788665530722484,-4.74869183418275,-3.197854956436162,30.029284931367005,5,25,1,0,1,1,1,0,0,1
0.05,201,20261020,0.0004278275683195719,0.0005913316841373898,-3.6873123382875694,-2.2816885044892095,27.650153070409367,11,25,1,0,1,1,1,0,0,1
0.05,202,20261021,0.00043389602351784167,0.0005167959993592308,-3.6261432998641885,-2.8668085697685615,16.041141174501316,22,17,1,1,1,1,1,0,0,1
0.05,203,20261022,0.00033497628041111746,0.000448489669148064,-4.7498594416098125,-3.482475563738758,25.31014570582479,8,25,1,0,1,1,1,0,0,1
0.05,204,20261023,0.0003041700427026682,0.0006417391795778891,-5.168835612547028,-1.9264144527316351,52.60223274777468,9,25,1,0,1,1,1,0,0,1
0.05,205,20261024,0.0003650402036161299,0.000598368150921537,-4.376593019897869,-2.2303153052985056,38.99404521214282,6,16,1,1,1,1,1,0,0,1
0.05,206,20261025,0.0002488854173609101,0.00041320729083047604,-6.040005487317854,-3.8383202418167746,39.767418706312526,8,25,1,0,1,1,1,0,0,1
0.05,207,20261026,0.0007313933822739566,0.0009413197987320202,-1.3584897352341285,-0.2626280672189639,22.301285571687686,25,16,0,1,1,1,1,0,0,1
0.05,208,20261027,0.00043617080801047975,0.0006478262950238467,-3.6034340419566826,-1.8854142811961674,32.671641864363636,10,25,1,0,1,1,1,0,0,1
0.05,209,20261028,0.0007358463769159965,0.0008394971317005599,-1.332128441156717,-0.7598078337196859,12.346766995451096,13,25,1,0,1,1,1,0,0,1
0.05,210,20261029,0.0003196662699010898,0.00048035454254932784,-4.953031865892728,-3.1843809796787967,33.45201479628704,6,25,1,0,1,1,1,0,0,1
0.05,211,20261030,0.0004086203053117368,0.0007919652433753421,-3.886800560449044,-1.0129387768010107,48.404262847419396,4,25,1,0,1,1,1,0,0,1
0.05,212,20261031,0.00036210786626977224,0.0006066384613308562,-4.411620406609002,-2.170700585584286,40.309115008077065,12,25,1,0,1,1,1,0,0,1
0.05,213,20261032,0.00023659855303353254,0.00038118702102410645,-6.259879157160086,-4.188618950053055,37.93110993184368,6,23,1,1,1,1,1,0,0,1
0.05,214,20261033,0.00036642750307026357,0.000524245267297679,-4.360119367962695,-2.8046548150311477,30.10380332871994,14,14,1,1,1,1,1,0,0,1
0.05,215,20261034,0.0002494757958339413,0.0005107263529679589,-6.029715832897563,-2.9181173240628233,51.15274659625944,15,25,1,0,1,1,1,0,0,1
0.05,216,20261035,0.00048699260337823605,0.0005100028729127238,-3.124776349586954,-2.9242737745769354,4.511792140124965,18,18,1,1,1,1,1,0,0,1
0.05,217,20261036,0.0005310611186703937,0.0008323034267183553,-2.748554940337518,-0.7971831730768703,36.19380845705679,11,25,1,0,1,1,1,0,0,1
0.05,218,20261037,0.000223970192709225,0.0002898445545609726,-6.498097763233115,-5.378348545008564,22.727479545554154,9,19,1,1,1,1,1,0,0,1
0.05,219,20261038,0.00024283935750040228,0.0004041225672446144,-6.146809248453704,-3.9348689675816635,39.909478662345464,13,22,1,1,1,1,1,0,0,1
0.05,220,20261039,0.00040628233592917,0.0007001940650081071,-3.9117205922725113,-1.5478157472658896,41.975752690153705,10,25,1,0,1,1,1,0,0,1
0.05,221,20261040,0.000542424735033966,0.0008688028539008085,-2.656605144879167,-0.6107876115378107,37.56641882579557,8,18,1,1,1,1,1,0,0,1
0.05,222,20261041,0.0006790672586193151,0.0011529360840337377,-1.6808720863464122,0.6180523173453711,41.10104905004916,8,16,1,1,1,1,1,0,0,1
0.05,223,20261042,0.00032515961859499147,0.0004257936661755514,-4.879033945364666,-3.7080080312659804,23.634463256451845,8,17,1,1,1,1,1,0,0,1
0.05,224,20261043,0.00032505413545275884,0.0003706356838442878,-4.880443043425792,-4.310527702555898,12.298208288729905,8,24,1,1,1,1,1,0,0,1
0.05,225,20261044,0.0004015943527551275,0.000953315389733779,-3.962124028962295,-0.2076339593986149,57.87392534727925,6,21,1,1,1,1,1,0,0,1
0.05,226,20261045,0.000551804004215471,0.0009496673748923803,-2.582151523483633,-0.22428481599801564,41.89502358359911,14,21,1,1,1,1,1,0,0,1
0.05,227,20261046,0.0007210581257498762,0.0010284868743813604,-1.420297246357285,0.12198753570732204,29.891363350300796,7,22,1,1,1,1,1,0,0,1
0.05,228,20261047,0.00027012681208268905,0.00040256198863413876,-5.684323067357342,-3.951672351746302,32.89808285198309,5,25,1,0,1,1,1,0,0,1
0.05,229,20261048,0.0003109901459597955,0.00044309269433294603,-5.072533718190968,-3.535054105123838,29.813750048852494,7,14,1,1,1,1,1,0,0,1
0.05,230,20261049,0.00020597056968677365,0.0003005182664325515,-6.861948298043158,-5.2212912509298945,31.4615473688679,6,21,1,1,1,1,1,0,0,1
0.05,231,20261050,0.00023428375768858002,0.0005364017957143135,-6.302578189179058,-2.7050977692873097,56.323084754667924,9,17,1,1,1,1,1,0,0,1
0.05,232,20261051,0.00024067050157226648,0.0004338301349214311,-6.185771369350449,-3.626802840979048,44.524254495171675,5,22,1,1,1,1,1,0,0,1
0.05,233,20261052,0.00028328096960171187,0.0007146710926673534,-5.477825997632451,-1.4589378407898177,60.362050108333385,5,25,1,0,1,1,1,0,0,1
0.05,234,20261053,0.0003331820160005834,0.0005410044319101191,-4.7731844832915495,-2.66799177137007,38.41417993116601,10,23,1,1,1,1,1,0,0,1
0.05,235,20261054,0.00043216916845626753,0.000671949713323663,-3.643462195141603,-1.726632270104854,35.68429900525883,6,25,1,0,1,1,1,0,0,1
0.05,236,20261055,0.0005121524096321532,0.0008886520886215085,-2.90600779624691,-0.512682340414835,42.367500601206906,6,25,1,0,1,1,1,0,0,1
0.05,237,20261056,0.00047681410440355556,0.0009712768705544668,-3.216509064263002,-0.12656953187573527,50.90852887999283,9,25,1,0,1,1,1,0,0,1
0.05,238,20261057,0.0004799894518453915,0.0005293994973580706,-3.1876830649040446,-2.762164753783048,9.333224863124407,8,25,1,0,1,1,1,0,0,1
0.05,239,20261058,0.0002626694810831248,0.00035382482797342656,-5.8059038388370094,-4.51211695808612,25.762846381472084,10,23,1,1,1,1,1,0,0,1
0.05,240,20261059,0.0006829548930304003,0.0008057116172602696,-1.6560797912212308,-0.9382037437797388,15.235814105211672,12,25,1,0,1,1,1,0,0,1
0.05,241,20261060,0.000675238944729768,0.0009923839389033417,-1.7054251751764786,-0.033202731201999944,31.95789268053275,13,25,1,0,1,1,1,0,0,1
0.05,242,20261061,0.0002864343126528727,0.0004593969050633958,-5.429749580708667,-3.3781193495382826,37.649925479287816,7,21,1,1,1,1,1,0,0,1
0.05,243,20261062,0.0009433889936278821,0.001494600462562905,-0.25309194906683596,1.7452511232968184,36.880188568242424,13,18,1,1,1,1,1,0,0,1
0.05,244,20261063,0.00025805043857532185,0.000367851282330875,-5.882953984786241,-4.343277256667389,29.849248603893532,8,22,1,1,1,1,1,0,0,1
0.05,245,20261064,0.0003229410867264617,0.0006288342119222143,-4.90876697616986,-2.014638383985989,48.644478846133616,4,25,1,0,1,1,1,0,0,1
0.05,246,20261065,0.0004388677101601127,0.0008064285835999439,-3.576663713426696,-0.9343408719849268,45.57884987149366,8,25,1,0,1,1,1,0,0,1
0.05,247,20261066,0.000681566106755329,0.0010373587370410126,-1.664920145076727,0.1592896909443013,34.29793547606831,7,25,1,0,1,1,1,0,0,1
0.05,248,20261067,0.000700458778647189,0.0012100204724421184,-1.5461741745574584,0.8279271824490322,42.11182417157859,9,25,1,0,1,1,1,0,0,1
0.05,249,20261068,0.000502588026283861,0.0008040517305421291,-2.9878786230291494,-0.9471600900494856,37.49307324480319,15,25,1,0,1,1,1,0,0,1
0.05,250,20261069,0.0004281031124043587,0.0009533589490058226,-3.68451614737228,-0.20743552434231682,55.09528568953055,14,25,1,0,1,1,1,0,0,1
0.05,251,20261070,0.00023156670124920614,0.0002689744676614299,-6.353238909870736,-5.7028894334340485,13.90755291290717,8,17,1,1,1,1,1,0,0,1
0.05,252,20261071,0.00035850306963953446,0.000713636487388644,-4.455071213858495,-1.4652295310160866,49.76390978110191,6,25,1,0,1,1,1,0,0,1
0.05,253,20261072,0.0005899841540109182,0.001071020749410075,-2.2915965262571154,0.29797884713281453,44.91384463504698,10,25,1,0,1,1,1,0,0,1
0.05,254,20261073,0.0006066847652409405,0.0007341230652679073,-2.170369107010242,-1.3423113070145232,17.359255696517327,9,17,1,1,1,1,1,0,0,1
0.05,255,20261074,0.0004694942714133969,0.0005598132281984723,-3.2836970245799577,-2.519568435159334,16.133766091188964,23,25,1,0,1,1,1,0,0,1
0.05,256,20261075,0.0003871393096672186,0.0007699791599328329,-4.121327286944903,-1.1352102917642002,49.720806768200106,21,25,1,0,1,1,1,0,0,1
0.05,257,20261076,0.00019437617584571113,0.0003302181061117899,-7.113569664303255,-4.811991177211433,41.13703269199046,10,22,1,1,1,1,1,0,0,1
0.05,258,20261077,0.00039275316821792085,0.0005506484516088286,-4.058803029550525,-2.5912557764924333,28.674426111539113,10,21,1,1,1,1,1,0,0,1
0.05,259,20261078,0.000360312646681104,0.0004114924444311226,-4.433204942265084,-3.8563813462424084,12.437603276233494,6,19,1,1,1,1,1,0,0,1
0.05,260,20261079,0.0005086308802890853,0.0008057083342749287,-2.9359727622474425,-0.938221439755469,36.87158756439931,7,21,1,1,1,1,1,0,0,1
0.05,261,20261080,0.00027703904896196087,0.0004452890724669326,-5.574590123309657,-3.513579624603845,37.784449228195705,7,16,1,1,1,1,1,0,0,1
0.05,262,20261081,0.0002086623016572667,0.00037034798399733536,-6.805560064261201,-4.313900151036941,43.65777304764051,9,13,1,1,1,1,1,0,0,1
0.05,263,20261082,0.0001949738807754172,0.00033375293891047735,-7.100235639958024,-4.765749013667435,41.58137411107109,10,25,1,0,1,1,1,0,0,1
0.05,264,20261083,0.0003249096559246436,0.0004442634528436565,-4.882373817529653,-3.523594123525853,26.865544792183346,7,18,1,1,1,1,1,0,0,1
0.05,265,20261084,0.000392472326665902,0.0006744643250290816,-4.061909600652108,-1.710410168634752,41.80977227387388,14,25,1,0,1,1,1,0,0,1
0.05,266,20261085,0.0004205586284416758,0.0007936017623182377,-3.7617345234207344,-1.003973764332172,47.00633889557444,12,25,1,0,1,1,1,0,0,1
0.05,267,20261086,0.0005568287725643422,0.0008968138044129343,-2.5427833186898017,-0.47297715383843836,37.91032544053563,15,21,1,1,1,1,1,0,0,1
0.05,268,20261087,0.0005000445736610395,0.0007367823110907672,-3.009912811995456,-1.326608093691449,32.13130036730252,8,20,1,1,1,1,1,0,0,1
0.05,269,20261088,0.00030224083587218457,0.000437288310094177,-5.196468583430484,-3.5923213237261713,30.88293720747024,7,23,1,1,1,1,1,0,0,1
0.05,270,20261089,0.0002410438979641803,0.00045436176811444696,-6.179038582238202,-3.4259821910044703,46.948903961597196,6,20,1,1,1,1,1,0,0,1
0.05,271,20261090,0.00020893553767689245,0.00029939470383306965,-6.799876849390936,-5.237558864125283,30.214016813942564,5,25,1,0,1,1,1,0,0,1
0.05,272,20261091,0.0003612556995558511,0.00047374825404035263,-4.421852922876338,-3.244523775769852,23.745217744891082,5,23,1,1,1,1,1,0,0,1
0.05,273,20261092,0.0006044731873311236,0.0013312436106948768,-2.1862295841345647,1.2425753639098789,54.593345464726525,9,19,1,1,1,1,1,0,0,1
0.05,274,20261093,0.0003424688792769773,0.0004811752416502966,-4.653788874485008,-3.176967269084177,28.82657925158311,8,23,1,1,1,1,1,0,0,1
0.05,275,20261094,0.0006534761083127427,0.0010627647899240124,-1.8477028599868621,0.2643715752313335,38.51169002696577,8,19,1,1,1,1,1,0,0,1
0.05,276,20261095,0.0003175589839433022,0.0007325925387069215,-4.981755962871775,-1.351375088422535,56.652713866862925,13,25,1,0,1,1,1,0,0,1
0.05,277,20261096,0.0006631220009386487,0.001123853326611914,-1.7840656290725678,0.507096354326917,40.9956810878724,11,13,1,1,1,1,1,0,0,1
0.05,278,20261097,0.0006872498594670681,0.0010310595909461574,-1.628853402915992,0.13283766419495777,33.34528231909375,13,21,1,1,1,1,1,0,0,1
0.05,279,20261098,0.0006691983501262726,0.0016695336363304974,-1.7444513843878076,2.2259517327093463,59.917048955232936,8,25,1,0,1,1,1,0,0,1
0.05,280,20261099,0.00024834256111128203,0.0003541797056937037,-6.0494884439316765,-4.507763272728328,29.882328908463812,12,15,1,1,1,1,1,0,0,1
0.05,281,20261100,0.0003481395974405421,0.0006061585893423814,-4.582465771986296,-2.1741373645140283,42.56625187506835,9,20,1,1,1,1,1,0,0,1
0.05,282,20261101,0.00045656022399644846,0.0007240093571740708,-3.4050192738656087,-1.4025582089842668,36.940010585156095,16,25,1,0,1,1,1,0,0,1
0.05,283,20261102,0.0003715241548631207,0.0005722560176332827,-4.300129450723434,-2.424096317487662,35.07728299657593,7,25,1,0,1,1,1,0,0,1
0.05,284,20261103,0.00036076734011476145,0.00046121181382143505,-4.42772785570093,-3.3609957689392926,21.77838266423118,6,23,1,1,1,1,1,0,0,1
0.05,285,20261104,0.0005111193197543531,0.0009123913742737388,-2.9147770287546138,-0.3981882918564049,43.98025516613386,5,19,1,1,1,1,1,0,0,1
0.05,286,20261105,0.00040105548293675383,0.000581930649377715,-3.9679554192731956,-2.3512876859267227,31.081910986193847,12,25,1,0,1,1,1,0,0,1
0.05,287,20261106,0.00041878098542716223,0.000638407463408625,-3.7801304550210197,-1.9490204443578039,34.40224160425997,6,16,1,1,1,1,1,0,0,1
0.05,288,20261107,0.0007215696566045572,0.0014711777227327,-1.4172173800253187,1.6766513998783048,50.95292394284983,9,25,1,0,1,1,1,0,0,1
0.05,289,20261108,0.00028258761808299304,0.0003915667118436337,-5.488468712066336,-4.071942358605083,27.831552188777437,9,25,1,0,1,1,1,0,0,1
0.05,290,20261109,0.00026268114722745144,0.0004570578410771248,-5.80571095652817,-3.400288360984811,42.527810789023064,12,16,1,1,1,1,1,0,0,1
0.05,291,20261110,0.0002979150422964288,0.0003999394441355322,-5.259075678779238,-3.980057613437636,25.509962404340694,7,16,1,1,1,1,1,0,0,1
0.05,292,20261111,0.0006981991312176618,0.0008056011131004696,-1.5602069592231294,-0.9387994238857723,13.331905844749413,12,21,1,1,1,1,1,0,0,1
0.05,293,20261112,0.00047595953161492583,0.0010179602854393278,-3.2242997153049897,0.0773083482687095,53.24380150945546,9,25,1,0,1,1,1,0,0,1
0.05,294,20261113,0.0005776507770529442,0.0008756248203910643,-2.3833463811042375,-0.5768193645300835,34.02987631221342,10,25,1,0,1,1,1,0,0,1
0.05,295,20261114,0.0004629228789986682,0.0007304912174359942,-3.344913545869658,-1.363850011424338,36.628549673257425,9,25,1,0,1,1,1,0,0,1
0.05,296,20261115,0.000246672109343686,0.00039680722162760125,-6.078799524271227,-4.014204325751221,37.83578123102186,8,25,1,0,1,1,1,0,0,1
0.05,297,20261116,0.0003041959724700566,0.0005355240862928037,-5.168465402685866,-2.712209911088604,43.19658438225054,12,19,1,1,1,1,1,0,0,1
0.05,298,20261117,0.00028318289087257665,0.0005602727547641375,-5.479329890616745,-2.516004961176288,49.45624457648482,6,25,1,0,1,1,1,0,0,1
0.05,299,20261118,0.0002196214074604363,0.0003165067434079445,-6.583253295734587,-4.996170325860857,30.61082835212551,7,21,1,1,1,1,1,0,0,1
0.05,300,20261119,0.00030358989954444945,0.000438617841996114,-5.177126815416439,-3.579137061677144,30.784872279058096,7,22,1,1,1,1,1,0,0,1
0.05,301,20261120,0.00047127335417902706,0.0006634644416784782,-3.2672711457975034,-1.7818234815243583,28.96780526974932,7,25,1,0,1,1,1,0,0,1
0.05,302,20261121,0.0003998367786027764,0.00048383236819375707,-3.9811726021891087,-3.153050808734517,17.360473402090268,11,25,1,0,1,1,1,0,0,1
0.05,303,20261122,0.0006765088403348689,0.0010381536318308953,-1.6972652385044338,0.1626162761576294,34.83538278031422,8,25,1,0,1,1,1,0,0,1
0.05,304,20261123,0.00034251839513153154,0.0005429508644846082,-4.653160995304169,-2.65239471053406,36.91539740770752,13,25,1,0,1,1,1,0,0,1
0.05,305,20261124,0.00027940314629823265,0.000731689660189283,-5.537687076983317,-1.356730821190832,61.81398186958758,10,25,1,0,1,1,1,0,0,1
0.05,306,20261125,0.000478003823599713,0.001036247798193884,-3.2056862940960746,0.1546362077592969,53.871668105558896,5,25,1,0,1,1,1,0,0,1
0.05,307,20261126,0.000496047844174663,0.0005723798770858727,-3.04476433471564,-2.423156429489225,13.335904347272816,6,17,1,1,1,1,1,0,0,1
0.05,308,20261127,0.0001968632836670123,0.00033516018858226204,-7.058352751656417,-4.747475738898331,41.26292728866454,6,25,1,0,1,1,1,0,0,1
0.05,309,20261128,0.0001662614156530249,0.00029715733718452,-7.792085259652472,-5.270135420020695,44.04936548822795,4,20,1,1,1,1,1,0,0,1
0.05,310,20261129,0.00024831191047272827,0.00045597179656353334,-6.050024486752963,-3.410620191242261,45.54226547691104,24,25,1,0,1,1,1,0,0,1
0.05,311,20261130,0.0003669582990358407,0.0005355997232092294,-4.353832859594082,-2.7115965609754804,31.486465893394374,6,20,1,1,1,1,1,0,0,1
0.05,312,20261131,0.00034802639310698856,0.000496619271160064,-4.583878194267497,-3.039764317889286,29.920884404258832,8,22,1,1,1,1,1,0,0,1
0.05,313,20261132,0.0005363402549431213,0.000816638448781215,-2.7055960590178896,-0.8797017658002687,34.32341377710325,11,19,1,1,1,1,1,0,0,1
0.05,314,20261133,0.00029899792634960354,0.0005174013851793376,-5.243318236422843,-2.8617241293115403,42.2116107698538,6,20,1,1,1,1,1,0,0,1
0.05,315,20261134,0.00031819496668239727,0.0003782553148773851,-4.973066944548346,-4.222149609764113,15.878256255158488,12,15,1,1,1,1,1,0,0,1
0.05,316,20261135,0.00022109504982946362,0.0002935426815612538,-6.55420980875899,-5.323287427337159,24.680442158007775,7,25,1,0,1,1,1,0,0,1
0.05,317,20261136,0.0006058074858130369,0.000844387108373053,-2.1766536450067346,-0.7345840587739048,28.254768481686813,16,25,1,0,1,1,1,0,0,1
0.05,318,20261137,0.00021395608645191944,0.00031598643865720565,-6.696753545416506,-5.003315558079403,32.28947186432032,8,14,1,1,1,1,1,0,0,1
0.05,319,20261138,0.0011066014513007143,0.0014096822259929164,0.4399123545293798,1.4912122396630656,21.499935879430257,15,25,1,0,1,1,1,0,0,1
0.05,320,20261139,0.0005791169584115077,0.0009670323728992793,-2.372337173379023,-0.14558986996431586,40.11400500737681,5,25,1,0,1,1,1,0,0,1
0.05,321,20261140,0.00037145720912028305,0.0006619033063349676,-4.30091208587929,-1.7920544952148745,43.88044211818747,7,23,1,1,1,1,1,0,0,1
0.05,322,20261141,0.001050711166969792,0.001671130782806442,0.21483347968566063,2.230104391385081,37.12573678971658,19,20,1,1,1,1,1,0,0,1
0.05,323,20261142,0.00032298311784967944,0.00040753044767758047,-4.90820177409884,-3.8983993842246996,20.74626087687834,8,25,1,0,1,1,1,0,0,1
0.05,324,20261143,0.0003545006353672202,0.0008674187890943774,-4.503829820994466,-0.6177117486464812,59.131547549559755,5,21,1,1,1,1,1,0,0,1
0.05,325,20261144,0.000188418790846492,0.0003083028589474596,-7.2487578756227435,-5.110224479645432,38.88516263204617,4,23,1,1,1,1,1,0,0,1
0.05,326,20261145,0.0005618222966265788,0.0006339795858070791,-2.5040102926804937,-1.9792472620986956,11.38164237396405,16,25,1,0,1,1,1,0,0,1
0.05,327,20261146,0.0005870664891868748,0.000699792125357276,-2.3131270922647227,-1.5503094886815063,16.108445934976693,22,25,1,0,1,1,1,0,0,1
0.05,328,20261147,0.00031169773626768787,0.0007532572316060067,-5.062663518137013,-1.2305669021350576,58.62001409490321,20,25,1,0,1,1,1,0,0,1
0.05,329,20261148,0.0007090311509381174,0.001540452753689964,-1.4933468388133662,1.8764838286951524,53.972548055127234,12,25,1,0,1,1,1,0,0,1
0.05,330,20261149,0.0008796769457590242,0.002062113804063581,-0.556767897057426,3.1431262947949854,57.3410088218438,14,25,1,0,1,1,1,0,0,1
0.05,331,20261150,0.00036390986371728594,0.000633947119124727,-4.390061727733894,-1.9794696740242346,42.596179911705235,7,25,1,0,1,1,1,0,0,1
0.05,332,20261151,0.0007418385067766628,0.0008128793418774967,-1.296906274018768,-0.8997391325665527,8.739407122433663,13,25,1,0,1,1,1,0,0,1
0.05,333,20261152,0.0003536809029653842,0.0007364680999896971,-4.5138838932480425,-1.3284605981725641,51.97607296631965,5,25,1,0,1,1,1,0,0,1
0.05,334,20261153,0.000317433503325462,0.0008643566779093252,-4.983472378159067,-0.6330700835105338,63.27517199343461,10,25,1,0,1,1,1,0,0,1
0.05,335,20261154,0.0004755171370000317,0.0005868759619891195,-3.228338270537185,-2.314536785070043,18.974848554310412,5,16,1,1,1,1,1,0,0,1
0.05,336,20261155,0.0005740596420587863,0.0007783777253418411,-2.41042984132662,-1.0880960066819791,26.24922022188189,6,25,1,0,1,1,1,0,0,1
0.05,337,20261156,0.0007837764362848223,0.0012377855389608323,-1.0580779743523991,0.9264540452725923,36.679140964691484,10,25,1,0,1,1,1,0,0,1
0.05,338,20261157,0.000407691193774776,0.000931020318295504,-3.8966866930900554,-0.31040841008634956,56.21027965091351,8,22,1,1,1,1,1,0,0,1
0.05,339,20261158,0.0003972160400041228,0.0005242122340534498,-4.009732225517084,-2.8049284771619316,24.226102673593502,4,25,1,0,1,1,1,0,0,1
0.05,340,20261159,0.00025568220502212403,0.00033624077083188066,-5.922994969624278,-4.733496273814901,23.958595387004888,8,19,1,1,1,1,1,0,0,1
0.05,341,20261160,0.00023286112300918368,0.00032490688417184416,-6.329030124182312,-4.882410866661885,28.32988946887848,16,25,1,0,1,1,1,0,0,1
0.05,342,20261161,0.00026157175953570966,0.0004034187772993898,-5.824091462034996,-3.9424389123053905,35.161233374719934,7,23,1,1,1,1,1,0,0,1
0.05,343,20261162,0.00038837947723614503,0.000521326667084212,-4.107437271640842,-2.828900593213799,25.50170521520463,13,18,1,1,1,1,1,0,0,1
0.05,344,20261163,0.0001289010702751974,0.000285718459109338,-8.897434766521622,-5.440617007080589,54.885284389039114,4,17,1,1,1,1,1,0,0,1
0.05,345,20261164,0.00032021599038590273,0.000608748486448716,-4.945569848371871,-2.1556210557655007,47.39765313356893,6,18,1,1,1,1,1,0,0,1
0.05,346,20261165,0.0004606710568736045,0.0005964111245260043,-3.3660907282425634,-2.2445426448933277,22.759479505061005,5,24,1,1,1,1,1,0,0,1
0.05,347,20261166,0.0003022193565194155,0.0005020776689120868,-5.196777234504742,-2.9922909446697767,39.8062540454605,13,17,1,1,1,1,1,0,0,1
0.05,348,20261167,0.00027454397448396014,0.00039050537752442836,-5.613880834682922,-4.083729812153486,29.69521284843617,7,17,1,1,1,1,1,0,0,1
0.05,349,20261168,0.0005012604233663547,0.0010565669963601742,-2.9993658342228615,0.23897040647230403,52.55763003262696,12,25,1,0,1,1,1,0,0,1
0.05,350,20261169,0.00044092511884964936,0.000545026323029077,-3.5563515935681544,-2.635825221816925,19.10021585762453,9,25,1,0,1,1,1,0,0,1
0.05,351,20261170,0.0006109951434894044,0.0014455160332476273,-2.1396224174457386,1.6002291310273666,57.73169377328266,10,19,1,1,1,1,1,0,0,1
0.05,352,20261171,0.00030009644263393116,0.0007705926991250804,-5.227391527044734,-1.131751099670757,61.05641242453292,8,10,1,1,1,1,1,0,0,1
0.05,353,20261172,0.00020366647025866022,0.00027081813452350343,-6.910804632935789,-5.673222577867585,24.79585216218796,11,12,1,1,1,1,1,0,0,1
0.05,354,20261173,0.00040352574337808967,0.0006626562650301307,-3.941287537537686,-1.787116916736664,39.1048172826463,9,16,1,1,1,1,1,0,0,1
0.05,355,20261174,0.0003539379658875888,0.0007232124955174486,-4.510728493683656,-1.4073407881671527,51.060308266057945,5,25,1,0,1,1,1,0,0,1
0.05,356,20261175,0.00044066154363774546,0.0007187593903481007,-3.5589484854762987,-1.4341646835487218,38.69136882867997,8,25,1,0,1,1,1,0,0,1
0.05,357,20261176,0.0005435251983311817,0.001086648304595946,-2.6478031681686582,0.36089006747019126,49.981498518668985,11,25,1,0,1,1,1,0,0,1
0.05,358,20261177,0.00034550413202640864,0.0004403939320179538,-4.615467543519026,-3.5615867359963667,21.54657298676784,25,21,0,1,1,1,1,0,0,1
0.05,359,20261178,0.0003826586538802404,0.0006160169583493215,-4.171884605915847,-2.104073319651897,37.881798756707575,7,25,1,0,1,1,1,0,0,1
0.05,360,20261179,0.0003147272516081004,0.0004375360518788293,-5.020656507613524,-3.5898615638574616,28.06826997303971,7,25,1,0,1,1,1,0,0,1
0.05,361,20261180,0.0006010204305927937,0.0008448654232579674,-2.2111076469792326,-0.732124633474343,28.861992212305175,11,25,1,0,1,1,1,0,0,1
0.05,362,20261181,0.0004199359922107931,0.0007772307051793082,-3.768169009070632,-1.0945005054970136,45.97022616162427,10,25,1,0,1,1,1,0,0,1
0.05,363,20261182,0.0002975969199722453,0.00038189522724129917,-5.263715679043175,-4.180557692143217,22.073673944029228,9,25,1,0,1,1,1,0,0,1
0.05,364,20261183,0.0003880563393836553,0.0008096469940166812,-4.111052174285177,-0.9170429219176017,52.07092198805098,14,25,1,0,1,1,1,0,0,1
0.05,365,20261184,0.0002839371958922891,0.0005022829135387719,-5.467777109872251,-2.9905159524686105,43.47066399455143,5,25,1,0,1,1,1,0,0,1
0.05,366,20261185,0.0007249001236439431,0.0009596924622467739,-1.3972182617150959,-0.17867916280411023,24.4653727979846,11,25,1,0,1,1,1,0,0,1
0.05,367,20261186,0.0001619731934917606,0.00024148602641336258,-7.905568550988573,-6.171079946315037,32.92647367740287,9,24,1,1,1,1,1,0,0,1
0.05,368,20261187,0.00029600666639075375,0.0003292642938505866,-5.2869850804877405,-4.824553625903566,10.100587303561223,17,21,1,1,1,1,1,0,0,1
0.05,369,20261188,0.0010303920464853453,0.001598239437118019,0.13002497743941996,2.0364184283121625,35.52955692650338,14,25,1,0,1,1,1,0,0,1
0.05,370,20261189,0.000296308072635842,0.00036712340576810034,-5.282565164124813,-4.351879263870737,19.289244984012278,7,23,1,1,1,1,1,0,0,1
0.05,371,20261190,0.00030272702720421976,0.0005047269901586328,-5.189488038809904,-2.969434708487446,40.02162889900649,8,25,1,0,1,1,1,0,0,1
0.05,372,20261191,0.0004529297076625336,0.0007890205998873612,-3.439691930048716,-1.0291165800652333,42.5959591261378,9,22,1,1,1,1,1,0,0,1
0.05,373,20261192,0.0003314413376338931,0.0005262486442662419,-4.795933269767,-2.7880900999418214,37.01811087874102,19,25,1,0,1,1,1,0,0,1
0.05,374,20261193,0.00029003679469833196,0.00035660239213388594,-5.3754690306382304,-4.47815747848656,18.666615509007016,11,25,1,0,1,1,1,0,0,1
0.05,375,20261194,0.0004019197472705144,0.000529930610326409,-3.958606553657388,-2.757809936543922,24.156155647820892,6,24,1,1,1,1,1,0,0,1
0.05,376,20261195,0.0002040886855189914,0.00031416650821447577,-6.9018107148615275,-5.028401148813954,35.03805142091602,7,14,1,1,1,1,1,0,0,1
0.05,377,20261196,0.00033086778999048355,0.0004984256099264275,-4.803455093897695,-3.023996510118386,33.61741784509771,8,13,1,1,1,1,1,0,0,1
0.05,378,20261197,0.00020200111711300383,0.00029912456282736664,-6.9464622879757565,-5.241479231024545,32.469231144489974,4,16,1,1,1,1,1,0,0,1
0.05,379,20261198,0.0003067824242609582,0.0004061363041313284,-5.131695249874889,-3.9132818761116743,24.463186092874643,14,25,1,0,1,1,1,0,0,1
0.05,380,20261199,0.0015325807266726907,0.0018820091074493884,1.8542335968319557,2.746217207413142,18.566774166691676,6,22,1,1,1,1,1,0,0,1
0.05,381,20261200,0.0004882431451205319,0.0007353053397906092,-3.1136384544353994,-1.3353228016837164,33.59994566888804,17,25,1,0,1,1,1,0,0,1
0.05,382,20261201,0.00047848826841251254,0.0006376994001019323,-3.201287057997155,-1.953839915630712,24.966486037774356,9,25,1,0,1,1,1,0,0,1
0.05,383,20261202,0.0004617489336247284,0.0006572604135921407,-3.3559409885779323,-1.8226252423297176,29.74642560608189,8,23,1,1,1,1,1,0,0,1
0.05,384,20261203,0.0005716446473313981,0.0011324285753818433,-2.428738587256734,0.5401081969525069,49.52046780180857,8,25,1,0,1,1,1,0,0,1
0.05,385,20261204,0.0002373633442890838,0.0004687542636402008,-6.245863477324043,-3.2905476904131086,49.36294713443385,9,25,1,0,1,1,1,0,0,1
0.05,386,20261205,0.0002088223113110844,0.00040921553787623627,-6.802231016389814,-3.880478845253771,48.97009229052272,10,19,1,1,1,1,1,0,0,1
0.05,387,20261206,0.00038292805158052895,0.0005726847543234244,-4.168828180336165,-2.4208437826495004,33.13458256228175,6,18,1,1,1,1,1,0,0,1
0.05,388,20261207,0.00014956611205522324,0.0002712155115963938,-8.25166795606486,-5.666854755421687,44.85340783981475,8,16,1,1,1,1,1,0,0,1
0.05,389,20261208,0.00042557617460799104,0.0005083984318979349,-3.7102269350885484,-2.937957976521054,16.290816826628433,7,23,1,1,1,1,1,0,0,1
0.05,390,20261209,0.0003520048256258657,0.00047554727803480204,-4.5345138274823285,-3.228062998223826,25.97900526725234,6,21,1,1,1,1,1,0,0,1
0.05,391,20261210,0.0003762986390936544,0.0005134993793283417,-4.244673523290462,-2.8946007700231973,26.718774307798803,6,22,1,1,1,1,1,0,0,1
0.05,392,20261211,0.00040380251720027965,0.0007405766865959888,-3.9383097810465317,-1.304299636909521,45.474584265360704,7,21,1,1,1,1,1,0,0,1
0.05,393,20261212,0.0005329583312198114,0.0007660197043001203,-2.73306744498219,-1.1576005888077814,30.424984079652003,8,15,1,1,1,1,1,0,0,1
0.05,394,20261213,0.0005040869294042781,0.0010029463196140082,-2.974945633458012,0.012776890330788177,49.73939087804022,6,25,1,0,1,1,1,0,0,1
0.05,395,20261214,0.0002878384574407282,0.0006674652796960935,-5.4085118142617405,-1.7557132056799585,56.87589059736782,6,25,1,0,1,1,1,0,0,1
0.05,396,20261215,0.00031118067897860656,0.0004951965194125823,-5.069873759287079,-3.0522241650252155,37.160164342887775,4,15,1,1,1,1,1,0,0,1
0.05,397,20261216,0.0005624312568013784,0.0007221725790049051,-2.4993055164550193,-1.4135900581911234,22.119549654410473,7,14,1,1,1,1,1,0,0,1
0.05,398,20261217,0.00028723058140554044,0.0004110390497312202,-5.417693226866355,-3.861169171088804,30.120853093310366,6,25,1,0,1,1,1,0,0,1
0.05,399,20261218,0.000208835165642713,0.00042834841189636684,-6.8019636889454524,-3.682028389088638,51.24642467607938,6,21,1,1,1,1,1,0,0,1
0.05,400,20261219,0.0005278295533287494,0.0005997192793167968,-2.775062971620517,-2.2205198957089918,11.98722943673655,10,18,1,1,1,1,1,0,0,1
0.05,401,20261220,0.0006215791303640591,0.0005931625809670851,-2.06503575481084,-2.2682625378675576,-4.790684764815062,6,15,1,1,1,1,0,1,0,1
0.05,402,20261221,0.00031500899281696046,0.000653313790345261,-5.016770478769551,-1.8487817449403803,51.78289552858121,17,18,1,1,1,1,1,0,0,1
0.05,403,20261222,0.00031775398815201425,0.0006216065614146904,-4.979089898800335,-2.0648440995496395,48.88181562484633,8,23,1,1,1,1,1,0,0,1
0.05,404,20261223,0.0004219096000996933,0.0008654138304693506,-3.747805926013176,-0.6277616847572193,51.24764762877966,16,25,1,0,1,1,1,0,0,1
0.05,405,20261224,0.00035441303506373754,0.000524163567304206,-4.504903134437161,-2.805331685641879,32.385030709689,8,24,1,1,1,1,1,0,0,1
0.05,406,20261225,0.0006607369989014395,0.0008487255106119161,-1.7997137357788404,-0.7123274379780432,22.149506449374915,14,25,1,0,1,1,1,0,0,1
0.05,407,20261226,0.00058213642026248,0.0005957817458048937,-2.349752290534974,-2.2491280729360628,2.2903228637827873,7,23,1,1,1,1,1,0,0,1
0.05,408,20261227,0.0005946467728968254,0.0012151055317871752,-2.2574093365767225,0.8461399800225802,51.06212939198623,7,24,1,1,1,1,1,0,0,1
0.05,409,20261228,0.00043981741694827236,0.0005687736651576723,-3.567275763968885,-2.450605201219526,22.67268266959079,9,18,1,1,1,1,1,0,0,1
0.05,410,20261229,0.0012309362526195283,0.0015436362961226701,0.9023556239318696,1.8854498175506353,20.257365306101356,10,21,1,1,1,1,1,0,0,1
0.05,411,20261230,0.0005552610446680366,0.0006689477580001539,-2.555027941650308,-1.7460779747607578,16.994856769082883,15,25,1,0,1,1,1,0,0,1
0.05,412,20261231,0.0002431966797180997,0.00033353362456516305,-6.140423586342988,-4.76860376958836,27.084808904900704,8,25,1,0,1,1,1,0,0,1
0.05,413,20261232,0.0003356121101398455,0.0005256616422012631,-4.741623765917878,-2.7929371251573336,36.154346599376225,9,25,1,0,1,1,1,0,0,1
0.05,414,20261233,0.0003047794011879963,0.0005871373832662354,-5.16014388555175,-2.312602670429203,48.09061560813696,9,18,1,1,1,1,1,0,0,1
0.05,415,20261234,0.0007513213122604969,0.0009375865382491745,-1.241742916262976,-0.279886368273399,19.86645694983043,13,24,1,1,1,1,1,0,0,1
0.05,416,20261235,0.00022061153957051582,0.0003829423135381496,-6.5637177457612905,-4.168666432610216,42.3903988221615,9,25,1,0,1,1,1,0,0,1
0.05,417,20261236,0.0007027441251212122,0.0011393041146693006,-1.532027763688379,0.566396658646391,38.3181262954366,10,25,1,0,1,1,1,0,0,1
0.05,418,20261237,0.0005537789801929312,0.0012176432777291234,-2.5666353280761536,0.8552007548508067,54.520425618764456,10,25,1,0,1,1,1,0,0,1
0.05,419,20261238,0.0008399624742416669,0.0017492058893552008,-0.7574011583551299,2.428409308899243,51.98035409363405,7,25,1,0,1,1,1,0,0,1
0.05,420,20261239,0.0007558760210732275,0.0013398663826170117,-1.2154943171999386,1.2706149076369542,43.58571639084943,12,25,1,0,1,1,1,0,0,1
0.05,421,20261240,0.00033613907606329623,0.0006339027717214945,-4.734809979969996,-1.979773492838393,46.973086243109364,12,20,1,1,1,1,1,0,0,1
0.05,422,20261241,0.0005283516875266426,0.0008885677280236422,-2.7707690112535035,-0.5130946399157501,40.53895152125255,11,16,1,1,1,1,1,0,0,1
0.05,423,20261242,0.00043475174868458854,0.0005965595503185032,-3.6175866247639417,-2.2434619728475482,27.123495306969012,8,13,1,1,1,1,1,0,0,1
0.05,424,20261243,0.000574596664994859,0.0007597618897086081,-2.406368990167707,-1.1932249480914334,24.371481015554174,10,25,1,0,1,1,1,0,0,1
0.05,425,20261244,0.00031525277741907505,0.000789205281623925,-5.01341078545635,-1.0281001696717191,60.05440095758248,10,25,1,0,1,1,1,0,0,1
0.05,426,20261245,0.000433873685083776,0.0006956724345050951,-3.626366895100461,-1.575952048923238,37.632474198516164,4,25,1,0,1,1,1,0,0,1
0.05,427,20261246,0.00019345635946236027,0.0003398965670272831,-7.134169892096526,-4.686532217912759,43.08375599250117,5,22,1,1,1,1,1,0,0,1
0.05,428,20261247,0.0005818131797017819,0.000944682547797915,-2.3521644498836554,-0.24714107788785294,38.41177853258675,13,25,1,0,1,1,1,0,0,1
0.05,429,20261248,0.0005071634934523989,0.0007706065789141441,-2.948520153053142,-1.1316728759668346,34.18645683416834,12,22,1,1,1,1,1,0,0,1
0.05,430,20261249,0.0005128026683516218,0.0010176305379468226,-2.900497236464736,0.07590131188375489,49.60816826642649,14,25,1,0,1,1,1,0,0,1
0.05,431,20261250,0.0009257209497084339,0.0013792864752842048,-0.33519907773558155,1.3965447771601713,32.88406967684598,20,25,1,0,1,1,1,0,0,1
0.05,432,20261251,0.0002820798898294335,0.0005127920876476857,-5.496278746649973,-2.9005868457632893,44.99137240525506,9,25,1,0,1,1,1,0,0,1
0.05,433,20261252,0.0005249583900093812,0.0009498338316587407,-2.7987511889020116,-0.22352365559399473,44.73155487706508,16,25,1,0,1,1,1,0,0,1
0.05,434,20261253,0.00021223729704790008,0.0003546821484856289,-6.7317829395607385,-4.501606694623263,40.16126891243878,14,25,1,0,1,1,1,0,0,1
0.05,435,20261254,0.0008055762388715725,0.000915773009896141,-0.9389335213560381,-0.38212160356152136,12.033197073264487,11,19,1,1,1,1,1,0,0,1
0.05,436,20261255,0.0004689365355605233,0.0009039439990471601,-3.2888592939765333,-0.43858474013736204,48.12327577208041,9,25,1,0,1,1,1,0,0,1
0.05,437,20261256,0.0007931494289420778,0.0012576122794645457,-1.0064498411821574,0.9954676921509833,36.93211795929843,13,23,1,1,1,1,1,0,0,1
0.05,438,20261257,0.0004917176482838906,0.0006904202845035067,-3.0828420412642887,-1.6088645756148918,28.779953410915013,10,21,1,1,1,1,1,0,0,1
0.05,439,20261258,0.00043127652822840483,0.00047843228327086487,-3.6524417723143965,-3.2017952305527784,9.856307086987014,7,20,1,1,1,1,1,0,0,1
0.05,440,20261259,0.0003513551529247429,0.0006174067994229558,-4.542536727789008,-2.09428591997413,43.09179081715194,8,25,1,0,1,1,1,0,0,1
0.05,441,20261260,0.00028210792657312256,0.0003612932297003337,-5.49584711013707,-4.421401766310783,21.917184330547663,9,23,1,1,1,1,1,0,0,1
0.05,442,20261261,0.00043294267017057053,0.0006280312569336693,-3.6356960867430836,-2.0201874101439086,31.063515487367436,9,21,1,1,1,1,1,0,0,1
0.05,443,20261262,0.00019589742845466758,0.0002906861765232994,-7.07971264951042,-5.365756204565956,32.60861909648952,6,11,1,1,1,1,1,0,0,1
0.05,444,20261263,0.00020023620089585752,0.0003034841895911165,-6.984574032401114,-5.178639291428851,34.020878924323775,5,18,1,1,1,1,1,0,0,1
0.05,445,20261264,0.00038888187682623824,0.0006120754352275778,-4.101822959313751,-2.1319504993912117,36.46504099913,9,25,1,0,1,1,1,0,0,1
0.05,446,20261265,0.0002585836057440015,0.000357981158298512,-5.873990129460075,-4.4613983107212265,27.766140829016823,8,23,1,1,1,1,1,0,0,1
0.05,447,20261266,0.0002675167328283498,0.0004612287811664872,-5.726490482306248,-3.360836000941883,41.999124132761835,8,21,1,1,1,1,1,0,0,1
0.05,448,20261267,0.0006168026800227092,0.0007761235349884651,-2.0985374793286895,-1.100691469198705,20.527770101459907,20,25,1,0,1,1,1,0,0,1
0.05,449,20261268,0.0005593375190634035,0.0006936176470316489,-2.523260482281662,-1.5887986606389293,19.359387487169617,10,16,1,1,1,1,1,0,0,1
0.05,450,20261269,0.0005537569318934951,0.000739615989473665,-2.5668082426458243,-1.3099370856597519,25.129129200199326,6,14,1,1,1,1,1,0,0,1
0.05,451,20261270,0.0002774352324391745,0.0003531874992284853,-5.568383872342649,-4.51994676306714,21.448173266264128,7,21,1,1,1,1,1,0,0,1
0.05,452,20261271,0.0004790867776943515,0.0007293488440860171,-3.1958581506049857,-1.370647010034175,34.31308192519059,5,17,1,1,1,1,1,0,0,1
0.05,453,20261272,0.0003510558567858732,0.0005304848840348405,-4.546237770843165,-2.7532698664254056,33.82358906897391,6,25,1,0,1,1,1,0,0,1
0.05,454,20261273,0.00025915290230717783,0.0003767714853712137,-5.864439230431109,-4.2392197269055565,31.217485300978197,6,15,1,1,1,1,1,0,0,1
0.05,455,20261274,0.000584928504117148,0.0010363593471604338,-2.328972145416882,0.1551036875785181,43.5592967130736,6,25,1,0,1,1,1,0,0,1
0.05,456,20261275,0.00018817728181874297,0.00020662319530005859,-7.254328090506684,-6.848209266432371,8.927319827054474,6,25,1,0,1,1,1,0,0,1
0.05,457,20261276,0.0002774226974115065,0.0004097512193481902,-5.568580098910019,-3.874797453708798,32.29484518610698,10,25,1,0,1,1,1,0,0,1
0.05,458,20261277,0.000362301759796053,0.0005627872938367342,-4.40929556476479,-2.496557162815083,35.62367811716134,6,18,1,1,1,1,1,0,0,1
0.05,459,20261278,0.00041975468658952346,0.0005745350374373557,-3.770044462355205,-2.4068348115896714,26.940106479530183,10,20,1,1,1,1,1,0,0,1
0.05,460,20261279,0.0004877039726324539,0.0008059452868415606,-3.118437068129311,-0.9369444011715679,39.486714471185834,5,25,1,0,1,1,1,0,0,1
0.05,461,20261280,0.00033643443953062884,0.0008140031735992816,-4.730995535027088,-0.8937390189953464,58.66914891215779,5,25,1,0,1,1,1,0,0,1
0.05,462,20261281,0.0005117913945213825,0.0006902808189664466,-2.9090702079994295,-1.6097419431090534,25.857508935611918,11,25,1,0,1,1,1,0,0,1
0.05,463,20261282,0.0003480270321261855,0.0006282934897406931,-4.583870220094797,-2.018374403387178,44.60756990020351,7,21,1,1,1,1,1,0,0,1
0.05,464,20261283,0.00047445278861188303,0.00044411065950907393,-3.23806996440981,-3.5250880279927315,-6.832110072825029,9,15,1,1,1,1,0,1,0,1
0.05,465,20261284,0.000542857361144113,0.0013942492007187244,-2.6531426876438013,1.4434040419566103,61.064538472442784,15,25,1,0,1,1,1,0,0,1
0.05,466,20261285,0.0005494563158068927,0.0005759834154243233,-2.6006683018892347,-2.3959002125281916,4.605531844677891,12,25,1,0,1,1,1,0,0,1
0.05,467,20261286,0.00029209364296531315,0.0005299153846481674,-5.344778947728673,-2.7579347174663456,44.87919176771097,9,22,1,1,1,1,1,0,0,1
0.05,468,20261287,0.0004454382778287053,0.0006686802543759036,-3.5121246548900986,-1.747815009995889,33.38545965523623,8,17,1,1,1,1,1,0,0,1
0.05,469,20261288,0.0005088176220834923,0.0005823925814010197,-2.9343785600529677,-2.3478416576425127,12.633223991372528,10,18,1,1,1,1,1,0,0,1
0.05,470,20261289,0.0006554552565340432,0.0007983069447897678,-1.8345694928829945,-0.9783009261200643,17.8943311451893,15,25,1,0,1,1,1,0,0,1
0.05,471,20261290,0.0002963437552624987,0.00033383417803855826,-5.282042200484237,-4.764692021873598,11.23025299456587,10,19,1,1,1,1,1,0,0,1
0.05,472,20261291,0.0005422549993002651,0.0005775970066276008,-2.6579643533311446,-2.383750661456262,6.1188002918654485,12,19,1,1,1,1,1,0,0,1
0.05,473,20261292,0.000452622357730992,0.0006583970443306456,-3.442639974440826,-1.815121274218075,31.25388978756017,9,21,1,1,1,1,1,0,0,1
0.05,474,20261293,0.0006132084191504805,0.0011095402946350373,-2.123918910559284,0.4514307891582199,44.73310954856453,10,22,1,1,1,1,1,0,0,1
0.05,475,20261294,0.00025545576752805134,0.00034099203532488834,-5.9268428762908245,-4.672557648633603,25.084535395479328,12,22,1,1,1,1,1,0,0,1
0.05,476,20261295,0.00033819643971216753,0.000545937875969352,-4.708309686528197,-2.628567742526317,38.05221168953053,10,25,1,0,1,1,1,0,0,1
0.05,477,20261296,0.00030172996176947996,0.00040266604467662415,-5.203815622642728,-3.9505499127987695,25.06694672708364,8,21,1,1,1,1,1,0,0,1
0.05,478,20261297,0.0001953761257214597,0.0006043517584654796,-7.091285066402698,-2.1871020989954424,67.67178667312184,8,19,1,1,1,1,1,0,0,1
0.05,479,20261298,0.0006398459304097087,0.0006869715470913097,-1.9392458793505318,-1.6306125012696189,6.859908082239289,10,25,1,0,1,1,1,0,0,1
0.05,480,20261299,0.0005546836485142363,0.0007796637927052266,-2.5595463647325998,-1.0809263378425247,28.856046195292578,14,25,1,0,1,1,1,0,0,1
0.05,481,20261300,0.00028469991446833343,0.0003932936918203861,-5.456126633270049,-4.052830193404893,27.61137023312505,12,25,1,0,1,1,1,0,0,1
0.05,482,20261301,0.0002292523783977564,0.0003094039553593121,-6.396861500105552,-5.094741386659235,25.905155888674834,7,25,1,0,1,1,1,0,0,1
0.05,483,20261302,0.0005513853217856014,0.0008045799107263327,-2.585447992610132,-0.9443081537601737,31.4691661530749,9,25,1,0,1,1,1,0,0,1
0.05,484,20261303,0.00029163262974489686,0.0005496959732553384,-5.35163885959831,-2.598774444048204,46.94655883727366,7,18,1,1,1,1,1,0,0,1
0.05,485,20261304,0.00043695073276807167,0.0007715261978127105,-3.595675280025121,-1.126493225206922,43.365405606856356,12,25,1,0,1,1,1,0,0,1
0.05,486,20261305,0.0006658711361713979,0.0012024972416733379,-1.766098102661482,0.8008408884842859,44.62597392366545,8,20,1,1,1,1,1,0,0,1
0.05,487,20261306,0.0003220807307383501,0.00040995711525455586,-4.920352571248408,-3.8726157153004657,21.435506604548237,12,19,1,1,1,1,1,0,0,1
0.05,488,20261307,0.000468379881314882,0.0008168568949855614,-3.2940176778750563,-0.8785402077699033,42.66071766179301,13,25,1,0,1,1,1,0,0,1
0.05,489,20261308,0.0004917300569398618,0.0011970556201395116,-3.0827324470115833,0.7811432998743097,58.921703497574086,12,25,1,0,1,1,1,0,0,1
0.05,490,20261309,0.0003459358736133196,0.0004447276218368009,-4.610043992331864,-3.519058958742912,22.213989725993304,10,18,1,1,1,1,1,0,0,1
0.05,491,20261310,0.00019909479018402013,0.00031741477560348716,-7.00940104231429,-4.98372860776808,37.2761429251396,9,25,1,0,1,1,1,0,0,1
0.05,492,20261311,0.0003985673947091338,0.0006641068832801598,-3.994982321711269,-1.7776201839826067,39.98445058413972,6,25,1,0,1,1,1,0,0,1
0.05,493,20261312,0.00026886041596287785,0.0006652494256823552,-5.704731337913783,-1.7701549170794026,59.58502095855187,6,25,1,0,1,1,1,0,0,1
0.05,494,20261313,0.0005421968552232579,0.0007762510632533126,-2.658430056842434,-1.0999779194936625,30.15186955739811,15,20,1,1,1,1,1,0,0,1
0.05,495,20261314,0.0006745351359644956,0.0011454764095686779,-1.7099542337077753,0.5898614957112109,41.11313595550277,12,25,1,0,1,1,1,0,0,1
0.05,496,20261315,0.0002697963699590659,0.00044263847303766793,-5.689638979456285,-3.5395084096952916,39.048142808836545,7,15,1,1,1,1,1,0,0,1
0.05,497,20261316,0.000888663851025455,0.0014990087748988747,-0.5126248565762673,1.7580417512913769,40.71656778090538,16,25,1,0,1,1,1,0,0,1
0.05,498,20261317,0.0003876516253994927,0.0005443326888337977,-4.115583907205265,-2.6413558419504133,28.784062880733,9,25,1,0,1,1,1,0,0,1
0.05,499,20261318,0.0005044333543290571,0.0007701184894440775,-2.9719620456894926,-1.1344244969402242,34.49925417409593,7,25,1,0,1,1,1,0,0,1
0.05,500,20261319,0.00021607019577013053,0.00029450716005098554,-6.654051345755677,-5.309041421915385,26.633296204844694,5,20,1,1,1,1,1,0,0,1
0.06,1,20260820,0.00019058152703786604,0.0003085173207496967,-7.199191975818731,-5.107204488273247,38.2266361659199,10,25,1,0,1,1,1,0,0,1
0.06,2,20260821,0.00020388676423538599,0.00031950867412694565,-6.906109665029333,-4.955173469755911,36.187408747977,6,13,1,1,1,1,1,0,0,1
0.06,3,20260822,0.0001584263328376863,0.00018734589192011958,-8.001726304762434,-7.273558255805062,15.436452214689604,7,18,1,1,1,1,1,0,0,1
0.06,4,20260823,0.00037231246322547336,0.0006024683178581747,-4.290924254537725,-2.2006578649773654,38.20215068751244,7,17,1,1,1,1,1,0,0,1
0.06,5,20260824,0.00023536101531381468,0.0003146028696752577,-6.282654711281188,-5.022373202427853,25.187899412118767,10,25,1,0,1,1,1,0,0,1
0.06,6,20260825,0.00027642724284139596,0.0003471437227914057,-5.584191579958948,-4.59490683444161,20.37095165696037,8,25,1,0,1,1,1,0,0,1
0.06,7,20260826,0.00025080365700498987,0.0002945651060455766,-6.00666135283473,-5.308187006346062,14.856290898832988,12,25,1,0,1,1,1,0,0,1
0.06,8,20260827,0.00025287532051878876,0.00029177997819477685,-5.970935537537021,-5.349445125037566,13.333559731098957,7,20,1,1,1,1,1,0,0,1
0.06,9,20260828,0.0002997775189331627,0.0005758607205579196,-5.232009390973344,-2.3968254367312576,47.94270415896315,5,13,1,1,1,1,1,0,0,1
0.06,10,20260829,0.000220963962137232,0.00034888005069134964,-6.5567855129753605,-4.573238632327846,36.664775845060745,11,25,1,0,1,1,1,0,0,1
0.06,11,20260830,0.00016905222840189749,0.0002786119406795955,-7.719791001051393,-5.550002746308936,39.32340875644378,6,18,1,1,1,1,1,0,0,1
0.06,12,20260831,0.00022164967395248307,0.00032442366162526294,-6.543329032130184,-4.888874783248315,31.67894325522181,6,25,1,0,1,1,1,0,0,1
0.06,13,20260832,0.00022447628493051206,0.0003702496042381083,-6.4882953380471005,-4.315053970263288,39.37163406496151,11,25,1,0,1,1,1,0,0,1
0.06,14,20260833,0.00021889842398404772,0.00038863476232635526,-6.597573652365243,-4.1045835553423595,43.6750272482758,4,25,1,0,1,1,1,0,0,1
0.06,15,20260834,0.00018003869672613397,0.0002994161092616853,-7.446341395165906,-5.237248373421668,39.87007006066504,11,23,1,1,1,1,1,0,0,1
0.06,16,20260835,0.00017772232193461672,0.00031480856404309123,-7.502580213550695,-5.019534616177166,43.545906231988674,7,25,1,0,1,1,1,0,0,1
0.06,17,20260836,0.0003304960088786825,0.00041483399639447797,-4.808337807545306,-3.821256596081573,20.330539022553005,6,20,1,1,1,1,1,0,0,1
0.06,18,20260837,0.0001927052108556423,0.00024646248860415185,-7.151065416224186,-6.082491706338121,21.811545461934433,7,21,1,1,1,1,1,0,0,1
0.06,19,20260838,0.00035581909346541884,0.00042808408595358086,-4.487707511250955,-3.684709167837903,16.88102755027386,21,18,1,1,1,1,1,0,0,1
0.06,20,20260839,0.0003102984184597944,0.00031073624751788676,-5.082204379380212,-5.076080831505486,0.1409005423698287,17,19,1,1,1,1,1,0,0,1
0.06,21,20260840,0.00024742028679358317,0.0004050120458859921,-6.065646940306637,-3.92532059787756,38.9103881460281,6,20,1,1,1,1,1,0,0,1
0.06,22,20260841,0.00047860622156713494,0.0006296414027360718,-3.2002166014231954,-2.009067222172581,23.98749200935991,9,25,1,0,1,1,1,0,0,1
0.06,23,20260842,0.0002571495059218901,0.00047216520190946243,-5.898143057803903,-3.259060231352668,45.53823431248997,12,25,1,0,1,1,1,0,0,1
0.06,24,20260843,0.00022864649171994907,0.00036919589389379894,-6.408354579104851,-4.327431377360001,38.06905886506951,7,25,1,0,1,1,1,0,0,1
0.06,25,20260844,0.0002830066028025758,0.0003014835544480161,-5.482034318705081,-5.207363731001957,6.128676464382814,6,17,1,1,1,1,1,0,0,1
0.06,26,20260845,0.00028061040130029626,0.0004542962329823131,-5.518962351479907,-3.426608643339046,38.231845010429325,9,25,1,0,1,1,1,0,0,1
0.06,27,20260846,0.0002147377292499051,0.00031149363136926913,-6.680916436611576,-5.0655082826470945,31.061919851793682,7,21,1,1,1,1,1,0,0,1
0.06,28,20260847,0.0005293367877405503,0.0006988713239785415,-2.762679224501894,-1.5560277909032094,24.258333461568185,10,24,1,1,1,1,1,0,0,1
0.06,29,20260848,0.0001323510725136548,0.00023256261382826387,-8.78272535020927,-6.3346010006798465,43.090133734311394,5,13,1,1,1,1,1,0,0,1
0.06,30,20260849,0.0001931459689335774,0.0002411587896982199,-7.1411435139786725,-6.176969043916224,19.909214515765548,4,16,1,1,1,1,1,0,0,1
0.06,31,20260850,0.00013911064600994754,0.00030171197243640817,-8.566396325783796,-5.204074559506266,53.892898287532205,6,21,1,1,1,1,1,0,0,1
0.06,32,20260851,0.0005623339974166805,0.0007284142225431377,-2.500056592540175,-1.3762158304227257,22.800244694099405,10,25,1,0,1,1,1,0,0,1
0.06,33,20260852,0.0003121340621308899,0.00041775901937793976,-5.056588356656404,-3.790741649563315,25.283704802909998,5,25,1,0,1,1,1,0,0,1
0.06,34,20260853,0.00032871001304886886,0.0006121405747335302,-4.831870663910341,-2.131488330496416,46.30154794232371,6,21,1,1,1,1,1,0,0,1
0.06,35,20260854,0.0002642532656132548,0.0003551886412070429,-5.7797963702317245,-4.495409312379754,25.601994276833025,9,17,1,1,1,1,1,0,0,1
0.06,36,20260855,0.00031663688237114134,0.00040077331730712523,-4.9943849921042895,-3.971012006438725,20.993522099054182,4,13,1,1,1,1,1,0,0,1
0.06,37,20260856,0.00019608857617326326,0.0002933561162405195,-7.075477069412433,-5.32604852660477,33.156813402693004,9,25,1,0,1,1,1,0,0,1
0.06,38,20260857,0.0002504930023186977,0.00040370918053332443,-6.012044019197864,-3.939313744201794,37.952116425051024,7,21,1,1,1,1,1,0,0,1
0.06,39,20260858,0.0002606448994016996,0.00027718723226095594,-5.839507694262793,-5.572267779791219,5.9679274273653045,5,14,1,1,1,1,1,0,0,1
0.06,40,20260859,0.00019360872717105385,0.00031888049380269997,-7.130750701846153,-4.96372046115923,39.28486347275765,9,25,1,0,1,1,1,0,0,1
0.06,41,20260860,0.00028097644530309437,0.0004110798802237944,-5.513300861577739,-3.860737786845312,31.649185761626413,10,25,1,0,1,1,1,0,0,1
0.06,42,20260861,0.00032378387599431687,0.0005677674681202523,-4.897447823307943,-2.4582949525612303,42.97245013591727,6,24,1,1,1,1,1,0,0,1
0.06,43,20260862,0.00016329732544268795,0.00024248638623688092,-7.870209282761564,-6.153126387036353,32.65711614706258,12,25,1,0,1,1,1,0,0,1
0.06,44,20260863,0.00030338871090792446,0.00043541705229604885,-5.180005833436501,-3.6109456662919106,30.322271645520132,24,24,1,1,1,1,1,0,0,1
0.06,45,20260864,0.00045790239703691186,0.0006372313102863802,-3.392270830126412,-1.9570289333774384,28.141886683012412,8,14,1,1,1,1,1,0,0,1
0.06,46,20260865,0.0001932932417941366,0.000296083818335134,-7.13783330155737,-5.2858532715914155,34.71671539464204,9,25,1,0,1,1,1,0,0,1
0.06,47,20260866,0.000297999278102696,0.0006832321248763115,-5.257847879921856,-1.6543172175624035,56.38388956657386,5,20,1,1,1,1,1,0,0,1
0.06,48,20260867,0.00024257289494771414,0.00035575620899068976,-6.151577287468234,-4.48847511463317,31.81485275101345,5,24,1,1,1,1,1,0,0,1
0.06,49,20260868,0.00017161989825087602,0.00018823863986469126,-7.654323598465201,-7.252912238547365,8.828549561217098,9,25,1,0,1,1,1,0,0,1
0.06,50,20260869,0.00018500387672552244,0.00019871361138352643,-7.328191709328678,-7.017723837895523,6.899242866430306,11,17,1,1,1,1,1,0,0,1
0.06,51,20260870,0.0001767705763419269,0.0002250527942974037,-7.525900221045067,-6.477155904108639,21.453729604295695,7,19,1,1,1,1,1,0,0,1
0.06,52,20260871,0.00040824316267599564,0.0007836810309820235,-3.890810801661921,-1.0586066521311106,47.90697407025026,10,25,1,0,1,1,1,0,0,1
0.06,53,20260872,0.00017535233882618197,0.00026861440571557965,-7.560884371817885,-5.708706999509271,34.71968178361496,6,11,1,1,1,1,1,0,0,1
0.06,54,20260873,0.0002444807068130817,0.0004017132123646823,-6.11755407522854,-3.9608388406939676,39.140486474430965,8,25,1,0,1,1,1,0,0,1
0.06,55,20260874,0.00031627478453415917,0.0006335970391621768,-4.999354314614551,-1.9818686089857065,50.08266058939003,6,25,1,0,1,1,1,0,0,1
0.06,56,20260875,0.0004863682194930235,0.0010307312342131211,-3.130348106878993,0.13145436656147388,52.813284069699726,5,22,1,1,1,1,1,0,0,1
0.06,57,20260876,0.00015351374742540686,0.00019879416677774897,-8.138527266124932,-7.015963632656817,22.777539243878024,7,22,1,1,1,1,1,0,0,1
0.06,58,20260877,0.0003187230906456523,0.0003810931276564069,-4.9658647189895175,-4.189688828935669,16.366088098809108,7,13,1,1,1,1,1,0,0,1
0.06,59,20260878,0.00017970512824963352,0.00025216523577395645,-7.454395292419502,-5.983147867249171,28.73516934319881,6,13,1,1,1,1,1,0,0,1
0.06,60,20260879,0.0002214773797367152,0.00041787185327467796,-6.5467062319792815,-3.789568807806827,46.998732266580205,6,22,1,1,1,1,1,0,0,1
0.06,61,20260880,0.00020964112085302376,0.00024360603422371446,-6.785235269937623,-6.133119582493246,13.942558310973194,11,25,1,0,1,1,1,0,0,1
0.06,62,20260881,0.00023385012979718281,0.00023917197894710414,-6.310623847027312,-6.212897030343632,2.225113984234049,7,18,1,1,1,1,1,0,0,1
0.06,63,20260882,0.00017953036002199972,0.0002891803422361201,-7.458620981993029,-5.388312326380319,37.91750897251153,13,25,1,0,1,1,1,0,0,1
0.06,64,20260883,0.000255247651195764,0.0003523829571715094,-5.930382456266042,-4.529851041911876,27.565267842527472,12,25,1,0,1,1,1,0,0,1
0.06,65,20260884,0.00021245541226242587,0.0003658967183209219,-6.727322008617511,-4.366414856254621,41.935687962064534,9,25,1,0,1,1,1,0,0,1
0.06,66,20260885,0.0004712117299870666,0.0006187586176109622,-3.2678390708927214,-2.084787394849187,23.845629527323066,9,25,1,0,1,1,1,0,0,1
0.06,67,20260886,0.00021732828227259834,0.00036947142506431514,-6.6288375257653085,-4.324191443240101,41.1785952770861,6,13,1,1,1,1,1,0,0,1
0.06,68,20260887,0.00014357816625939292,0.0002110565134225401,-8.429115976564393,-6.756012405253607,31.97169614379725,4,17,1,1,1,1,1,0,0,1
0.06,69,20260888,0.00027009179735777884,0.0003889341165325277,-5.684886050622614,-4.101239597274257,30.555899861463992,8,25,1,0,1,1,1,0,0,1
0.06,70,20260889,0.00029754381171047845,0.0004592745750013686,-5.26449077722961,-3.3792759604133598,35.21439506865979,12,25,1,0,1,1,1,0,0,1
0.06,71,20260890,0.0002728679573044284,0.0004132933853515418,-5.640474602367036,-3.8374154542797836,33.97717772029412,6,25,1,0,1,1,1,0,0,1
0.06,72,20260891,0.0002292968041437043,0.0003724354081956427,-6.39601998267996,-4.28949036463602,38.4331352234766,7,18,1,1,1,1,1,0,0,1
0.06,73,20260892,0.00029590620690943834,0.000669297362542314,-5.28845925010888,-1.743808863898603,55.788529363772795,7,25,1,0,1,1,1,0,0,1
0.06,74,20260893,0.00017926677256408175,0.0002613731446067716,-7.465002002835729,-5.827390370624624,31.413469109925792,14,25,1,0,1,1,1,0,0,1
0.06,75,20260894,0.0001271192512671686,0.00016938666154555797,-8.957886737891501,-7.71120791438811,24.953210537785573,10,11,1,1,1,1,1,0,0,1
0.06,76,20260895,0.0003521445270770081,0.0006248200563587786,-4.532790568917703,-2.0424503830786183,43.640649256815344,6,21,1,1,1,1,1,0,0,1
0.06,77,20260896,0.0002272477452229158,0.0003893952795909621,-6.435004172021605,-4.096093174796317,41.64085772646581,7,17,1,1,1,1,1,0,0,1
0.06,78,20260897,0.0002489331547735839,0.00033793090934747553,-6.039172569619375,-4.711720830249935,26.336079983254866,8,10,1,1,1,1,1,0,0,1
0.06,79,20260898,0.00018255314206421365,0.0003520782996917799,-7.386106876695742,-4.533607417987258,48.149845581500976,7,17,1,1,1,1,1,0,0,1
0.06,80,20260899,0.00018866410586667123,0.00028447513276969505,-7.243107183133079,-5.459556912123642,33.679930463584796,7,24,1,1,1,1,1,0,0,1
0.06,81,20260900,0.0001292856078357708,0.00014461663846449202,-8.884498183941306,-8.397817376250494,10.601152669224494,5,13,1,1,1,1,1,0,0,1
0.06,82,20260901,0.00021905832010323136,0.0003026221637977917,-6.594402471363368,-5.190992677781848,27.61325959931892,6,12,1,1,1,1,1,0,0,1
0.06,83,20260902,0.0002561546517928462,0.0002899912173651421,-5.914977528869178,-5.3761515488591884,11.668134600673312,7,17,1,1,1,1,1,0,0,1
0.06,84,20260903,0.00023947678925657543,0.00030485290398181224,-6.207365732150938,-5.159096636000088,21.445134316036302,9,25,1,0,1,1,1,0,0,1
0.06,85,20260904,0.00016420496235740925,0.0003293361645408671,-7.846137224183121,-4.82360576612225,50.140622246472674,4,20,1,1,1,1,1,0,0,1
0.06,86,20260905,0.00024480099107152643,0.0003353624825562458,-6.11186828291085,-4.744855241096525,27.00406163337926,6,25,1,0,1,1,1,0,0,1
0.06,87,20260906,0.0001713982969931241,0.0002485290537565186,-7.659934975246245,-6.046228336969575,31.034905415508774,6,23,1,1,1,1,1,0,0,1
0.06,88,20260907,0.00016265487532331592,0.00018709911173607824,-7.887329148949986,-7.279282743334237,13.06485968102474,3,13,1,1,1,1,1,0,0,1
0.06,89,20260908,0.00021882368468237768,0.0003540859673105916,-6.599056733341478,-4.508912843131567,38.20040756079065,11,25,1,0,1,1,1,0,0,1
0.06,90,20260909,0.00022325288055976642,0.0004452810522934335,-6.512029288419217,-3.513657846789788,49.86247912191733,7,19,1,1,1,1,1,0,0,1
0.06,91,20260910,0.0007436815861352997,0.001081978258972573,-1.2861297169099404,0.34218534242727444,31.26649450040832,11,22,1,1,1,1,1,0,0,1
0.06,92,20260911,0.00020536569516275337,0.00024337476881636707,-6.874721003968906,-6.137244480115063,15.617507861832872,4,25,1,0,1,1,1,0,0,1
0.06,93,20260912,0.0003756085868031448,0.0009544255412688887,-4.252644878686638,-0.20257947079000999,60.64558516489603,11,25,1,0,1,1,1,0,0,1
0.06,94,20260913,0.0002379492826701518,0.0006231681474213001,-6.2351560010188845,-2.053947532698589,61.816199423093515,5,22,1,1,1,1,1,0,0,1
0.06,95,20260914,0.00019180002479500386,0.0001933814706187791,-7.171513410218065,-7.1358514138816584,0.817785602061535,6,16,1,1,1,1,1,0,0,1
0.06,96,20260915,0.0002659586614093015,0.0004416574323009023,-5.751858615531663,-3.549144567699022,39.781685542177584,12,19,1,1,1,1,1,0,0,1
0.06,97,20260916,0.0001578381045034403,0.00027155047884038777,-8.01788143218608,-5.661494270545436,41.87522512298182,7,19,1,1,1,1,1,0,0,1
0.06,98,20260917,0.0003576301013666195,0.0004471399794682485,-4.465659342071028,-3.4955649746319923,20.01831243273677,5,14,1,1,1,1,1,0,0,1
0.06,99,20260918,0.0005309006372697348,0.0006076589314652318,-2.7498675335056806,-2.1634011438615777,12.631805478512732,7,19,1,1,1,1,1,0,0,1
0.06,100,20260919,0.00038163920968457767,0.0005126447895176699,-4.183470121784742,-2.9018345240343764,25.55484470179653,9,25,1,0,1,1,1,0,0,1
0.06,101,20260920,0.00018352868377384513,0.00030307340087888266,-7.36296050043066,-5.184521776489789,39.444146783706444,9,18,1,1,1,1,1,0,0,1
0.06,102,20260921,0.00023033056640429705,0.0004449897348990787,-6.37648424433293,-3.516500072844746,48.23912815504951,6,20,1,1,1,1,1,0,0,1
0.06,103,20260922,0.00025115134912136406,0.00030459671113092777,-6.000644845783314,-5.162747902494869,17.546270217799815,5,11,1,1,1,1,1,0,0,1
0.06,104,20260923,0.0005927667198286841,0.0006291391583349707,-2.271161872832591,-2.012532829924803,5.781302598068607,11,22,1,1,1,1,1,0,0,1
0.06,105,20260924,0.00021949787932130113,0.0002562422407932692,-6.585696713376042,-5.913492764988677,14.339697217061358,10,13,1,1,1,1,1,0,0,1
0.06,106,20260925,0.00015467841311992585,0.0002498639338638449,-8.105702920993265,-6.022964267639371,38.09494202384056,4,13,1,1,1,1,1,0,0,1
0.06,107,20260926,0.000292366007399676,0.00042479658302774074,-5.340731230169412,-3.7181898528385045,31.175056702237303,4,25,1,0,1,1,1,0,0,1
0.06,108,20260927,0.00025998829895621715,0.00040568884437002883,-5.850461974641792,-3.9180693435914327,35.914358364983336,8,14,1,1,1,1,1,0,0,1
0.06,109,20260928,0.0005023985126187599,0.0006073497615588102,-2.9895165502408734,-2.1656113467679163,17.280199249718127,7,23,1,1,1,1,1,0,0,1
0.06,110,20260929,0.00032848872201354714,0.0006522215169692182,-4.834795364584267,-1.8560487779799353,49.63540553829194,8,25,1,0,1,1,1,0,0,1
0.06,111,20260930,0.00015879162690384053,0.0002267282112937555,-7.991724016906,-6.444944382019853,29.963886718046925,5,17,1,1,1,1,1,0,0,1
0.06,112,20260931,0.0003196520934464096,0.0005875208465367748,-4.953224469653063,-2.309767190557725,45.59306357712338,6,13,1,1,1,1,1,0,0,1
0.06,113,20260932,0.00024397544621391205,0.000468778869969583,-6.126538790316927,-3.290319722084525,47.9551102143869,8,25,1,0,1,1,1,0,0,1
0.06,114,20260933,0.00013083021547591166,0.0002778712413565816,-8.832919433281344,-5.561563987657775,52.916964405099336,7,17,1,1,1,1,1,0,0,1
0.06,115,20260934,0.0001708625711838252,0.0003035482250320096,-7.673530625490525,-5.177723022773032,43.71155648635155,10,16,1,1,1,1,1,0,0,1
0.06,116,20260935,0.00031903265559249177,0.0004903920170619703,-4.961648610877446,-3.0945660817592646,34.943342368443176,21,20,1,1,1,1,1,0,0,1
0.06,117,20260936,0.00023118829713104954,0.0003166789005847521,-6.360341539022205,-4.993808714713816,26.995989722031666,6,17,1,1,1,1,1,0,0,1
0.06,118,20260937,0.0005738443235322008,0.0007940574670057607,-2.412059100425767,-1.0014806596035468,27.732645636334315,5,19,1,1,1,1,1,0,0,1
0.06,119,20260938,0.0003409822378484167,0.00048738540672923917,-4.672682433105272,-3.1212747858142604,30.038480196464906,13,25,1,0,1,1,1,0,0,1
0.06,120,20260939,0.00021987963872072987,0.00034442748386054285,-6.578149852851789,-4.629022009676927,36.160832388811876,7,18,1,1,1,1,1,0,0,1
0.06,121,20260940,0.0001791096703146313,0.00020800637459727432,-7.468809655138617,-6.819233553737821,13.89222053342863,9,25,1,0,1,1,1,0,0,1
0.06,122,20260941,0.000460790651166536,0.0005677103534084365,-3.3649634075666053,-2.4587318541673673,18.83349521458836,12,24,1,1,1,1,1,0,0,1
0.06,123,20260942,0.0003760453718003611,0.0004694911934960038,-4.247597520570593,-3.2837254962142817,19.903636743388258,7,11,1,1,1,1,1,0,0,1
0.06,124,20260943,0.0003724599471209285,0.0005049697845674356,-4.2892042272672946,-2.9673460760058585,26.24114184574765,10,17,1,1,1,1,1,0,0,1
0.06,125,20260944,0.00032579300256804723,0.0005239896645922375,-4.870582477706642,-2.8067727915143914,37.824536516082716,16,17,1,1,1,1,1,0,0,1
0.06,126,20260945,0.0002581633471250215,0.0003340207228816061,-5.881054168770685,-4.762265884161395,22.710380093235212,8,23,1,1,1,1,1,0,0,1
0.06,127,20260946,0.0002681732974769947,0.0005465702580293923,-5.715844678555255,-2.6235400441274477,50.93525607414711,11,17,1,1,1,1,1,0,0,1
0.06,128,20260947,0.0009773024342504646,0.0012399398000213582,-0.09971019494078831,0.9340060036127357,21.181461048864605,7,25,1,0,1,1,1,0,0,1
0.06,129,20260948,0.0003667301158514761,0.0003688284513625714,-4.3565342434245204,-4.331755849254178,0.5689191013717615,8,12,1,1,1,1,1,0,0,1
0.06,130,20260949,0.00013038305572831506,0.0001622482406828597,-8.847788448145145,-7.898200037163047,19.6397722529579,7,25,1,0,1,1,1,0,0,1
0.06,131,20260950,0.0002955644598775888,0.00045619178298002153,-5.293477888394412,-3.4085254159021936,35.21048144557817,9,25,1,0,1,1,1,0,0,1
0.06,132,20260951,0.0001575665396437749,0.00027908953341582214,-8.02536002524829,-5.5425645037982925,43.54265539259303,5,18,1,1,1,1,1,0,0,1
0.06,133,20260952,0.00027993607357108103,0.0006359357801773264,-5.5294113317586895,-1.965867392616756,55.98044923765372,9,20,1,1,1,1,1,0,0,1
0.06,134,20260953,0.00020174821297336862,0.00023252095141334167,-6.951903034422847,-6.335379086955266,13.234393826846937,9,15,1,1,1,1,1,0,0,1
0.06,135,20260954,0.0003163470263800741,0.0006678588617412411,-4.998362434959488,-1.7531530705033462,52.632652720172885,9,24,1,1,1,1,1,0,0,1
0.06,136,20260955,0.00012673513006304519,0.00018641949365833692,-8.97102985133941,-7.295086759649055,32.01616012576407,5,13,1,1,1,1,1,0,0,1
0.06,137,20260956,0.00027776163709984625,0.00044245383259992855,-5.56327736806978,-3.541320386229239,37.222458789050364,9,21,1,1,1,1,1,0,0,1
0.06,138,20260957,0.00020747709167581323,0.00046337677228694733,-6.830298483881037,-3.3406573990390753,55.22496938035287,5,16,1,1,1,1,1,0,0,1
0.06,139,20260958,0.00033071342848808145,0.0004061216226626132,-4.805481703724444,-3.9134388725690705,18.567884585937783,7,15,1,1,1,1,1,0,0,1
0.06,140,20260959,0.0002555294541888969,0.0003233227640043084,-5.925590326938833,-4.903637171842371,20.967688441049003,20,25,1,0,1,1,1,0,0,1
0.06,141,20260960,0.00022974776706179153,0.00034544036640556575,-6.387487008665732,-4.616269143572537,33.49133760700821,8,25,1,0,1,1,1,0,0,1
0.06,142,20260961,0.00031095782697825996,0.0007753973727817566,-5.072985072836854,-1.1047567481232548,59.89697181166718,8,25,1,0,1,1,1,0,0,1
0.06,143,20260962,0.0005594389497523226,0.0006099908117768258,-2.5224730007812597,-2.1467670666903023,8.287315324841055,7,25,1,0,1,1,1,0,0,1
0.06,144,20260963,0.0004877073551898116,0.0007501448065713603,-3.1184069469700986,-1.2485489310891915,34.98490545859473,5,23,1,1,1,1,1,0,0,1
0.06,145,20260964,0.00043530191688935423,0.0004904044429097876,-3.612094203853631,-3.0944560390060416,11.236139235094518,17,15,1,1,1,1,1,0,0,1
0.06,146,20260965,9.909100602955559e-05,0.00016416219738815815,-10.039657623562388,-7.84726843293639,39.63835303979457,8,10,1,1,1,1,1,0,0,1
0.06,147,20260966,0.00038872562496203127,0.0006438443616830394,-4.103568295442054,-1.9121910318564952,39.62428684691993,13,24,1,1,1,1,1,0,0,1
0.06,148,20260967,0.000222300440633209,0.00030867252438521967,-6.530596764625859,-5.105020262967822,27.981785526274876,17,25,1,0,1,1,1,0,0,1
0.06,149,20260968,0.00032173937952862893,0.0004513977639059348,-4.92495780051354,-3.4544059662227733,28.723754246227266,9,24,1,1,1,1,1,0,0,1
0.06,150,20260969,0.00019327300289986087,0.00028980848845884283,-7.138288056220119,-5.378888982408059,33.31009594382238,5,25,1,0,1,1,1,0,0,1
0.06,151,20260970,0.0002541450590896712,0.0004917713793017798,-5.949183291285013,-3.082367504509022,48.32048594399536,5,14,1,1,1,1,1,0,0,1
0.06,152,20260971,0.00030714959543459795,0.0005352512846919075,-5.126500523797015,-2.7144228165344604,42.6158135031111,5,15,1,1,1,1,1,0,0,1
0.06,153,20260972,0.00015813390776039926,0.00028708961961210514,-8.009749967703794,-5.419825101391017,44.91827744449332,6,13,1,1,1,1,1,0,0,1
0.06,154,20260973,0.0005475919960984015,0.0008722119068086548,-2.6154290837534075,-0.5937798894670163,37.21800954288832,8,23,1,1,1,1,1,0,0,1
0.06,155,20260974,0.000276772494865025,0.0003580733994108416,-5.578770714474917,-4.460279406976263,22.705094731858217,22,16,1,1,1,1,1,0,0,1
0.06,156,20260975,0.0001278487115715254,0.00016531292612531612,-8.93303644330617,-7.816931868071558,22.662604450780105,6,21,1,1,1,1,1,0,0,1
0.06,157,20260976,0.0002137295248152167,0.0003244575410325085,-6.701354798077,-4.888421275285069,34.127120567124564,9,25,1,0,1,1,1,0,0,1
0.06,158,20260977,0.00036672245003338566,0.0007157086397569577,-4.35662502564142,-1.4526374011996288,48.76093012403508,25,25,0,0,1,1,1,0,0,1
0.06,159,20260978,0.00019445559000128742,0.00021930434891919196,-7.1117956770388036,-6.5895275595184275,11.330718720521439,5,14,1,1,1,1,1,0,0,1
0.06,160,20260979,0.0001598453541837234,0.00018414630210681075,-7.962999817363254,-7.348369979099733,13.196544076672266,8,13,1,1,1,1,1,0,0,1
0.06,161,20260980,0.00018150349924510542,0.0002747058877772872,-7.41114997690179,-5.6113203223657715,33.92806367795943,6,18,1,1,1,1,1,0,0,1
0.06,162,20260981,0.0002814735003019606,0.0004412345317405763,-5.5056248612120795,-3.5533050630092062,36.207735330322514,12,16,1,1,1,1,1,0,0,1
0.06,163,20260982,0.0001447604005253409,0.00024961219094996176,-8.39350223949409,-6.027342077195582,42.00587720719132,4,15,1,1,1,1,1,0,0,1
0.06,164,20260983,0.000193313793785918,0.00029674467517435527,-7.1373715605226895,-5.276170653409963,34.855176871384614,8,25,1,0,1,1,1,0,0,1
0.06,165,20260984,0.000224838000573391,0.00020622795334214743,-6.481302854312445,-6.856524682501447,-9.02401780633885,7,18,1,1,1,1,0,1,0,1
0.06,166,20260985,0.00028770700874652553,0.0005092935817774054,-5.410495582596027,-2.930317968578295,43.50861290212129,5,15,1,1,1,1,1,0,0,1
0.06,167,20260986,0.0002524973992979185,0.0003599309949405673,-5.977430907191011,-4.437807530913115,29.84838681658647,6,21,1,1,1,1,1,0,0,1
0.06,168,20260987,0.00013178339249500428,0.00015436554216684417,-8.801393166177737,-8.114496374000074,14.629009398633949,6,12,1,1,1,1,1,0,0,1
0.06,169,20260988,0.00019373450472294772,0.0002986166978124468,-7.1279302318259266,-5.248859113964843,35.12268197251742,7,19,1,1,1,1,1,0,0,1
0.06,170,20260989,0.0004704124823106339,0.0005679813643981711,-3.275211628530352,-2.4566591335907257,17.17818368757934,14,25,1,0,1,1,1,0,0,1
0.06,171,20260990,0.0005163587650950134,0.0009685379812074742,-2.8704844651158643,-0.13883343757062783,46.68678202466877,10,25,1,0,1,1,1,0,0,1
0.06,172,20260991,0.00036249186326886275,0.0004995052415083072,-4.407017374435906,-3.0145995018836675,27.42981791857049,7,17,1,1,1,1,1,0,0,1
0.06,173,20260992,0.00017665413521440618,0.0003235254710307724,-7.528761919128141,-4.900915218186167,45.397147664579535,6,17,1,1,1,1,1,0,0,1
0.06,174,20260993,0.00022979920387748923,0.0004124158206212225,-6.386514802265512,-3.8466468316371385,44.279731186998994,6,22,1,1,1,1,1,0,0,1
0.06,175,20260994,0.00030467373828027387,0.0006138366999221471,-5.161649786998596,-2.1194714963309895,50.36566918874097,5,21,1,1,1,1,1,0,0,1
0.06,176,20260995,0.00028627142773196394,0.00037587034352412526,-5.432219960146309,-4.2496193912236455,23.837718866588478,6,25,1,0,1,1,1,0,0,1
0.06,177,20260996,0.00021631018870352798,0.00039440962747840384,-6.649230238179269,-4.040524925398673,45.155956236039856,8,25,1,0,1,1,1,0,0,1
0.06,178,20260997,0.00022761988767601007,0.0005732445684065569,-6.4278979530589435,-2.416600515953821,60.292709216814195,4,25,1,0,1,1,1,0,0,1
0.06,179,20260998,0.00021469391611621936,0.0002635336736337522,-6.681802621990132,-5.791638839088956,18.532643985909846,5,18,1,1,1,1,1,0,0,1
0.06,180,20260999,0.00014091744151373254,0.00015359057015518822,-8.510352504365429,-8.136354474248375,8.251241354629217,8,19,1,1,1,1,1,0,0,1
0.06,181,20261000,0.0002233806550802599,0.00038727728967858423,-6.509544397954708,-4.119779697230691,42.32022867500137,5,25,1,0,1,1,1,0,0,1
0.06,182,20261001,0.000231562408111996,0.00028834500367470894,-6.353319426761718,-5.4008756946655,19.692588683371522,8,22,1,1,1,1,1,0,0,1
0.06,183,20261002,0.00015231974111942846,0.00021700908975287315,-8.172438070800004,-6.635220746913907,29.80951107030217,4,23,1,1,1,1,1,0,0,1
0.06,184,20261003,0.0001416949842256175,0.00018559234973095063,-8.486455228061098,-7.314399297233515,23.652572732103575,6,20,1,1,1,1,1,0,0,1
0.06,185,20261004,0.00037598262318942847,0.00037503708837530625,-4.248322264216306,-4.2592578165823545,-0.25211768207201946,5,18,1,1,1,1,0,1,0,1
0.06,186,20261005,0.00021412423660605641,0.00031699112827031546,-6.6933417236674,-4.989528923474321,32.451031745134166,6,25,1,0,1,1,1,0,0,1
0.06,187,20261006,0.0001238801413496265,0.0002982457343687692,-9.069983077766024,-5.254257590686958,58.46373407089419,10,14,1,1,1,1,1,0,0,1
0.06,188,20261007,0.00012624187870007285,0.00013625782083107028,-8.987965510246763,-8.656385610050842,7.350728251712601,6,20,1,1,1,1,1,0,0,1
0.06,189,20261008,0.00021183020100319652,0.00025272893732026754,-6.740121216884157,-5.973450287606933,16.182846630357417,6,14,1,1,1,1,1,0,0,1
0.06,190,20261009,0.0002322490724351786,0.00024298860698791598,-6.340460118320084,-6.144140886991166,4.419768764414326,5,12,1,1,1,1,1,0,0,1
0.06,191,20261010,0.0002849210005457565,0.00040154118505383114,-5.452755392301148,-3.962699036248991,29.043143978478913,11,20,1,1,1,1,1,0,0,1
0.06,192,20261011,0.00027160657121293554,0.0004714898019631943,-5.660597270020134,-3.2652769634978824,42.393966935866445,9,22,1,1,1,1,1,0,0,1
0.06,193,20261012,0.00015646597897836832,0.0002648310343693889,-8.055800782335453,-5.770311232141071,40.91856366043262,8,14,1,1,1,1,1,0,0,1
0.06,194,20261013,0.00018306212393471113,0.0002360324140531961,-7.374015031463851,-6.270283517850238,22.441955835161995,7,16,1,1,1,1,1,0,0,1
0.06,195,20261014,0.00024043195993197762,0.00030190630301647097,-6.190078033101334,-5.201278199457729,20.362060172403726,11,14,1,1,1,1,1,0,0,1
0.06,196,20261015,0.00037868039045761,0.0004617500043862157,-4.217271837530919,-3.355930917623084,17.990170685331464,5,15,1,1,1,1,1,0,0,1
0.06,197,20261016,0.00013043713423662392,0.00016614559853001066,-8.845987514092624,-7.795111594075287,21.49227220541552,8,18,1,1,1,1,1,0,0,1
0.06,198,20261017,0.0002738240058258177,0.0004315418453508995,-5.625284804508494,-3.6497708564087077,36.547519371345494,17,18,1,1,1,1,1,0,0,1
0.06,199,20261018,0.0003436367316285824,0.0006096458112919458,-4.63900420245352,-2.1492240576989308,43.63338101177859,8,21,1,1,1,1,1,0,0,1
0.06,200,20261019,0.00020825000587879958,0.00029823955818450583,-6.814149776612459,-5.254347526944512,30.17358020964953,5,25,1,0,1,1,1,0,0,1
0.06,201,20261020,0.00026895405625488775,0.00036446307408676026,-5.703219014812958,-4.383464660640296,26.205403132043116,10,23,1,1,1,1,1,0,0,1
0.06,202,20261021,0.0002851017470145398,0.00032935007231740744,-5.450001214613227,-4.823422368617644,13.435043445268722,7,17,1,1,1,1,1,0,0,1
0.06,203,20261022,0.0002160398105730912,0.00029645142221726363,-6.654662121865176,-5.280464617985991,27.124717784366137,6,24,1,1,1,1,1,0,0,1
0.06,204,20261023,0.00019511974280802969,0.0004101888608768431,-7.096987851478268,-3.8701613754494564,52.431730498256194,8,25,1,0,1,1,1,0,0,1
0.06,205,20261024,0.0002294743762513361,0.00040954006675677926,-6.392658019521367,-3.877036032560422,43.967783648475574,13,15,1,1,1,1,1,0,0,1
0.06,206,20261025,0.00016459375637394805,0.0002754775945291372,-7.8358664314422635,-5.5991371793037645,40.25149063201253,6,25,1,0,1,1,1,0,0,1
0.06,207,20261026,0.00048054264569451005,0.0006070902867383824,-3.182680648779212,-2.1674671565228305,20.84494576972311,9,14,1,1,1,1,1,0,0,1
0.06,208,20261027,0.00027431053581746174,0.0003876858689931379,-5.61757511536873,-4.1152002857790375,29.24412320472865,15,25,1,0,1,1,1,0,0,1
0.06,209,20261028,0.0004074404328423903,0.00046529970011869784,-3.899358754609726,-3.3226722736537155,12.434838720409157,11,25,1,0,1,1,1,0,0,1
0.06,210,20261029,0.00022214972835350044,0.00033208025570726326,-6.5335421348162,-4.787569452155083,33.10360235649458,4,19,1,1,1,1,1,0,0,1
0.06,211,20261030,0.00027208346499531895,0.0005146506975285912,-5.652978502801095,-2.8848743426944763,47.132401393431806,5,25,1,0,1,1,1,0,0,1
0.06,212,20261031,0.00026485832049069787,0.0004120791668679736,-5.769863792077617,-3.850193411730209,35.726350229310164,7,25,1,0,1,1,1,0,0,1
0.06,213,20261032,0.0001542440369236166,0.0002536903958874384,-8.117916168002465,-5.956959738190276,39.19989111765421,4,18,1,1,1,1,1,0,0,1
0.06,214,20261033,0.0002297380641758045,0.0003445319290588172,-6.387670427154698,-4.627705242019246,33.318788536262346,10,25,1,0,1,1,1,0,0,1
0.06,215,20261034,0.00017673719361284532,0.0003546381285575613,-7.52672045393986,-4.502145734955165,50.164074480175614,9,25,1,0,1,1,1,0,0,1
0.06,216,20261035,0.0003050987185045006,0.00029905362746093187,-5.155596165057174,-5.242509253143672,-2.021407028195452,12,14,1,1,1,1,0,1,0,1
0.06,217,20261036,0.00033063427783424216,0.0004789726304112667,-4.806521238360671,-3.196893024538337,30.97011043191649,12,20,1,1,1,1,1,0,0,1
0.06,218,20261037,0.00015247514121490078,0.0001949470106428033,-8.16800955748102,-7.10083419985043,21.786366093975502,6,16,1,1,1,1,1,0,0,1
0.06,219,20261038,0.00016658442512604564,0.00027324251137251425,-7.783656055583432,-5.6345173171736445,39.03422117982973,11,20,1,1,1,1,1,0,0,1
0.06,220,20261039,0.0002634289269078577,0.0004709656155908783,-5.79336537245606,-3.2701079882491895,44.066208192851384,8,25,1,0,1,1,1,0,0,1
0.06,221,20261040,0.00033809348401881985,0.0005431619046704526,-4.709631991896882,-2.6507069743812695,37.75456615943122,6,16,1,1,1,1,1,0,0,1
0.06,222,20261041,0.00045854454823396654,0.000742978621514638,-3.386184656376604,-1.2902368245988223,38.2829418026623,5,16,1,1,1,1,1,0,0,1
0.06,223,20261042,0.00022380882048662974,0.0002942243138180151,-6.501228015735993,-5.313214413274245,23.932588173164724,7,15,1,1,1,1,1,0,0,1
0.06,224,20261043,0.000162152855998911,0.00022209096612491565,-7.900753976931717,-6.534691066559048,26.988090137935774,8,18,1,1,1,1,1,0,0,1
0.06,225,20261044,0.00026204990277074833,0.0006226993549380585,-5.816159970990917,-2.057215841693769,57.91710707700748,7,18,1,1,1,1,1,0,0,1
0.06,226,20261045,0.0003186760908927695,0.0005920950189929687,-4.966505188383142,-2.2760859241059745,46.17821790921807,14,20,1,1,1,1,1,0,0,1
0.06,227,20261046,0.0004598325545112929,0.0006414921879474971,-3.3740028547183982,-1.928086280684019,28.318292389099536,8,25,1,0,1,1,1,0,0,1
0.06,228,20261047,0.0001742712885570475,0.00025988898972147264,-7.5877415763094955,-5.852121191311398,32.94395089849057,4,25,1,0,1,1,1,0,0,1
0.06,229,20261048,0.0002070655959654671,0.00029125404978920673,-6.838920533206992,-5.3572802720583015,28.905504965397217,5,12,1,1,1,1,1,0,0,1
0.06,230,20261049,0.00014031598848535367,0.0001961640380651409,-8.52892839910036,-7.073806070548379,28.470075417820247,6,18,1,1,1,1,1,0,0,1
0.06,231,20261050,0.00015328302998499768,0.00033401968346870005,-8.145059233701842,-4.762279398651993,54.10958168896015,9,14,1,1,1,1,1,0,0,1
0.06,232,20261051,0.0001640125680625227,0.00029542028994337,-7.851228712750602,-5.2955967995219355,44.48161698915035,4,20,1,1,1,1,1,0,0,1
0.06,233,20261052,0.000187350929957091,0.0004740494383898608,-7.273441468497101,-3.241763635995837,60.47860944768959,5,13,1,1,1,1,1,0,0,1
0.06,234,20261053,0.00021934802070892542,0.0003527854303223667,-6.588662801059476,-4.524893590880005,37.8239570413975,9,19,1,1,1,1,1,0,0,1
0.06,235,20261054,0.00028356504369154523,0.00043526435945140607,-5.4734730757770835,-3.6124689251932622,34.852225427107804,5,19,1,1,1,1,1,0,0,1
0.06,236,20261055,0.00025363395312922264,0.0005429076784712001,-5.957926093484877,-2.6527401597171063,53.2823050424627,8,24,1,1,1,1,1,0,0,1
0.06,237,20261056,0.00031909486641792435,0.00039026659698038495,-4.960801826579521,-4.086386185058334,18.236695405945216,11,25,1,0,1,1,1,0,0,1
0.06,238,20261057,0.0003286487370952513,0.0003604666224009492,-4.832680322520673,-4.431349428119172,8.826860332801264,7,25,1,0,1,1,1,0,0,1
0.06,239,20261058,0.00018347625128691924,0.0002307209515328509,-7.364201417798462,-6.369129658518996,20.476987430942,8,19,1,1,1,1,1,0,0,1
0.06,240,20261059,0.00047501834332386035,0.000553185134730213,-3.232896193214179,-2.571294988291437,14.130313072218467,13,25,1,0,1,1,1,0,0,1
0.06,241,20261060,0.0003975228355304537,0.0005041072148106637,-4.006379184288616,-2.9747708687044545,21.14319655596314,13,25,1,0,1,1,1,0,0,1
0.06,242,20261061,0.0001902392649647012,0.00030273659570930974,-7.206998407236541,-5.189350770481841,37.16013601891376,6,16,1,1,1,1,1,0,0,1
0.06,243,20261062,0.0006001213592388679,0.0009233523399034646,-2.2176091575265215,-0.3463254591127385,35.00624482073551,11,16,1,1,1,1,1,0,0,1
0.06,244,20261063,0.00017896278678626712,0.00024245959516695559,-7.47237266079091,-6.1536062431147975,26.188614369732456,8,18,1,1,1,1,1,0,0,1
0.06,245,20261064,0.00020168349191521524,0.0003989692789005306,-6.953296479624079,-3.9906054420708466,49.44886672201692,6,25,1,0,1,1,1,0,0,1
0.06,246,20261065,0.00027745377454732476,0.00047358757623207804,-5.568093625639104,-3.2459969911584654,41.41447359012631,8,25,1,0,1,1,1,0,0,1
0.06,247,20261066,0.0004327552564845424,0.0006483522549193784,-3.637576482397055,-1.8818897437336584,33.25306525873734,7,25,1,0,1,1,1,0,0,1
0.06,248,20261067,0.0004521001046612048,0.0008409432815543467,-3.447653924264922,-0.7523329473554258,46.23893018973035,7,25,1,0,1,1,1,0,0,1
0.06,249,20261068,0.000301691591484684,0.0004981080274331434,-5.2043679397712275,-3.026764591874605,39.43249759708451,10,24,1,1,1,1,1,0,0,1
0.06,250,20261069,0.0002917965965299843,0.0006624416654498722,-5.3491977795616314,-1.7885235963819348,55.95135213425598,13,25,1,0,1,1,1,0,0,1
0.06,251,20261070,0.00015449499637457147,0.00016777541784518312,-8.110855814954698,-7.752716708986091,7.915594335080913,5,14,1,1,1,1,1,0,0,1
0.06,252,20261071,0.0001876938731167441,0.0004312198892417762,-7.26549903803897,-3.6530121630752284,56.47374395305129,8,25,1,0,1,1,1,0,0,1
0.06,253,20261072,0.0003835009751115879,0.0006457054401420544,-4.1623352745152316,-1.8996555459815259,40.60744245437701,10,25,1,0,1,1,1,0,0,1
0.06,254,20261073,0.00035205197847293834,0.0004524192365244971,-4.533932106768856,-3.4445893748038436,22.184569078579443,8,14,1,1,1,1,1,0,0,1
0.06,255,20261074,0.00030019474168828137,0.0003700337785670604,-5.225969192738412,-4.317586295122172,18.873692328637578,9,25,1,0,1,1,1,0,0,1
0.06,256,20261075,0.0002875152083050771,0.0004579027663537803,-5.413391780759639,-3.3922673273665582,37.21042338430863,9,21,1,1,1,1,1,0,0,1
0.06,257,20261076,0.00013192499311070978,0.00022935726813907078,-8.79672919830246,-6.394874928867926,42.48057008129472,7,19,1,1,1,1,1,0,0,1
0.06,258,20261077,0.0002602737249978767,0.00037577202052711307,-5.845696723225643,-4.25075560007329,30.736268061475535,9,20,1,1,1,1,1,0,0,1
0.06,259,20261078,0.0002492245186914699,0.0002781951956847443,-6.034092340489813,-5.556503743641779,10.41379486154192,5,16,1,1,1,1,1,0,0,1
0.06,260,20261079,0.00030817607075281383,0.0004831708922138058,-5.112010863945971,-3.158992369111277,36.217997458248334,9,25,1,0,1,1,1,0,0,1
0.06,261,20261080,0.00018627284424847757,0.00030184251451343487,-7.298504540283935,-5.202195898811373,38.28806901216474,9,25,1,0,1,1,1,0,0,1
0.06,262,20261081,0.00016094249754800748,0.0002601674582599047,-7.93329263460774,-5.847470259219224,38.13888230893676,6,11,1,1,1,1,1,0,0,1
0.06,263,20261082,0.00012870199697015788,0.00022412222301575397,-8.904147144290116,-6.495150785180195,42.575084595198234,7,25,1,0,1,1,1,0,0,1
0.06,264,20261083,0.00023199163711463635,0.00030073924977774255,-6.345276703695667,-5.218098879969269,22.859541185233795,4,15,1,1,1,1,1,0,0,1
0.06,265,20261084,0.0002497475510420807,0.00042059271448409836,-6.024987616570363,-3.761382544427498,40.62009577402628,9,24,1,1,1,1,1,0,0,1
0.06,266,20261085,0.0002513935964082826,0.000415904839045075,-5.99645789020653,-3.810060265974424,39.55502008933418,12,25,1,0,1,1,1,0,0,1
0.06,267,20261086,0.0003688948537241498,0.0005942452586668793,-4.330974033657521,-2.26034274712152,37.92212081729978,12,17,1,1,1,1,1,0,0,1
0.06,268,20261087,0.0003055966115562412,0.0004680479910347163,-5.148514655105659,-3.297096145049403,34.70827406380763,5,21,1,1,1,1,1,0,0,1
0.06,269,20261088,0.00020523174983041935,0.00030406006088688515,-6.877554519933619,-5.170406218669382,32.50289129331964,6,20,1,1,1,1,1,0,0,1
0.06,270,20261089,0.00015151437582174612,0.0003041359412053054,-8.195461589513732,-5.169322541577372,50.18202215059248,5,25,1,0,1,1,1,0,0,1
0.06,271,20261090,0.00014834400618586664,0.0002103122120099475,-8.287299965867179,-6.771355087946573,29.46486332479345,4,20,1,1,1,1,1,0,0,1
0.06,272,20261091,0.0002301969998309625,0.00030526415589931003,-6.379003408510945,-5.153241875422641,24.590884523339877,4,15,1,1,1,1,1,0,0,1
0.06,273,20261092,0.0003869882771376081,0.000865193197480884,-4.123021906698753,-0.6288690382856457,55.271460956423155,6,16,1,1,1,1,1,0,0,1
0.06,274,20261093,0.0002092669804940205,0.00028569670406263447,-6.79299292065168,-5.440947698226025,26.752049457265688,7,17,1,1,1,1,1,0,0,1
0.06,275,20261094,0.0003996013384770479,0.0007117048562768932,-3.9837306576081373,-1.4770007077970408,43.85294199516035,6,18,1,1,1,1,1,0,0,1
0.06,276,20261095,0.00020764078379574818,0.00044446743552154676,-6.826873404292608,-3.521600526721085,53.283240300361165,7,20,1,1,1,1,1,0,0,1
0.06,277,20261096,0.00042484595899827915,0.0007411192578221685,-3.7176850826438192,-1.3011190153928176,42.67508845381793,10,15,1,1,1,1,1,0,0,1
0.06,278,20261097,0.00045640954699584436,0.0006572335432328294,-3.406452797572207,-1.8228027958090123,30.555956600931093,11,17,1,1,1,1,1,0,0,1
0.06,279,20261098,0.00044950603706761966,0.0009505984288494718,-3.4726447112197025,-0.22002907843246974,52.71336208585303,7,22,1,1,1,1,1,0,0,1
0.06,280,20261099,0.00016641484576863263,0.00024429375557983375,-7.7880793316667525,-6.120876339347925,31.87920609200785,9,13,1,1,1,1,1,0,0,1
0.06,281,20261100,0.00023303217022568323,0.00041636164155458427,-6.325841202311705,-3.8052928787554148,44.031306689155436,8,19,1,1,1,1,1,0,0,1
0.06,282,20261101,0.00027926602113218825,0.0004470424427181621,-5.539819025822126,-3.4965124249835604,37.53031156635579,11,25,1,0,1,1,1,0,0,1
0.06,283,20261102,0.0002260096589423859,0.0004121056125265387,-6.458730000749835,-3.849914707151425,45.15734509006927,10,25,1,0,1,1,1,0,0,1
0.06,284,20261103,0.00023919748284524382,0.00030189467587102097,-6.212433948850176,-5.201445460038165,20.767902860454353,6,18,1,1,1,1,1,0,0,1
0.06,285,20261104,0.0003418848400066109,0.0006175032548513017,-4.661201564348923,-2.0936074890192535,44.634325840284234,8,15,1,1,1,1,1,0,0,1
0.06,286,20261105,0.00023188772309034472,0.0003664101678032412,-6.347222437520821,-4.360324832586329,36.713622200881105,9,21,1,1,1,1,1,0,0,1
0.06,287,20261106,0.0002851141026462841,0.00042880873432423383,-5.449813005790515,-3.6773637716280168,33.51019234820398,5,14,1,1,1,1,1,0,0,1
0.06,288,20261107,0.00044143880902824,0.0008492530379113326,-3.5512948856016244,-0.7096289091566945,48.02034384075656,6,25,1,0,1,1,1,0,0,1
0.06,289,20261108,0.00018696883675994576,0.0002702468688057546,-7.282307739502944,-5.682393292646076,30.81554003338577,7,25,1,0,1,1,1,0,0,1
0.06,290,20261109,0.00019647434084960942,0.00030691167487729477,-7.066941595636733,-5.129865907524479,35.98342554803068,6,15,1,1,1,1,1,0,0,1
0.06,291,20261110,0.0002005392539742478,0.0002707060300638623,-6.978006050098079,-5.675020700725185,25.91991618105494,4,15,1,1,1,1,1,0,0,1
0.06,292,20261111,0.00044403657856725295,0.0004985555198262503,-3.525812523728176,-3.022864710302457,10.935380131383875,7,19,1,1,1,1,1,0,0,1
0.06,293,20261112,0.00030184706994103777,0.000742030804105053,-5.202130355289615,-1.2957806537439946,59.32149066168636,11,21,1,1,1,1,1,0,0,1
0.06,294,20261113,0.0003487526508867723,0.0005498391813543503,-4.574824826111864,-2.5976431571174374,36.5718808856558,10,25,1,0,1,1,1,0,0,1
0.06,295,20261114,0.00027770299740941776,0.0004565209751011877,-5.564194326323682,-3.405392637782419,39.16971781025724,8,25,1,0,1,1,1,0,0,1
0.06,296,20261115,0.00017249622588429514,0.0002834591398571623,-7.632204025939279,-5.475095350549629,39.14599967698428,7,25,1,0,1,1,1,0,0,1
0.06,297,20261116,0.00019759661572000224,0.0003656380684228952,-7.042204979402669,-4.369485939959026,45.95841276257292,8,17,1,1,1,1,1,0,0,1
0.06,298,20261117,0.0001887015819519641,0.00038026037629809196,-7.242244589758804,-4.199189263676137,50.37569157507013,5,21,1,1,1,1,1,0,0,1
0.06,299,20261118,0.00013907498541067194,0.0002075715038489352,-8.567509769457539,-6.828322682157544,32.99899898018426,10,19,1,1,1,1,1,0,0,1
0.06,300,20261119,0.00020200615963283312,0.0003033383157181171,-6.946353877129571,-5.180727289773128,33.40565660008768,6,19,1,1,1,1,1,0,0,1
0.06,301,20261120,0.00028304610075032715,0.00045054858001035544,-5.481428235890703,-3.462583747338664,37.17745137631516,12,25,1,0,1,1,1,0,0,1
0.06,302,20261121,0.00027249708292110197,0.0003133059629386594,-5.646381424810986,-5.040313394090327,13.025248429614857,10,23,1,1,1,1,1,0,0,1
0.06,303,20261122,0.0004459213196198776,0.000688021683974224,-3.5074176341642085,-1.623978741453739,35.187897415660004,10,20,1,1,1,1,1,0,0,1
0.06,304,20261123,0.00023369310271389488,0.00036168580740243564,-6.313541053120925,-4.416685326753114,35.38781507844115,8,23,1,1,1,1,1,0,0,1
0.06,305,20261124,0.000189228960848719,0.0004879030533900753,-7.230123955543836,-3.1166646398178703,61.215868698933576,9,25,1,0,1,1,1,0,0,1
0.06,306,20261125,0.00031211430950340083,0.0006692093973979407,-5.056863197809839,-1.7443796907035103,53.3607401932815,5,25,1,0,1,1,1,0,0,1
0.06,307,20261126,0.00033956747372368857,0.0003828403933238795,-4.6907391636342854,-4.169822462552303,11.303122751622093,8,15,1,1,1,1,1,0,0,1
0.06,308,20261127,0.00012877720337661465,0.00022787460177265672,-8.901610106097298,-6.423040772973133,43.487689117240194,5,25,1,0,1,1,1,0,0,1
0.06,309,20261128,0.00011897568404947291,0.0002082544007046829,-9.245417895503657,-6.814058125787165,42.870026445113396,4,17,1,1,1,1,1,0,0,1
0.06,310,20261129,0.00016795954398198174,0.0003155416232250583,-7.747953131623299,-5.009433446776773,46.77103379727956,6,25,1,0,1,1,1,0,0,1
0.06,311,20261130,0.00024195341647515232,0.00035784820944828534,-6.162682411072044,-4.463011515076741,32.386578977666126,5,20,1,1,1,1,1,0,0,1
0.06,312,20261131,0.00023827367582058808,0.00032617374990845903,-6.229239353176529,-4.865509934141788,26.94884984231263,6,23,1,1,1,1,1,0,0,1
0.06,313,20261132,0.0003142077137835865,0.00048146078753719845,-5.027831572574585,-3.1743907811305,34.738669915188,8,17,1,1,1,1,1,0,0,1
0.06,314,20261133,0.00020249924740374883,0.00035000365604334995,-6.935765865184798,-4.559274191035541,42.143676528148,4,17,1,1,1,1,1,0,0,1
0.06,315,20261134,0.0002007573376809298,0.00025161552893790043,-6.973285722953594,-5.9926255907763455,20.212659954514418,6,13,1,1,1,1,1,0,0,1
0.06,316,20261135,0.00014855221551046493,0.00017501453876710122,-8.281208667361538,-7.569258722048113,15.120071419809731,7,24,1,1,1,1,1,0,0,1
0.06,317,20261136,0.0004096206061798054,0.0005349467254824576,-3.8761820407059733,-2.716894665414575,23.427775763955406,15,25,1,0,1,1,1,0,0,1
0.06,318,20261137,0.00014841215741244926,0.00021975230328572027,-8.285305216925744,-6.580665642676772,32.463889937260454,6,13,1,1,1,1,1,0,0,1
0.06,319,20261138,0.000671669032793946,0.000844431668300407,-1.728446743255949,-0.7343548792925343,20.4590426901186,18,25,1,0,1,1,1,0,0,1
0.06,320,20261139,0.0003888129218938443,0.0006319320666743634,-4.1025931006794,-1.9932960629705974,38.47235448265346,4,25,1,0,1,1,1,0,0,1
0.06,321,20261140,0.0002353992641944528,0.00038157736088051527,-6.281948989980571,-4.184174000484743,38.308901856427426,7,19,1,1,1,1,1,0,0,1
0.06,322,20261141,0.0006028020694012247,0.0010705105437613062,-2.1982526543505996,0.2959094914078244,43.6902258539891,14,18,1,1,1,1,1,0,0,1
0.06,323,20261142,0.00020693889823428946,0.0002774435643261244,-6.841578674749355,-5.568253447732894,25.41225501592799,7,25,1,0,1,1,1,0,0,1
0.06,324,20261143,0.00022705495996944812,0.0005845620762148424,-6.438690065847114,-2.331693631572829,61.158109770022236,5,22,1,1,1,1,1,0,0,1
0.06,325,20261144,0.0001214429115550081,0.00020436333366976824,-9.156278292523169,-6.895970215183697,40.574999744695724,4,22,1,1,1,1,1,0,0,1
0.06,326,20261145,0.0003550643099035772,0.00040493455281592305,-4.4969297960184385,-3.9261516356984085,12.315630406332875,16,21,1,1,1,1,1,0,0,1
0.06,327,20261146,0.0003918825227400152,0.0004587604653349982,-4.0684410484755205,-3.384140154147328,14.577965550311111,25,25,0,0,1,1,1,0,0,1
0.06,328,20261147,0.00021134261022937847,0.00046278809489985425,-6.750129330382335,-3.346178216861519,54.33274698323597,6,25,1,0,1,1,1,0,0,1
0.06,329,20261148,0.00041818948381549604,0.0008652658480868378,-3.786268925569046,-0.6285043748470971,51.669248851073725,10,22,1,1,1,1,1,0,0,1
0.06,330,20261149,0.00048334515862754517,0.0006424391682041622,-3.1574262711117185,-1.9216798887449635,24.764058209797405,14,25,1,0,1,1,1,0,0,1
0.06,331,20261150,0.0002511482811467569,0.0004327518336887029,-6.000697897960231,-3.637610832233415,41.96482565862016,6,25,1,0,1,1,1,0,0,1
0.06,332,20261151,0.0004734323100664729,0.0005104199087559332,-3.247421063462086,-2.920723944471236,7.246503918628801,7,22,1,1,1,1,1,0,0,1
0.06,333,20261152,0.0002269547159577381,0.0003474964570281682,-6.440607884966191,-4.590496189902992,34.688624483057374,4,25,1,0,1,1,1,0,0,1
0.06,334,20261153,0.00021469684218147707,0.0005508767799272087,-6.681743432360612,-2.58945533239336,61.02634018993385,8,25,1,0,1,1,1,0,0,1
0.06,335,20261154,0.0003158583139375846,0.0003893994008157617,-5.005076872366211,-4.096047210815458,18.88577299402982,5,14,1,1,1,1,1,0,0,1
0.06,336,20261155,0.0003899027040410158,0.0005254548457182065,-4.090437528960875,-2.79464598566251,25.797105646996975,5,22,1,1,1,1,1,0,0,1
0.06,337,20261156,0.0004647463746149794,0.0006623052824479907,-3.327839893793028,-1.7894178107138992,29.828979636520597,10,25,1,0,1,1,1,0,0,1
0.06,338,20261157,0.00025557725828319046,0.0005685273192560231,-5.924777930861145,-2.452486614651241,55.04573841453393,7,21,1,1,1,1,1,0,0,1
0.06,339,20261158,0.00027283584852272737,0.000353946145545703,-5.64098567326596,-4.510628127526947,22.91599952244778,3,19,1,1,1,1,1,0,0,1
0.06,340,20261159,0.0001436034012053448,0.00022419796724148776,-8.428352738317386,-6.493683293851449,35.947946820290774,7,15,1,1,1,1,1,0,0,1
0.06,341,20261160,0.00014011902055394382,0.00019397881495123888,-8.535029071058739,-7.122456981737343,27.765812679510375,9,25,1,0,1,1,1,0,0,1
0.06,342,20261161,0.00017666777815069344,0.000273476286562357,-7.52842652798905,-5.630803258629259,35.399233194425314,6,18,1,1,1,1,1,0,0,1
0.06,343,20261162,0.0002491450435472078,0.00033477180620194693,-6.035477481939424,-4.752511245333282,25.577650527441914,13,25,1,0,1,1,1,0,0,1
0.06,344,20261163,8.684936876218036e-05,0.0001974530836311997,-10.612333337407524,-7.0453607948349175,56.01518742325823,4,15,1,1,1,1,1,0,0,1
0.06,345,20261164,0.00022440995223302836,0.000327871304545345,-6.489578867026676,-4.842965913298685,31.555476456161717,6,25,1,0,1,1,1,0,0,1
0.06,346,20261165,0.00022319187110634697,0.0003521327487778814,-6.513216269295575,-4.532935831316271,36.617121843690796,6,25,1,0,1,1,1,0,0,1
0.06,347,20261166,0.00020184891601247886,0.0003364718853053723,-6.949735785353758,-4.730512184142776,40.01016880525202,4,15,1,1,1,1,1,0,0,1
0.06,348,20261167,0.0001860716798438766,0.0002639326872965862,-7.303197215681092,-5.785068203391085,29.500327621495295,6,14,1,1,1,1,1,0,0,1
0.06,349,20261168,0.0003189970631738611,0.0005227060459352044,-4.962133152288928,-2.8174247655977416,38.97199665959008,11,25,1,0,1,1,1,0,0,1
0.06,350,20261169,0.00029802828121483596,0.00037883730911634784,-5.257425218540735,-4.215472568454814,21.33079978051844,7,25,1,0,1,1,1,0,0,1
0.06,351,20261170,0.00038677810217185426,0.0009119274500063489,-4.125381219084164,-0.4003971135931542,57.586746383260916,8,16,1,1,1,1,1,0,0,1
0.06,352,20261171,0.00020947990438019589,0.0005158777096231366,-6.78857633009824,-2.874532369974241,59.393495692375055,8,25,1,0,1,1,1,0,0,1
0.06,353,20261172,0.00014190149601649616,0.00018460198870655966,-8.480130259076827,-7.337636246555414,23.131111961063173,10,11,1,1,1,1,1,0,0,1
0.06,354,20261173,0.00028817270874365004,0.0004448006295566228,-5.403471512224431,-3.518346067390074,35.21306185404896,6,16,1,1,1,1,1,0,0,1
0.06,355,20261174,0.00022733638458222847,0.0004639508350083284,-6.433310510382634,-3.3352803930694854,50.99989752617914,5,25,1,0,1,1,1,0,0,1
0.06,356,20261175,0.00029137493076362314,0.0004776003152890309,-5.355478166682094,-3.2093539517801495,38.991888942265284,8,20,1,1,1,1,1,0,0,1
0.06,357,20261176,0.00039162666323238444,0.0007298265140089784,-4.0712774766437105,-1.3678036311630524,46.33975942020015,11,25,1,0,1,1,1,0,0,1
0.06,358,20261177,0.00024033152400299314,0.00028157335074036825,-6.19189259563925,-5.504084510003635,14.646921176643302,12,19,1,1,1,1,1,0,0,1
0.06,359,20261178,0.0002281967186068994,0.0003834101899497169,-6.416906048834601,-4.163363489954507,40.48235425437527,5,19,1,1,1,1,1,0,0,1
0.06,360,20261179,0.00020518469074684703,0.000261700283514255,-6.878550459588459,-5.821958068648581,21.595541284283527,4,25,1,0,1,1,1,0,0,1
0.06,361,20261180,0.0003783450584817031,0.0005267238124647608,-4.221119339262101,-2.7841704733783463,28.170124545676327,9,24,1,1,1,1,1,0,0,1
0.06,362,20261181,0.0002626108352861095,0.0004820977305401364,-5.806873589476533,-3.1686491293975916,45.52746908974586,9,25,1,0,1,1,1,0,0,1
0.06,363,20261182,0.00020633871744210911,0.00025850869237981213,-6.8541927326873395,-5.875248491305105,20.18112987127436,4,25,1,0,1,1,1,0,0,1
0.06,364,20261183,0.0002696057868854746,0.0004881757050553562,-5.692707902322047,-3.114238378294024,44.77279715202072,4,25,1,0,1,1,1,0,0,1
0.06,365,20261184,0.00019145284119003874,0.00034783143116594154,-7.179381842705893,-4.586311763150101,44.958153853927755,6,22,1,1,1,1,1,0,0,1
0.06,366,20261185,0.0004561274750958025,0.0006389077503785726,-3.4091376699801,-1.945618435532082,28.608241983990197,5,25,1,0,1,1,1,0,0,1
0.06,367,20261186,0.00012295394410874894,0.00016054060726918408,-9.102575354312245,-7.944150985714245,23.412558230462064,5,21,1,1,1,1,1,0,0,1
0.06,368,20261187,0.00020015144163951855,0.00022553997493577417,-6.986412774358034,-6.467764721656262,11.256777563926473,13,17,1,1,1,1,1,0,0,1
0.06,369,20261188,0.000665434061788532,0.0010587798258844883,-1.7689497252611779,0.24805657609935006,37.15085558674688,8,25,1,0,1,1,1,0,0,1
0.06,370,20261189,0.00018546968638154157,0.00023208946704241805,-7.317270623994869,-6.343445687606049,20.086986822351562,5,20,1,1,1,1,1,0,0,1
0.06,371,20261190,0.0001819227859764358,0.0003222882703797239,-7.4011290179371825,-4.9175550026507535,43.55277473732066,7,25,1,0,1,1,1,0,0,1
0.06,372,20261191,0.0002772408341787806,0.0004969753513080732,-5.571428030918017,-3.036651506154617,44.21436929435962,6,19,1,1,1,1,1,0,0,1
0.06,373,20261192,0.00022499301027973227,0.00035392092501574914,-6.4783097364016795,-4.510937596280327,36.42845212677936,7,25,1,0,1,1,1,0,0,1
0.06,374,20261193,0.00019146890071434193,0.00023597009822315225,-7.179017561338307,-6.271430266885534,18.858829082118028,13,25,1,0,1,1,1,0,0,1
0.06,375,20261194,0.00026263524389863295,0.0003534322984063739,-5.8064699491198475,-4.5169376501965255,25.690084046405733,5,20,1,1,1,1,1,0,0,1
0.06,376,20261195,0.00012617057323200092,0.00018872144743537958,-8.990419238016523,-7.241787412047648,33.144549839676706,6,13,1,1,1,1,1,0,0,1
0.06,377,20261196,0.0002137980305509888,0.00033660789551403874,-6.699962997108583,-4.728757013787236,36.484546738128415,7,11,1,1,1,1,1,0,0,1
0.06,378,20261197,0.00014113932955936746,0.00020965124210006267,-8.503519498844463,-6.785025602310535,32.67899195560012,3,14,1,1,1,1,1,0,0,1
0.06,379,20261198,0.00020393979611337963,0.0002561435011152013,-6.904980192143225,-5.915166585876076,20.38064786907981,8,25,1,0,1,1,1,0,0,1
0.06,380,20261199,0.0009712948249442414,0.0012417380063801152,-0.12648925177669562,0.940299739516669,21.77940757602026,6,17,1,1,1,1,1,0,0,1
0.06,381,20261200,0.00033250427321061577,0.0004939367652126777,-4.7820276894774825,-3.0632864677883713,32.68282569177713,7,25,1,0,1,1,1,0,0,1
0.06,382,20261201,0.00028988826425187437,0.00039038976744642297,-5.377693661345459,-4.085015742015398,25.74388766691776,8,21,1,1,1,1,1,0,0,1
0.06,383,20261202,0.00027185225903007267,0.00041534148357106476,-5.656670537594978,-3.81594690160852,34.54728945138974,6,22,1,1,1,1,1,0,0,1
0.06,384,20261203,0.0003289562953776369,0.000686404521297174,-4.828617979075993,-1.634198644834379,52.07544746995954,13,25,1,0,1,1,1,0,0,1
0.06,385,20261204,0.00014671200540777673,0.0002575606195024052,-8.33534346490601,-5.891205389838871,43.03787368922419,9,25,1,0,1,1,1,0,0,1
0.06,386,20261205,0.00015818224092392348,0.00023907483110475667,-8.00842276221889,-6.214661423604763,33.83567806240049,6,16,1,1,1,1,1,0,0,1
0.06,387,20261206,0.0002642203840320504,0.00038585364252773124,-5.780336805475802,-4.135773955767151,31.523159325090226,5,16,1,1,1,1,1,0,0,1
0.06,388,20261207,0.00010424621790255093,0.0001895355030378992,-9.819396924582614,-7.223094277578163,44.99910769661659,7,14,1,1,1,1,1,0,0,1
0.06,389,20261208,0.0002769082648270372,0.0003395169676714608,-5.576640817581813,-4.691385165765644,18.440522508733032,6,21,1,1,1,1,1,0,0,1
0.06,390,20261209,0.0002316854897167506,0.0003176000468901541,-6.351011648862367,-4.981194421261326,27.051178995297224,5,19,1,1,1,1,1,0,0,1
0.06,391,20261210,0.0002550224388552933,0.00033258776826336543,-5.934216052825233,-4.780937270750308,23.321762496884936,6,22,1,1,1,1,1,0,0,1
0.06,392,20261211,0.0002594418182300088,0.000443614689871877,-5.859600206853278,-3.529940810425674,41.51640508006176,7,22,1,1,1,1,1,0,0,1
0.06,393,20261212,0.0003610600755935507,0.0005172634064808052,-4.424205312575006,-2.862882444318121,30.198024629266122,8,14,1,1,1,1,1,0,0,1
0.06,394,20261213,0.0003290300536173513,0.0006426138151309062,-4.827644317641042,-1.920499420732875,48.79816681962791,6,25,1,0,1,1,1,0,0,1
0.06,395,20261214,0.00017918076137388224,0.0002657857155996812,-7.467086223396107,-5.754683635096789,32.58450290693608,15,23,1,1,1,1,1,0,0,1
0.06,396,20261215,0.00021531186460529528,0.0002705726686566957,-6.669320380323499,-5.677160748894092,20.423646011902147,4,25,1,0,1,1,1,0,0,1
0.06,397,20261216,0.00036207503031802576,0.0004649024766555112,-4.412014242827131,-3.326381402119289,22.11806808972534,9,13,1,1,1,1,1,0,0,1
0.06,398,20261217,0.00015882165660200287,0.00024686264972075103,-7.990902783480243,-6.075446137830632,35.663958569001586,6,17,1,1,1,1,1,0,0,1
0.06,399,20261218,0.00014542978674725974,0.0002932505789413755,-8.373466327129638,-5.327611218184125,50.40767275813871,6,21,1,1,1,1,1,0,0,1
0.06,400,20261219,0.00034848517318599966,0.0003772541093204307,-4.5781569487009035,-4.233660208818159,7.625877471886031,8,14,1,1,1,1,1,0,0,1
0.06,401,20261220,0.000373468900308487,0.0003521173913005559,-4.277455571330651,-4.5331252432107085,-6.063747356831387,5,12,1,1,1,1,0,1,0,1
0.06,402,20261221,0.00019967202984578342,0.0004017222343421688,-6.996827670491433,-3.9607413046677826,50.295997389153264,12,15,1,1,1,1,1,0,0,1
0.06,403,20261222,0.00021111868334629073,0.00041668613648402795,-6.754733312818661,-3.801909486635398,49.33388350097337,7,20,1,1,1,1,1,0,0,1
0.06,404,20261223,0.00027543103862116565,0.0005705051110694616,-5.5998712020713715,-2.437404604494112,51.72154757652457,5,25,1,0,1,1,1,0,0,1
0.06,405,20261224,0.0002201828102014075,0.0003415589940091412,-6.572165896607318,-4.66534274237499,35.535935500643056,8,23,1,1,1,1,1,0,0,1
0.06,406,20261225,0.00042865248473720856,0.0005421999114882257,-3.6789465448820673,-2.658405576522103,20.941985482689052,10,22,1,1,1,1,1,0,0,1
0.06,407,20261226,0.00039535047592609117,0.0004072600093917296,-4.030177340589653,-3.901282330595373,2.924307123458085,7,20,1,1,1,1,1,0,0,1
0.06,408,20261227,0.00037901340852442174,0.0007451421084273358,-4.213454255328253,-1.2776089366736385,49.13541937331246,6,20,1,1,1,1,1,0,0,1
0.06,409,20261228,0.0002881357574894231,0.00037948655073857926,-5.404028426681614,-4.208036111875336,24.0722083750699,13,18,1,1,1,1,1,0,0,1
0.06,410,20261229,0.0008287066568780305,0.0010216999413706126,-0.8159917251893573,0.0932336845939242,18.889428948550314,5,18,1,1,1,1,1,0,0,1
0.06,411,20261230,0.00029142829056225345,0.0003987997106958233,-5.354682911428953,-3.9924516541367447,26.92364544252774,10,15,1,1,1,1,1,0,0,1
0.06,412,20261231,0.00017725460048785888,0.00023275638070840648,-7.514024842658368,-6.330984045744689,23.84543875945526,5,23,1,1,1,1,1,0,0,1
0.06,413,20261232,0.0001995093005679693,0.00034427872269969533,-7.000368539060631,-4.630898169690208,42.050063679945836,6,17,1,1,1,1,1,0,0,1
0.06,414,20261233,0.0001980702418030305,0.00041431684574118224,-7.031807682349415,-3.8266740832925676,52.193534045496634,8,19,1,1,1,1,1,0,0,1
0.06,415,20261234,0.00048307865486384464,0.0005672180751674363,-3.1598215166613346,-2.462499382262572,14.833698710809708,8,21,1,1,1,1,1,0,0,1
0.06,416,20261235,0.00013922763666537207,0.00024466774384021854,-8.562745487775539,-6.114232827756634,43.09522192010101,7,25,1,0,1,1,1,0,0,1
0.06,417,20261236,0.00043409471746517505,0.0006106595117541733,-3.6241549909491884,-2.1420087385489115,28.91378761657217,9,25,1,0,1,1,1,0,0,1
0.06,418,20261237,0.00034672334781376537,0.0007797905950569287,-4.6001691264047375,-1.0802200708020766,55.536351680613336,9,21,1,1,1,1,1,0,0,1
0.06,419,20261238,0.000579114480900461,0.0008558763756408693,-2.372355752901904,-0.6758896108722627,32.336667142281215,7,25,1,0,1,1,1,0,0,1
0.06,420,20261239,0.0004298706278329014,0.0006765563311350558,-3.6666222830910113,-1.6969603752516396,36.46196066014057,9,25,1,0,1,1,1,0,0,1
0.06,421,20261240,0.00020752884300124906,0.0003639467221838149,-6.829215351650558,-4.389621876561322,42.97823545270602,6,17,1,1,1,1,1,0,0,1
0.06,422,20261241,0.000361055785790525,0.0006020432126044675,-4.4242569119895085,-2.2037233544958843,40.02826072424593,11,14,1,1,1,1,1,0,0,1
0.06,423,20261242,0.00028478837530954886,0.00039988040059758063,-5.454777420083299,-3.9806988149016878,28.781611980991926,7,12,1,1,1,1,1,0,0,1
0.06,424,20261243,0.0003177588358279466,0.0004788285367491481,-4.979023643051338,-3.1981997484170095,33.638283552340525,7,25,1,0,1,1,1,0,0,1
0.06,425,20261244,0.0002179854362741226,0.000500980053463373,-6.615725208773508,-3.00179565237026,56.48820052472215,5,20,1,1,1,1,1,0,0,1
0.06,426,20261245,0.0002953980807959229,0.0004603365025552722,-5.295923306301896,-3.3692458619708745,35.82996804376713,3,25,1,0,1,1,1,0,0,1
0.06,427,20261246,0.0001227095140759968,0.00021824491386243896,-9.11121763674615,-6.610558686176525,43.7743991810314,5,19,1,1,1,1,1,0,0,1
0.06,428,20261247,0.00038940642918566055,0.0006203409854672525,-4.095968824595265,-2.0736952437389453,37.22703508098014,13,24,1,1,1,1,1,0,0,1
0.06,429,20261248,0.00029467717386556655,0.0004630942182660586,-5.306535039470407,-3.3433064114132858,36.367770910871634,9,20,1,1,1,1,1,0,0,1
0.06,430,20261249,0.0003666045322131124,0.0006628853026950975,-4.35802170298574,-1.785616099297892,44.69563124682268,8,25,1,0,1,1,1,0,0,1
0.06,431,20261250,0.0006512687910881798,0.0008254078724087012,-1.862397327931156,-0.8333139331254771,21.097337103455242,9,25,1,0,1,1,1,0,0,1
0.06,432,20261251,0.00017675971886603584,0.0003187519650326506,-7.5261669784874865,-4.965471292240075,44.546312413186264,8,25,1,0,1,1,1,0,0,1
0.06,433,20261252,0.00030365935558888084,0.0005466670752920365,-5.176133339452229,-2.622770820432872,44.45259842534652,10,25,1,0,1,1,1,0,0,1
0.06,434,20261253,0.0001430319176587354,0.00021473109206205293,-8.445670386445203,-6.681050671923511,33.390215508519795,8,25,1,0,1,1,1,0,0,1
0.06,435,20261254,0.0005036764060357853,0.0005890500245139649,-2.978483925380745,-2.2984782160025743,14.493441121341576,8,17,1,1,1,1,1,0,0,1
0.06,436,20261255,0.00032278627504377073,0.0004665679953112621,-4.910849398715211,-3.310850553760136,30.816884508241955,7,18,1,1,1,1,1,0,0,1
0.06,437,20261256,0.0004988224832324249,0.000776219498302349,-3.0205397996550394,-1.10015452167043,35.736929525296965,11,21,1,1,1,1,1,0,0,1
0.06,438,20261257,0.00031200037645880857,0.000438732559038827,-5.058448819626964,-3.5780013471700167,28.885976198726315,9,18,1,1,1,1,1,0,0,1
0.06,439,20261258,0.0002921586179946453,0.00033629806220648753,-5.343812984951894,-4.732756351398816,13.12509620847608,8,18,1,1,1,1,1,0,0,1
0.06,440,20261259,0.0001795414750689623,0.0003167529782584814,-7.45835211080394,-4.992792929870834,43.318141456447414,13,23,1,1,1,1,1,0,0,1
0.06,441,20261260,0.00018591025097993658,0.0002341884878530646,-7.30696662830148,-6.304344576187907,20.615119605460247,5,21,1,1,1,1,1,0,0,1
0.06,442,20261261,0.0002592126097133923,0.00038139519409574726,-5.863438755030602,-4.186247837358642,32.03569061011338,7,17,1,1,1,1,1,0,0,1
0.06,443,20261262,0.00013230768482169248,0.00019483580360137595,-8.784149299717708,-7.103312328900053,32.09272506587793,5,10,1,1,1,1,1,0,0,1
0.06,444,20261263,0.0001245673729234563,0.0002031971245150331,-9.045956945535382,-6.920824421365925,38.696291485049805,5,16,1,1,1,1,1,0,0,1
0.06,445,20261264,0.00024707257954683623,0.0003240681182353993,-6.071754505197723,-4.893636926811633,23.759060011153085,10,25,1,0,1,1,1,0,0,1
0.06,446,20261265,0.0001703144009811878,0.0002309280119895177,-7.687486285949986,-6.365233831737763,26.247838227213972,8,21,1,1,1,1,1,0,0,1
0.06,447,20261266,0.00018171645676866616,0.0003148291827001178,-7.406057399446811,-5.019250180594311,42.2809362174804,5,18,1,1,1,1,1,0,0,1
0.06,448,20261267,0.0003890731467273706,0.00047572359827942047,-4.099687425464757,-3.2264530485855225,18.214453070111308,11,25,1,0,1,1,1,0,0,1
0.06,449,20261268,0.0003715368724443922,0.00047372347298792346,-4.29998079064931,-3.2447509545662463,21.57093882196889,7,15,1,1,1,1,1,0,0,1
0.06,450,20261269,0.00037259717506459044,0.0004937703646684148,-4.28760442135726,-3.0647497930323944,24.540393323361283,5,13,1,1,1,1,1,0,0,1
0.06,451,20261270,0.00018920288032881155,0.0002445979282157291,-7.230722564046951,-6.115472258291165,22.647390470969373,6,17,1,1,1,1,1,0,0,1
0.06,452,20261271,0.00033081447129715524,0.0005053871594199654,-4.804155007306281,-2.9637579657498065,34.54236714742968,4,15,1,1,1,1,1,0,0,1
0.06,453,20261272,0.00024070571971867774,0.0003406263098732782,-6.185135897717241,-4.677218103032664,29.33437237768671,12,25,1,0,1,1,1,0,0,1
0.06,454,20261273,0.00017635520265242178,0.00024575100524918146,-7.536117236919312,-6.095046970023191,28.238257876664708,5,14,1,1,1,1,1,0,0,1
0.06,455,20261274,0.0003394338228647271,0.0005695071237609348,-4.692448846122076,-2.445008391165496,40.39866953319918,7,25,1,0,1,1,1,0,0,1
0.06,456,20261275,0.00013199439182452267,0.00014472339276950185,-8.794445206987294,-8.3946126480633,8.795399763224468,5,25,1,0,1,1,1,0,0,1
0.06,457,20261276,0.0001784365084709165,0.0002699921834684639,-7.485162833381197,-5.6864880889898615,33.91049097102526,9,21,1,1,1,1,1,0,0,1
0.06,458,20261277,0.00023484325106665666,0.0003578242681087008,-6.292219160710038,-4.463302083514145,34.36911020375081,6,14,1,1,1,1,1,0,0,1
0.06,459,20261278,0.0002541734272045984,0.0003372541345329623,-5.948698551260016,-4.7204271743413315,24.634451833604963,10,16,1,1,1,1,1,0,0,1
0.06,460,20261279,0.00027973554378691174,0.0005106998582216538,-5.532523477515154,-2.918342627114503,45.2250594388258,11,25,1,0,1,1,1,0,0,1
0.06,461,20261280,0.00022209404870355008,0.0004960758387836594,-6.534630787763216,-3.0445192462368094,55.22981944694021,5,25,1,0,1,1,1,0,0,1
0.06,462,20261281,0.00028684579468933326,0.000416426665516223,-5.423515127210723,-3.804614686049086,31.117332667987267,9,25,1,0,1,1,1,0,0,1
0.06,463,20261282,0.0002404795024520689,0.00042790942640585385,-6.189219353040087,-3.6864814634861065,43.801307563628114,7,19,1,1,1,1,1,0,0,1
0.06,464,20261283,0.0003150004309006276,0.000296079792278816,-5.016888521226636,-5.285912326015277,-6.390384995945341,10,13,1,1,1,1,0,1,0,1
0.06,465,20261284,0.0003364681952364401,0.0007991700071687887,-4.730559813244427,-0.9736082353772502,57.89779493496727,13,25,1,0,1,1,1,0,0,1
0.06,466,20261285,0.00033449127077555673,0.00037089377048554257,-4.756152115388312,-4.307504609999796,9.814804832750571,13,21,1,1,1,1,1,0,0,1
0.06,467,20261286,0.00020140933495754284,0.0003626692901835085,-6.959204045540114,-4.404892176991378,44.46473952739949,7,23,1,1,1,1,1,0,0,1
0.06,468,20261287,0.00028391151034332335,0.0004478501445791644,-5.46816999945941,-3.488672812464972,36.60568969780971,7,22,1,1,1,1,1,0,0,1
0.06,469,20261288,0.00034200757781739947,0.00038531004763234136,-4.659642712309351,-4.141896658523328,11.23834431025807,9,15,1,1,1,1,1,0,0,1
0.06,470,20261289,0.0004134263661268663,0.000534905083891996,-3.8360182984160835,-2.7172327442551367,22.710331500542964,9,25,1,0,1,1,1,0,0,1
0.06,471,20261290,0.0001813656411935799,0.00019164621124030597,-7.4144498438384785,-7.174997621320034,5.364348181052856,8,15,1,1,1,1,1,0,0,1
0.06,472,20261291,0.0003618816038159391,0.0003759689825698885,-4.414334936099303,-4.248479828765706,3.7469523835867804,12,16,1,1,1,1,1,0,0,1
0.06,473,20261292,0.0002761099948169944,0.00046175078958338763,-5.589178721897711,-3.3559235325336245,40.203676735211815,8,24,1,1,1,1,1,0,0,1
0.06,474,20261293,0.0003708143062062064,0.0006547379457033857,-4.308435189003602,-1.8393248856931141,43.36446991661065,8,19,1,1,1,1,1,0,0,1
0.06,475,20261294,0.00018036078086547933,0.00022930130278538797,-7.4385789309914045,-6.395934777999442,21.34332484177553,9,17,1,1,1,1,1,0,0,1
0.06,476,20261295,0.00023251402948639566,0.0003627908402591136,-6.335508374204634,-4.403436865379093,35.90961962536629,6,20,1,1,1,1,1,0,0,1
0.06,477,20261296,0.00019634174532964652,0.0002526769218707596,-7.069873527747365,-5.974344223534423,22.295339093107863,6,16,1,1,1,1,1,0,0,1
0.06,478,20261297,0.0001358971092943592,0.00030125279737832836,-8.667897811693502,-5.210689116192953,54.88934526848798,6,25,1,0,1,1,1,0,0,1
0.06,479,20261298,0.0003573724045256837,0.0004388397371800397,-4.468789857557224,-3.576940537120718,18.564256094459605,11,25,1,0,1,1,1,0,0,1
0.06,480,20261299,0.0003833255991617709,0.0004967262792749034,-4.164321768232254,-3.0388286307267864,22.829611567696652,7,20,1,1,1,1,1,0,0,1
0.06,481,20261300,0.00019687719361085725,0.00026735765114835797,-7.0580458991885315,-5.729073828972275,26.361862933330002,10,25,1,0,1,1,1,0,0,1
0.06,482,20261301,0.00015502441395947008,0.0002047446190569739,-8.095999017462068,-6.8878750321624675,24.284010650198464,7,21,1,1,1,1,1,0,0,1
0.06,483,20261302,0.0003295551354779099,0.000472960801244066,-4.820719163335017,-3.251748518813053,30.320835339619038,6,23,1,1,1,1,1,0,0,1
0.06,484,20261303,0.0002029586531224178,0.00038536770488332165,-6.925924278490112,-4.141246835016489,47.333767061807144,7,15,1,1,1,1,1,0,0,1
0.06,485,20261304,0.0002687723016104361,0.0004824596461628595,-5.706154896270027,-3.165390060128397,44.29123684269564,9,25,1,0,1,1,1,0,0,1
0.06,486,20261305,0.0004506782230310404,0.0007817844968748579,-3.46133426721448,-1.069129460660375,42.352627247968876,4,17,1,1,1,1,1,0,0,1
0.06,487,20261306,0.00021676271555334727,0.0002787201945980981,-6.6401541688438055,-5.548315634546829,22.229275181904455,11,16,1,1,1,1,1,0,0,1
0.06,488,20261307,0.00031513821562965147,0.0005413224030298183,-5.014989283692524,-2.6654399893721563,41.78363691105311,12,25,1,0,1,1,1,0,0,1
0.06,489,20261308,0.0003171141188453645,0.0007131943469936453,-4.987844214855912,-1.467921078399189,55.536086316148264,11,20,1,1,1,1,1,0,0,1
0.06,490,20261309,0.00023827483309207424,0.0003025488921091188,-6.2292182599777846,-5.192044330530776,21.244189185086544,8,15,1,1,1,1,1,0,0,1
0.06,491,20261310,0.00013518087621712922,0.00021865251138919242,-8.690847428678852,-6.602455300904277,38.17547515998439,9,25,1,0,1,1,1,0,0,1
0.06,492,20261311,0.00026174724132278684,0.00044996814347718535,-5.821178868586886,-3.4681823200644226,41.829828374048404,7,15,1,1,1,1,1,0,0,1
0.06,493,20261312,0.00016913333028948795,0.0003005269538965849,-7.717707996498271,-5.221165705710863,43.721077894500986,5,15,1,1,1,1,1,0,0,1
0.06,494,20261313,0.0003631258363618375,0.0004905260586130939,-4.399428499849398,-3.0933791629368947,25.972161929881135,8,18,1,1,1,1,1,0,0,1
0.06,495,20261314,0.00042411970489304436,0.0006665682443244374,-3.7251154945136404,-1.7615538020920254,36.37265073692688,8,23,1,1,1,1,1,0,0,1
0.06,496,20261315,0.00018635932139703652,0.00030749872514679186,-7.296488796471855,-5.1215668041819455,39.39509137539564,7,13,1,1,1,1,1,0,0,1
0.06,497,20261316,0.0005042195007124545,0.0007932929955776414,-2.9738036197563873,-1.0056638032293483,36.439688296339504,15,25,1,0,1,1,1,0,0,1
0.06,498,20261317,0.00027741029842261275,0.00034392485215516117,-5.568774204613863,-4.635364407412853,19.339850934221083,4,19,1,1,1,1,1,0,0,1
0.06,499,20261318,0.0003347996294609764,0.0004977936678030211,-4.752150313333246,-3.0295063214626285,32.74329283082445,6,25,1,0,1,1,1,0,0,1
0.06,500,20261319,0.00014545507281703887,0.00020269533980219845,-8.372711279196363,-6.931562361193024,28.2395574762685,6,13,1,1,1,1,1,0,0,1
0.07,1,20260820,0.0001396484281756595,0.00019451958477833875,-8.549639481726382,-7.1103666614821925,28.2085511673319,7,18,1,1,1,1,1,0,0,1
0.07,2,20260821,0.00012539257287841853,0.0002056799253342972,-9.017281864195272,-6.868080940222776,39.035094127628376,5,11,1,1,1,1,1,0,0,1
0.07,3,20260822,9.19752262171461e-05,0.00010740774271088757,-10.363291353289913,-9.68964410485533,14.368160157021082,6,13,1,1,1,1,1,0,0,1
0.07,4,20260823,0.00024622819305498565,0.0003868231429518134,-6.086622219684341,-4.124875507327822,36.346054381327875,7,16,1,1,1,1,1,0,0,1
0.07,5,20260824,0.00013773888997240248,0.0001792122793037303,-8.60943421283927,-7.466322365759615,23.142046679200153,6,25,1,0,1,1,1,0,0,1
0.07,6,20260825,0.00016831028257809815,0.00022917269277743804,-7.738893508660388,-6.398371322657409,26.557444284361864,6,25,1,0,1,1,1,0,0,1
0.07,7,20260826,0.0001419837382353446,0.00016983632684712503,-8.477613936386167,-7.6996941148969755,16.3996649767699,10,23,1,1,1,1,1,0,0,1
0.07,8,20260827,0.00017700853536134004,0.0001935010852736459,-7.520057914293963,-7.133165948464444,8.523233804597206,5,17,1,1,1,1,1,0,0,1
0.07,9,20260828,0.0001976783643190245,0.00037230080320736764,-7.040408611417963,-4.29106026827132,46.9035890827988,4,14,1,1,1,1,1,0,0,1
0.07,10,20260829,0.00016739818008703895,0.00022952822549012384,-7.762492678627881,-6.391639008854378,27.068586127224783,7,25,1,0,1,1,1,0,0,1
0.07,11,20260830,0.00011456151250068371,0.00018922413267210018,-9.409612612166962,-7.230234767187299,39.457240002678034,5,17,1,1,1,1,1,0,0,1
0.07,12,20260831,0.00015011198873684167,0.00016682327932279411,-8.235846213187894,-7.777433459285294,10.017361278228437,7,17,1,1,1,1,1,0,0,1
0.07,13,20260832,0.0001466932721232901,0.0002408259859699858,-8.335898039940243,-6.182966529853349,39.08744044690737,7,25,1,0,1,1,1,0,0,1
0.07,14,20260833,0.0001439364854753,0.00023935853524629356,-8.418291057705073,-6.2095108147104074,39.86573934905092,4,25,1,0,1,1,1,0,0,1
0.07,15,20260834,0.00011101774428205409,0.00018411135518517455,-9.546076011422329,-7.349194252809791,39.70076198157618,7,22,1,1,1,1,1,0,0,1
0.07,16,20260835,0.00011564956049568742,0.00020379522590273323,-9.368560133443815,-6.908059939723015,43.25207571305704,6,25,1,0,1,1,1,0,0,1
0.07,17,20260836,0.0001999304838512069,0.0002706209920540012,-6.99120982975293,-5.676385182350138,26.121590814613644,12,25,1,0,1,1,1,0,0,1
0.07,18,20260837,0.00012157970587878675,0.00015866409947302052,-9.151389115797603,-7.99521328850351,23.372895139734908,9,25,1,0,1,1,1,0,0,1
0.07,19,20260838,0.0002484887126253079,0.000294647433745796,-6.046933339160726,-5.306973370731368,15.665746866918607,5,16,1,1,1,1,1,0,0,1
0.07,20,20260839,0.00021723489362347552,0.00020444969095548217,-6.6307041439170735,-6.894135415852149,-6.253471261434807,5,15,1,1,1,1,0,1,0,1
0.07,21,20260840,0.00015895265427738687,0.0002577886772389897,-7.987322156045215,-5.887361619268282,38.33993952727968,6,17,1,1,1,1,1,0,0,1
0.07,22,20260841,0.0003119078402416646,0.00041160135339794447,-5.059737085038471,-3.855232058914007,24.220890512936233,9,22,1,1,1,1,1,0,0,1
0.07,23,20260842,0.00017184428832501658,0.0002679546185299112,-7.648648981508519,-5.719387529522648,35.86813719882422,5,25,1,0,1,1,1,0,0,1
0.07,24,20260843,0.00015119159397545938,0.0002346052576909099,-8.204723542816199,-6.296622592257611,35.55489955188779,6,25,1,0,1,1,1,0,0,1
0.07,25,20260844,0.00018664661950912567,0.00019851490243105878,-7.289798714854824,-7.02206885371179,5.978534999937746,4,13,1,1,1,1,1,0,0,1
0.07,26,20260845,0.00017537283176920806,0.00029146874286122427,-7.56037685351977,-5.354080121939758,39.83134175978947,11,25,1,0,1,1,1,0,0,1
0.07,27,20260846,0.00013965391469470819,0.0002033322260251004,-8.5494688591012,-6.917937847867549,31.31737284110165,6,17,1,1,1,1,1,0,0,1
0.07,28,20260847,0.00032327430416006033,0.0004063921369107492,-4.90428814426481,-3.9105470360137318,20.452618346044183,9,22,1,1,1,1,1,0,0,1
0.07,29,20260848,8.653215901541122e-05,0.00015677869383898333,-10.628224603115248,-8.047129580857714,44.80617429796776,4,12,1,1,1,1,1,0,0,1
0.07,30,20260849,0.00013106454840494333,0.0001684687125513135,-8.825147645586366,-7.734807430300029,22.20243959837785,4,14,1,1,1,1,1,0,0,1
0.07,31,20260850,9.834504464121658e-05,0.0001890635026742655,-10.072475181970455,-7.233923004357229,47.983062172156146,3,18,1,1,1,1,1,0,0,1
0.07,32,20260851,0.00036961951766854287,0.0004747516290976149,-4.322451040321628,-3.235335363183998,22.144655222964083,10,22,1,1,1,1,1,0,0,1
0.07,33,20260852,0.00019977270819471768,0.00027915257834471583,-6.994638428869191,-5.541583565088364,28.436015393694376,11,25,1,0,1,1,1,0,0,1
0.07,34,20260853,0.00018176274772796773,0.0003885005683980265,-7.404951206407614,-4.106083414655229,53.21429039924899,9,16,1,1,1,1,1,0,0,1
0.07,35,20260854,0.0001709663056549883,0.00022893698850590883,-7.67089472707206,-6.40284034296854,25.321676164803893,8,14,1,1,1,1,1,0,0,1
0.07,36,20260855,0.00020132088133083096,0.00024654356598243513,-6.961111770416436,-6.081063267154242,18.34267484182736,4,11,1,1,1,1,1,0,0,1
0.07,37,20260856,0.0001274056912115731,0.00019483783072402527,-8.948111716350786,-7.103267144001554,34.60936680616471,8,25,1,0,1,1,1,0,0,1
0.07,38,20260857,0.00014428847372519895,0.0002405766045118431,-8.407683605037207,-6.1874660902209015,40.02389633107657,5,19,1,1,1,1,1,0,0,1
0.07,39,20260858,0.00018154016919906985,0.0001944899248288816,-7.410272641192793,-7.111028915339212,6.658316949428288,5,12,1,1,1,1,1,0,0,1
0.07,40,20260859,0.0001224830612800371,0.0001986104827177422,-9.11923967636272,-7.019978330494732,38.330011787894676,7,25,1,0,1,1,1,0,0,1
0.07,41,20260860,0.00017831837088513292,0.00024528830217399636,-7.488039122197718,-6.103231628511837,27.302537746524095,4,25,1,0,1,1,1,0,0,1
0.07,42,20260861,0.00020852486658971717,0.0003587286503197362,-6.808421479863544,-4.452339364579116,41.87114232335272,5,20,1,1,1,1,1,0,0,1
0.07,43,20260862,0.0001125324264862092,0.0001601120681566578,-9.487223165316447,-7.955759326883344,29.716461862134867,11,25,1,0,1,1,1,0,0,1
0.07,44,20260863,0.00019023700043888753,0.0002693438415750318,-7.207050104078339,-5.696929499511693,29.37020600640214,6,23,1,1,1,1,1,0,0,1
0.07,45,20260864,0.0002868266854163873,0.0004240091914990934,-5.4238044578683535,-3.726247288457818,32.353663277367765,6,12,1,1,1,1,1,0,0,1
0.07,46,20260865,0.0001228367487928499,0.00018931781745181567,-9.106716868562122,-7.228085109339013,35.11611825753602,6,25,1,0,1,1,1,0,0,1
0.07,47,20260866,0.00018316532405650377,0.00045947265257284173,-7.371567413468071,-3.3774033235219365,60.135750619572306,10,18,1,1,1,1,1,0,0,1
0.07,48,20260867,0.0001632622297328032,0.00023853021573797778,-7.87114276475335,-6.224565990260087,31.55490627143667,4,25,1,0,1,1,1,0,0,1
0.07,49,20260868,0.00010983989241174588,0.00012062765088553954,-9.592399011628522,-9.185531295875341,8.94302292600383,9,18,1,1,1,1,1,0,0,1
0.07,50,20260869,0.0001355325327732359,0.0001319185869298865,-8.67956445689602,-8.79694009363535,-2.7395274066043394,5,15,1,1,1,1,0,1,0,1
0.07,51,20260870,0.00012390873583814307,0.00014118216993441407,-9.068980738292867,-8.502201473921701,12.234855225908017,4,16,1,1,1,1,1,0,0,1
0.07,52,20260871,0.00021152516805579896,0.0003067442366563378,-6.746379512323852,-5.132235883788349,31.041844384257473,10,25,1,0,1,1,1,0,0,1
0.07,53,20260872,0.00011344097469694663,0.0001781810689951113,-9.452300506404965,-7.491384398485367,36.33387916195571,6,9,1,1,1,1,1,0,0,1
0.07,54,20260873,0.00015271837219189426,0.00024710255723603067,-8.161087136861912,-6.071227601108696,38.196361097947396,4,25,1,0,1,1,1,0,0,1
0.07,55,20260874,0.00022115864978761813,0.00044223292945474725,-6.55296070169261,-3.54348922209513,49.99046089573282,5,25,1,0,1,1,1,0,0,1
0.07,56,20260875,0.0003254023561901769,0.00069530080423723,-4.875793067258735,-1.5782726827641624,53.19977278795831,5,18,1,1,1,1,1,0,0,1
0.07,57,20260876,9.841838391975684e-05,0.00013542550031032377,-10.069237705810917,-8.682995512983636,27.326549509336235,7,19,1,1,1,1,1,0,0,1
0.07,58,20260877,0.0002203204391129196,0.0002386656430387924,-6.569452115092291,-6.222100950803432,7.686570925037169,4,11,1,1,1,1,1,0,0,1
0.07,59,20260878,0.0001172763311171864,0.00016835961075343758,-9.307896289962972,-7.737620870094844,30.34176629872504,5,12,1,1,1,1,1,0,0,1
0.07,60,20260879,0.00013846557224913845,0.00026545784500122896,-8.586581951255779,-5.760044355501737,47.83896017520318,5,17,1,1,1,1,1,0,0,1
0.07,61,20260880,0.000145144015792288,0.00017399175967798482,-8.38200865185135,-7.594713195974229,16.579948348753287,6,11,1,1,1,1,1,0,0,1
0.07,62,20260881,0.00014101046874884265,0.0001419125759289872,-8.507486437199272,-8.479791167725626,0.6356781097370631,6,15,1,1,1,1,1,0,0,1
0.07,63,20260882,0.00011720624095789544,0.00017873168158177323,-9.310492625379545,-7.477984585933315,34.42335465060161,7,20,1,1,1,1,1,0,0,1
0.07,64,20260883,0.00017046765777473154,0.00022918968762496525,-7.683580060106974,-6.398049273169021,25.62158466148946,13,25,1,0,1,1,1,0,0,1
0.07,65,20260884,0.0001420718765179071,0.00024887920671221486,-8.474918832399364,-6.040113861851804,42.91532892814613,9,25,1,0,1,1,1,0,0,1
0.07,66,20260885,0.0002649804055772033,0.0003243436147279566,-5.767862395134671,-4.889946474970049,18.30256754107653,7,19,1,1,1,1,1,0,0,1
0.07,67,20260886,0.000149825021304467,0.00025257356630129565,-8.244156518766848,-5.976121035439372,40.680640694703435,5,12,1,1,1,1,1,0,0,1
0.07,68,20260887,9.847958658070373e-05,0.00014338601860191725,-10.066537832499321,-8.434931941359025,31.318557038596136,4,13,1,1,1,1,1,0,0,1
0.07,69,20260888,0.00017739358463294858,0.0002551331452638852,-7.510620903041197,-5.932331169679221,30.470192553982066,7,25,1,0,1,1,1,0,0,1
0.07,70,20260889,0.0001818591266441807,0.00029266023003795497,-7.402648988889179,-5.3363629037303,37.859979601398024,14,25,1,0,1,1,1,0,0,1
0.07,71,20260890,0.00016760674003090718,0.0002428081349846482,-7.757085209123376,-6.147367668564242,30.971530240737486,6,25,1,0,1,1,1,0,0,1
0.07,72,20260891,0.00014238641920872946,0.00022938837020012757,-8.465314316540628,-6.3942860424618395,37.92779508198002,4,16,1,1,1,1,1,0,0,1
0.07,73,20260892,0.0001771379542427298,0.0003543914197915928,-7.516883752742537,-4.505168014076557,50.0162971363981,6,25,1,0,1,1,1,0,0,1
0.07,74,20260893,9.52940411341879e-05,0.00013693307423112122,-10.209342555364,-8.634916415575725,30.408309556136352,12,17,1,1,1,1,1,0,0,1
0.07,75,20260894,8.469628980937638e-05,0.00011383039810108918,-10.721356138795247,-9.437417452813383,25.594312923196238,6,10,1,1,1,1,1,0,0,1
0.07,76,20260895,0.00023319283799990375,0.0004242899967133758,-6.322847920986387,-3.723372072703721,45.039279783578195,6,20,1,1,1,1,1,0,0,1
0.07,77,20260896,0.00014047479480874768,0.00025370338333973765,-8.52401593605682,-5.9567374107160465,44.63030293110598,7,14,1,1,1,1,1,0,0,1
0.07,78,20260897,0.00017053131228788072,0.00021501577255050056,-7.681958659073126,-6.675296811057791,20.688928879471767,4,9,1,1,1,1,1,0,0,1
0.07,79,20260898,0.00012469688969643397,0.00024964976592799866,-9.041443789554744,-6.026688368038493,50.051269131813356,6,16,1,1,1,1,1,0,0,1
0.07,80,20260899,0.00012999393253767408,0.00019382516085992852,-8.860769179001029,-7.1258984692739435,32.93237474384624,11,20,1,1,1,1,1,0,0,1
0.07,81,20260900,8.586175074967877e-05,9.920296100853867e-05,-10.662002603572457,-10.034753648369755,13.448399244566488,5,12,1,1,1,1,1,0,0,1
0.07,82,20260901,0.00014773279380921172,0.00019580793786394971,-8.305230890514782,-7.081697062987953,24.55219363381546,7,11,1,1,1,1,1,0,0,1
0.07,83,20260902,0.00017300501881309526,0.0001920915489738151,-7.619412979624338,-7.164917414098988,9.936163388073686,6,14,1,1,1,1,1,0,0,1
0.07,84,20260903,0.00016454994547886772,0.0001928988849405053,-7.837022572664828,-7.14670282804976,14.696269224356111,4,24,1,1,1,1,1,0,0,1
0.07,85,20260904,0.000111381364940359,0.0002184698967347629,-9.53187464283988,-6.606083966004638,49.01752296080249,8,16,1,1,1,1,1,0,0,1
0.07,86,20260905,0.00016023302583933056,0.00021400809247400866,-7.952479660198283,-6.69569803985588,25.12758560343184,5,25,1,0,1,1,1,0,0,1
0.07,87,20260906,0.00011411213200824626,0.0001645099020135205,-9.426681804359301,-7.838079563133581,30.63509818462613,5,25,1,0,1,1,1,0,0,1
0.07,88,20260907,0.00011404847224470755,0.00012736931154806464,-9.429105280123846,-8.949351986161517,10.458437076760271,3,11,1,1,1,1,1,0,0,1
0.07,89,20260908,0.00015368920382650012,0.00023164689083412179,-8.133566392228088,-6.351735245246982,33.65367293595396,7,25,1,0,1,1,1,0,0,1
0.07,90,20260909,0.00013937558729774176,0.00029233795136339246,-8.558132895835053,-5.341148007978721,52.323813364727975,6,14,1,1,1,1,1,0,0,1
0.07,91,20260910,0.0004575228804487658,0.0006552582913762987,-3.3958718224415536,-1.8358747495794852,30.176712531513516,9,25,1,0,1,1,1,0,0,1
0.07,92,20260911,0.00012961839802975268,0.00017061465574571438,-8.873333503503718,-7.679836658055869,24.028567497192558,6,25,1,0,1,1,1,0,0,1
0.07,93,20260912,0.0001910324784514659,0.0004712881421779125,-7.1889278975157485,-3.2671348714782216,59.465884804852436,9,25,1,0,1,1,1,0,0,1
0.07,94,20260913,0.0001715538474608612,0.00040769087054554363,-7.655995375187135,-3.896690136302217,57.920606063290116,3,18,1,1,1,1,1,0,0,1
0.07,95,20260914,0.00013286740274435604,0.0001296608659746947,-8.765815543823392,-8.871910821718357,-2.473018165933844,5,13,1,1,1,1,0,1,0,1
0.07,96,20260915,0.00017632775200794753,0.00028049050774729825,-7.536793292469284,-5.5208183138722555,37.135928975248554,14,17,1,1,1,1,1,0,0,1
0.07,97,20260916,0.0001048027674743056,0.00018255773524081134,-9.796272490035268,-7.385997606259012,42.59198749586776,6,16,1,1,1,1,1,0,0,1
0.07,98,20260917,0.00023191292480885336,0.00029319361668437324,-6.346750468913483,-5.328454892455444,20.901100292878937,5,12,1,1,1,1,1,0,0,1
0.07,99,20260918,0.00033042322218793205,0.00037250345702399416,-4.809294380051925,-4.288696924204461,11.296602499276023,6,15,1,1,1,1,1,0,0,1
0.07,100,20260919,0.0002484289627633229,0.0003263611065310763,-6.047977738938187,-4.863016030596753,23.879114946049068,16,25,1,0,1,1,1,0,0,1
0.07,101,20260920,0.00011157745206084898,0.00018701183158486504,-9.524235601917177,-7.281309163005513,40.33668826444509,9,16,1,1,1,1,1,0,0,1
0.07,102,20260921,0.00015342466617214765,0.0002974957493581036,-8.14104812999233,-5.265192351236944,48.42794678472321,5,17,1,1,1,1,1,0,0,1
0.07,103,20260922,0.00017516887977209297,0.00021143578563391957,-7.5654304739020874,-6.7482150620520525,17.152681015227575,6,10,1,1,1,1,1,0,0,1
0.07,104,20260923,0.00034263380988535335,0.00038436834327053136,-4.651697846216357,-4.152523881966953,10.857952824643482,10,25,1,0,1,1,1,0,0,1
0.07,105,20260924,0.00012692382108889512,0.0001529310743227066,-8.964568617777223,-8.155042605934991,17.005865779071446,7,13,1,1,1,1,1,0,0,1
0.07,106,20260925,0.00010049110179660576,0.0001659215037602119,-9.978723920914582,-7.800973248906496,39.43455217122761,4,11,1,1,1,1,1,0,0,1
0.07,107,20260926,0.00019967892277868588,0.0002756683562933124,-6.996677749090003,-5.596130832809733,27.56552639424941,7,23,1,1,1,1,1,0,0,1
0.07,108,20260927,0.00015219210458273984,0.00025038835746698314,-8.176078772966548,-6.01385868773893,39.217579394517855,6,12,1,1,1,1,1,0,0,1
0.07,109,20260928,0.00031404909304678615,0.0003812466301062713,-5.030024564721192,-4.187939864195029,17.625739286076854,6,23,1,1,1,1,1,0,0,1
0.07,110,20260929,0.0001989153268890521,0.0002980503943062386,-7.013317521853253,-5.257102992835547,33.26117640204426,6,25,1,0,1,1,1,0,0,1
0.07,111,20260930,0.00010975702902560873,0.0001510490404208575,-9.59567657242707,-8.208820293529667,27.33682470289099,4,25,1,0,1,1,1,0,0,1
0.07,112,20260931,0.00020108460536690545,0.0003972662971941605,-6.966211768429559,-4.009182775408087,49.38291851406991,13,12,1,1,1,1,1,0,0,1
0.07,113,20260932,0.00016102215046534082,0.0003113831765593833,-7.931143776129982,-5.06704855238664,48.288102059800075,8,25,1,0,1,1,1,0,0,1
0.07,114,20260933,8.716242794074326e-05,0.00017475231033586573,-10.596706808284766,-7.575770738971008,50.12230294797181,7,14,1,1,1,1,1,0,0,1
0.07,115,20260934,0.0001144010508242322,0.00020085957688944334,-9.415699863378414,-6.971074564835503,43.04426376084594,8,21,1,1,1,1,1,0,0,1
0.07,116,20260935,0.00021054985454191488,0.00031761236856347926,-6.766450542753738,-4.981025934795904,33.70854683833462,10,17,1,1,1,1,1,0,0,1
0.07,117,20260936,0.00014770304376799336,0.0001894663882365008,-8.306105549384007,-7.2246782368083915,22.04261392072164,5,12,1,1,1,1,1,0,0,1
0.07,118,20260937,0.0003366508124386128,0.0005021619505604254,-4.728203331129207,-2.9915619741297714,32.95971308401563,10,16,1,1,1,1,1,0,0,1
0.07,119,20260938,0.000208426383501302,0.00030084330942091236,-6.81047307043417,-5.21659642519969,30.71928908690107,12,21,1,1,1,1,1,0,0,1
0.07,120,20260939,0.00015418413730360967,0.00022622955669387187,-8.11960304857551,-6.454506555091973,31.846156816614485,5,16,1,1,1,1,1,0,0,1
0.07,121,20260940,0.00012041144897637313,0.000140026337199556,-9.193322174729632,-8.537902712882847,14.007999220338865,8,25,1,0,1,1,1,0,0,1
0.07,122,20260941,0.00031154634813477513,0.000369239264054026,-5.064773350662924,-4.3269212331426035,15.624805251158065,7,18,1,1,1,1,1,0,0,1
0.07,123,20260942,0.00024648770441749134,0.00031190356135658474,-6.082047398221211,-5.059796663820587,20.973103562708765,8,10,1,1,1,1,1,0,0,1
0.07,124,20260943,0.00022926752507442056,0.0003285239131833656,-6.396574571749901,-4.834330127538288,30.212835086237728,6,17,1,1,1,1,1,0,0,1
0.07,125,20260944,0.00022048641291423437,0.0003575355707697892,-6.566181680019589,-4.466807442949273,38.33161482659815,9,15,1,1,1,1,1,0,0,1
0.07,126,20260945,0.00017308815450131556,0.00021646126922440784,-7.6173265257950415,-6.6461979938847495,20.037355818202695,9,18,1,1,1,1,1,0,0,1
0.07,127,20260946,0.00017559001714048667,0.00033923354290608086,-7.555001787718384,-4.695012119023877,48.23919367280848,10,25,1,0,1,1,1,0,0,1
0.07,128,20260947,0.0006093797324715311,0.0007614434336464207,-2.1511199419301303,-1.1836235413712917,19.970452755325887,9,25,1,0,1,1,1,0,0,1
0.07,129,20260948,0.00024504392983669496,0.00024561953545625516,-6.107560512459424,-6.097370943572167,0.2343484684518156,5,10,1,1,1,1,1,0,0,1
0.07,130,20260949,8.755472414061029e-05,0.0001086633540029491,-10.577204159672004,-9.639168941624787,19.425711690958785,6,21,1,1,1,1,1,0,0,1
0.07,131,20260950,0.00018660718711727267,0.0002149701855369796,-7.290716335516673,-6.67621768710597,13.193921914733549,8,23,1,1,1,1,1,0,0,1
0.07,132,20260951,0.00010228793600870994,0.00017742370413501794,-9.901755846045724,-7.509883580819766,42.34821299251554,4,16,1,1,1,1,1,0,0,1
0.07,133,20260952,0.00017910402376790393,0.0004126331332102553,-7.468946571405429,-3.844359024107433,56.59485161201481,5,16,1,1,1,1,1,0,0,1
0.07,134,20260953,0.00012332868221968474,0.00014195041350498373,-9.089359089587314,-8.47863338025964,13.118476252022475,7,13,1,1,1,1,1,0,0,1
0.07,135,20260954,0.00019910224204616433,0.000424011639323814,-7.009238494512696,-3.726222216508399,53.04321306752816,5,21,1,1,1,1,1,0,0,1
0.07,136,20260955,8.342518240967708e-05,0.00012157491738819087,-10.78702835084562,-9.151560168686894,31.379610036419773,5,11,1,1,1,1,1,0,0,1
0.07,137,20260956,0.00016567232361847933,0.0002662339288652661,-7.807500365637214,-5.747365988237769,37.771896946192136,8,21,1,1,1,1,1,0,0,1
0.07,138,20260957,0.0001271079716142341,0.000292478972252852,-8.958272116843048,-5.3390535201881235,56.541158964293835,6,11,1,1,1,1,1,0,0,1
0.07,139,20260958,0.00019718964821523687,0.00027521219187690325,-7.0511588777717815,-5.603323308014232,28.349959036903517,9,13,1,1,1,1,1,0,0,1
0.07,140,20260959,0.00016732582067839074,0.00021172779923357699,-7.764370362469338,-6.74222116656399,20.971255884165792,7,25,1,0,1,1,1,0,0,1
0.07,141,20260960,0.00014821836205667754,0.00023692283450103677,-8.290979903789076,-6.253930801810375,37.440237717555696,12,25,1,0,1,1,1,0,0,1
0.07,142,20260961,0.00020789379420904907,0.0004099071295711831,-6.821584745020636,-3.873145278740435,49.28270839628152,4,25,1,0,1,1,1,0,0,1
0.07,143,20260962,0.00037459875210436215,0.00040454410425674826,-4.264336737175679,-3.9303412376449365,7.402246587526824,7,22,1,1,1,1,1,0,0,1
0.07,144,20260963,0.00031741740874698663,0.00047284450855541917,-4.983692580618857,-3.2528165033696266,32.87065768898866,4,16,1,1,1,1,1,0,0,1
0.07,145,20260964,0.00029348539630172273,0.0003134304861237974,-5.324135041723111,-5.038587637339878,6.363481124231439,5,12,1,1,1,1,1,0,0,1
0.07,146,20260965,7.007669727534624e-05,0.00011581313423556552,-11.544263747180084,-9.362421849732744,39.49158034803784,7,9,1,1,1,1,1,0,0,1
0.07,147,20260966,0.00024781697269939134,0.0003991158566033663,-6.058689526118435,-3.989010176468332,37.908512378232295,7,18,1,1,1,1,1,0,0,1
0.07,148,20260967,0.00014542906408301662,0.0002171447500964683,-8.373487907981804,-6.632506661023321,33.026672752434216,8,23,1,1,1,1,1,0,0,1
0.07,149,20260968,0.00019241964401477121,0.00027712538970517614,-7.157505931520232,-5.573236831541769,30.565855326543833,7,23,1,1,1,1,1,0,0,1
0.07,150,20260969,0.00011650084747211066,0.00019191712282253938,-9.336709154008588,-7.168862758346243,39.29627239158026,9,18,1,1,1,1,1,0,0,1
0.07,151,20260970,0.00015457698371415545,0.0003224494832417544,-8.108551714143475,-4.915383147273663,52.06164321923804,9,25,1,0,1,1,1,0,0,1
0.07,152,20260971,0.00019685221666691305,0.00034636358056849153,-7.05859690445566,-4.604677794423905,43.166017528801184,5,12,1,1,1,1,1,0,0,1
0.07,153,20260972,0.00010267997258151208,0.00019286046434589967,-9.885142559696202,-7.147567919320506,46.75944967271612,6,11,1,1,1,1,1,0,0,1
0.07,154,20260973,0.00029224532928302837,0.0005017738896227211,-5.342524210825188,-2.9949194144269526,41.75756544391643,6,24,1,1,1,1,1,0,0,1
0.07,155,20260974,0.00017729171120884116,0.00020691745217905896,-7.513115681802977,-6.84202877795276,14.317661781656168,9,14,1,1,1,1,1,0,0,1
0.07,156,20260975,8.699823165933143e-05,0.0001087723615356368,-10.604895748342491,-9.634814424816813,20.01807220961326,5,17,1,1,1,1,1,0,0,1
0.07,157,20260976,0.00013742716763875384,0.00020861304064894137,-8.619274041812226,-6.8065854679704065,34.123405127860956,5,23,1,1,1,1,1,0,0,1
0.07,158,20260977,0.0002207892982749604,0.00042477892219384484,-6.560219808195029,-3.7183704136635463,48.022539081116456,25,23,0,1,1,1,1,0,0,1
0.07,159,20260978,0.0001254002662885011,0.00013624906405349739,-9.01701541276404,-8.656664723746047,7.962475074864779,4,12,1,1,1,1,1,0,0,1
0.07,160,20260979,0.00011204859769086763,0.00013029922900208537,-9.505935743714819,-8.850581540581791,14.006707062653183,7,12,1,1,1,1,1,0,0,1
0.07,161,20260980,0.00013391684035959792,0.0001863771206665406,-8.731648059949261,-7.296074019505556,28.147382103194296,4,16,1,1,1,1,1,0,0,1
0.07,162,20260981,0.00018375810659631528,0.000291907688271342,-7.357534926661467,-5.347544664033942,37.04924057173053,13,18,1,1,1,1,1,0,0,1
0.07,163,20260982,9.759906159129509e-05,0.00015753058395403044,-10.105543580267668,-8.026351170933058,38.04437262812672,4,12,1,1,1,1,1,0,0,1
0.07,164,20260983,0.00014104898326498702,0.00018764808590277155,-8.506300400580454,-7.266558612328006,24.833241657433966,4,12,1,1,1,1,1,0,0,1
0.07,165,20260984,0.00013338796874986738,0.00012255674074813046,-8.748833408930937,-9.1166279710706,-8.837725232915961,7,15,1,1,1,1,0,1,0,1
0.07,166,20260985,0.0001871525624748808,0.0003219613500736866,-7.2780422219058485,-4.921962601587969,41.87110892905388,3,13,1,1,1,1,1,0,0,1
0.07,167,20260986,0.00017177312155609924,0.00024203527483359917,-7.650447920362536,-6.161213342296328,29.02971615431082,4,15,1,1,1,1,1,0,0,1
0.07,168,20260987,9.005900896265912e-05,0.00010374388761573155,-10.45472836458325,-9.840374816323386,13.191021627954957,5,10,1,1,1,1,1,0,0,1
0.07,169,20260988,0.0001339959878150658,0.00020031591603130973,-8.729082053356704,-6.982845426187585,33.10766789288875,5,15,1,1,1,1,1,0,0,1
0.07,170,20260989,0.00026434284853067724,0.0003431474819900489,-5.7783243440082686,-4.645191836065879,22.965237280003404,10,25,1,0,1,1,1,0,0,1
0.07,171,20260990,0.00029186656567065924,0.000580010566120124,-5.348156521047745,-2.3656409477177425,49.679095051138816,7,18,1,1,1,1,1,0,0,1
0.07,172,20260991,0.0002053100305289852,0.00028094476042635045,-6.875898324269006,-5.513790630143292,26.9215662832028,7,17,1,1,1,1,1,0,0,1
0.07,173,20260992,0.00010539978170654041,0.0001924632230159104,-9.771602885897256,-7.156522457251891,45.236404101043604,7,15,1,1,1,1,1,0,0,1
0.07,174,20260993,0.00015643448004694542,0.0002786483148221427,-8.056675169812648,-5.549435790770345,43.85952768212672,5,18,1,1,1,1,1,0,0,1
0.07,175,20260994,0.0002005322133462999,0.00041147968791864,-6.978158526956514,-3.856515982222467,51.26558631347309,4,18,1,1,1,1,1,0,0,1
0.07,176,20260995,0.00017691481498900501,0.0002368152967757803,-7.52235797397966,-6.255902483564242,25.294177615346282,5,18,1,1,1,1,1,0,0,1
0.07,177,20260996,0.0001277714091331374,0.0002374472163104676,-8.935663155425736,-6.244329174615783,46.189552727342395,6,21,1,1,1,1,1,0,0,1
0.07,178,20260997,0.00015003916859600823,0.00026326056984656276,-8.237953510473497,-5.796141829767273,43.00735249359364,6,25,1,0,1,1,1,0,0,1
0.07,179,20260998,0.00014866499940961898,0.00017728151392053414,-8.277912665317084,-7.5133654821674405,16.141849129144067,5,16,1,1,1,1,1,0,0,1
0.07,180,20260999,9.167980522845548e-05,9.359025720172172e-05,-10.377263180239025,-10.28769359208052,2.0412936457141138,4,15,1,1,1,1,1,0,0,1
0.07,181,20261000,0.0001474128252121707,0.00024378041307553393,-8.314647303401228,-6.130011913958065,39.530488379927505,5,12,1,1,1,1,1,0,0,1
0.07,182,20261001,0.000149395993119775,0.0001854980429275518,-8.256610503740822,-7.31660667990976,19.462226791188748,6,19,1,1,1,1,1,0,0,1
0.07,183,20261002,0.00010383112522872849,0.00015154904545308206,-9.836724394661317,-8.194467947352551,31.486783754851512,3,20,1,1,1,1,1,0,0,1
0.07,184,20261003,9.108928828501462e-05,0.00012416729933250814,-10.40532691218321,-9.059927647823265,26.63987315928792,5,17,1,1,1,1,1,0,0,1
0.07,185,20261004,0.00022040538212211958,0.00022072166281384052,-6.567778045688995,-6.561550407449131,0.14329390585811905,5,16,1,1,1,1,1,0,0,1
0.07,186,20261005,0.00014085222617113207,0.00021409736902006717,-8.51236284594444,-6.693886695906035,34.21113635547287,4,25,1,0,1,1,1,0,0,1
0.07,187,20261006,7.557953782096286e-05,0.00018456795856156152,-11.215957681800417,-7.338436913258773,59.050564133669084,9,25,1,0,1,1,1,0,0,1
0.07,188,20261007,8.29238669087696e-05,8.428428819333277e-05,-10.813204540699319,-10.74253376584047,1.6140864611000953,5,17,1,1,1,1,1,0,0,1
0.07,189,20261008,0.0001298613152965785,0.00015568319637799925,-8.865202027018793,-8.077582603550361,16.586170943410714,5,12,1,1,1,1,1,0,0,1
0.07,190,20261009,0.00015516529422962251,0.00015941475519311272,-8.09205410720052,-7.97471483426876,2.6656635129806325,4,10,1,1,1,1,1,0,0,1
0.07,191,20261010,0.000192676543238028,0.00026687165085275755,-7.15171153857066,-5.736975578427726,27.80179437480439,5,22,1,1,1,1,1,0,0,1
0.07,192,20261011,0.0001691174574463885,0.00027539399949077175,-7.718115592780391,-5.600455267386337,38.59072537560663,9,22,1,1,1,1,1,0,0,1
0.07,193,20261012,0.00011036235381576352,0.00017764331576175437,-9.57179045431923,-7.504511291957609,37.87418719217358,3,14,1,1,1,1,1,0,0,1
0.07,194,20261013,0.00010286889561781487,0.00015555396267047654,-9.877159226487558,-8.081189209487142,33.869318497702956,6,13,1,1,1,1,1,0,0,1
0.07,195,20261014,0.00016207793085736656,0.00021109078259044507,-7.902761163011935,-6.755307300154328,23.21884979135847,9,13,1,1,1,1,1,0,0,1
0.07,196,20261015,0.00023385328193352005,0.00029265307885894594,-6.310565307560498,-5.336469025273606,20.091979607624914,7,12,1,1,1,1,1,0,0,1
0.07,197,20261016,8.626772868388944e-05,0.00011127336845000022,-10.641516362154977,-9.536087648581253,22.472259188726603,7,15,1,1,1,1,1,0,0,1
0.07,198,20261017,0.00019479178129088449,0.0002671292203059352,-7.104293709446491,-5.732786034667096,27.079568057812907,11,20,1,1,1,1,1,0,0,1
0.07,199,20261018,0.00021760152499226696,0.0003909799357746437,-6.62338065346074,-4.078455290643329,44.34458009689532,6,20,1,1,1,1,1,0,0,1
0.07,200,20261019,0.00013159547823719223,0.00018978192727970629,-8.807590332932962,-7.217451473165493,30.659636497819484,8,25,1,0,1,1,1,0,0,1
0.07,201,20261020,0.00017053228045789658,0.00022383326713340277,-7.681934002621697,-6.500753661599118,23.812808238079835,10,22,1,1,1,1,1,0,0,1
0.07,202,20261021,0.00016381462588193832,0.00020716036318843995,-7.856473256754183,-6.836933362591006,20.923760047221442,8,18,1,1,1,1,1,0,0,1
0.07,203,20261022,0.00013935364964602073,0.00019626676222675953,-8.558816527104774,-7.071532419370393,28.997835361946535,6,21,1,1,1,1,1,0,0,1
0.07,204,20261023,0.0001257045016329623,0.00022603303168286938,-9.006491694154857,-6.4582808992628085,44.386667427737194,7,25,1,0,1,1,1,0,0,1
0.07,205,20261024,0.0001688694709238573,0.00027685150754601834,-7.72448857283422,-5.577531072716635,39.00359350732892,7,14,1,1,1,1,1,0,0,1
0.07,206,20261025,0.00010852425056913917,0.00018082836371278625,-9.644732045660763,-7.427334475452961,39.98494022679391,5,25,1,0,1,1,1,0,0,1
0.07,207,20261026,0.0002957091859166898,0.0003938369857839497,-5.291351843309481,-4.046835010785044,24.915841683058847,8,13,1,1,1,1,1,0,0,1
0.07,208,20261027,0.00017445470636316083,0.00023619735842865983,-7.583173098502644,-6.267249637346618,26.14028051636637,10,24,1,1,1,1,1,0,0,1
0.07,209,20261028,0.00022076811142340618,0.00025496115238408614,-6.560636575415955,-5.93525986587514,13.411078762763774,9,25,1,0,1,1,1,0,0,1
0.07,210,20261029,0.00015445752407719477,0.00022892807847613625,-8.111909310943723,-6.403009369917454,32.530109410193816,4,14,1,1,1,1,1,0,0,1
0.07,211,20261030,0.00018217324326573302,0.00035425523315138854,-7.395154097744987,-4.506837255209135,48.57570863663642,5,25,1,0,1,1,1,0,0,1
0.07,212,20261031,0.00017634615949478432,0.0002737217750171018,-7.536339940536779,-5.626906523757372,35.574669028882916,6,19,1,1,1,1,1,0,0,1
0.07,213,20261032,0.00010299513361510684,0.00016616575384322937,-9.871832946543798,-7.794584778409187,38.016630242427354,3,12,1,1,1,1,1,0,0,1
0.07,214,20261033,0.0001399788352381996,0.00021498850955006257,-8.539376245654758,-6.675847511186096,34.89008527425327,7,25,1,0,1,1,1,0,0,1
0.07,215,20261034,0.0001153320739604591,0.00024372914654094158,-9.380498981957537,-6.13092532263786,52.68022901762976,5,25,1,0,1,1,1,0,0,1
0.07,216,20261035,0.0001847178920726363,0.0001716367476335223,-7.334910360590792,-7.653897235625595,-7.621412441958384,7,11,1,1,1,1,0,1,0,1
0.07,217,20261036,0.0002272407733226328,0.00027583848673729005,-6.435137414455593,-5.59345138408482,17.61817721286369,6,17,1,1,1,1,1,0,0,1
0.07,218,20261037,0.00010079047916610397,0.00012982121533010728,-9.965804901217451,-8.866543295086334,22.362089347403213,5,15,1,1,1,1,1,0,0,1
0.07,219,20261038,0.00012378892430226358,0.00017808304823938704,-9.073182109668709,-7.493774191469722,30.488092198499945,4,25,1,0,1,1,1,0,0,1
0.07,220,20261039,0.0001625800443726463,0.00029583940405711497,-7.889327622518277,-5.2894398103268205,45.044493011059984,6,25,1,0,1,1,1,0,0,1
0.07,221,20261040,0.0002151446095356616,0.0003383663165387945,-6.6726953072595,-4.706128763346242,36.416658804454386,4,14,1,1,1,1,1,0,0,1
0.07,222,20261041,0.00029506027991336195,0.0004780064858858353,-5.300892499222036,-3.2056621057340724,38.272745532613406,5,13,1,1,1,1,1,0,0,1
0.07,223,20261042,0.0001538458446926374,0.00020276510314238422,-8.129142293575631,-6.930067870940868,24.12607381231429,7,13,1,1,1,1,1,0,0,1
0.07,224,20261043,8.422218281227032e-05,0.0001326914444572909,-10.745735070259492,-8.771570782265352,36.52779713361344,8,14,1,1,1,1,1,0,0,1
0.07,225,20261044,0.00016857568518589404,0.00039887555257894433,-7.732050664319949,-3.991625811517516,57.737273168044055,8,16,1,1,1,1,1,0,0,1
0.07,226,20261045,0.0001959875260535491,0.0003610357994407583,-7.07771569146106,-4.424497323638026,45.71520986086912,8,25,1,0,1,1,1,0,0,1
0.07,227,20261046,0.0002917884057636798,0.0003954545585005217,-5.349319688267129,-4.02903413876289,26.214428562897744,8,25,1,0,1,1,1,0,0,1
0.07,228,20261047,0.00011450755546116415,0.00017016972532685144,-9.411658566705047,-7.691177021421667,32.70979591626821,4,25,1,0,1,1,1,0,0,1
0.07,229,20261048,0.00013860022954049412,0.00019294900197594706,-8.582360504739421,-7.145574634644943,28.16742863600198,4,11,1,1,1,1,1,0,0,1
0.07,230,20261049,9.564070152372579e-05,0.00012930506692209533,-10.193572469982781,-8.88384456610783,26.034838540899482,6,16,1,1,1,1,1,0,0,1
0.07,231,20261050,0.00010067949568875292,0.00021037848534621496,-9.970589685322993,-6.76998675987765,52.14363506654826,8,12,1,1,1,1,1,0,0,1
0.07,232,20261051,0.00011279320235994281,0.00020299283874210201,-9.4771707292824,-6.9251928302101105,44.43488595021614,3,18,1,1,1,1,1,0,0,1
0.07,233,20261052,0.00012410679986238406,0.0003151726565946898,-9.062044226768732,-5.014514675947628,60.622599306898415,4,12,1,1,1,1,1,0,0,1
0.07,234,20261053,0.00014402951470749448,0.00022545656763094953,-8.415485026189016,-6.469371090185945,36.116514049279424,9,16,1,1,1,1,1,0,0,1
0.07,235,20261054,0.00018600000309386156,0.0002929637753672165,-7.304870485581752,-5.331860763377621,36.510920894325864,5,15,1,1,1,1,1,0,0,1
0.07,236,20261055,0.00014746639780797034,0.0002626746152114761,-8.3130692822199,-5.80581895262136,43.85966923783368,6,25,1,0,1,1,1,0,0,1
0.07,237,20261056,0.00021034340079641,0.00024244489855764758,-6.77071108760661,-6.153869497277615,13.240739628763368,10,24,1,1,1,1,1,0,0,1
0.07,238,20261057,0.00022256150225740523,0.00024270600997798117,-6.525499559182599,-6.1491946937075515,8.299962461746823,6,25,1,0,1,1,1,0,0,1
0.07,239,20261058,0.00012117388138192048,0.00015257764474526573,-9.165909807812021,-8.165090933469871,20.58215239576876,8,16,1,1,1,1,1,0,0,1
0.07,240,20261059,0.0003207697039959854,0.00037508348240615,-4.938066566244423,-4.258720605035326,14.480450608420078,12,23,1,1,1,1,1,0,0,1
0.07,241,20261060,0.0002074128051142656,0.0002566836325194717,-6.831644349344629,-5.906018233157111,19.1951574479407,11,21,1,1,1,1,1,0,0,1
0.07,242,20261061,0.00012749507938943043,0.00019836028423486413,-8.94506576290854,-7.0254527807025715,35.725500756757995,5,14,1,1,1,1,1,0,0,1
0.07,243,20261062,0.0003896885071955967,0.0005778820063072795,-4.0928240235494915,-2.3816082808616676,32.56607699455067,11,14,1,1,1,1,1,0,0,1
0.07,244,20261063,0.00012121323999278089,0.0001602299387536978,-9.164499400562217,-7.952563333159195,24.350442285878042,10,15,1,1,1,1,1,0,0,1
0.07,245,20261064,0.00013152471987438514,0.00024308500360077182,-8.809926145042938,-6.1424183282398035,45.89352780873581,5,25,1,0,1,1,1,0,0,1
0.07,246,20261065,0.00016922504707738675,0.000274361050303656,-7.715353564125834,-5.61677543252649,38.320309355102445,5,25,1,0,1,1,1,0,0,1
0.07,247,20261066,0.000279383281402136,0.0004154809258480825,-5.5379958609599615,-3.8144890927835555,32.75665282783875,6,23,1,1,1,1,1,0,0,1
0.07,248,20261067,0.00029480118157920656,0.0005638919201998186,-5.304707801335392,-2.4880412821315994,47.72026854459239,6,25,1,0,1,1,1,0,0,1
0.07,249,20261068,0.00018153440559679583,0.0002839773358500082,-7.410410524748265,-5.467163194883431,36.074333166968266,11,20,1,1,1,1,1,0,0,1
0.07,250,20261069,0.00019066323343784147,0.0004578045690613959,-7.197330460966985,-3.393198772179426,58.35270193376517,12,25,1,0,1,1,1,0,0,1
0.07,251,20261070,9.954327552925792e-05,0.00010535743629119484,-10.019880726448694,-9.773348057962124,5.518510099151714,5,11,1,1,1,1,1,0,0,1
0.07,252,20261071,0.0001104181850268319,0.0002601253331485372,-9.569593957514853,-5.8481735056896165,57.55192941404876,7,25,1,0,1,1,1,0,0,1
0.07,253,20261072,0.0002462182928697945,0.0003897548038279338,-6.08679684153349,-4.092085233152422,36.82738725691417,6,25,1,0,1,1,1,0,0,1
0.07,254,20261073,0.0002129521933453036,0.00028221326512479724,-6.717178824610626,-5.494225765664158,24.542103557345456,7,14,1,1,1,1,1,0,0,1
0.07,255,20261074,0.00018502568394195744,0.000241973507052545,-7.327679817589148,-6.1623218100605825,23.53473477500214,7,25,1,0,1,1,1,0,0,1
0.07,256,20261075,0.00018704047296826443,0.00027276122494258246,-7.280644079826647,-5.64217367851214,31.427029993857325,9,25,1,0,1,1,1,0,0,1
0.07,257,20261076,8.838842260183968e-05,0.00015916025146546714,-10.536046165413751,-7.981653833609189,44.46576843903942,8,17,1,1,1,1,1,0,0,1
0.07,258,20261077,0.00017159749622998148,0.00025397179617368023,-7.654890532089675,-5.952145095463337,32.43442822578873,9,25,1,0,1,1,1,0,0,1
0.07,259,20261078,0.00017235437699202183,0.00019048677390026084,-7.635776830750345,-7.201351733822833,9.51897947399391,6,14,1,1,1,1,1,0,0,1
0.07,260,20261079,0.00020282506583938796,0.0002759387849783259,-6.928783743730197,-5.591872523361877,26.496354669634716,9,25,1,0,1,1,1,0,0,1
0.07,261,20261080,0.0001260363761310557,0.00018799016499263776,-8.995040923983172,-7.258648709552277,32.95586706039029,8,25,1,0,1,1,1,0,0,1
0.07,262,20261081,0.00011339132499729783,0.00018262605748585356,-9.45420169869187,-7.3843725629273935,37.91065384736717,4,10,1,1,1,1,1,0,0,1
0.07,263,20261082,8.457716255104274e-05,0.0001500121175940781,-10.727468889348668,-8.238736583330756,43.61977958347178,7,25,1,0,1,1,1,0,0,1
0.07,264,20261083,0.00015575721226072315,0.00020516441088356228,-8.07551834411878,-6.87897972494766,24.081758824574784,4,14,1,1,1,1,1,0,0,1
0.07,265,20261084,0.00015854479726137288,0.00025452689608603354,-7.998480050260434,-5.942663186138003,37.71000247935189,8,21,1,1,1,1,1,0,0,1
0.07,266,20261085,0.0001465155387876407,0.0001730433748000563,-8.341163135224178,-7.618450236039291,15.33016565532619,7,18,1,1,1,1,1,0,0,1
0.07,267,20261086,0.00025578654695867646,0.0003828511970731253,-5.921223008865034,-4.169699906454248,33.18904344190395,6,14,1,1,1,1,1,0,0,1
0.07,268,20261087,0.00018390895355509463,0.0002899779402786041,-7.35397126743898,-5.376350392723356,36.57829510120695,5,15,1,1,1,1,1,0,0,1
0.07,269,20261088,0.00013982332641377824,0.00021144062689177874,-8.544203701660715,-6.748115622522604,33.87111622340027,5,18,1,1,1,1,1,0,0,1
0.07,270,20261089,9.649928946581772e-05,0.00014501082310929014,-10.154758843993228,-8.385995823082947,33.453733040954326,4,25,1,0,1,1,1,0,0,1
0.07,271,20261090,0.0001036581838412379,0.00014789926534569892,-9.843964045514586,-8.300339832519343,29.91298259734567,4,16,1,1,1,1,1,0,0,1
0.07,272,20261091,0.00014175088433037033,0.0002008759347996447,-8.484742230269287,-6.970720891837566,29.43361559374754,7,13,1,1,1,1,1,0,0,1
0.07,273,20261092,0.00023548065183354348,0.0005654536904098632,-6.280447706884772,-2.4760295718061345,58.3554487613552,5,13,1,1,1,1,1,0,0,1
0.07,274,20261093,0.00013495018564888955,0.0001771437462761279,-8.698265136548315,-7.516741750028858,23.81882596152615,5,13,1,1,1,1,1,0,0,1
0.07,275,20261094,0.00024669923133452827,0.00047035474606551506,-6.078322036829144,-3.2757446941375723,47.55038970093312,5,18,1,1,1,1,1,0,0,1
0.07,276,20261095,0.00013097872741229264,0.00026970183444742285,-8.827992334865725,-5.691160995697873,51.43572987530926,5,16,1,1,1,1,1,0,0,1
0.07,277,20261096,0.00025263258416733574,0.0004652497239979185,-5.975106355248019,-3.3231387583548995,45.69957355450984,6,25,1,0,1,1,1,0,0,1
0.07,278,20261097,0.000299541104112106,0.0004111801005061529,-5.2354357372807225,-3.8596791164286888,27.150875311480778,11,17,1,1,1,1,1,0,0,1
0.07,279,20261098,0.0002992612636888915,0.0006108253906979141,-5.239494945025992,-2.1408291855273593,51.0070687554486,7,25,1,0,1,1,1,0,0,1
0.07,280,20261099,0.00011045323792700126,0.00016824018654115384,-9.568215483012132,-7.740702587849495,34.347886674517625,8,11,1,1,1,1,1,0,0,1
0.07,281,20261100,0.0001572551711871512,0.0002860056470050851,-8.033950642857556,-5.4362539190964085,45.01676004168014,5,19,1,1,1,1,1,0,0,1
0.07,282,20261101,0.0001719176379847044,0.00028390583898953506,-7.64679564345696,-5.468256754034915,39.44554342503629,11,25,1,0,1,1,1,0,0,1
0.07,283,20261102,0.00014453847869229337,0.0002844757703803264,-8.400165206642235,-5.459547178040182,49.1912866607042,8,25,1,0,1,1,1,0,0,1
0.07,284,20261103,0.00015908949188879945,0.00019746284712260026,-7.983585052397998,-7.045146053918685,19.433202646964595,6,15,1,1,1,1,1,0,0,1
0.07,285,20261104,0.00022618831457135572,0.00040636462739965056,-6.4552983552138485,-3.9108410287406876,44.3385818252078,7,25,1,0,1,1,1,0,0,1
0.07,286,20261105,0.00015787003244395928,0.0002408028211004272,-8.017003017802004,-6.18338429452537,34.44012336627928,4,13,1,1,1,1,1,0,0,1
0.07,287,20261106,0.00019345055314651537,0.00028539707287995094,-7.134300241327809,-5.445504854561449,32.21705072361125,7,12,1,1,1,1,1,0,0,1
0.07,288,20261107,0.0002569279787172574,0.00048323129666940875,-5.901885997395432,-3.1584494621914327,46.8312626917812,5,23,1,1,1,1,1,0,0,1
0.07,289,20261108,0.00012441471381688596,0.0002008485772669301,-9.05128255082464,-6.971312402943207,38.055466705379075,7,13,1,1,1,1,1,0,0,1
0.07,290,20261109,0.00012124608987461244,0.0002035365992303075,-9.163322582783689,-6.913574861213089,40.43032538957821,7,13,1,1,1,1,1,0,0,1
0.07,291,20261110,0.00013464477061630417,0.0001814932411500701,-8.708105092155979,-7.411395435528499,25.81279073363875,4,15,1,1,1,1,1,0,0,1
0.07,292,20261111,0.00026990373876480865,0.00030825339397553175,-5.687910994609736,-5.110921329747917,12.44095148998333,7,23,1,1,1,1,1,0,0,1
0.07,293,20261112,0.00022136299647292779,0.0005065440851189705,-6.548949750143315,-2.9538275150659747,56.299362093836926,4,16,1,1,1,1,1,0,0,1
0.07,294,20261113,0.0002115623384277053,0.0003436972911465616,-6.7456164130971725,-4.638238907453369,38.44515395453334,8,25,1,0,1,1,1,0,0,1
0.07,295,20261114,0.0001697106239073418,0.00024282575615281325,-7.7029096993974155,-6.147052502088353,30.11012233787061,9,14,1,1,1,1,1,0,0,1
0.07,296,20261115,0.00011598419166481972,0.00019625654041966866,-9.35601199916085,-7.0717586110072075,40.90174451419409,11,25,1,0,1,1,1,0,0,1
0.07,297,20261116,0.00012996912083393462,0.0002496606100840782,-8.861598188040091,-6.026499725567867,47.94167939020701,6,16,1,1,1,1,1,0,0,1
0.07,298,20261117,0.0001255419809655516,0.0002531430600534912,-9.012110227649622,-5.966339743477996,50.40670641374741,5,17,1,1,1,1,1,0,0,1
0.07,299,20261118,8.484768741263496e-05,0.00013409379583008866,-10.713599902068653,-8.72591315355624,36.72512073552891,10,16,1,1,1,1,1,0,0,1
0.07,300,20261119,0.0001336061835742395,0.00020856246764264832,-8.74173441336337,-6.807638433795935,35.939488497441054,5,19,1,1,1,1,1,0,0,1
0.07,301,20261120,0.00018923436334723434,0.00030350055559264004,-7.229999965971063,-5.178405095620452,37.64941781483075,12,25,1,0,1,1,1,0,0,1
0.07,302,20261121,0.00019763926440730795,0.00020094810928161745,-7.041267711782978,-6.9691607572436425,1.6466165748652757,6,14,1,1,1,1,1,0,0,1
0.07,303,20261122,0.0002899849279405233,0.0004501370300525207,-5.37624574109204,-3.466552588100795,35.57852196548045,9,19,1,1,1,1,1,0,0,1
0.07,304,20261123,0.0001577025355364396,0.00024132593397430184,-8.021613240418514,-6.173960043376875,34.65164189389073,7,21,1,1,1,1,1,0,0,1
0.07,305,20261124,0.0001401556114791638,0.00031742966127474404,-8.533895094937835,-4.983524943231954,55.846718634823716,5,25,1,0,1,1,1,0,0,1
0.07,306,20261125,0.00020176518077674396,0.00040909207011288013,-6.951537791360564,-3.881789388335661,50.67976245027892,7,25,1,0,1,1,1,0,0,1
0.07,307,20261126,0.00023783748488567444,0.0002548504936344029,-6.237196964117986,-5.937145208647978,6.67568208564453,6,13,1,1,1,1,1,0,0,1
0.07,308,20261127,8.485222859060771e-05,0.00015609128264856015,-10.713367467241126,-8.06621350642529,45.63935464502993,5,25,1,0,1,1,1,0,0,1
0.07,309,20261128,8.542541799776454e-05,0.00014620306784455644,-10.684128874641898,-8.35043514286616,41.57070760745656,4,16,1,1,1,1,1,0,0,1
0.07,310,20261129,0.00011205582480655298,0.00021760869586170484,-9.505655633538648,-6.623237537840822,48.505814823794104,7,25,1,0,1,1,1,0,0,1
0.07,311,20261130,0.00016262351995228758,0.00023847491195716811,-7.888166429559802,-6.225573028782197,31.806864454783405,6,20,1,1,1,1,1,0,0,1
0.07,312,20261131,0.00015410016439693585,0.00021438807379920398,-8.121968979678623,-6.687993776884929,28.120924981458543,9,25,1,0,1,1,1,0,0,1
0.07,313,20261132,0.00018547625423159133,0.00028135223482936636,-7.317116834414092,-5.507496308202531,34.076850555646594,6,15,1,1,1,1,1,0,0,1
0.07,314,20261133,0.00013685307880814928,0.00023552668803885463,-8.637454277434493,-6.279598748989404,41.89487401717603,3,15,1,1,1,1,1,0,0,1
0.07,315,20261134,0.0001242910726581298,0.00016763508338668275,-9.055600639130395,-7.756350851881443,25.85616915796296,4,12,1,1,1,1,1,0,0,1
0.07,316,20261135,9.241921779381789e-05,0.00011557531841662753,-10.34237711528915,-9.37134901382039,20.035506663573447,6,21,1,1,1,1,1,0,0,1
0.07,317,20261136,0.00025550112204655525,0.00032833541512553255,-5.92607188298124,-4.836822705936293,22.182892774795718,19,21,1,1,1,1,1,0,0,1
0.07,318,20261137,0.00010022761182185724,0.0001527157142459788,-9.990126176911511,-8.161162723137025,34.369811046150176,5,11,1,1,1,1,1,0,0,1
0.07,319,20261138,0.0003352620309445305,0.0004598642071235897,-4.746156284530347,-3.3737039180375876,27.095428226178964,15,25,1,0,1,1,1,0,0,1
0.07,320,20261139,0.00026130610052676627,0.00041021495804471854,-5.8285045099145,-3.8698850760041337,36.300201783894806,4,25,1,0,1,1,1,0,0,1
0.07,321,20261140,0.00015262787230981164,0.00025679279871382933,-8.163661499655625,-5.904171594298912,40.56380355124343,7,14,1,1,1,1,1,0,0,1
0.07,322,20261141,0.0003314603084385645,0.0006627471473833519,-4.795684698479325,-1.7865213289450748,49.98691284493174,10,20,1,1,1,1,1,0,0,1
0.07,323,20261142,0.0001334109739362699,0.0001880484820492124,-8.748084453523997,-7.257301679066264,29.055011514872984,5,25,1,0,1,1,1,0,0,1
0.07,324,20261143,0.00014631936031403008,0.0003383638815899585,-8.34698206196854,-4.706160016121606,56.75680287550752,4,25,1,0,1,1,1,0,0,1
0.07,325,20261144,7.922596621504677e-05,0.00013409378850215789,-11.011324555860133,-8.725913390888621,40.91749729796631,4,17,1,1,1,1,1,0,0,1
0.07,326,20261145,0.00021464611842258638,0.00025120976934738583,-6.682769607270251,-5.999634752407278,14.555027465606779,17,17,1,1,1,1,1,0,0,1
0.07,327,20261146,0.00026236005161090473,0.00029545635842296236,-5.811022923365182,-5.295066592693814,11.201758184766632,8,25,1,0,1,1,1,0,0,1
0.07,328,20261147,0.00014077239892718767,0.00028833883222915307,-8.51482488437357,-5.400968647669677,51.17813378140102,7,25,1,0,1,1,1,0,0,1
0.07,329,20261148,0.0002405626277551856,0.0004697547617062241,-6.187718409212407,-3.2812880894482603,48.789741506520585,7,18,1,1,1,1,1,0,0,1
0.07,330,20261149,0.00026369691025079423,0.0003625601717496734,-5.78894958825799,-4.4061990608545845,27.268097602054997,12,25,1,0,1,1,1,0,0,1
0.07,331,20261150,0.0001733663200841543,0.00030399612371568137,-7.610352691568459,-5.1713195408737365,42.970878060833854,6,25,1,0,1,1,1,0,0,1
0.07,332,20261151,0.0002907337162290646,0.00032055369845590575,-5.365046004169014,-4.940992079871583,9.302648002653783,6,18,1,1,1,1,1,0,0,1
0.07,333,20261152,0.00014742669659452532,0.00021594959247592198,-8.31423865636636,-6.656476111840925,31.730967905872227,4,25,1,0,1,1,1,0,0,1
0.07,334,20261153,0.00014371236145190115,0.0003582519604451603,-8.425058743191109,-4.458114243550824,59.88511513703216,9,25,1,0,1,1,1,0,0,1
0.07,335,20261154,0.00020442163486575948,0.0002522653284773827,-6.894731427565368,-5.981424351172708,18.96562397234575,6,12,1,1,1,1,1,0,0,1
0.07,336,20261155,0.0002557239094870277,0.0003542512158314713,-5.922286647275181,-4.506886505286523,27.812835056384447,9,17,1,1,1,1,1,0,0,1
0.07,337,20261156,0.0002696186007349105,0.0003809983036215222,-5.692501495333389,-4.1907695799748375,29.233647978982756,8,25,1,0,1,1,1,0,0,1
0.07,338,20261157,0.00016320650849049176,0.00034093199448029775,-7.872625260653408,-4.67332240853125,52.129306978279686,6,25,1,0,1,1,1,0,0,1
0.07,339,20261158,0.0001878200694818393,0.00023814493549137341,-7.262580031267554,-6.231586499766091,21.13203285457107,6,17,1,1,1,1,1,0,0,1
0.07,340,20261159,8.638155985048156e-05,0.00014779531147868387,-10.63578957867355,-8.303393428778154,41.55324753793685,5,11,1,1,1,1,1,0,0,1
0.07,341,20261160,8.663274797598281e-05,0.00012023731253648283,-10.623179096356502,-9.199607393707442,27.948532657284407,10,25,1,0,1,1,1,0,0,1
0.07,342,20261161,0.00011860492809989586,0.0001858632801169137,-9.258972654226312,-7.308064026853197,36.1870036807218,6,16,1,1,1,1,1,0,0,1
0.07,343,20261162,0.00015338400159049792,0.00020330516807372684,-8.14219936236471,-6.918515813355279,24.55479462535131,10,23,1,1,1,1,1,0,0,1
0.07,344,20261163,5.876148590629344e-05,0.00013616221769083232,-12.309072307043703,-8.659433837940961,56.84449996274568,4,14,1,1,1,1,1,0,0,1
0.07,345,20261164,0.00015715163037187852,0.0002297481447307678,-8.036811090286005,-6.387479869557497,31.598302760599918,6,22,1,1,1,1,1,0,0,1
0.07,346,20261165,0.0001394052048030623,0.00021091511286411895,-8.557210112089448,-6.758923003063192,33.90459179998474,6,23,1,1,1,1,1,0,0,1
0.07,347,20261166,0.00013329174167165682,0.00022115625326805027,-8.751967572442979,-6.553007762970307,39.729607595539306,11,15,1,1,1,1,1,0,0,1
0.07,348,20261167,0.00013943012695965116,0.0001765591719657675,-8.55643377179971,-7.531097166131734,21.029236030465277,4,12,1,1,1,1,1,0,0,1
0.07,349,20261168,0.00021787313983238324,0.00030617604670385635,-6.617963078061274,-5.140287887888104,28.84056666813084,6,22,1,1,1,1,1,0,0,1
0.07,350,20261169,0.0001984114299295928,0.0002613228422155166,-7.02433312966275,-5.828226269562698,24.074210946335825,6,21,1,1,1,1,1,0,0,1
0.07,351,20261170,0.0002468471296955849,0.0005636760608899434,-6.075719183314917,-2.4897040911127637,56.20762582930034,7,15,1,1,1,1,1,0,0,1
0.07,352,20261171,0.00014612684201028984,0.00031921100022503556,-8.352700012715927,-4.959221509844768,54.222491735161334,8,25,1,0,1,1,1,0,0,1
0.07,353,20261172,9.730605981217214e-05,0.00012549256204936142,-10.11860112855604,-9.013820140765365,22.460695500106507,8,10,1,1,1,1,1,0,0,1
0.07,354,20261173,0.00019036257792848338,0.00029365189294174504,-7.204184225298559,-5.321671952586038,35.174067491454004,5,16,1,1,1,1,1,0,0,1
0.07,355,20261174,0.00014818527074029407,0.0003915771935705717,-8.29194962038994,-4.071826105228436,62.156817819476124,10,25,1,0,1,1,1,0,0,1
0.07,356,20261175,0.00019180517377777602,0.00031680257004456524,-7.171396822913522,-4.992113038765923,39.45592873479706,8,24,1,1,1,1,1,0,0,1
0.07,357,20261176,0.00024695013121489026,0.0004886206720249764,-6.0739073874362495,-3.1102816332151773,49.459745493070926,8,24,1,1,1,1,1,0,0,1
0.07,358,20261177,0.00015691845170397157,0.00018234980713813953,-8.043259856542708,-7.39094691680532,13.946466866785538,11,18,1,1,1,1,1,0,0,1
0.07,359,20261178,0.0001416729693050045,0.0002415281848114699,-8.487130036799481,-6.170321825361869,41.343090283400905,4,14,1,1,1,1,1,0,0,1
0.07,360,20261179,0.00013002347529496202,0.00016421691913494628,-8.859782302265927,-7.845820999059242,20.822119925344346,7,25,1,0,1,1,1,0,0,1
0.07,361,20261180,0.00023795164065150255,0.0003258695078944688,-6.2351129644018535,-4.869562752289872,26.979470344134807,8,21,1,1,1,1,1,0,0,1
0.07,362,20261181,0.0001658754706120667,0.0002941456199835554,-7.802178319711629,-5.314376141510379,43.607703347294375,10,25,1,0,1,1,1,0,0,1
0.07,363,20261182,0.0001334977949215288,0.0001774800913142123,-8.745259077924493,-7.508503565091884,24.78153806829909,4,25,1,0,1,1,1,0,0,1
0.07,364,20261183,0.00016321315949336128,0.0003109913084454156,-7.872448280273298,-5.07251748423137,47.51841769815633,5,14,1,1,1,1,1,0,0,1
0.07,365,20261184,0.00012843977656155822,0.00023945019317303518,-8.913004586191345,-6.2078480826034035,46.36054585734116,5,18,1,1,1,1,1,0,0,1
0.07,366,20261185,0.0002599277708898245,0.0003677234897113632,-5.851473176521401,-4.344786270628981,29.31434130197956,11,25,1,0,1,1,1,0,0,1
0.07,367,20261186,8.079284837879627e-05,0.00010782277506419934,-10.926270804022186,-9.672894948078895,25.068847160823893,8,18,1,1,1,1,1,0,0,1
0.07,368,20261187,0.00013614426619325796,0.0001532571688901069,-8.66000644541167,-8.1457920139946,11.166135209713913,13,16,1,1,1,1,1,0,0,1
0.07,369,20261188,0.00043722121366909745,0.0006902650128388485,-3.5929877454501864,-1.609841389485092,36.65893453429712,7,23,1,1,1,1,1,0,0,1
0.07,370,20261189,0.00011817501562544518,0.00014761398766847318,-9.274743316013618,-8.308724875034526,19.94321304370227,3,17,1,1,1,1,1,0,0,1
0.07,371,20261190,0.00010970130430710484,0.0002095091897058259,-9.597882087971133,-6.787969228122456,47.63890573910499,4,25,1,0,1,1,1,0,0,1
0.07,372,20261191,0.0001669238932148425,0.0003076553039380429,-7.774814946648263,-5.119355933301585,45.74320966413164,4,16,1,1,1,1,1,0,0,1
0.07,373,20261192,0.00014888406900234893,0.00023425496802054625,-8.271517704447348,-6.30311189934185,36.443581000471895,11,22,1,1,1,1,1,0,0,1
0.07,374,20261193,0.00012672503736662258,0.00015333540785315933,-8.971375720468323,-8.143575473005772,17.354354652397056,10,25,1,0,1,1,1,0,0,1
0.07,375,20261194,0.00016994701203626022,0.00023615497977166292,-7.696864666653392,-6.268028920752041,28.035812668197323,4,18,1,1,1,1,1,0,0,1
0.07,376,20261195,7.773167108398522e-05,0.00011363152621148744,-11.094019956837771,-9.445011601726701,31.59321741458135,5,11,1,1,1,1,1,0,0,1
0.07,377,20261196,0.0001421622469849618,0.0002276217381039522,-8.47215720786198,-6.427862647383939,37.54452093673147,5,10,1,1,1,1,1,0,0,1
0.07,378,20261197,9.917252438870907e-05,0.00014754755499501592,-10.036086318696134,-8.310679827819188,32.78606047246322,3,12,1,1,1,1,1,0,0,1
0.07,379,20261198,0.0001300062868545501,0.00016863063660287395,-8.860356455376138,-7.730635204654082,22.90470493762317,7,25,1,0,1,1,1,0,0,1
0.07,380,20261199,0.0006131439397108259,0.0008174520614401436,-2.1243755992860045,-0.8753770663400146,24.99328478900384,5,14,1,1,1,1,1,0,0,1
0.07,381,20261200,0.00021925000803439443,0.00032575838790818354,-6.590603820472442,-4.871043928821799,32.695514168558866,7,25,1,0,1,1,1,0,0,1
0.07,382,20261201,0.00017539759869156598,0.00023953121340503076,-7.559763567062441,-6.206378854799127,26.774637760891416,6,17,1,1,1,1,1,0,0,1
0.07,383,20261202,0.00016590866007738575,0.00025948216999374326,-7.801309441404309,-5.858924788150041,36.06163379881315,4,21,1,1,1,1,1,0,0,1
0.07,384,20261203,0.00018158508304754703,0.0004516486449700749,-7.409198310144019,-3.4519928839381353,59.79505638512911,9,25,1,0,1,1,1,0,0,1
0.07,385,20261204,8.93775423336522e-05,0.00015512583760732445,-10.48771591559838,-8.093158604988098,42.38384545590867,7,20,1,1,1,1,1,0,0,1
0.07,386,20261205,0.00010687360555337581,0.00014605761545461652,-9.711295387379229,-8.354757939544307,26.82777599735365,5,13,1,1,1,1,1,0,0,1
0.07,387,20261206,0.00017746096318855498,0.00025727449736233685,-7.508971656304483,-5.896032616082954,31.022715034741726,5,14,1,1,1,1,1,0,0,1
0.07,388,20261207,7.18713624340857e-05,0.0001326552372208744,-11.434441223340542,-8.772755994228719,45.820938592557766,9,13,1,1,1,1,1,0,0,1
0.07,389,20261208,0.0001798175072817276,0.00022101648207381954,-7.4516802703159595,-6.555753380488234,18.64067982872494,7,21,1,1,1,1,1,0,0,1
0.07,390,20261209,0.0001480517452717253,0.0002135810623982494,-8.29586468670412,-6.704372575449366,30.681239427649366,5,18,1,1,1,1,1,0,0,1
0.07,391,20261210,0.0001664020318242974,0.00021326614725090633,-7.788413751324747,-6.710780767068347,21.974474632147583,9,22,1,1,1,1,1,0,0,1
0.07,392,20261211,0.0001590508018955036,0.0002622011916637956,-7.984641369438271,-5.813653388403103,39.340168179157395,6,21,1,1,1,1,1,0,0,1
0.07,393,20261212,0.0002686430731081508,0.0003490709959939816,-5.708243531213091,-4.5708623483823985,23.040563039851488,3,13,1,1,1,1,1,0,0,1
0.07,394,20261213,0.0002151731669881541,0.00041320932492534146,-6.6721188800362,-3.838298862861926,47.926352575167186,6,25,1,0,1,1,1,0,0,1
0.07,395,20261214,0.00012410057357913065,0.00017428628225641828,-9.062262112355512,-7.5873679404198,28.794984910775717,4,18,1,1,1,1,1,0,0,1
0.07,396,20261215,0.00014732408488180184,0.00018629469252614818,-8.317262478877808,-7.297995178329083,20.91879651315158,5,20,1,1,1,1,1,0,0,1
0.07,397,20261216,0.00021233806049937538,0.00029699014051159933,-6.729721538162991,-5.27257968165891,28.5033300655709,14,11,1,1,1,1,1,0,0,1
0.07,398,20261217,9.878196027950218e-05,0.00014720687750574503,-10.053223597281907,-8.320718992850681,32.89582528122911,7,13,1,1,1,1,1,0,0,1
0.07,399,20261218,9.784523559841382e-05,0.00020139532968768567,-10.094603166967772,-6.959506048568025,51.41633336277084,5,20,1,1,1,1,1,0,0,1
0.07,400,20261219,0.00022578759204530964,0.00023997075993162676,-6.4629992801918545,-6.198416731799698,5.910373368137949,7,12,1,1,1,1,1,0,0,1
0.07,401,20261220,0.0002254043944584721,0.00021217328407216202,-6.470376212514854,-6.733093014454287,-6.23599264354605,4,10,1,1,1,1,0,1,0,1
0.07,402,20261221,0.00011801993833856723,0.0002465252316754902,-9.280446166011629,-6.081386243922482,52.126629174444496,11,12,1,1,1,1,1,0,0,1
0.07,403,20261222,0.00013982455093239393,0.0002762974594325169,-8.544165667996177,-5.586231084222924,49.393472086360326,7,18,1,1,1,1,1,0,0,1
0.07,404,20261223,0.00018140328811391802,0.00037310865011572523,-7.413548451877849,-4.2816468220018,51.38057290881542,9,25,1,0,1,1,1,0,0,1
0.07,405,20261224,0.0001425268715669406,0.00022208310797399274,-8.461032474235804,-6.5348447338612665,35.82273191906547,5,23,1,1,1,1,1,0,0,1
0.07,406,20261225,0.00026755090675964336,0.00034037266158503255,-5.725935728151526,-4.6804532931471945,21.39471321999717,9,20,1,1,1,1,1,0,0,1
0.07,407,20261226,0.000266854964478843,0.0002753192124507009,-5.737247133186596,-5.601634814138295,3.0743397442245453,7,18,1,1,1,1,1,0,0,1
0.07,408,20261227,0.0002405184078627545,0.00045568775083545585,-6.1885167967565184,-3.4133264536108374,47.21859268286471,8,17,1,1,1,1,1,0,0,1
0.07,409,20261228,0.0002044137516415184,0.000244703643973095,-6.894898910170882,-6.1135956335918715,16.46477006938501,7,21,1,1,1,1,1,0,0,1
0.07,410,20261229,0.0005164106187102091,0.0006593970574746792,-2.870048361193376,-1.808529952052422,21.684421721878984,6,16,1,1,1,1,1,0,0,1
0.07,411,20261230,0.00014861685296343417,0.00022936322978226023,-8.2793193933711,-6.394762044933062,35.204586583246346,8,20,1,1,1,1,1,0,0,1
0.07,412,20261231,0.00012001971891107025,0.00016274341016856063,-9.207473946963518,-7.8849658792335156,26.252178944289998,4,21,1,1,1,1,1,0,0,1
0.07,413,20261232,0.00011842631904243064,0.00020718406073122838,-9.265517693641284,-6.836436591717078,42.84004347416456,6,25,1,0,1,1,1,0,0,1
0.07,414,20261233,0.0001304637302674411,0.00025642101881637397,-8.845102081268443,-5.910463786000544,49.121280747711374,7,19,1,1,1,1,1,0,0,1
0.07,415,20261234,0.00028717377293550775,0.00032972129039923157,-5.418552259530522,-4.818530091675041,12.90408557245625,10,20,1,1,1,1,1,0,0,1
0.07,416,20261235,8.71588730479607e-05,0.00015931927249287415,-10.596883937563941,-7.977316853976059,45.29295063667891,5,25,1,0,1,1,1,0,0,1
0.07,417,20261236,0.0002715469762014981,0.0003600236290104801,-5.661550289100772,-4.436689947546524,24.575234978925916,7,21,1,1,1,1,1,0,0,1
0.07,418,20261237,0.00022969011547197183,0.00048591686474752584,-6.388576939140119,-3.134380275892148,52.73057345080729,5,19,1,1,1,1,1,0,0,1
0.07,419,20261238,0.000379500607173734,0.0005678931689884698,-4.207875249279441,-2.4573335527930875,33.17394399201883,7,25,1,0,1,1,1,0,0,1
0.07,420,20261239,0.00023562978175240706,0.0003763467196430987,-6.27769819006684,-4.244118650611144,37.39023898604401,9,25,1,0,1,1,1,0,0,1
0.07,421,20261240,0.00012447020246909808,0.0002144372207604806,-9.049346040069159,-6.686998301363827,41.954945122084354,5,15,1,1,1,1,1,0,0,1
0.07,422,20261241,0.00024506333680199624,0.00040275936443291243,-6.107216573957835,-3.9495435314521785,39.15390716065736,10,12,1,1,1,1,1,0,0,1
0.07,423,20261242,0.000187558291363607,0.00026847846702592493,-7.268637322924175,-5.710905406043825,30.140285200043277,6,13,1,1,1,1,1,0,0,1
0.07,424,20261243,0.00018546056373388672,0.00030176052398203656,-7.3174842445090444,-5.203375748258862,38.540481940266325,6,25,1,0,1,1,1,0,0,1
0.07,425,20261244,0.00013740918817067963,0.0002712361085125793,-8.619842262400097,-5.6665249517409055,49.339640314037716,5,25,1,0,1,1,1,0,0,1
0.07,426,20261245,0.00020049461405300276,0.00030635478974688887,-6.9789728947012435,-5.137753252410131,34.55476435715207,3,25,1,0,1,1,1,0,0,1
0.07,427,20261246,7.891628454045314e-05,0.00014031220138955542,-11.028333699677859,-8.529045615749798,43.75664856019604,5,22,1,1,1,1,1,0,0,1
0.07,428,20261247,0.00023753343772836316,0.0003879400948977353,-6.242752458338739,-4.112353323025922,38.770588332464264,25,25,0,0,1,1,1,0,0,1
0.07,429,20261248,0.00016702733807823632,0.0002744804371291039,-7.772124402006993,-5.61488603307295,39.14781693542926,7,18,1,1,1,1,1,0,0,1
0.07,430,20261249,0.00022652560693127305,0.0004166395442615204,-6.448826973140238,-3.802395124978804,45.63031520860986,12,17,1,1,1,1,1,0,0,1
0.07,431,20261250,0.00032099369343367425,0.0004890569997043928,-4.935035000993663,-3.10640520805927,34.36476860004116,10,25,1,0,1,1,1,0,0,1
0.07,432,20261251,0.00011166966726230298,0.0002062973031719206,-9.520647779101077,-6.855064493182148,45.86954577431311,6,21,1,1,1,1,1,0,0,1
0.07,433,20261252,0.0001652803890394035,0.00030865417025004275,-7.8177867357453135,-5.105278508713521,46.451269747786405,8,18,1,1,1,1,1,0,0,1
0.07,434,20261253,9.128744036683844e-05,0.00013302931598900807,-10.395889700515639,-8.7605264197059,31.377952530116506,4,23,1,1,1,1,1,0,0,1
0.07,435,20261254,0.00031214077896215214,0.0003752484654694145,-5.056494901576649,-4.2568107507277535,16.817573505148975,6,15,1,1,1,1,1,0,0,1
0.07,436,20261255,0.0001861982902506853,0.00028942447140714405,-7.30024311206996,-5.384647512136162,35.66601699385906,8,16,1,1,1,1,1,0,0,1
0.07,437,20261256,0.00030775671871113635,0.0004692668814827071,-5.117924571055945,-3.285800950456431,34.417549830335204,6,19,1,1,1,1,1,0,0,1
0.07,438,20261257,0.0001935987190922461,0.00027405891425968585,-7.130975204419311,-5.621560671519751,29.35872215096032,9,15,1,1,1,1,1,0,0,1
0.07,439,20261258,0.00020333658721107662,0.0002353260579524196,-6.917844698900013,-6.28329980183268,13.593679773368287,5,17,1,1,1,1,1,0,0,1
0.07,440,20261259,0.00010750947650891761,0.00017116462554218312,-9.68553252826152,-7.665859856824832,37.18943025267674,13,16,1,1,1,1,1,0,0,1
0.07,441,20261260,0.00012464248091696172,0.0001522598729530734,-9.043339152730548,-8.174145369215474,18.138325942662107,5,21,1,1,1,1,1,0,0,1
0.07,442,20261261,0.00015786302979426444,0.00023112191589597092,-8.017195662316336,-6.361588710444438,31.697074601389446,7,17,1,1,1,1,1,0,0,1
0.07,443,20261262,8.895362228004854e-05,0.0001303678553067914,-10.508363623163495,-8.848294790322175,31.767212039565877,4,8,1,1,1,1,1,0,0,1
0.07,444,20261263,7.726539870221764e-05,0.0001368021055525624,-11.120149500267075,-8.639072182385483,43.52031469827738,5,14,1,1,1,1,1,0,0,1
0.07,445,20261264,0.00017006209356265094,0.00019118035713633965,-7.693924788105081,-7.185567314403066,11.046251764572386,4,25,1,0,1,1,1,0,0,1
0.07,446,20261265,0.00011290668801864762,0.00015180829753221528,-9.472803319141299,-8.18704490140336,25.625483024280893,5,19,1,1,1,1,1,0,0,1
0.07,447,20261266,0.00012294527413393908,0.00021343172642176924,-9.10288160353472,-6.707410226539782,42.395970741958486,5,16,1,1,1,1,1,0,0,1
0.07,448,20261267,0.0002348286996184376,0.0002794813641153758,-6.292488268271521,-5.536471456726872,15.976973863096166,9,25,1,0,1,1,1,0,0,1
0.07,449,20261268,0.0002367644569367119,0.00031833646010552834,-6.256834933124427,-4.971136173770424,25.62446134563894,10,14,1,1,1,1,1,0,0,1
0.07,450,20261269,0.000251405205700811,0.0003276718464421363,-5.996257338746837,-4.845608715870477,23.275310823749166,5,12,1,1,1,1,1,0,0,1
0.07,451,20261270,0.00012820749329051458,0.00016818908359066695,-8.920865910448244,-7.742021957568273,23.771810540009984,6,15,1,1,1,1,1,0,0,1
0.07,452,20261271,0.0002244411230449092,0.0003482120899950809,-6.488975668666969,-4.581561541635539,35.544706949124084,3,13,1,1,1,1,1,0,0,1
0.07,453,20261272,0.00015620365801092808,0.00021826730592119895,-8.063087999378546,-6.610113120296547,28.434697376380186,20,25,1,0,1,1,1,0,0,1
0.07,454,20261273,0.00012073273010547596,0.00016067277570548758,-9.181749786409956,-7.940577035882131,24.858004366104637,4,12,1,1,1,1,1,0,0,1
0.07,455,20261274,0.00019360921425045608,0.00028195258479650986,-7.1307397759114775,-5.498239196685859,31.332704614079972,5,25,1,0,1,1,1,0,0,1
0.07,456,20261275,9.27117953198128e-05,0.00010184465274557752,-10.328650089361137,-9.920617682745442,8.967439310318918,5,25,1,0,1,1,1,0,0,1
0.07,457,20261276,0.00011624768262862013,0.00018079065012863014,-9.346156959144311,-7.428240334986019,35.70039017730648,9,18,1,1,1,1,1,0,0,1
0.07,458,20261277,0.00015148922668230318,0.00022785414445692685,-8.196182513781267,-6.4234306759325355,33.514825002035266,6,11,1,1,1,1,1,0,0,1
0.07,459,20261278,0.0001515374149211707,0.0001935938889981985,-8.19480125658893,-7.1310835578924,21.724071092667167,7,13,1,1,1,1,1,0,0,1
0.07,460,20261279,0.00017806363071133543,0.00032650222443781566,-7.494247756199749,-4.8611385555957245,45.463271799163884,4,12,1,1,1,1,1,0,0,1
0.07,461,20261280,0.0001469554782779086,0.000327948324302312,-8.32814219448332,-4.841945838444845,55.18944071736104,5,22,1,1,1,1,1,0,0,1
0.07,462,20261281,0.00016175756821909393,0.00024228286393840852,-7.91135390666076,-6.156773013398565,33.236067301806855,6,25,1,0,1,1,1,0,0,1
0.07,463,20261282,0.00016565220884769735,0.0002892135508480544,-7.8080276875292025,-5.387813624125574,42.7232201389046,7,25,1,0,1,1,1,0,0,1
0.07,464,20261283,0.00020260083326972068,0.00019686473747248148,-6.9335877277782405,-7.058320679786542,-2.9137243525093033,7,12,1,1,1,1,0,1,0,1
0.07,465,20261284,0.0002153964425421336,0.0003903562950014634,-6.667614737264276,-4.085388126811169,44.820553606974336,6,25,1,0,1,1,1,0,0,1
0.07,466,20261285,0.00020709314050337287,0.00024148993674342947,-6.838342859007062,-6.171009622534971,14.243573336391822,11,17,1,1,1,1,1,0,0,1
0.07,467,20261286,0.00013970264764255768,0.0002469889565745448,-8.547953630650825,-6.073224645782171,43.437694713126405,6,25,1,0,1,1,1,0,0,1
0.07,468,20261287,0.00018346649364620645,0.00030203369011672164,-7.3644323905906734,-5.19944611295397,39.25628178257022,6,25,1,0,1,1,1,0,0,1
0.07,469,20261288,0.0002271537484383135,0.00025190691138132337,-6.436800921637139,-5.987599169258857,9.82631354069513,8,13,1,1,1,1,1,0,0,1
0.07,470,20261289,0.0002813290224382353,0.0003624886322267845,-5.507854628770544,-4.407056085097892,22.3895599952975,9,25,1,0,1,1,1,0,0,1
0.07,471,20261290,0.00011236421014113801,0.00011097426144058569,-9.493719967149488,-9.547777366233484,-1.2524964640530447,5,12,1,1,1,1,0,1,0,1
0.07,472,20261291,0.00023925596269102478,0.0002408862969162128,-6.211372300128083,-6.181879046215827,0.6768065456853692,6,14,1,1,1,1,1,0,0,1
0.07,473,20261292,0.0001805093228565505,0.00025137240600662316,-7.435003629516929,-5.996823979976772,28.190478133946637,6,17,1,1,1,1,1,0,0,1
0.07,474,20261293,0.00022317936817915424,0.00037395683046305525,-6.51345956240279,-4.271785298150016,40.3194834273249,8,15,1,1,1,1,1,0,0,1
0.07,475,20261294,0.00011817598882152375,0.00015445707336381948,-9.27470755109798,-8.111921983852898,23.489428973470584,8,13,1,1,1,1,1,0,0,1
0.07,476,20261295,0.00015443326511860263,0.00023964744846772916,-8.112591463487176,-6.204271905915952,35.55814338686833,9,17,1,1,1,1,1,0,0,1
0.07,477,20261296,0.00011524529020566812,0.00015803136936811912,-9.383768141334093,-8.012566966453074,27.074421574355203,5,13,1,1,1,1,1,0,0,1
0.07,478,20261297,9.693021472059133e-05,0.00015936479404046706,-10.135408252089984,-7.97607614198962,39.1771468069804,6,25,1,0,1,1,1,0,0,1
0.07,479,20261298,0.0002114457913066767,0.0002692829815616008,-6.748009547851201,-5.697910927356679,21.47821964816345,13,13,1,1,1,1,1,0,0,1
0.07,480,20261299,0.0002507398090663887,0.00031791057594596445,-6.007767091796196,-4.97695024150111,21.128824254966855,5,17,1,1,1,1,1,0,0,1
0.07,481,20261300,0.00013597263005167277,0.00018258124571345644,-8.665485020252062,-7.3854383414813025,25.527603056740762,10,19,1,1,1,1,1,0,0,1
0.07,482,20261301,0.00010575959425578602,0.00013584255092864434,-9.756802240158784,-8.669641715948815,22.145459185804278,6,18,1,1,1,1,1,0,0,1
0.07,483,20261302,0.0001948730942616218,0.0002795034678876009,-7.102481189138578,-5.5361279931564145,30.278827760381215,5,16,1,1,1,1,1,0,0,1
0.07,484,20261303,0.00014074407578218434,0.0002688664754273325,-8.515698764713205,-5.704633459529117,47.65279845377237,8,14,1,1,1,1,1,0,0,1
0.07,485,20261304,0.00016826586050134787,0.00030118416608319485,-7.740039891927059,-5.211678636912932,44.13190351618003,10,25,1,0,1,1,1,0,0,1
0.07,486,20261305,0.0002828644681148376,0.0004942149201557611,-5.484216028110009,-3.060841475549334,42.76488697959836,4,14,1,1,1,1,1,0,0,1
0.07,487,20261306,0.00014544694333508925,0.0001897212197233767,-8.372954013103751,-7.218840919190215,23.336491538923074,10,14,1,1,1,1,1,0,0,1
0.07,488,20261307,0.00021009323566887993,0.0002551797130228208,-6.775879302640673,-5.931538553131624,17.668519499396407,12,24,1,1,1,1,1,0,0,1
0.07,489,20261308,0.00022035810270572322,0.0004451345764213019,-6.5687097557981176,-3.5150867000470996,50.49629609155251,6,13,1,1,1,1,1,0,0,1
0.07,490,20261309,0.00016123587343294391,0.00020449169191335333,-7.925383254298955,-6.893243318105801,21.15284883981382,7,13,1,1,1,1,1,0,0,1
0.07,491,20261310,9.245536316501665e-05,0.00015174272932870053,-10.340678911525652,-8.188921087408204,39.070976531111,7,23,1,1,1,1,1,0,0,1
0.07,492,20261311,0.00016845678859567264,0.00028921245834795194,-7.735114828114788,-5.387830029569259,41.75327385343753,7,25,1,0,1,1,1,0,0,1
0.07,493,20261312,0.00010637073097049686,0.00018932660356512032,-9.73177856314264,-7.227883560851066,43.81627887075582,4,12,1,1,1,1,1,0,0,1
0.07,494,20261313,0.0002131122451546281,0.00029600044293794797,-6.713915955682977,-5.2870763905807925,28.00272761777459,13,15,1,1,1,1,1,0,0,1
0.07,495,20261314,0.00024803986591458225,0.0003860027104747876,-6.054785120959818,-4.13409645742466,35.74141860053509,8,17,1,1,1,1,1,0,0,1
0.07,496,20261315,0.00013405518102963058,0.00021256063008277487,-8.727163965330432,-6.725171712386018,36.93320302192032,3,12,1,1,1,1,1,0,0,1
0.07,497,20261316,0.0003174334206881677,0.00039760612237646356,-4.9834735087557185,-4.005469369159641,20.163849894742402,4,21,1,1,1,1,1,0,0,1
0.07,498,20261317,0.0001804157086542108,0.00021713745091264997,-7.43725651467956,-6.632652648827914,16.911749725390116,3,12,1,1,1,1,1,0,0,1
0.07,499,20261318,0.00023097659761795144,0.0003187730172401097,-6.3643202028209895,-4.965184468733894,27.541985950469346,4,25,1,0,1,1,1,0,0,1
0.07,500,20261319,9.816567258851137e-05,0.0001395750726625437,-10.08040353472705,-8.551921373845108,29.6681916649612,5,11,1,1,1,1,1,0,0,1
0.08,1,20260820,8.753997794123575e-05,0.00012061966600850334,-10.577935671586005,-9.185818784091285,27.424788313487426,3,15,1,1,1,1,1,0,0,1
0.08,2,20260821,7.537855465541244e-05,0.00012778030622885166,-11.227521941774292,-8.935360754045275,41.0092549626457,5,10,1,1,1,1,1,0,0,1
0.08,3,20260822,5.250210302732573e-05,6.0419111433798365e-05,-12.79823300120322,-12.18825666057704,13.103483680238089,4,11,1,1,1,1,1,0,0,1
0.08,4,20260823,0.00015853127658710858,0.00024323926428941378,-7.998850431674388,-6.139663188407308,34.824964608311326,8,15,1,1,1,1,1,0,0,1
0.08,5,20260824,7.47288134310595e-05,9.481400506815998e-05,-11.265119135612329,-10.231275078667284,21.183781470534466,6,17,1,1,1,1,1,0,0,1
0.08,6,20260825,0.00010131643095547891,0.00014377651262343185,-9.943201173777574,-8.423120546427466,29.532001363227565,5,25,1,0,1,1,1,0,0,1
0.08,7,20260826,8.043885450268492e-05,9.416194846784798e-05,-10.945341226439826,-10.261245633328535,14.573927354369554,9,25,1,0,1,1,1,0,0,1
0.08,8,20260827,0.00011900687295296654,0.00012687552893681138,-9.244279562599594,-8.966221341901237,6.201870486596132,5,14,1,1,1,1,1,0,0,1
0.08,9,20260828,0.00012609530058466166,0.00022526856117823288,-8.993010987415941,-6.47299414843114,44.02445688597672,4,14,1,1,1,1,1,0,0,1
0.08,10,20260829,0.00010154567079640191,0.00014857083196021174,-9.933385871711526,-8.280664446946659,31.651677885470466,5,22,1,1,1,1,1,0,0,1
0.08,11,20260830,7.410075240813714e-05,0.00012488736630977048,-11.301773822360143,-9.034814929266224,40.6659339549705,6,16,1,1,1,1,1,0,0,1
0.08,12,20260831,9.665230505201561e-05,0.0001067990213880416,-10.14787784062396,-9.714327267805022,9.500757782376201,4,13,1,1,1,1,1,0,0,1
0.08,13,20260832,9.405719206475875e-05,0.00015493930993108827,-10.266079906014571,-8.098383826263486,39.29417130708005,7,20,1,1,1,1,1,0,0,1
0.08,14,20260833,9.250550747235481e-05,0.0001461497055390844,-10.338324100323227,-8.352020553176951,36.70496486384207,11,25,1,0,1,1,1,0,0,1
0.08,15,20260834,6.548801824610827e-05,0.00010922274182878263,-11.838381516967438,-9.61686925528322,40.04177413091573,10,20,1,1,1,1,1,0,0,1
0.08,16,20260835,7.038830081745393e-05,0.00012845274670904755,-11.524995185943151,-8.912566047660356,45.20296169541064,4,25,1,0,1,1,1,0,0,1
0.08,17,20260836,0.00012466164590048398,0.0001626740930816829,-9.042671434412995,-7.886816058064539,23.367240880889298,12,25,1,0,1,1,1,0,0,1
0.08,18,20260837,7.382277190617666e-05,9.920017947104347e-05,-11.318096518936,-10.03487542127945,25.582017794911824,6,22,1,1,1,1,1,0,0,1
0.08,19,20260838,0.0001607906746091589,0.0001971824673090542,-7.937391426722984,-7.051317034386196,18.455896813004458,4,15,1,1,1,1,1,0,0,1
0.08,20,20260839,0.00013494949084367542,0.00013264666976481036,-8.698287496713723,-8.773036489679063,-1.7360564595764718,4,12,1,1,1,1,0,1,0,1
0.08,21,20260840,0.00010039639396133376,0.00015837862212137542,-9.982818859043384,-8.003034396738506,36.60988293963453,6,15,1,1,1,1,1,0,0,1
0.08,22,20260841,0.00019623079195102373,0.00025720626269379126,-7.072328434129826,-5.897184610190349,23.706837502382253,6,18,1,1,1,1,1,0,0,1
0.08,23,20260842,0.00011075167899956654,0.00016684218874347308,-9.556496811345124,-7.776941214336288,33.61890069072881,5,25,1,0,1,1,1,0,0,1
0.08,24,20260843,9.712084881311275e-05,0.00014398289669400075,-10.126875306217816,-8.416890934086936,32.54695450424326,6,23,1,1,1,1,1,0,0,1
0.08,25,20260844,0.00011564487115531021,0.00012611559059161334,-9.368736234064595,-8.992312219965035,8.302478216360534,4,10,1,1,1,1,1,0,0,1
0.08,26,20260845,0.00010910222787709497,0.00018461429885886687,-9.621663809895695,-7.337346647672566,40.90261233746527,3,25,1,0,1,1,1,0,0,1
0.08,27,20260846,8.887734475564886e-05,0.00012996416116864981,-10.512089285855861,-8.86176391943462,31.613958835685537,5,12,1,1,1,1,1,0,0,1
0.08,28,20260847,0.00018933139317225836,0.0002336011852746778,-7.227773693901547,-6.315249579768205,18.951013476393626,7,20,1,1,1,1,1,0,0,1
0.08,29,20260848,5.5493153716103775e-05,0.00010501268769368641,-12.557605932146362,-9.787582260493936,47.15576285603426,3,11,1,1,1,1,1,0,0,1
0.08,30,20260849,8.789032848060136e-05,0.00011639264570839258,-10.560589123960735,-9.340744597992384,24.488074013885946,4,13,1,1,1,1,1,0,0,1
0.08,31,20260850,6.505776624279862e-05,0.00011885589642596384,-11.867008522911867,-9.249792681071272,45.26332458118849,3,15,1,1,1,1,1,0,0,1
0.08,32,20260851,0.00023790023821834683,0.00029801596755947536,-6.2360512308731675,-5.257604660002907,20.17198267375763,7,17,1,1,1,1,1,0,0,1
0.08,33,20260852,0.00013266868675895435,0.00017589768292188097,-8.772315697696868,-7.54739881411607,24.576216948875512,8,25,1,0,1,1,1,0,0,1
0.08,34,20260853,0.0001188174653594032,0.00023211950532633002,-9.251197163269952,-6.342883636385865,48.811942713577125,7,14,1,1,1,1,1,0,0,1
0.08,35,20260854,0.0001026820196507518,0.00014449641851583243,-9.885055977864264,-8.401429171848529,28.93801749176159,4,13,1,1,1,1,1,0,0,1
0.08,36,20260855,0.0001260880935338293,0.00014907953724537505,-8.993259218067216,-8.265819640003821,15.422266621141533,4,10,1,1,1,1,1,0,0,1
0.08,37,20260856,7.99201935806812e-05,0.00012541629713310658,-10.973434728436377,-9.01646025745317,36.276069850905856,6,24,1,1,1,1,1,0,0,1
0.08,38,20260857,7.706455068988947e-05,0.00013485448546156413,-11.131453493178931,-8.701346036878505,42.853550309341244,4,16,1,1,1,1,1,0,0,1
0.08,39,20260858,0.00012200294715165327,0.00013373211822587393,-9.136296782085227,-8.737642764096316,8.770646296359459,5,11,1,1,1,1,1,0,0,1
0.08,40,20260859,7.718007918173562e-05,0.00012710769202696687,-11.124947802065343,-8.958281669614554,39.279772961843044,6,25,1,0,1,1,1,0,0,1
0.08,41,20260860,0.000106114111563298,0.00014289921358239996,-9.742268576957404,-8.449701612563633,25.741990523895065,8,20,1,1,1,1,1,0,0,1
0.08,42,20260861,0.00013027494156045145,0.00021943491375897258,-8.85139112979694,-6.586942717178351,40.63162541966976,4,17,1,1,1,1,1,0,0,1
0.08,43,20260862,7.675369630865081e-05,0.00010642525609971991,-11.14900700570045,-9.729552960715555,27.88018641295728,5,25,1,0,1,1,1,0,0,1
0.08,44,20260863,0.00010504728140764733,0.0001616487917347775,-9.786151825244243,-7.914275372317009,35.01511500314715,8,22,1,1,1,1,1,0,0,1
0.08,45,20260864,0.0001769958921723945,0.0002751527874096097,-7.520368128899655,-5.604260832508601,35.67359653569226,6,10,1,1,1,1,1,0,0,1
0.08,46,20260865,8.226599719525753e-05,0.00012611403199439152,-10.84779633583602,-8.992365892500878,34.76856151985052,3,22,1,1,1,1,1,0,0,1
0.08,47,20260866,0.00012247916513143212,0.0002935875395898684,-9.119377826302387,-5.3226238064356135,58.28189258218136,5,15,1,1,1,1,1,0,0,1
0.08,48,20260867,0.00010799423098782355,0.00015779497335892206,-9.665994437452095,-8.019068355832099,31.560411153162164,3,25,1,0,1,1,1,0,0,1
0.08,49,20260868,7.1354746349843e-05,7.759205518345947e-05,-11.465771333413791,-11.101827448065496,8.03859211986191,5,15,1,1,1,1,1,0,0,1
0.08,50,20260869,8.724509948591497e-05,8.657818398483428e-05,-10.592589577899439,-10.625915279434786,-0.7703043311667428,5,13,1,1,1,1,0,1,0,1
0.08,51,20260870,7.556323083838429e-05,8.768067197775209e-05,-11.216894813313974,-10.57096130448308,13.819968376203198,8,14,1,1,1,1,1,0,0,1
0.08,52,20260871,0.00011386606377117924,0.0001578841763501064,-9.436056921893156,-8.01661394172794,27.8800026681062,9,25,1,0,1,1,1,0,0,1
0.08,53,20260872,7.098528185640088e-05,0.00011737887606711135,-11.488316889029695,-9.304100532837547,39.52465363885828,7,8,1,1,1,1,1,0,0,1
0.08,54,20260873,8.998422134575047e-05,0.00014471795549655017,-10.458336370410581,-8.394775816017978,37.82096973592504,5,23,1,1,1,1,1,0,0,1
0.08,55,20260874,0.00015160879563796034,0.0002897257191892742,-8.192756022249249,-5.380129504082701,47.67161297857847,6,25,1,0,1,1,1,0,0,1
0.08,56,20260875,0.0002123659596347138,0.0004511350793364216,-6.729150955358481,-3.4569340174310206,52.92630314914002,4,18,1,1,1,1,1,0,0,1
0.08,57,20260876,6.2237391681715e-05,9.071682495991507e-05,-12.059486165642351,-10.423121582584752,31.393772093307106,7,17,1,1,1,1,1,0,0,1
0.08,58,20260877,0.00013124967980764768,0.00014373431178184848,-8.819017474110828,-8.424395461401597,8.685909313810365,8,9,1,1,1,1,1,0,0,1
0.08,59,20260878,7.531194842390317e-05,0.00011141036373120847,-11.231361164565053,-9.530744078882769,32.401308189242854,5,11,1,1,1,1,1,0,0,1
0.08,60,20260879,8.39025890526952e-05,0.00015889081844384478,-10.762246375747534,-7.9890119791144185,47.1948159909894,4,11,1,1,1,1,1,0,0,1
0.08,61,20260880,8.391394162482601e-05,0.00010854630003662784,-10.761658786501176,-9.64384975535787,22.692950753263716,7,25,1,0,1,1,1,0,0,1
0.08,62,20260881,8.11315999072751e-05,8.315939128280722e-05,-10.908099596926748,-10.800886983146595,2.4384394164647487,4,13,1,1,1,1,1,0,0,1
0.08,63,20260882,6.356778013173524e-05,0.00010366397544759561,-11.96762954424052,-9.843721402596744,38.67900603149246,6,16,1,1,1,1,1,0,0,1
0.08,64,20260883,0.00011046481695807745,0.00013675528736719258,-9.567760227391727,-8.64055873550257,19.224463576698376,12,25,1,0,1,1,1,0,0,1
0.08,65,20260884,9.395602155192021e-05,0.00016298384594733216,-10.270753811518627,-7.87855438317496,42.35255585864511,6,25,1,0,1,1,1,0,0,1
0.08,66,20260885,0.0001384876314127972,0.00017173502044999557,-8.585890125131655,-7.651411338586422,19.359702494040278,8,15,1,1,1,1,1,0,0,1
0.08,67,20260886,0.00010135796649094115,0.00017012228707773684,-9.941421111339103,-7.692387873819259,40.42052441687082,4,12,1,1,1,1,1,0,0,1
0.08,68,20260887,6.649509099441843e-05,9.661915092711766e-05,-11.77210415339446,-10.149367833397472,31.178145992426078,4,10,1,1,1,1,1,0,0,1
0.08,69,20260888,0.00011348529414130119,0.0001612764263527336,-9.45060412365761,-7.9242910845185,29.633055054745988,7,25,1,0,1,1,1,0,0,1
0.08,70,20260889,0.00010220213252830324,0.00017915566331793185,-9.90540042209015,-7.467694587295085,42.953445827199964,11,25,1,0,1,1,1,0,0,1
0.08,71,20260890,0.00010628829045339492,0.00014087971514822355,-9.73514578106892,-8.511515351617316,24.553871832033455,3,22,1,1,1,1,1,0,0,1
0.08,72,20260891,8.852284033504526e-05,0.00013527069090209278,-10.52944659791695,-8.687962917864368,34.558743106356296,4,15,1,1,1,1,1,0,0,1
0.08,73,20260892,0.00010232511411604973,0.00019328633949457132,-9.900177623441337,-7.137988386345033,47.060348711853145,6,20,1,1,1,1,1,0,0,1
0.08,74,20260893,5.36058060479023e-05,7.788440054039115e-05,-12.70788169299638,-11.085495184203939,31.172602374846402,10,13,1,1,1,1,1,0,0,1
0.08,75,20260894,5.6405675032362546e-05,7.607163032089296e-05,-12.486771990086648,-11.187772761101662,25.851891441754976,7,10,1,1,1,1,1,0,0,1
0.08,76,20260895,0.0001514492743300622,0.00027734270674003274,-8.197328032502718,-5.569832502437908,45.392732294913664,6,20,1,1,1,1,1,0,0,1
0.08,77,20260896,8.916795965444584e-05,0.00016450340472960612,-10.497911707917273,-7.838251090211296,45.79567529255032,7,12,1,1,1,1,1,0,0,1
0.08,78,20260897,0.0001051244939548775,0.00013612120088272748,-9.78296081782695,-8.660742281448337,22.77140278431321,4,9,1,1,1,1,1,0,0,1
0.08,79,20260898,8.324099268634691e-05,0.00017399549913645228,-10.796627492721349,-7.594619857719069,52.1591115290477,6,17,1,1,1,1,1,0,0,1
0.08,80,20260899,8.488351860433331e-05,0.00012860293228978653,-10.711766262936408,-8.907491289020363,33.99565850251251,9,16,1,1,1,1,1,0,0,1
0.08,81,20260900,5.599931467623603e-05,6.669947035361125e-05,-12.518172878893395,-11.758776147103966,16.04233979767411,5,11,1,1,1,1,1,0,0,1
0.08,82,20260901,9.688499810229488e-05,0.00011897467670458929,-10.137434649077788,-9.245454666561532,18.566706137930886,6,11,1,1,1,1,1,0,0,1
0.08,83,20260902,0.00011287580533074344,0.00012511293641152046,-9.473991381229535,-9.02697782859151,9.780867935611989,5,12,1,1,1,1,1,0,0,1
0.08,84,20260903,0.00010407926718930581,0.0001241012371631883,-9.826357742554745,-9.06223889005156,16.133578062202865,4,17,1,1,1,1,1,0,0,1
0.08,85,20260904,7.844391333783598e-05,0.00014078460947367604,-11.054407487799455,-8.514448195262235,44.28090284080132,3,13,1,1,1,1,1,0,0,1
0.08,86,20260905,0.00010096760355092905,0.00013490891205956258,-9.958179515243678,-8.699593599615524,25.158685212470147,6,22,1,1,1,1,1,0,0,1
0.08,87,20260906,7.450681299326019e-05,0.00010470869008438794,-11.2780401302226,-9.800172734397576,28.84371590054954,6,25,1,0,1,1,1,0,0,1
0.08,88,20260907,7.858867080953936e-05,8.539220293481862e-05,-11.046400564991167,-10.68581782437162,7.967392679250256,3,10,1,1,1,1,1,0,0,1
0.08,89,20260908,0.00010005600989180561,0.00014439689822624748,-9.997568202265766,-8.404421356977716,30.70764599456049,5,22,1,1,1,1,1,0,0,1
0.08,90,20260909,8.750455445989019e-05,0.0001890626128038786,-10.579693421168601,-7.233943445463137,53.71662690885279,6,12,1,1,1,1,1,0,0,1
0.08,91,20260910,0.00025581267402760024,0.00034494484361528806,-5.9207794256301,-4.622503426906134,25.83954253483366,8,25,1,0,1,1,1,0,0,1
0.08,92,20260911,8.368067596559151e-05,0.00011385582600782464,-10.773748202676634,-9.436447416117426,26.502947719301925,8,25,1,0,1,1,1,0,0,1
0.08,93,20260912,9.601681975548773e-05,0.0002302347944781409,-10.176526827192358,-6.37829042530888,58.29612983861837,8,25,1,0,1,1,1,0,0,1
0.08,94,20260913,0.00010351111320770224,0.0002573448411982135,-9.85013020780158,-5.894845333069733,59.777272889657276,5,16,1,1,1,1,1,0,0,1
0.08,95,20260914,9.1233780315038e-05,8.655864328794695e-05,-10.398443295651582,-10.626895592751186,-5.401120962049615,4,11,1,1,1,1,0,1,0,1
0.08,96,20260915,0.00011610877621982124,0.00017270565838415524,-9.35134952356261,-7.626934333372402,32.770716775499956,7,16,1,1,1,1,1,0,0,1
0.08,97,20260916,6.891660472488172e-05,0.00012040589840568982,-11.616761268358882,-9.19352237477716,42.763099119382474,6,11,1,1,1,1,1,0,0,1
0.08,98,20260917,0.00014370009738769477,0.0001872065607531267,-8.425429375378403,-7.276789352509484,23.23981765938472,4,10,1,1,1,1,1,0,0,1
0.08,99,20260918,0.0002021526886063074,0.00022697156572851364,-6.943204782278162,-6.440285464222217,10.934795749654702,4,12,1,1,1,1,1,0,0,1
0.08,100,20260919,0.0001544278307450275,0.00019407602615151685,-8.112744290663413,-7.120281088834005,20.429208178209333,13,18,1,1,1,1,1,0,0,1
0.08,101,20260920,6.715760918188745e-05,0.0001166444685503208,-11.729047731890727,-9.331358512554104,42.42538028889433,9,15,1,1,1,1,1,0,0,1
0.08,102,20260921,0.00010106774077848848,0.00019713684895891157,-9.953874422086074,-7.052321895016225,48.73219222472526,5,15,1,1,1,1,1,0,0,1
0.08,103,20260922,0.00012024931421238233,0.00014409515835849158,-9.199173917493688,-8.41350611368632,16.548678260780722,6,8,1,1,1,1,1,0,0,1
0.08,104,20260923,0.0001559069742105524,0.00022342341220676692,-8.071344570150565,-6.50871319763581,30.21905239444267,8,18,1,1,1,1,1,0,0,1
0.08,105,20260924,6.693630885849132e-05,8.380356041424311e-05,-11.743382400897966,-10.767375298731622,20.127130007814152,5,13,1,1,1,1,1,0,0,1
0.08,106,20260925,6.54844922260973e-05,0.00010950773431900886,-11.838615357034898,-9.605552063631762,40.20103453575864,4,10,1,1,1,1,1,0,0,1
0.08,107,20260926,0.00013161418740528086,0.00017261851658011344,-8.806972932469666,-7.62912619876646,23.754305150572993,6,17,1,1,1,1,1,0,0,1
0.08,108,20260927,8.966941235196162e-05,0.00014970137119488667,-10.47355676378412,-8.24774221703403,40.101141601951845,4,10,1,1,1,1,1,0,0,1
0.08,109,20260928,0.00019303800630455226,0.00023275550204890643,-7.143571764670844,-6.33100044047,17.0640416208115,5,22,1,1,1,1,1,0,0,1
0.08,110,20260929,0.00011475753323637185,0.00016507649254149013,-9.402187956765257,-7.823147673573734,30.482207690759587,5,21,1,1,1,1,1,0,0,1
0.08,111,20260930,7.379166379617105e-05,9.804678638501477e-05,-11.319926974155855,-10.085666363473143,24.7383147200741,5,25,1,0,1,1,1,0,0,1
0.08,112,20260931,0.00013541837873057592,0.00026186901935431017,-8.683223900111939,-5.8191587812812395,48.28774359621589,3,11,1,1,1,1,1,0,0,1
0.08,113,20260932,0.00010476684425772544,0.00019620377306447988,-9.797761375256444,-7.072926452469583,46.60304303969978,7,25,1,0,1,1,1,0,0,1
0.08,114,20260933,5.673572580907817e-05,0.00011046599696959844,-12.461433849210417,-9.567713835267147,48.63964716247253,7,12,1,1,1,1,1,0,0,1
0.08,115,20260934,7.411801303598437e-05,0.0001303027834390981,-11.300762318123192,-8.850463070861123,43.11862641781078,7,13,1,1,1,1,1,0,0,1
0.08,116,20260935,0.00013126583484325652,0.00020201797426086277,-8.81848295005894,-6.946099881027356,35.0226952212901,12,14,1,1,1,1,1,0,0,1
0.08,117,20260936,8.719150677722305e-05,0.00011012466969668025,-10.59525817125104,-9.58115381182613,20.824727994756046,6,9,1,1,1,1,1,0,0,1
0.08,118,20260937,0.0002059883894842736,0.0003065126689736212,-6.8615725790762365,-5.135515702430341,32.796125467165865,6,12,1,1,1,1,1,0,0,1
0.08,119,20260938,0.00012586555499363331,0.00018267759324356773,-9.000931048637275,-7.383147188075554,31.09962050692543,11,16,1,1,1,1,1,0,0,1
0.08,120,20260939,0.0001029378320561864,0.00014640840799527797,-9.874249825396074,-8.344339817400591,29.6913111305012,3,16,1,1,1,1,1,0,0,1
0.08,121,20260940,7.980713092269864e-05,9.374520740447847e-05,-10.979583018570796,-10.280509257441624,14.868041650003288,8,21,1,1,1,1,1,0,0,1
0.08,122,20260941,0.00019926108101605232,0.00023362314665083977,-7.00577517910208,-6.314841308886856,14.708330971221397,5,15,1,1,1,1,1,0,0,1
0.08,123,20260942,0.00016129379123577353,0.00019803603489714638,-7.9238234980843405,-7.032557777532412,18.55331211840088,4,9,1,1,1,1,1,0,0,1
0.08,124,20260943,0.00014578540829068143,0.00020888100682364065,-8.362859425198902,-6.8010104784492835,30.20647951310919,5,17,1,1,1,1,1,0,0,1
0.08,125,20260944,0.000142586335475725,0.00022737740038042176,-8.459220923792401,-6.4325270313915155,37.29089380159774,8,25,1,0,1,1,1,0,0,1
0.08,126,20260945,0.00010930702042627791,0.00013806401348499627,-9.613519438647563,-8.59919505936471,20.828739026801827,9,15,1,1,1,1,1,0,0,1
0.08,127,20260946,0.00010954821776023422,0.00018749438141338657,-9.603946835819789,-7.270117421107857,41.57253303569512,6,25,1,0,1,1,1,0,0,1
0.08,128,20260947,0.0003499165377648474,0.0004498077938283364,-4.560355313945172,-3.4697302380631188,22.20754229563467,9,25,1,0,1,1,1,0,0,1
0.08,129,20260948,0.0001556360193756081,0.0001592541439274678,-8.078898854583464,-7.979092581359852,2.271918621789569,4,9,1,1,1,1,1,0,0,1
0.08,130,20260949,5.836197876545702e-05,7.194702994018821e-05,-12.338699917554475,-11.429871295551832,18.88201804303091,4,18,1,1,1,1,1,0,0,1
0.08,131,20260950,0.00010591580795834842,0.00013356635584636515,-9.750392165050654,-8.743029229260857,20.701731145395478,7,19,1,1,1,1,1,0,0,1
0.08,132,20260951,6.513103144759057e-05,0.00010807434567458526,-11.86212044066821,-9.66277385179249,39.734974992398435,4,14,1,1,1,1,1,0,0,1
0.08,133,20260952,0.00011430767999171521,0.0002347428929963435,-9.41924589674942,-6.294075474290245,51.30515836596777,6,25,1,0,1,1,1,0,0,1
0.08,134,20260953,7.463585327471635e-05,8.37259298478277e-05,-11.270524977440887,-10.771400205508527,10.856943111450189,6,12,1,1,1,1,1,0,0,1
0.08,135,20260954,0.00012224546190218191,0.0002601018911497859,-9.12767254146448,-5.84856490122733,53.00093307211522,4,20,1,1,1,1,1,0,0,1
0.08,136,20260955,5.455890648336797e-05,7.864103372063229e-05,-12.631343427687034,-11.043507864244482,30.622851834342207,5,9,1,1,1,1,1,0,0,1
0.08,137,20260956,9.121545613351815e-05,0.0001487242179942387,-10.399315657860503,-8.276183059577448,38.668054629104404,8,19,1,1,1,1,1,0,0,1
0.08,138,20260957,7.71280833570532e-05,0.000181782949347813,-11.127874607779924,-7.404468546202643,57.571332386361064,5,9,1,1,1,1,1,0,0,1
0.08,139,20260958,0.00011418903107991498,0.00018258405292294997,-9.423756121169562,-7.385371568674732,37.459471814823566,7,11,1,1,1,1,1,0,0,1
0.08,140,20260959,0.00011049690312861193,0.00013934576010347758,-9.566498936802478,-8.559062410997763,20.703074821539325,6,24,1,1,1,1,1,0,0,1
0.08,141,20260960,9.960818746040722e-05,0.00015824427974788706,-10.017049625528525,-8.006719800077844,37.05416232479188,7,25,1,0,1,1,1,0,0,1
0.08,142,20260961,0.0001292963326431675,0.000251329348918696,-8.88413793258996,-5.997567938220644,48.55502025551567,4,22,1,1,1,1,1,0,0,1
0.08,143,20260962,0.000242200942712655,0.00025998709257161426,-6.158241707961569,-5.850482126602234,6.841166491394193,10,18,1,1,1,1,1,0,0,1
0.08,144,20260963,0.00020035973311257273,0.00029596304875311445,-6.98189555480298,-5.28762507604461,32.302449931948026,5,13,1,1,1,1,1,0,0,1
0.08,145,20260964,0.00018244984844996485,0.00019223344254963243,-7.3885649304129695,-7.16171056566841,5.089433955874541,4,10,1,1,1,1,1,0,0,1
0.08,146,20260965,4.87399467248983e-05,8.039744031949271e-05,-13.121149498557536,-10.94757778027866,39.37624564761039,7,9,1,1,1,1,1,0,0,1
0.08,147,20260966,0.0001596410639167546,0.00023672504746261193,-7.968553865530353,-6.257557877013017,32.562664733664015,5,25,1,0,1,1,1,0,0,1
0.08,148,20260967,9.453004405318596e-05,0.0001506420804097079,-10.244301397150217,-8.220536952204322,37.24858034615001,7,21,1,1,1,1,1,0,0,1
0.08,149,20260968,0.00011577326173465564,0.00016049151555248408,-9.363917309534983,-7.9454792180200196,27.863313312163616,4,25,1,0,1,1,1,0,0,1
0.08,150,20260969,7.448903225113415e-05,0.0001266700677320883,-11.279076679693286,-8.973259972282555,41.19444823485759,8,14,1,1,1,1,1,0,0,1
0.08,151,20260970,0.00010550680307058226,0.00021689197235997258,-9.767195361884905,-6.637565218644821,51.35513688101185,9,25,1,0,1,1,1,0,0,1
0.08,152,20260971,0.00013089096249878091,0.00021540902348652052,-8.830903387235542,-6.667361080560415,39.236081952262516,3,11,1,1,1,1,1,0,0,1
0.08,153,20260972,6.521027660634416e-05,0.00012544664631699266,-11.856839576156634,-9.015409445964234,48.01752097735358,6,13,1,1,1,1,1,0,0,1
0.08,154,20260973,0.0001452949149201095,0.0002679325251009819,-8.377495850191263,-5.719745629334886,45.77182637108024,5,20,1,1,1,1,1,0,0,1
0.08,155,20260974,0.00010164299364282979,0.00011372074817775105,-9.929225523641355,-9.441602917146248,10.620537350003316,8,12,1,1,1,1,1,0,0,1
0.08,156,20260975,5.783214925366299e-05,6.936569061527777e-05,-12.37830667429046,-11.588552854649969,16.627155672078793,4,14,1,1,1,1,1,0,0,1
0.08,157,20260976,8.557762895036036e-05,0.00013365869800502117,-10.676397504302562,-8.740027737374552,35.973019169208534,5,21,1,1,1,1,1,0,0,1
0.08,158,20260977,0.00013521415494491268,0.00023105826318747336,-8.689778417325206,-6.362784954744152,41.480493673059335,23,25,1,0,1,1,1,0,0,1
0.08,159,20260978,8.00255180678273e-05,8.42341949237911e-05,-10.96771505646556,-10.74511570590791,4.9963994548431305,4,10,1,1,1,1,1,0,0,1
0.08,160,20260979,7.659489020935284e-05,9.067034720955468e-05,-11.158002020110265,-10.4253472119623,15.523770927744497,5,12,1,1,1,1,1,0,0,1
0.08,161,20260980,8.721300549815089e-05,0.000122740479455489,-10.594187467770674,-9.110121845842158,28.945197309761117,4,14,1,1,1,1,1,0,0,1
0.08,162,20260981,0.00011759415923107007,0.0001835683315035433,-9.296142486400731,-7.362022394721364,35.939844161627505,13,21,1,1,1,1,1,0,0,1
0.08,163,20260982,6.518435437591113e-05,9.904095404047692e-05,-11.858566316237752,-10.04185184837295,34.184444195407266,4,10,1,1,1,1,1,0,0,1
0.08,164,20260983,9.416209145250797e-05,0.00011538230462506422,-10.261239038583769,-9.37860790772638,18.391219729499692,4,11,1,1,1,1,1,0,0,1
0.08,165,20260984,7.746023386425742e-05,7.068058147682521e-05,-11.109211961466931,-11.506998862855653,-9.591958987568786,6,13,1,1,1,1,0,1,0,1
0.08,166,20260985,0.00011332892243873333,0.0002023095299194155,-9.456592405991467,-6.9398365902883254,43.98241027801566,3,12,1,1,1,1,1,0,0,1
0.08,167,20260986,0.00011503360680699984,0.00015557761031221386,-9.391752629625442,-8.080529036028189,26.060307407891226,6,12,1,1,1,1,1,0,0,1
0.08,168,20260987,6.079714393372921e-05,6.82608462914099e-05,-12.161168220916633,-11.658283316827678,10.934089984495174,4,11,1,1,1,1,1,0,0,1
0.08,169,20260988,8.83274129013211e-05,0.0001311476925827607,-10.539044898068926,-8.822393459992083,32.6504255150489,8,13,1,1,1,1,1,0,0,1
0.08,170,20260989,0.00012691578821995893,0.00019000991287745434,-8.964843486672862,-7.212237411751877,33.205701587889024,6,15,1,1,1,1,1,0,0,1
0.08,171,20260990,0.00016315469765993386,0.00033635154193675505,-7.874004171968791,-4.732065770399297,51.49280520003913,6,25,1,0,1,1,1,0,0,1
0.08,172,20260991,0.0001040050687388607,0.0001455174278953206,-9.829454946274197,-8.370849902828173,28.527414040277176,9,16,1,1,1,1,1,0,0,1
0.08,173,20260992,6.247532898871098e-05,0.00011246923396630313,-12.042914482450403,-9.48966262850611,44.451182972021314,4,13,1,1,1,1,1,0,0,1
0.08,174,20260993,0.0001085704760920685,0.00018413787212790715,-9.64288257744535,-7.348568798032349,41.03848663101064,3,15,1,1,1,1,1,0,0,1
0.08,175,20260994,0.00012443115131309887,0.00026793635761244853,-9.050708804991393,-5.719683508221475,53.559437613509715,4,17,1,1,1,1,1,0,0,1
0.08,176,20260995,0.00011501130926862593,0.0001500375708238409,-9.392594525901295,-8.237999758885616,23.344993765821037,9,15,1,1,1,1,1,0,0,1
0.08,177,20260996,7.494840854502851e-05,0.00014060279287827357,-11.25237584529515,-8.520060525766773,46.69493613123684,4,16,1,1,1,1,1,0,0,1
0.08,178,20260997,9.899202085291479e-05,0.00016135957482498841,-10.043998098388547,-7.92205259139643,38.65128799435538,4,22,1,1,1,1,1,0,0,1
0.08,179,20260998,9.864377491552076e-05,0.0001144889520860038,-10.059303164446543,-9.412364196959517,13.839918072252237,9,14,1,1,1,1,1,0,0,1
0.08,180,20260999,5.027950175535401e-05,5.665903673206456e-05,-12.986090346052627,-12.467308132519578,11.25951894819319,6,10,1,1,1,1,1,0,0,1
0.08,181,20261000,9.13221032303587e-05,0.0001505731576954954,-10.394240948732126,-8.222524418387703,39.350343296220366,11,8,1,1,1,1,1,0,0,1
0.08,182,20261001,8.82559607082836e-05,0.00011572979687767102,-10.542559531889239,-9.365548091251657,23.739639151382836,13,16,1,1,1,1,1,0,0,1
0.08,183,20261002,6.913882053188364e-05,0.00010361901793967882,-11.602780335420025,-9.845605281017782,33.27593533830597,3,17,1,1,1,1,1,0,0,1
0.08,184,20261003,6.339989076927558e-05,8.194241708137247e-05,-11.97911490357096,-10.864912296723544,22.62872755350057,3,15,1,1,1,1,1,0,0,1
0.08,185,20261004,0.00011829135570423633,0.00012900885229032665,-9.270469908506596,-8.893804883911567,8.307566803223116,8,14,1,1,1,1,1,0,0,1
0.08,186,20261005,8.84128760830202e-05,0.0001378957284313604,-10.534844815413864,-8.604491866698483,35.8842532043848,4,25,1,0,1,1,1,0,0,1
0.08,187,20261006,4.7217570727544847e-05,0.00011381837211495136,-13.258963604754499,-9.437876301716365,58.514983257837095,5,11,1,1,1,1,1,0,0,1
0.08,188,20261007,5.2719471185403806e-05,5.082408409403939e-05,-12.780289546813627,-12.939304390841937,-3.729308899807022,4,15,1,1,1,1,0,1,0,1
0.08,189,20261008,7.852202011282093e-05,9.409648005425481e-05,-11.050085359624347,-10.264266222858772,16.55158612995284,4,10,1,1,1,1,1,0,0,1
0.08,190,20261009,0.00010351910599299255,0.00010451779607099356,-9.84979487293484,-9.808097566590012,0.9555215623975232,4,9,1,1,1,1,1,0,0,1
0.08,191,20261010,0.00011797022363952492,0.00016955013221467858,-9.282275972780011,-7.707018672242438,30.42162686717634,4,25,1,0,1,1,1,0,0,1
0.08,192,20261011,0.0001019496893668786,0.00015832218027438756,-9.916140931468128,-8.00458238037286,35.60618658093895,7,18,1,1,1,1,1,0,0,1
0.08,193,20261012,7.082120829734844e-05,0.0001153306551396369,-11.498366679140501,-9.380552409406027,38.59290211123706,3,25,1,0,1,1,1,0,0,1
0.08,194,20261013,6.706165605825999e-05,0.00010116368835920469,-11.735257260625287,-9.949753449578363,33.709755796820765,5,12,1,1,1,1,1,0,0,1
0.08,195,20261014,0.0001095821430471226,0.00014452712306977397,-9.602602105225996,-8.400506422212072,24.178838740034166,6,11,1,1,1,1,1,0,0,1
0.08,196,20261015,0.00013635471036498536,0.0001799842045237805,-8.653298547873572,-7.447656070587242,24.240735054631187,5,10,1,1,1,1,1,0,0,1
0.08,197,20261016,5.58518747853652e-05,7.348762425748679e-05,-12.529622442981772,-11.337857924698769,23.998257734294477,5,14,1,1,1,1,1,0,0,1
0.08,198,20261017,0.00013718478284569264,0.00017628995574818436,-8.626940598586202,-7.537724312480675,22.182303431030544,4,16,1,1,1,1,1,0,0,1
0.08,199,20261018,0.00013197512495562982,0.0002448687055475845,-8.795079181315895,-6.110667145748901,46.103719272537454,5,18,1,1,1,1,1,0,0,1
0.08,200,20261019,8.103765876176057e-05,0.00012017492011594769,-10.91313114557153,-9.201861578884326,32.566912727236705,7,22,1,1,1,1,1,0,0,1
0.08,201,20261020,0.00010589826461368553,0.00013130859495825298,-9.751111567468644,-8.817068457248903,19.35161240027446,9,14,1,1,1,1,1,0,0,1
0.08,202,20261021,8.999749815091772e-05,0.000126539136371219,-10.457695633868225,-8.977751339237637,28.877736381179055,8,17,1,1,1,1,1,0,0,1
0.08,203,20261022,8.852021220344596e-05,0.00012842696465044105,-10.529575536390956,-8.913437818012577,31.07349967790276,7,19,1,1,1,1,1,0,0,1
0.08,204,20261023,7.636713452647837e-05,0.00013500933665839686,-11.170935048365227,-8.696361965493661,43.435664216539394,6,21,1,1,1,1,1,0,0,1
0.08,205,20261024,0.00011092911212050394,0.00018047563374571127,-9.549544631014465,-7.435814244735797,38.53513085494845,5,13,1,1,1,1,1,0,0,1
0.08,206,20261025,6.981115213211508e-05,9.386792085216343e-05,-11.560751945320536,-10.274828015272687,25.628317429056917,5,25,1,0,1,1,1,0,0,1
0.08,207,20261026,0.00017672749689666626,0.00024923652019770523,-7.526958736882586,-6.033883209282882,29.092455328585743,7,11,1,1,1,1,1,0,0,1
0.08,208,20261027,0.00012024314469553899,0.00014174280699269303,-9.199396742536422,-8.484989709722273,15.168079956439955,3,18,1,1,1,1,1,0,0,1
0.08,209,20261028,0.00011374309512474555,0.00013584946669317727,-9.440749581015336,-8.669420621608118,16.272696615261697,5,19,1,1,1,1,1,0,0,1
0.08,210,20261029,0.00010547758302278888,0.00015464613349122332,-9.768398304513383,-8.106609338852945,31.794232004659147,4,10,1,1,1,1,1,0,0,1
0.08,211,20261030,0.0001198533501161774,0.00017240308440634103,-9.213498221506832,-7.634549686234223,30.480739060507688,10,25,1,0,1,1,1,0,0,1
0.08,212,20261031,0.00011391972474709462,0.00017741514983980598,-9.434010730485316,-7.510092976333603,35.789178742651615,4,13,1,1,1,1,1,0,0,1
0.08,213,20261032,6.863166503437825e-05,0.00010728360006752683,-11.634754648063847,-9.694666614872887,36.027813206137886,3,10,1,1,1,1,1,0,0,1
0.08,214,20261033,8.116256000474915e-05,0.00012003076287553007,-10.906442630383706,-9.207074336615651,32.38186773093045,6,25,1,0,1,1,1,0,0,1
0.08,215,20261034,7.10675143645405e-05,0.00015434655042499207,-11.483288740417706,-8.115030723570204,53.95587775116668,5,25,1,0,1,1,1,0,0,1
0.08,216,20261035,0.0001073729250539663,9.707452007713914e-05,-9.691052156759024,-10.12894747867832,-10.608762184601748,8,10,1,1,1,1,0,1,0,1
0.08,217,20261036,0.0001348752912556704,0.00015461372020503418,-8.700676044733044,-8.107519700234521,12.766285503762887,4,13,1,1,1,1,1,0,0,1
0.08,218,20261037,6.468699116636079e-05,8.370819590505367e-05,-11.891830490486633,-10.77232017967548,22.723228631360968,5,14,1,1,1,1,1,0,0,1
0.08,219,20261038,7.860856901713241e-05,0.00010543434409904122,-11.045301095075144,-9.770178993401524,25.443108989903372,4,24,1,1,1,1,1,0,0,1
0.08,220,20261039,9.515254959703265e-05,0.00018289100561427263,-10.215795703713109,-7.378076521405302,47.97308414514669,5,23,1,1,1,1,1,0,0,1
0.08,221,20261040,0.00013124063084333763,0.00020528093806438264,-8.819316907279129,-6.876513763858741,36.06779466188118,5,12,1,1,1,1,1,0,0,1
0.08,222,20261041,0.00017838423370370625,0.0003007753040367799,-7.486435329086813,-5.217578255300475,40.691861562579355,3,11,1,1,1,1,1,0,0,1
0.08,223,20261042,0.00010743570041449507,0.00013644461012727284,-9.688513804922007,-8.650436152759921,21.260575764567637,5,12,1,1,1,1,1,0,0,1
0.08,224,20261043,4.879781533899722e-05,7.695735426724868e-05,-13.115996207730358,-11.137498714131436,36.59109541430211,5,12,1,1,1,1,1,0,0,1
0.08,225,20261044,9.896087310699927e-05,0.00024358775933446913,-10.045364816905852,-6.133445394671698,59.37362641810067,11,15,1,1,1,1,1,0,0,1
0.08,226,20261045,0.00011480066311964687,0.00020975166740434803,-9.400556033285355,-6.782945780957857,45.26829534168122,8,25,1,0,1,1,1,0,0,1
0.08,227,20261046,0.00018406267223134562,0.00024467593575030306,-7.3503427715405785,-6.114087420694291,24.772874918445005,5,24,1,1,1,1,1,0,0,1
0.08,228,20261047,7.498598565158486e-05,0.00010952165187915155,-11.25019895580259,-9.605000145034484,31.5331860276122,4,23,1,1,1,1,1,0,0,1
0.08,229,20261048,9.149063509675097e-05,0.00012617759755287342,-10.386233576707241,-8.99017745906601,27.49058717938201,4,11,1,1,1,1,1,0,0,1
0.08,230,20261049,6.415319941807733e-05,8.457636378927888e-05,-11.927816798195636,-10.727509905085544,24.147602777160827,6,14,1,1,1,1,1,0,0,1
0.08,231,20261050,7.43246026270546e-05,0.00013097974337954342,-11.288674040515653,-8.827958647925234,43.25488758083588,3,11,1,1,1,1,1,0,0,1
0.08,232,20261051,7.435994682660231e-05,0.00013843390220120983,-11.286609294558335,-8.587575389552786,46.28487267625947,6,16,1,1,1,1,1,0,0,1
0.08,233,20261052,8.077851631583596e-05,0.00020257137983220792,-10.927041279147659,-6.934219136596209,60.12343087027117,4,12,1,1,1,1,1,0,0,1
0.08,234,20261053,8.937909665385347e-05,0.0001380116760577277,-10.48764039027072,-8.600841698818527,35.238018110534455,7,15,1,1,1,1,1,0,0,1
0.08,235,20261054,0.00011972300736927056,0.00019057472628216464,-9.218223824810686,-7.19934695324064,37.177919808732206,4,11,1,1,1,1,1,0,0,1
0.08,236,20261055,8.315780952784918e-05,0.00014490362588419516,-10.80096959005035,-8.389207471596318,42.6116434144252,4,25,1,0,1,1,1,0,0,1
0.08,237,20261056,0.00013420898840899753,0.00015434184893553548,-8.722183970902242,-8.115163014315959,13.04433027425175,5,20,1,1,1,1,1,0,0,1
0.08,238,20261057,0.0001399487229522099,0.0001572460337351703,-8.540310601655845,-8.034203000871642,11.000157124530135,12,25,1,0,1,1,1,0,0,1
0.08,239,20261058,7.900472612476636e-05,9.973371832834483e-05,-11.023469280954622,-10.011579890477634,20.78433708380768,8,14,1,1,1,1,1,0,0,1
0.08,240,20261059,0.0002112767796692847,0.0002437883955737238,-6.751482313700371,-6.129869708187127,13.335998142129498,10,20,1,1,1,1,1,0,0,1
0.08,241,20261060,9.972350097348577e-05,0.00012260134911404053,-10.012024832090113,-9.11504750783676,18.66035594704133,7,19,1,1,1,1,1,0,0,1
0.08,242,20261061,8.46894768551193e-05,0.00012709700122938346,-10.72170549854361,-8.958646962193606,33.36626668140459,5,12,1,1,1,1,1,0,0,1
0.08,243,20261062,0.0002524274199828414,0.00035685408553906404,-5.978634715339053,-4.47509326742518,29.263127364361157,10,12,1,1,1,1,1,0,0,1
0.08,244,20261063,7.999172833193362e-05,0.00010454884577720835,-10.9695491957714,-9.806807574456046,23.48865476487946,9,13,1,1,1,1,1,0,0,1
0.08,245,20261064,8.471001208653698e-05,0.0001590591937612943,-10.72065256293103,-7.9844122322809135,46.743089736979144,4,25,1,0,1,1,1,0,0,1
0.08,246,20261065,9.732069655102398e-05,0.00015092397385471428,-10.117947913648987,-8.212417682705816,35.5167412668918,6,25,1,0,1,1,1,0,0,1
0.08,247,20261066,0.00017909482980673426,0.0002672777069601944,-7.469169513861209,-5.730372632708761,32.99297878464409,6,21,1,1,1,1,1,0,0,1
0.08,248,20261067,0.00018804531458502396,0.0003137473190837522,-7.257374831680372,-5.03419976465829,40.06472624716617,4,25,1,0,1,1,1,0,0,1
0.08,249,20261068,0.00011048548310770398,0.00016651171196186223,-9.566947809869008,-7.785552140404125,33.647019896708805,9,13,1,1,1,1,1,0,0,1
0.08,250,20261069,0.0001222260921286969,0.00030858612289849164,-9.128360734885689,-5.106236080334639,60.391578538707414,7,13,1,1,1,1,1,0,0,1
0.08,251,20261070,6.336678227200914e-05,6.635683094659902e-05,-11.98138345533601,-11.781143630827122,4.506014877347199,4,9,1,1,1,1,1,0,0,1
0.08,252,20261071,7.202658035726317e-05,0.00015839469307455252,-11.425072039547459,-8.002593732960662,54.52715052557851,6,25,1,0,1,1,1,0,0,1
0.08,253,20261072,0.0001495001756177563,0.0002308162284352905,-8.253582971738146,-6.367336596752099,35.22978144508207,6,25,1,0,1,1,1,0,0,1
0.08,254,20261073,0.00012891113124091042,0.0001722001948186136,-8.89709580491559,-7.639663615432177,25.138800582253428,6,13,1,1,1,1,1,0,0,1
0.08,255,20261074,0.00011395348642652632,0.00015391183441953413,-9.432723829659306,-8.127279855908734,25.961842468909193,5,25,1,0,1,1,1,0,0,1
0.08,256,20261075,0.00011042213445369749,0.00016921625664262873,-9.569438622266414,-7.7155791652724925,34.74496088936641,7,25,1,0,1,1,1,0,0,1
0.08,257,20261076,5.738839572279248e-05,0.00010823216066248797,-12.4117591566909,-9.656436715501089,46.97657759808297,8,15,1,1,1,1,1,0,0,1
0.08,258,20261077,0.00011008306387922648,0.00016465868748416127,-9.582794914693576,-7.834153507285675,33.144697336534094,8,17,1,1,1,1,1,0,0,1
0.08,259,20261078,0.00011909801608689424,0.0001296959191465516,-9.240954728555145,-8.870736886808867,8.171346584684844,3,13,1,1,1,1,1,0,0,1
0.08,260,20261079,0.00012095986814250576,0.00016681371083020303,-9.173586952639447,-7.777682564969389,27.48805386529117,16,20,1,1,1,1,1,0,0,1
0.08,261,20261080,8.421442270370089e-05,0.00011447724761916073,-10.74613524127015,-9.412808208815813,26.435667824699316,5,25,1,0,1,1,1,0,0,1
0.08,262,20261081,7.466053351001693e-05,0.00012574521338444138,-11.269089110126,-9.005085378051515,40.625546292758706,4,8,1,1,1,1,1,0,0,1
0.08,263,20261082,5.482574153165737e-05,9.707733667903553e-05,-12.61015485670885,-10.128821470647098,43.52364474838612,7,25,1,0,1,1,1,0,0,1
0.08,264,20261083,0.00010314974789217073,0.00013789501924892702,-9.865318291466988,-8.604514202039322,25.19690090766396,4,13,1,1,1,1,1,0,0,1
0.08,265,20261084,9.491287352333548e-05,0.00015130953379236737,-10.226748779734578,-8.201337068547286,37.27237726237496,11,18,1,1,1,1,1,0,0,1
0.08,266,20261085,8.718078281955929e-05,9.676420867020783e-05,-10.595792356545523,-10.142852506605347,9.90389523394008,4,13,1,1,1,1,1,0,0,1
0.08,267,20261086,0.00015730246750441268,0.00023298643922132182,-8.032644648201618,-6.3266935598144824,32.48428190492852,7,24,1,1,1,1,1,0,0,1
0.08,268,20261087,0.00010854047832796937,0.0001713390821859739,-9.644082688562303,-7.661435638191721,36.65165183378421,4,13,1,1,1,1,1,0,0,1
0.08,269,20261088,9.393253050137229e-05,0.00014420727406387775,-10.271839778020443,-8.410128325005918,34.862834686297354,6,15,1,1,1,1,1,0,0,1
0.08,270,20261089,6.064705444664035e-05,8.790305037415767e-05,-12.171902874377256,-10.559960539628776,31.006882936943246,4,19,1,1,1,1,1,0,0,1
0.08,271,20261090,7.078501633527786e-05,0.0001022146721105392,-11.500586633778727,-9.904867601768757,30.748673479353336,3,14,1,1,1,1,1,0,0,1
0.08,272,20261091,9.01597806782924e-05,0.00013177419664039112,-10.449871534207256,-8.801696227753737,31.58009460354636,4,11,1,1,1,1,1,0,0,1
0.08,273,20261092,0.00014120397768055274,0.0003584665020087926,-8.501530691455239,-4.455514220671873,60.60887784792532,5,25,1,0,1,1,1,0,0,1
0.08,274,20261093,8.558133611175859e-05,0.00011189524743302395,-10.676209375128208,-9.511883590252223,23.516558499962944,4,11,1,1,1,1,1,0,0,1
0.08,275,20261094,0.00015084500842599358,0.00029894481687017273,-8.21469056380036,-5.244089720120096,49.54085171795993,5,21,1,1,1,1,1,0,0,1
0.08,276,20261095,8.255010691317975e-05,0.00015984767294405412,-10.832823599326964,-7.9629368178774325,48.35701678180084,6,14,1,1,1,1,1,0,0,1
0.08,277,20261096,0.00014032778592012454,0.00028213949569503893,-8.528563269972842,-5.495361142636996,50.26297698078999,5,25,1,0,1,1,1,0,0,1
0.08,278,20261097,0.0001920178265458223,0.00024926559630296494,-7.16658450405323,-6.033376587879848,22.96657485277751,12,16,1,1,1,1,1,0,0,1
0.08,279,20261098,0.00019395571468055003,0.0003822934973048529,-7.122974198913758,-4.176030891340929,49.26523311332088,7,20,1,1,1,1,1,0,0,1
0.08,280,20261099,7.197542643026477e-05,0.00011341354378003861,-11.428157533930927,-9.453350791493818,36.53718592035316,7,10,1,1,1,1,1,0,0,1
0.08,281,20261100,0.0001050378411530465,0.00019262936967691223,-9.786542128987191,-7.152774964627721,45.47153358326339,5,19,1,1,1,1,1,0,0,1
0.08,282,20261101,0.00010571816264778571,0.0001804183467076797,-9.75850393391841,-7.43719301224416,41.40387351011808,10,23,1,1,1,1,1,0,0,1
0.08,283,20261102,8.702191144173864e-05,0.00018500290943860342,-10.603713816330217,-7.328214416337686,52.96186870476302,7,25,1,0,1,1,1,0,0,1
0.08,284,20261103,0.00010456822700052902,0.00012687547263909933,-9.806002555692825,-8.966223268970335,17.582000030867963,5,13,1,1,1,1,1,0,0,1
0.08,285,20261104,0.00013834089023585913,0.0002498839753335984,-8.590494339249593,-6.022615936027867,44.637950452336035,5,25,1,0,1,1,1,0,0,1
0.08,286,20261105,0.00010122380202606395,0.0001527164131898312,-9.947173543624492,-8.16114284654704,33.71779764088642,4,12,1,1,1,1,1,0,0,1
0.08,287,20261106,0.00012830306837048123,0.00018418942115971124,-8.917629573395375,-7.3473531693991125,30.34178208354907,5,11,1,1,1,1,1,0,0,1
0.08,288,20261107,0.00014259501767568264,0.00025956209396298205,-8.458956486339398,-5.857587309191235,45.06323496680563,6,18,1,1,1,1,1,0,0,1
0.08,289,20261108,8.181885817979915e-05,0.00013276384579764773,-10.871465855767394,-8.769201757835749,38.3726362487996,7,14,1,1,1,1,1,0,0,1
0.08,290,20261109,7.98836467309303e-05,0.00013091707457877646,-10.975421175748723,-8.830037078285116,38.98149115540915,7,25,1,0,1,1,1,0,0,1
0.08,291,20261110,8.842227015376496e-05,0.00011755464214444633,-10.534383392085108,-9.297602162378048,24.781983475297135,4,14,1,1,1,1,1,0,0,1
0.08,292,20261111,0.00015347827281665525,0.00018356523828249422,-8.139530968233208,-7.362095576197727,16.390339340576677,7,20,1,1,1,1,1,0,0,1
0.08,293,20261112,0.00013256132643071162,0.0001717136255488884,-8.775831589440562,-7.651952420207327,22.800927412152138,5,20,1,1,1,1,1,0,0,1
0.08,294,20261113,0.0001263523130285681,0.0002035748219968119,-8.98416803397023,-6.912759362764302,37.93323172816192,8,25,1,0,1,1,1,0,0,1
0.08,295,20261114,9.915158013242979e-05,0.00013363829748369016,-10.037003602551813,-8.740690657946706,25.80601369563937,9,15,1,1,1,1,1,0,0,1
0.08,296,20261115,8.259111845093951e-05,0.0001380148621075821,-10.830666526207239,-8.60074144151138,40.157808231869964,5,16,1,1,1,1,1,0,0,1
0.08,297,20261116,8.575675750461436e-05,0.00016690448861800288,-10.667316481792376,-7.7753198353754716,48.61926230103536,5,14,1,1,1,1,1,0,0,1
0.08,298,20261117,8.202817551743668e-05,0.00015980116069045822,-10.860369479823879,-7.964200705812856,48.66859842380694,4,14,1,1,1,1,1,0,0,1
0.08,299,20261118,5.383227811563181e-05,8.413424317907156e-05,-12.689572409884509,-10.750272075685611,36.016209237117586,6,14,1,1,1,1,1,0,0,1
0.08,300,20261119,8.667076021121956e-05,0.00013968244030341433,-10.621273941123864,-8.54858186288496,37.95157070355033,5,18,1,1,1,1,1,0,0,1
0.08,301,20261120,0.00012219195340817894,0.00019873761694780468,-9.129573923380347,-7.017199220867292,38.51594112639947,12,25,1,0,1,1,1,0,0,1
0.08,302,20261121,0.00012876631770722033,0.0001252630325722909,-8.901977235204852,-9.021770783965714,-2.7967430318339566,6,11,1,1,1,1,0,1,0,1
0.08,303,20261122,0.00017097286449272377,0.0002838162960031273,-7.6707281204188735,-5.469626720883679,39.759320764710466,14,19,1,1,1,1,1,0,0,1
0.08,304,20261123,0.00010364693147692431,0.0001567468066566211,-9.844435509011959,-8.04801298124264,33.87620858906589,5,22,1,1,1,1,1,0,0,1
0.08,305,20261124,8.949445299765911e-05,0.00018472037892641456,-10.48203882082568,-7.334851891993573,51.55139161266542,5,25,1,0,1,1,1,0,0,1
0.08,306,20261125,0.0001254296265889376,0.0002422183680342689,-9.015998706471299,-6.157929262901774,48.216302666529444,6,22,1,1,1,1,1,0,0,1
0.08,307,20261126,0.00016208729322274128,0.0001653605361269991,-7.90251030182641,-7.815681283218671,1.9794583284030582,6,12,1,1,1,1,1,0,0,1
0.08,308,20261127,5.613862928895724e-05,0.00010197181568632826,-12.507381955403682,-9.915198476823432,44.9469160560569,3,25,1,0,1,1,1,0,0,1
0.08,309,20261128,5.928721376207308e-05,0.00010104885664753168,-12.270389591033402,-9.954685960969904,41.32816963098088,4,14,1,1,1,1,1,0,0,1
0.08,310,20261129,7.171313611570966e-05,0.00014586400974619617,-11.444012847780778,-8.360518520186584,50.835619944569785,7,25,1,0,1,1,1,0,0,1
0.08,311,20261130,0.00010859638825810985,0.0001548132664246321,-9.641846184456668,-8.101918260294607,29.853306007868554,6,19,1,1,1,1,1,0,0,1
0.08,312,20261131,0.00010221257357959862,0.00013855775398879602,-9.90495676604865,-8.58369165151916,26.231069256604957,9,25,1,0,1,1,1,0,0,1
0.08,313,20261132,0.00011428954850377623,0.00016192729148220848,-9.419934829439368,-7.906799483976636,29.419218059153657,3,14,1,1,1,1,1,0,0,1
0.08,314,20261133,9.047900231945726e-05,0.0001538766173889125,-10.434521968706568,-8.12827369190517,41.20029160065441,3,13,1,1,1,1,1,0,0,1
0.08,315,20261134,7.682756307306269e-05,0.0001099937216272915,-11.144829421692751,-9.586321033912228,30.1527742343429,5,11,1,1,1,1,1,0,0,1
0.08,316,20261135,5.820057920004485e-05,7.469497443244325e-05,-12.350726933203566,-11.267086170558176,22.082336004166528,6,18,1,1,1,1,1,0,0,1
0.08,317,20261136,0.0001504947976954073,0.00019116616377369094,-8.22478512503544,-7.185889749615299,21.275400037023186,9,20,1,1,1,1,1,0,0,1
0.08,318,20261137,6.707508592747647e-05,0.00010410504966220342,-11.7343876229665,-9.82528204329595,35.569805552065475,5,10,1,1,1,1,1,0,0,1
0.08,319,20261138,0.00015043861975053152,0.0002144287249772601,-8.226406598114416,-6.687170367801335,29.842132966800346,14,25,1,0,1,1,1,0,0,1
0.08,320,20261139,0.00017228888575785437,0.00026216236196209444,-7.637427376983419,-5.814296588148662,34.281609126345415,4,25,1,0,1,1,1,0,0,1
0.08,321,20261140,0.00010897772467437785,0.00017235360659489428,-9.626622638908747,-7.635796243078303,36.77084754569554,4,11,1,1,1,1,1,0,0,1
0.08,322,20261141,0.00016357990466290732,0.0003856629159049033,-7.862700492591415,-4.1379211947506365,57.58474618201486,8,14,1,1,1,1,1,0,0,1
0.08,323,20261142,8.294201282560448e-05,0.00012745349837665616,-10.812254294440773,-8.946482394036131,34.923706385453144,6,25,1,0,1,1,1,0,0,1
0.08,324,20261143,9.247731570053195e-05,0.000207598839097006,-10.339647848206681,-6.827750794130499,55.453837746501314,3,16,1,1,1,1,1,0,0,1
0.08,325,20261144,5.1530886329228445e-05,8.563160985798333e-05,-12.879323876265893,-10.673658912477869,39.822588393829804,4,13,1,1,1,1,1,0,0,1
0.08,326,20261145,0.00011752558094570776,0.0001482292481739645,-9.29867593354842,-8.29066094148302,20.71363621315975,8,15,1,1,1,1,1,0,0,1
0.08,327,20261146,0.00016624607709987734,0.00018296411908178193,-7.792485939284798,-7.376340709944895,9.137333629022587,7,25,1,0,1,1,1,0,0,1
0.08,328,20261147,8.555127863109409e-05,0.0001717124678309882,-10.677734952020296,-7.651981701063112,50.17759647173679,6,20,1,1,1,1,1,0,0,1
0.08,329,20261148,0.00012929905101376432,0.00023718716577923903,-8.88404662598322,-6.249088143889452,45.486489292549294,5,15,1,1,1,1,1,0,0,1
0.08,330,20261149,0.0001300839426474057,0.00016693509100377694,-8.857763087421352,-7.774523617783356,22.075135991352152,7,25,1,0,1,1,1,0,0,1
0.08,331,20261150,0.00011745661361351514,0.0001987684619816658,-9.301225244377616,-7.01652522724873,40.90782187349761,6,25,1,0,1,1,1,0,0,1
0.08,332,20261151,0.0001772024818408724,0.00019701319698742472,-7.515301998177728,-7.055046815193565,10.055526964428086,6,15,1,1,1,1,1,0,0,1
0.08,333,20261152,9.423933083873979e-05,0.00013698438747736306,-10.257678063226205,-8.633289278713908,31.204327314809493,4,19,1,1,1,1,1,0,0,1
0.08,334,20261153,9.137861567608365e-05,0.00023466014559027842,-10.391554254966843,-6.295606642146607,61.05916688740462,10,25,1,0,1,1,1,0,0,1
0.08,335,20261154,0.00012599389438251323,0.00015557481843432022,-8.996505001223635,-8.080606971923997,19.013953768035616,5,11,1,1,1,1,1,0,0,1
0.08,336,20261155,0.0001690553392250363,0.00023403145655238124,-7.7197110848677415,-6.30725764431944,27.763839222528567,8,14,1,1,1,1,1,0,0,1
0.08,337,20261156,0.00015024224310999804,0.00021878079143076583,-8.23207941032289,-6.599908109575607,31.327498119256564,9,25,1,0,1,1,1,0,0,1
0.08,338,20261157,0.00010251574902803184,0.00018545908685115576,-9.892094107978323,-7.3175188289275015,44.7232536466072,5,16,1,1,1,1,1,0,0,1
0.08,339,20261158,0.0001274983150080041,0.0001570715677277918,-8.944955547403115,-8.039024215573773,18.827884096145755,5,15,1,1,1,1,1,0,0,1
0.08,340,20261159,5.1601903533015614e-05,9.46252034685063e-05,-12.87334277468976,-10.239931736461163,45.46706200722722,4,11,1,1,1,1,1,0,0,1
0.08,341,20261160,5.360631692749651e-05,7.423191762118364e-05,-12.707840303611949,-11.294093202429316,27.78535346337487,10,20,1,1,1,1,1,0,0,1
0.08,342,20261161,7.453654487031157e-05,0.00012397076600690794,-11.276307427672629,-9.066807153113945,39.875708385831686,5,14,1,1,1,1,1,0,0,1
0.08,343,20261162,0.00010315854419186744,0.00012526379552571653,-9.864947954009082,-9.02174433199127,17.64695955529378,6,14,1,1,1,1,1,0,0,1
0.08,344,20261163,3.923511222348294e-05,9.17599920738212e-05,-14.06325100848311,-10.373466326209112,57.24159152943456,4,12,1,1,1,1,1,0,0,1
0.08,345,20261164,0.0001069450369840965,0.00015957397872580845,-9.708393650001948,-7.970379263759275,32.98090463241679,7,19,1,1,1,1,1,0,0,1
0.08,346,20261165,8.797422207492199e-05,0.0001261731946657351,-10.556445647890191,-8.990329006011592,30.275030042642502,5,17,1,1,1,1,1,0,0,1
0.08,347,20261166,8.513488601975887e-05,0.00013870633384444847,-10.698924410757716,-8.579037069808791,38.62220732094833,10,14,1,1,1,1,1,0,0,1
0.08,348,20261167,8.928019860826084e-05,0.0001144566747084478,-10.492448522956563,-9.413588757328023,21.996511924113012,4,11,1,1,1,1,1,0,0,1
0.08,349,20261168,0.0001363382474842035,0.00018693390494528285,-8.653822927992874,-7.283119217606898,27.066067803959445,6,16,1,1,1,1,1,0,0,1
0.08,350,20261169,0.00012673777763925066,0.0001740654942925261,-8.970939125451036,-7.592873123035982,27.18960288231437,5,18,1,1,1,1,1,0,0,1
0.08,351,20261170,0.00015226760952280423,0.0003363331644814324,-8.173924702790467,-4.7323030651486455,54.72714986118763,6,15,1,1,1,1,1,0,0,1
0.08,352,20261171,9.997480989927686e-05,0.00019843627614888072,-10.001094129986274,-7.023789315207899,49.61868271289832,7,25,1,0,1,1,1,0,0,1
0.08,353,20261172,6.646529257717205e-05,8.344355768686291e-05,-11.77405079164092,-10.786071876731548,20.34700530555622,7,9,1,1,1,1,1,0,0,1
0.08,354,20261173,0.0001238566463134626,0.00018530442796103023,-9.070806836294981,-7.321142028286188,33.160449711698305,5,17,1,1,1,1,1,0,0,1
0.08,355,20261174,9.547116374332023e-05,0.00015719389703055918,-10.201277835813002,-8.035643192215636,39.265349643465974,9,25,1,0,1,1,1,0,0,1
0.08,356,20261175,0.00012660587616720838,0.00020451876685488154,-8.975461369113205,-6.892668345145152,38.09571702676903,4,19,1,1,1,1,1,0,0,1
0.08,357,20261176,0.00015834661736897112,0.00031587439593307886,-8.003912096755943,-5.004855756005018,49.870385378586235,8,23,1,1,1,1,1,0,0,1
0.08,358,20261177,9.197123811944534e-05,0.00011731889963343626,-10.363479669910323,-9.306320190410235,21.605778432281475,25,17,0,1,1,1,1,0,0,1
0.08,359,20261178,8.870419295092046e-05,0.0001494012351388503,-10.52055851054303,-8.256458120803941,40.62686773072479,4,11,1,1,1,1,1,0,0,1
0.08,360,20261179,8.224978169357438e-05,0.00010301295644810939,-10.848652460758828,-9.871081484983058,20.15588666751257,7,23,1,1,1,1,1,0,0,1
0.08,361,20261180,0.0001511507055822613,0.00019683679853876765,-8.205898211638525,-7.058937071832428,23.210138193498565,6,18,1,1,1,1,1,0,0,1
0.08,362,20261181,0.00012164100019725874,0.00018069061277700119,-9.149200175120848,-7.430644092821574,32.67995590485841,4,25,1,0,1,1,1,0,0,1
0.08,363,20261182,8.680168047389214e-05,0.00013740986213008538,-10.614718668341803,-8.619820961340317,36.83009419533706,4,11,1,1,1,1,1,0,0,1
0.08,364,20261183,0.00010088133833850551,0.00019193499466736689,-9.961891648452406,-7.168458350333785,47.43984101839374,3,25,1,0,1,1,1,0,0,1
0.08,365,20261184,8.901056056612941e-05,0.00016066151748005174,-10.505584638774364,-7.940881353553073,44.59746057285856,3,15,1,1,1,1,1,0,0,1
0.08,366,20261185,0.00017200912244258267,0.0002103833688809183,-7.644485198284031,-6.769885947879004,18.240152081629756,4,25,1,0,1,1,1,0,0,1
0.08,367,20261186,6.124319268516941e-05,7.200605783343309e-05,-12.129421770624573,-11.426309650553744,14.947166213654839,3,16,1,1,1,1,1,0,0,1
0.08,368,20261187,9.136038813463719e-05,0.00010101328173456388,-10.392420640416038,-9.956215192391431,9.556063751390568,5,14,1,1,1,1,1,0,0,1
0.08,369,20261188,0.0002792757719217716,0.00042996623294052,-5.539667391184812,-3.665656500563049,35.047045436145766,7,18,1,1,1,1,1,0,0,1
0.08,370,20261189,7.441845853829179e-05,9.094969512163897e-05,-11.283193299507007,-10.411987524247062,18.1762418898027,3,14,1,1,1,1,1,0,0,1
0.08,371,20261190,6.654319835676843e-05,0.0001350511067530578,-11.76896328875766,-8.695018523889603,50.72739501613764,4,23,1,1,1,1,1,0,0,1
0.08,372,20261191,9.512243062104853e-05,0.00018540620862985893,-10.217170609143633,-7.318757268876319,48.6951212022522,4,14,1,1,1,1,1,0,0,1
0.08,373,20261192,9.149091314679031e-05,0.0001484720634921734,-10.386220378043339,-8.283552555222775,38.378364929498545,6,17,1,1,1,1,1,0,0,1
0.08,374,20261193,8.38780558819418e-05,9.705160160417391e-05,-10.763516441286008,-10.129972932265144,13.573754069469734,5,15,1,1,1,1,1,0,0,1
0.08,375,20261194,0.0001065318806942249,0.00015498445179702952,-9.72520405956152,-8.097118685229418,31.262859300401946,3,17,1,1,1,1,1,0,0,1
0.08,376,20261195,4.796061444596609e-05,6.80756249134723e-05,-13.191152615868853,-11.67008363278824,29.54803645662225,6,9,1,1,1,1,1,0,0,1
0.08,377,20261196,8.960713499731562e-05,0.00015152823152431868,-10.47657408121444,-8.195064453597627,40.864395963774825,5,9,1,1,1,1,1,0,0,1
0.08,378,20261197,6.889828905587482e-05,0.00010250673128610972,-11.617915627486648,-9.892476149552742,32.78657099740049,3,11,1,1,1,1,1,0,0,1
0.08,379,20261198,8.890210587545507e-05,0.00011093494039388782,-10.51087951524076,-9.549316456423625,19.86104147187759,4,24,1,1,1,1,1,0,0,1
0.08,380,20261199,0.0003805090822896248,0.0005286000930304949,-4.196349726879082,-2.7687276477103744,28.015698955302074,5,12,1,1,1,1,1,0,0,1
0.08,381,20261200,0.00012595756673029713,0.00020297859507899854,-8.997757377291439,-6.925497577971905,37.9453943499437,9,22,1,1,1,1,1,0,0,1
0.08,382,20261201,0.00010483065844541315,0.00014230217240642406,-9.795116863744731,-8.467884698600527,26.332355527215622,5,14,1,1,1,1,1,0,0,1
0.08,383,20261202,8.943973104760216e-05,0.0001566251784592886,-10.484695154138002,-8.051384211608255,42.895687700141956,4,19,1,1,1,1,1,0,0,1
0.08,384,20261203,9.52957589018808e-05,0.00017687251715855118,-10.209264270268985,-7.52339643481649,46.12178283387223,5,19,1,1,1,1,1,0,0,1
0.08,385,20261204,5.463094888523024e-05,9.074641364934605e-05,-12.625612561568326,-10.421705295213382,39.798228174250355,3,15,1,1,1,1,1,0,0,1
0.08,386,20261205,7.001892325553822e-05,9.054518359490139e-05,-11.547845720596136,-10.43134646330478,22.6696324690196,5,11,1,1,1,1,1,0,0,1
0.08,387,20261206,0.00011439252123945267,0.00016646789716624923,-9.41602367943417,-7.786695064688293,31.282533637575533,5,13,1,1,1,1,1,0,0,1
0.08,388,20261207,4.7688037119053065e-05,9.122428253407561e-05,-13.215905531355984,-10.39889543613818,47.724404298559605,7,12,1,1,1,1,1,0,0,1
0.08,389,20261208,0.00011440992361283263,0.00013723452587522062,-9.415363043596088,-8.625366137694623,16.631822143023307,6,17,1,1,1,1,1,0,0,1
0.08,390,20261209,9.729184080754569e-05,0.00014193377361621716,-10.119235794730624,-8.479142504205738,31.452649831872534,4,17,1,1,1,1,1,0,0,1
0.08,391,20261210,0.00010606103619463,0.0001333831164736231,-9.744441342284716,-8.748991395827906,20.48391205823724,9,20,1,1,1,1,1,0,0,1
0.08,392,20261211,0.000102577666167815,0.0001505447167688781,-9.88947186162933,-8.22334481057125,31.86232744036041,4,20,1,1,1,1,1,0,0,1
0.08,393,20261212,0.00015907826424083602,0.0002299312666411173,-7.9838915640078865,-6.384019682417507,30.814861952146114,7,12,1,1,1,1,1,0,0,1
0.08,394,20261213,0.00013665009148190803,0.00025992301292118367,-8.643900732280015,-5.851552674700116,47.42670533626649,5,25,1,0,1,1,1,0,0,1
0.08,395,20261214,7.304575312262395e-05,0.0001099775628388515,-11.364050288607624,-9.586959087436657,33.58122217196538,7,18,1,1,1,1,1,0,0,1
0.08,396,20261215,9.826842395455266e-05,0.00012647133232164252,-10.07586009179784,-8.980079063101304,22.299842857165515,5,17,1,1,1,1,1,0,0,1
0.08,397,20261216,0.00012956352705935034,0.00018478667667720948,-8.875172378649832,-7.333293450973021,29.88481129206327,5,9,1,1,1,1,1,0,0,1
0.08,398,20261217,6.057962564357398e-05,8.60292655017355e-05,-12.176734147508094,-10.6535378499078,29.58253765126952,6,12,1,1,1,1,1,0,0,1
0.08,399,20261218,7.039563003480839e-05,0.0001363621167382362,-11.524542998163295,-8.653062658723004,48.375962680352465,4,21,1,1,1,1,1,0,0,1
0.08,400,20261219,0.0001430382373169917,0.00014982874240012373,-8.445478503953378,-8.2440486575279,4.5321778547654885,10,11,1,1,1,1,1,0,0,1
0.08,401,20261220,0.00012196912909942542,0.00012754436603274952,-9.137500771803314,-8.943387205502955,4.371213803275756,6,9,1,1,1,1,1,0,0,1
0.08,402,20261221,6.682014031836005e-05,0.00015072515383970388,-11.750926167040907,-8.2181426419374,55.66755872120506,7,10,1,1,1,1,1,0,0,1
0.08,403,20261222,9.398492554064449e-05,0.0001777788780481611,-10.269417983100059,-7.501198389340898,47.13380657336383,5,16,1,1,1,1,1,0,0,1
0.08,404,20261223,0.00011672335572049143,0.00018237463452114273,-9.328422352514895,-7.390355654239752,35.99803172904526,9,20,1,1,1,1,1,0,0,1
0.08,405,20261224,8.744480675615163e-05,0.00013973397103390418,-10.58265977656064,-8.546979987601631,37.42050976642282,4,24,1,1,1,1,1,0,0,1
0.08,406,20261225,0.00016414437414132222,0.00020505817411004055,-7.8477399762090085,-6.881229140130292,19.952289220503214,5,20,1,1,1,1,1,0,0,1
0.08,407,20261226,0.00016582684141994744,0.0001789263353342405,-7.803451713907692,-7.473257329452169,7.321165936709521,6,17,1,1,1,1,1,0,0,1
0.08,408,20261227,0.00014979497182382895,0.0002687950444531931,-8.24502764378976,-5.705787422643127,44.27167653758079,5,16,1,1,1,1,1,0,0,1
0.08,409,20261228,0.00013313308104024864,0.00015373324642064303,-8.75714017191476,-8.132322016241854,13.399941691225642,8,17,1,1,1,1,1,0,0,1
0.08,410,20261229,0.00030094181578166205,0.0004020261961957528,-5.215174629695069,-3.9574564718270993,25.143729779457253,9,15,1,1,1,1,1,0,0,1
0.08,411,20261230,7.907751398891742e-05,0.00012779249192497287,-11.019469923409897,-8.934946611333231,38.120375620076395,7,17,1,1,1,1,1,0,0,1
0.08,412,20261231,7.965402324095436e-05,0.00011178270752008903,-10.98792283551253,-9.516253754251258,28.742088102813813,4,19,1,1,1,1,1,0,0,1
0.08,413,20261232,6.817438094680711e-05,0.00011103566207550326,-11.663787969522483,-9.545375135091055,38.60136493764576,5,25,1,0,1,1,1,0,0,1
0.08,414,20261233,9.046990869441922e-05,0.0001637020338358115,-10.434958479891488,-7.859459248752727,44.73501240359789,4,18,1,1,1,1,1,0,0,1
0.08,415,20261234,0.00016364897250584199,0.00018714064164279857,-7.8608671712923615,-7.278318858058352,12.55294891090301,7,18,1,1,1,1,1,0,0,1
0.08,416,20261235,5.350461758933889e-05,0.00010306822834388816,-12.71608735604347,-9.868751890465164,48.08815631251543,3,25,1,0,1,1,1,0,0,1
0.08,417,20261236,0.0001677764359502076,0.00020320851328403802,-7.752690354943392,-6.9205810153166105,17.436315418687535,8,18,1,1,1,1,1,0,0,1
0.08,418,20261237,0.00013289108639102633,0.0002816848770342838,-8.76504148184547,-5.5023646858704325,52.822782752780796,5,19,1,1,1,1,1,0,0,1
0.08,419,20261238,0.00024710792575876315,0.00036883768805853355,-6.071133247796534,-4.331647088776417,33.003612765421146,8,25,1,0,1,1,1,0,0,1
0.08,420,20261239,0.00012646348231048498,0.0002035809792548252,-8.980348635839611,-6.912628009450862,37.88050201281877,8,19,1,1,1,1,1,0,0,1
0.08,421,20261240,7.41746538062951e-05,0.00012727417704399646,-11.297444719793251,-8.95259702433674,41.72057873086524,5,14,1,1,1,1,1,0,0,1
0.08,422,20261241,0.00015121135212116846,0.0002588223290742298,-8.204156031568237,-5.869982590102689,41.57716118928777,13,11,1,1,1,1,1,0,0,1
0.08,423,20261242,0.00012157307925358875,0.000176798793942794,-9.151625831717288,-7.525207019121761,31.236477046938674,5,13,1,1,1,1,1,0,0,1
0.08,424,20261243,0.000102895086953587,0.00019513718825361198,-9.876053614852442,-7.096599570827612,47.270385581318116,5,25,1,0,1,1,1,0,0,1
0.08,425,20261244,8.556556045002917e-05,0.00016215545162997754,-10.677010006982421,-7.900684458623197,47.23238744678089,4,18,1,1,1,1,1,0,0,1
0.08,426,20261245,0.00013332392498938985,0.00019813391281174201,-8.750919094118826,-7.0304118379264535,32.71019428356605,3,21,1,1,1,1,1,0,0,1
0.08,427,20261246,5.0087055596017715e-05,8.857809225580848e-05,-13.00274497877007,-10.526736775362151,43.454352740665094,5,13,1,1,1,1,1,0,0,1
0.08,428,20261247,0.0001500905619954965,0.0002634932923250297,-8.236466162320538,-5.792304360237486,43.03818489225385,5,18,1,1,1,1,1,0,0,1
0.08,429,20261248,9.170357555154487e-05,0.00015935007733716906,-10.37613730720029,-7.976477214146124,42.45150232496646,5,16,1,1,1,1,1,0,0,1
0.08,430,20261249,0.00013434158926116152,0.00024975962993226743,-8.717895183026963,-6.024777577733827,46.21164785614322,8,16,1,1,1,1,1,0,0,1
0.08,431,20261250,0.00018909815970128175,0.0002791838452959149,-7.233126976777918,-5.541097153533935,32.2675137234924,8,25,1,0,1,1,1,0,0,1
0.08,432,20261251,6.993043253783392e-05,0.00013041016160519986,-11.553337855276212,-8.846885669083559,46.37654636949275,5,19,1,1,1,1,1,0,0,1
0.08,433,20261252,8.778787821887065e-05,0.0001738940669667946,-10.565654474890598,-7.597152352919284,49.51646151582968,7,19,1,1,1,1,1,0,0,1
0.08,434,20261253,5.39784072042818e-05,8.358783043947513e-05,-12.677799347590703,-10.778569469353723,35.423126882845864,6,20,1,1,1,1,1,0,0,1
0.08,435,20261254,0.00018470252760691142,0.0002328011622415185,-7.335271613100404,-6.330148558356451,20.66082238228148,9,15,1,1,1,1,1,0,0,1
0.08,436,20261255,0.00010411212978852293,0.00017296101994211817,-9.824986692086117,-7.620517623712937,39.80601535342223,6,14,1,1,1,1,1,0,0,1
0.08,437,20261256,0.00017191079019865843,0.0002658780398779835,-7.646968634137755,-5.7531753161789645,35.342238013507405,7,17,1,1,1,1,1,0,0,1
0.08,438,20261257,0.00011521698035886526,0.00016514414687935787,-9.384835110802173,-7.821368141799136,30.23247718065704,8,13,1,1,1,1,1,0,0,1
0.08,439,20261258,0.00013735715684791818,0.00016018430322510132,-8.621487072038628,-7.953800435371619,14.250551344662629,13,16,1,1,1,1,1,0,0,1
0.08,440,20261259,6.876081446731834e-05,9.478655437939334e-05,-11.62658987764986,-10.23253263642701,27.45720643869403,6,12,1,1,1,1,1,0,0,1
0.08,441,20261260,8.065016654766754e-05,9.741316304158499e-05,-10.933947314286673,-10.113823547222552,17.208143099471524,9,20,1,1,1,1,1,0,0,1
0.08,442,20261261,0.00010091439564094534,0.00013541390769016042,-9.960468763648894,-8.683367291301124,25.477081813600094,5,13,1,1,1,1,1,0,0,1
0.08,443,20261262,5.6749806092657733e-05,8.57145962213582e-05,-12.460356180649299,-10.669452163658676,33.79213273536144,5,8,1,1,1,1,1,0,0,1
0.08,444,20261263,4.923835184947549e-05,9.055047271076413e-05,-13.076964925940453,-10.43109278147929,45.623307780233915,3,12,1,1,1,1,1,0,0,1
0.08,445,20261264,0.00010956846130021873,0.00012074986705140999,-9.603144372239912,-9.181133387451526,9.259973550472488,4,12,1,1,1,1,1,0,0,1
0.08,446,20261265,7.318992183224593e-05,9.900685140162854e-05,-11.355487166735205,-10.04334750625045,26.07590202485517,5,19,1,1,1,1,1,0,0,1
0.08,447,20261266,8.303908833038985e-05,0.00014106633191397105,-10.807174275020532,-8.505766262791658,41.13472208164381,3,14,1,1,1,1,1,0,0,1
0.08,448,20261267,0.00013521602928601796,0.00015364528537048917,-8.689718215761422,-8.134807615969617,11.994677246380993,9,18,1,1,1,1,1,0,0,1
0.08,449,20261268,0.00014176094100770974,0.00020448346040859855,-8.484434126050255,-6.89341814032045,30.673639459913662,10,14,1,1,1,1,1,0,0,1
0.08,450,20261269,0.00016744134751616588,0.0002116545002180285,-7.761372895876674,-6.74372493081398,20.889304340950925,5,11,1,1,1,1,1,0,0,1
0.08,451,20261270,8.43555949953456e-05,0.00011225423515278634,-10.738861069690973,-9.497972648565959,24.853084713880616,6,13,1,1,1,1,1,0,0,1
0.08,452,20261271,0.00014966983128347002,0.00023322007160171693,-8.248657309028534,-6.322340756507884,35.824635394560026,5,10,1,1,1,1,1,0,0,1
0.08,453,20261272,9.960171308107731e-05,0.0001377025935664188,-10.017331919451678,-8.610578799247996,27.668963596509236,17,11,1,1,1,1,1,0,0,1
0.08,454,20261273,8.170255614538494e-05,0.00010399821648837118,-10.877643559220541,-9.829741085464166,21.438502597281833,4,11,1,1,1,1,1,0,0,1
0.08,455,20261274,0.00010601008462738618,0.0001470822052896218,-9.74652818794652,-8.32439867122908,27.924602151130305,4,14,1,1,1,1,1,0,0,1
0.08,456,20261275,6.406106224988379e-05,7.053660226733566e-05,-11.934058642135945,-11.51585464034656,9.18039685681115,4,25,1,0,1,1,1,0,0,1
0.08,457,20261276,7.780601548593714e-05,0.00011988547740046582,-11.08986824715261,-9.212334229631754,35.099715851292245,7,14,1,1,1,1,1,0,0,1
0.08,458,20261277,9.521408021785643e-05,0.00014199178916052822,-10.21298823582355,-8.477367684716913,32.94395346324388,6,10,1,1,1,1,1,0,0,1
0.08,459,20261278,8.726357263600905e-05,0.0001121493248611676,-10.59167010643918,-9.50203336525525,22.189836858996014,7,11,1,1,1,1,1,0,0,1
0.08,460,20261279,9.734111906796676e-05,0.00017166164171821482,-10.117036652606942,-7.653267383347328,43.294775644897015,8,25,1,0,1,1,1,0,0,1
0.08,461,20261280,9.530082155877473e-05,0.00021154644326334528,-10.209033554277333,-6.745942720773708,54.95040233782671,5,18,1,1,1,1,1,0,0,1
0.08,462,20261281,9.128295506689638e-05,0.00013709484934588075,-10.39610309119273,-8.629788613496693,33.416203816238315,6,25,1,0,1,1,1,0,0,1
0.08,463,20261282,0.00011150876298017855,0.00019015504076642242,-9.52691001993439,-7.208921575096934,41.35902864802269,7,17,1,1,1,1,1,0,0,1
0.08,464,20261283,0.00013034202145817788,0.0001275266343299932,-8.849155478691571,-8.943991020179125,-2.2076855889566356,6,10,1,1,1,1,0,1,0,1
0.08,465,20261284,0.00012772183037245614,0.00020533572225569155,-8.93734866244701,-6.875354898453541,37.79853355792995,6,18,1,1,1,1,1,0,0,1
0.08,466,20261285,0.0001281777142940041,0.00015637813982060728,-8.92187477161002,-8.058239572788638,18.033483170316483,5,14,1,1,1,1,1,0,0,1
0.08,467,20261286,9.571735327167911e-05,0.00016130006001404155,-10.19009318786106,-7.923654710254078,40.658823522231366,8,25,1,0,1,1,1,0,0,1
0.08,468,20261287,0.00011518028738538826,0.00020174421400621922,-9.386218422001688,-6.951989119278483,42.907761715616004,6,25,1,0,1,1,1,0,0,1
0.08,469,20261288,0.00014380516640136824,0.00016007557419922753,-8.422255110372788,-7.956749316646022,10.164203926333817,7,12,1,1,1,1,1,0,0,1
0.08,470,20261289,0.00018285583733533003,0.00024336969213579796,-7.378911710543598,-6.13733507279909,24.864992131683255,7,21,1,1,1,1,1,0,0,1
0.08,471,20261290,6.924833668990648e-05,6.399386267045973e-05,-11.595906536724767,-11.938616750186416,-8.210903046288944,5,10,1,1,1,1,0,1,0,1
0.08,472,20261291,0.000144580181540631,0.00014833427564952398,-8.398912342712684,-8.287584848077966,2.530833883439688,5,12,1,1,1,1,1,0,0,1
0.08,473,20261292,0.00011265306088212475,0.00015867985427667436,-9.482570036191834,-7.994782070311696,29.00607238666683,5,14,1,1,1,1,1,0,0,1
0.08,474,20261293,0.00013040914166042905,0.00020768577739545854,-8.846919635617498,-6.825932435234642,37.20843897167091,6,13,1,1,1,1,1,0,0,1
0.08,475,20261294,7.637590424769888e-05,0.00010223333409770482,-11.170436349168373,-9.904074754900725,25.29256242909371,9,11,1,1,1,1,1,0,0,1
0.08,476,20261295,0.00010110419700939233,0.0001546471105854207,-9.952308157226827,-8.106581899093019,34.622640780898045,9,15,1,1,1,1,1,0,0,1
0.08,477,20261296,6.858224409850884e-05,9.697512828438191e-05,-11.6378830831915,-10.13339637217338,29.278521914000727,4,10,1,1,1,1,1,0,0,1
0.08,478,20261297,6.420508205197815e-05,9.858155173519194e-05,-11.924305946760295,-10.062043500611148,34.871098170127475,5,22,1,1,1,1,1,0,0,1
0.08,479,20261298,0.00013005864870186228,0.0001352527381015249,-8.858607625868725,-8.688539341301073,3.840284102613711,7,25,1,0,1,1,1,0,0,1
0.08,480,20261299,0.0001624847614458186,0.00020051156691610288,-7.891873628716751,-6.978605691638016,18.96489367428627,5,14,1,1,1,1,1,0,0,1
0.08,481,20261300,9.203816458848455e-05,0.00012132818347691055,-10.360320505536011,-9.160383046010379,24.141150101369522,6,15,1,1,1,1,1,0,0,1
0.08,482,20261301,7.140452281740587e-05,8.821762306336507e-05,-11.462742788060014,-10.544446480354088,19.058663861168267,6,13,1,1,1,1,1,0,0,1
0.08,483,20261302,0.00010994172151180856,0.00016293804482214903,-9.588374669589228,-7.879774993181607,32.52544448301641,7,12,1,1,1,1,1,0,0,1
0.08,484,20261303,9.540336827484177e-05,0.00018250652703986333,-10.204362919903067,-7.387215991159622,47.726051324178876,7,13,1,1,1,1,1,0,0,1
0.08,485,20261304,0.00010387418969294836,0.00018450256201419816,-9.83492351061058,-7.339975988225172,43.70040797322107,9,22,1,1,1,1,1,0,0,1
0.08,486,20261305,0.0001666682533931144,0.00029504572528022966,-7.781471157640819,-5.301106731810796,43.511042827407316,7,12,1,1,1,1,1,0,0,1
0.08,487,20261306,0.00010920965868891391,0.00012696604909366447,-9.617389501862416,-8.96312394496621,13.985148416842872,3,12,1,1,1,1,1,0,0,1
0.08,488,20261307,0.00013579963142827943,0.0001614995503367419,-8.671014087659858,-7.918286825374825,15.913306789322752,13,18,1,1,1,1,1,0,0,1
0.08,489,20261308,0.0001281404388140322,0.0002636216872757511,-8.92313793109989,-5.790188646517965,51.39230002727509,4,18,1,1,1,1,1,0,0,1
0.08,490,20261309,0.00010478280481803101,0.00013518688516084675,-9.797099805713113,-8.690654384131992,22.490406748140288,6,11,1,1,1,1,1,0,0,1
0.08,491,20261310,6.154207478514708e-05,0.00010423566918885416,-12.10827866350644,-9.819836411026017,40.95871858063752,9,21,1,1,1,1,1,0,0,1
0.08,492,20261311,0.0001065987011679844,0.0001811498562926077,-9.722480868574175,-7.419620061580242,41.154410304473174,6,25,1,0,1,1,1,0,0,1
0.08,493,20261312,6.606377028177532e-05,0.00011638509429687919,-11.80036644603952,-9.341026372044483,43.23691476052979,4,10,1,1,1,1,1,0,0,1
0.08,494,20261313,0.00011819079128911964,0.00016209037965710216,-9.274163597332496,-7.90242760511261,27.08340153243574,13,16,1,1,1,1,1,0,0,1
0.08,495,20261314,0.00013795247410021755,0.00022106958912608847,-8.602705062871014,-6.554709959246805,37.597715431797596,7,13,1,1,1,1,1,0,0,1
0.08,496,20261315,9.092543095536902e-05,0.00014304121608065394,-10.413146318614256,-8.445388063300888,36.43410378719052,3,11,1,1,1,1,1,0,0,1
0.08,497,20261316,0.0001557722070346746,0.00019675245534041185,-8.075100268188471,-7.060798392274065,20.828328792560757,7,17,1,1,1,1,1,0,0,1
0.08,498,20261317,0.00011443524153079425,0.00013581778399989543,-9.414402094117257,-8.670433597510911,15.743551278319815,3,10,1,1,1,1,1,0,0,1
0.08,499,20261318,0.00014129563213012659,0.00020460553808401976,-8.498712632831007,-6.890826153610071,30.942420496895558,12,25,1,0,1,1,1,0,0,1
0.08,500,20261319,6.516906316228215e-05,9.428789773518095e-05,-11.859585221588539,-10.255440472852264,30.882897245925022,5,10,1,1,1,1,1,0,0,1
0.1,1,20260820,2.9657689781474558e-05,4.0498950901414187e-05,-15.278626818387814,-13.925562267514543,26.76923939667055,3,12,1,1,1,1,1,0,0,1
0.1,2,20260821,2.3647324794830048e-05,4.079218209474703e-05,-16.26217983575604,-13.894230623622315,42.029762615039886,4,9,1,1,1,1,1,0,0,1
0.1,3,20260822,1.5608672895721806e-05,1.6866130873168894e-05,-18.066340206125385,-17.729845340768296,7.455521286434977,3,8,1,1,1,1,1,0,0,1
0.1,4,20260823,5.3629842177219155e-05,8.069987301508093e-05,-12.705934810839894,-10.931271486595035,33.54408108275835,4,13,1,1,1,1,1,0,0,1
0.1,5,20260824,1.4796897500805923e-05,2.1246014694696624e-05,-18.29829334573033,-16.727225224806002,30.354479588590856,5,10,1,1,1,1,1,0,0,1
0.1,6,20260825,3.094971362019581e-05,4.558993842791839e-05,-15.09343365181637,-13.411309943396772,32.11284180800119,3,25,1,0,1,1,1,0,0,1
0.1,7,20260826,2.1563887067410666e-05,2.503312003014941e-05,-16.662729512882542,-16.01485018253061,13.858571998058835,4,14,1,1,1,1,1,0,0,1
0.1,8,20260827,4.193821043454259e-05,4.745883342305383e-05,-13.773901054630695,-13.236829413010899,11.632445617235744,5,11,1,1,1,1,1,0,0,1
0.1,9,20260828,3.424957947671865e-05,5.857419442021837e-05,-14.653447564945276,-12.322936756078192,41.52786937024175,3,10,1,1,1,1,1,0,0,1
0.1,10,20260829,3.913380288617434e-05,5.715096420670503e-05,-14.074479468289084,-12.429764381275099,31.525559665740325,3,14,1,1,1,1,1,0,0,1
0.1,11,20260830,2.5362424101853583e-05,4.491069935776037e-05,-15.958092396015939,-13.4765018197021,43.52698919289693,6,16,1,1,1,1,1,0,0,1
0.1,12,20260831,3.0039524323696844e-05,3.509720617504162e-05,-15.223069486728376,-14.547274530798768,14.410497023952296,3,9,1,1,1,1,1,0,0,1
0.1,13,20260832,3.734059526779389e-05,5.4353516685092714e-05,-14.278187629949343,-12.647723517152818,31.300498026404384,4,12,1,1,1,1,1,0,0,1
0.1,14,20260833,3.070105092205207e-05,4.2061352554095166e-05,-15.128467580134846,-13.761167659498552,27.008883314992293,6,24,1,1,1,1,1,0,0,1
0.1,15,20260834,1.9375024241187203e-05,3.008832404959294e-05,-17.127577454509552,-15.216020022328179,35.606169990550455,5,11,1,1,1,1,1,0,0,1
0.1,16,20260835,2.2388993476418837e-05,4.1970205849288576e-05,-16.499654302022492,-13.7705890071963,46.65503057855899,3,25,1,0,1,1,1,0,0,1
0.1,17,20260836,3.7550376111644404e-05,5.286613928158355e-05,-14.253857086626436,-12.76822404176423,28.97083724680941,7,24,1,1,1,1,1,0,0,1
0.1,18,20260837,2.3971917366863217e-05,3.2949235589660565e-05,-16.20297228021155,-14.821546564278831,27.24590741526769,6,18,1,1,1,1,1,0,0,1
0.1,19,20260838,5.221990903731555e-05,6.952697567869369e-05,-12.82163889016834,-11.578466613755076,24.892592367830883,4,12,1,1,1,1,1,0,0,1
0.1,20,20260839,4.306510113501473e-05,4.564625650155286e-05,-13.658745285400629,-13.405948336254719,5.65469233265671,5,9,1,1,1,1,1,0,0,1
0.1,21,20260840,3.3473208591158055e-05,4.6441641838827446e-05,-14.753026561320212,-13.330924351664784,27.92414896242354,5,9,1,1,1,1,1,0,0,1
0.1,22,20260841,6.784618718398258e-05,7.725132578241859e-05,-11.684745537740993,-11.120940585044504,12.174727751502878,5,12,1,1,1,1,1,0,0,1
0.1,23,20260842,3.526975853202906e-05,5.102260064001545e-05,-14.525975136403162,-12.922374090185933,30.87424378684437,5,14,1,1,1,1,1,0,0,1
0.1,24,20260843,3.33664339185565e-05,4.605132515230719e-05,-14.766902066581,-13.367578682238237,27.545116653641337,5,11,1,1,1,1,1,0,0,1
0.1,25,20260844,3.7449864452590375e-05,4.250940467938619e-05,-14.26549749863008,-13.715149770434142,11.902166743937734,3,7,1,1,1,1,1,0,0,1
0.1,26,20260845,3.3441553515075e-05,6.443654042439727e-05,-14.757135557738913,-11.90867784747651,48.10156893151078,3,17,1,1,1,1,1,0,0,1
0.1,27,20260846,2.837078857594006e-05,4.2359999352987765e-05,-15.471285926701437,-13.730440551980239,33.02457740963353,3,12,1,1,1,1,1,0,0,1
0.1,28,20260847,4.743912485949458e-05,6.990503975872321e-05,-13.238633312837191,-11.554915129452507,32.13776142145057,5,18,1,1,1,1,1,0,0,1
0.1,29,20260848,1.975324424629944e-05,4.126991153709147e-05,-17.043615662371796,-13.843664620407862,52.136451204781125,3,9,1,1,1,1,1,0,0,1
0.1,30,20260849,3.455926778415258e-05,4.853706485955585e-05,-14.614354676014434,-13.139264899290968,28.79819188871154,5,11,1,1,1,1,1,0,0,1
0.1,31,20260850,2.5292596243909085e-05,4.1765112990103795e-05,-15.97006588744499,-13.79186339329063,39.440852823977416,3,11,1,1,1,1,1,0,0,1
0.1,32,20260851,6.969709974011525e-05,8.763030124992415e-05,-11.567852935385822,-10.573456953140358,20.464612416044183,5,10,1,1,1,1,1,0,0,1
0.1,33,20260852,4.039706528352933e-05,6.214319396180894e-05,-13.936501838365071,-12.066064291572971,34.99358061905224,8,21,1,1,1,1,1,0,0,1
0.1,34,20260853,3.1533201372822434e-05,5.6480234334797024e-05,-15.012319357547078,-12.481035100777444,44.169492665516294,4,10,1,1,1,1,1,0,0,1
0.1,35,20260854,2.900311784046444e-05,4.645294639747532e-05,-15.375553128553317,-13.329867345533732,37.56452477244644,3,13,1,1,1,1,1,0,0,1
0.1,36,20260855,4.205408831430792e-05,4.6290542858246005e-05,-13.761917776059816,-13.345077261310305,9.151879157933486,4,7,1,1,1,1,1,0,0,1
0.1,37,20260856,2.4863662958011333e-05,4.08513806523373e-05,-16.044348899636372,-13.88793261051788,39.136297082314734,3,16,1,1,1,1,1,0,0,1
0.1,38,20260857,1.604748598687563e-05,2.748177166691389e-05,-17.94592994881899,-15.609552730548932,41.60679965842352,4,10,1,1,1,1,1,0,0,1
0.1,39,20260858,4.0376327109358413e-05,5.1987718782610284e-05,-13.938731898175181,-12.840992389591966,22.33487436101128,4,10,1,1,1,1,1,0,0,1
0.1,40,20260859,2.5922663534552797e-05,4.605590777791404e-05,-15.863203770711753,-13.367146531808348,43.71479190128151,5,25,1,0,1,1,1,0,0,1
0.1,41,20260860,2.946117663745398e-05,3.904283097524276e-05,-15.307499120436637,-14.08458699397997,24.541392359238888,5,13,1,1,1,1,1,0,0,1
0.1,42,20260861,3.89449507670206e-05,6.645044530690985e-05,-14.095488408455113,-11.775021043572808,41.39249091989018,4,12,1,1,1,1,1,0,0,1
0.1,43,20260862,2.7981176311962065e-05,4.106952600224833e-05,-15.531340319794404,-13.864803094618065,31.86876247261717,5,23,1,1,1,1,1,0,0,1
0.1,44,20260863,2.861599980011186e-05,4.9384010594545423e-05,-15.433910758927155,-13.064136428700388,42.054119429351154,5,20,1,1,1,1,1,0,0,1
0.1,45,20260864,5.097446645642609e-05,9.456123532359522e-05,-12.926473112338375,-10.24286862914634,46.09369655336263,3,13,1,1,1,1,1,0,0,1
0.1,46,20260865,3.152654431686361e-05,4.313390523012986e-05,-15.013236304689112,-13.65181220195874,26.910062632488657,3,17,1,1,1,1,1,0,0,1
0.1,47,20260866,3.7209132087138735e-05,7.726101041366088e-05,-14.293504598941439,-11.120396164836146,51.83970299130385,5,24,1,1,1,1,1,0,0,1
0.1,48,20260867,3.935173373602369e-05,5.942110670126586e-05,-14.0503612898722,-12.26059263845431,33.77482190989658,3,18,1,1,1,1,1,0,0,1
0.1,49,20260868,2.3582345065935595e-05,2.875390607918234e-05,-16.27413010158837,-15.413031501602132,17.985594718871692,3,13,1,1,1,1,1,0,0,1
0.1,50,20260869,2.6508742545286534e-05,3.162029616936576e-05,-15.766108727420287,-15.000340665948634,16.165419819917364,6,10,1,1,1,1,1,0,0,1
0.1,51,20260870,2.4674462981463783e-05,2.8931424629154062e-05,-16.077522906025973,-15.386301804775952,14.713971753055528,5,10,1,1,1,1,1,0,0,1
0.1,52,20260871,2.9447969266753757e-05,4.4047011229888927e-05,-15.30944648810718,-13.560835549114893,33.14422830402785,4,23,1,1,1,1,1,0,0,1
0.1,53,20260872,2.284594254041047e-05,4.3944735232649825e-05,-16.41190919829542,-13.57093147811302,48.01210561524441,4,7,1,1,1,1,1,0,0,1
0.1,54,20260873,2.448068547835019e-05,3.6590025931921426e-05,-16.1117642577088,-14.366372827220182,33.094648459942604,3,10,1,1,1,1,1,0,0,1
0.1,55,20260874,5.9871705659762736e-05,0.00010155495537864857,-12.227783692458088,-9.932988803232197,41.04501800376896,3,13,1,1,1,1,1,0,0,1
0.1,56,20260875,7.00938840446341e-05,0.0001394667725330032,-11.543198742094054,-8.555292491963792,49.74151708569352,5,25,1,0,1,1,1,0,0,1
0.1,57,20260876,2.2244757569079014e-05,3.4362269959184395e-05,-16.5277232297887,-14.63918154556005,35.264004399297825,3,14,1,1,1,1,1,0,0,1
0.1,58,20260877,4.0289012884918454e-05,4.221672108121072e-05,-13.948133730654472,-13.74515500816049,4.566219609012291,4,7,1,1,1,1,1,0,0,1
0.1,59,20260878,2.5558386195735264e-05,4.0473309001803444e-05,-15.924665718130735,-13.92831287269514,36.85125623260403,5,10,1,1,1,1,1,0,0,1
0.1,60,20260879,2.3229656688387663e-05,4.179505934816664e-05,-16.339572086001336,-13.788750537428163,44.42008923859408,3,10,1,1,1,1,1,0,0,1
0.1,61,20260880,2.7696803327785844e-05,3.708427947034788e-05,-15.575703528567168,-14.308101547023933,25.313896553034397,4,24,1,1,1,1,1,0,0,1
0.1,62,20260881,2.4064821844359072e-05,2.549170887589962e-05,-16.186173491247143,-15.936010499565016,5.597455386325851,4,9,1,1,1,1,1,0,0,1
0.1,63,20260882,1.759610027072991e-05,2.6489433004349986e-05,-17.54583571876999,-15.76927337501841,33.57313360448165,5,10,1,1,1,1,1,0,0,1
0.1,64,20260883,3.2881442824056394e-05,3.900927150927367e-05,-14.830491340523599,-14.088321599793316,15.708646811721426,9,13,1,1,1,1,1,0,0,1
0.1,65,20260884,2.8325459370757047e-05,5.188715028283576e-05,-15.478230381965263,-12.849401807297141,45.40949114307576,7,22,1,1,1,1,1,0,0,1
0.1,66,20260885,2.870027441147391e-05,3.833146753296733e-05,-15.421139508332846,-14.164445533188504,25.126074584047746,5,10,1,1,1,1,1,0,0,1
0.1,67,20260886,3.9403746712650116e-05,6.678700203402091e-05,-14.04462481238726,-11.753080509102261,41.000875151458246,3,12,1,1,1,1,1,0,0,1
0.1,68,20260887,2.5176384280391854e-05,3.837695854527313e-05,-15.990066411792018,-14.159294469883793,34.397135065585296,4,8,1,1,1,1,1,0,0,1
0.1,69,20260888,3.7871524136157386e-05,4.9169905277665036e-05,-14.216872163842408,-13.083006283465481,22.97824467569156,6,19,1,1,1,1,1,0,0,1
0.1,70,20260889,2.713400798686101e-05,5.15517297991523e-05,-15.664860515014054,-12.877567575458833,47.365475237055584,6,25,1,0,1,1,1,0,0,1
0.1,71,20260890,3.370913559468045e-05,4.332423345158541e-05,-14.722523839748352,-13.632691126461669,22.19334790458504,3,16,1,1,1,1,1,0,0,1
0.1,72,20260891,2.8189513051597074e-05,3.823713064843198e-05,-15.499124261089195,-14.17514705054603,26.277122332260927,5,11,1,1,1,1,1,0,0,1
0.1,73,20260892,2.345596466109309e-05,4.3967411468782353e-05,-16.29746701349327,-13.568691022200927,46.65147690637362,4,10,1,1,1,1,1,0,0,1
0.1,74,20260893,1.7304545416451324e-05,2.4824451154280036e-05,-17.618398049638923,-16.05120344576893,30.29233432430666,8,9,1,1,1,1,1,0,0,1
0.1,75,20260894,2.2040808422793784e-05,2.9899826079652253e-05,-16.567724802776244,-15.24331337858413,26.284492879397618,5,9,1,1,1,1,1,0,0,1
0.1,76,20260895,4.96476896344442e-05,8.42641673926216e-05,-13.041009566823549,-10.743570660866467,41.08089930668266,8,21,1,1,1,1,1,0,0,1
0.1,77,20260896,3.188122479563552e-05,5.85996551778412e-05,-14.964650024651258,-12.321049395245955,45.5948593914405,5,10,1,1,1,1,1,0,0,1
0.1,78,20260897,3.589789287939001e-05,4.881648824688727e-05,-14.449310427228092,-13.114334660055736,26.463590134058855,3,8,1,1,1,1,1,0,0,1
0.1,79,20260898,2.9595423066951664e-05,7.204922971487664e-05,-15.287754474025746,-11.42370657908518,58.92333174959561,4,25,1,0,1,1,1,0,0,1
0.1,80,20260899,3.104418385401167e-05,4.508466935194194e-05,-15.080197531914335,-13.459711110649973,31.14248302083977,3,11,1,1,1,1,1,0,0,1
0.1,81,20260900,2.131300310040082e-05,2.5485034157175614e-05,-16.713553518793056,-15.937147799970724,16.370513890797,3,10,1,1,1,1,1,0,0,1
0.1,82,20260901,3.304737959622498e-05,3.392828335139503e-05,-14.808629710351354,-14.69438113531327,2.5963699549621646,5,8,1,1,1,1,1,0,0,1
0.1,83,20260902,3.687097292117728e-05,4.363465115897088e-05,-14.333154024339208,-13.601684916885418,15.500704275489667,5,9,1,1,1,1,1,0,0,1
0.1,84,20260903,3.758354194779661e-05,4.7098346618036453e-05,-14.25002293530406,-13.269943384606307,20.201992964645,4,12,1,1,1,1,1,0,0,1
0.1,85,20260904,3.1402375524026183e-05,4.7294423166824754e-05,-15.030374972149026,-13.25190067098681,33.60237122829788,4,11,1,1,1,1,1,0,0,1
0.1,86,20260905,3.49584657443122e-05,4.474610937285462e-05,-14.564476359175117,-13.492447201549096,21.87373107008075,4,11,1,1,1,1,1,0,0,1
0.1,87,20260906,2.4133761476099224e-05,3.326767996928653e-05,-16.173749838930394,-14.779774850244511,27.455832512576603,4,17,1,1,1,1,1,0,0,1
0.1,88,20260907,3.151331370180021e-05,3.3019868175145324e-05,-15.015059273007626,-14.812246648988232,4.562569618249196,5,8,1,1,1,1,1,0,0,1
0.1,89,20260908,3.1582760137944515e-05,4.7623602972533104e-05,-15.005499180168622,-13.221777510584527,33.68254779849424,4,13,1,1,1,1,1,0,0,1
0.1,90,20260909,3.059822720882785e-05,6.856112148513899e-05,-15.143037348166786,-11.639220870763419,55.3708770422313,5,15,1,1,1,1,1,0,0,1
0.1,91,20260910,3.743104810239925e-05,6.457074387362569e-05,-14.267680120863366,-11.8996421036743,42.03094798527141,5,13,1,1,1,1,1,0,0,1
0.1,92,20260911,2.7129200688713576e-05,4.156028002293388e-05,-15.665630017266025,-13.813215349357147,34.72324855909757,3,25,1,0,1,1,1,0,0,1
0.1,93,20260912,2.1943905830120012e-05,3.6873195362085136e-05,-16.586860691269592,-14.332892256162712,40.488190365286776,3,12,1,1,1,1,1,0,0,1
0.1,94,20260913,3.9352231648277314e-05,8.594064500945761e-05,-14.050306339516608,-10.65801391133882,54.209988016791506,4,10,1,1,1,1,1,0,0,1
0.1,95,20260914,3.684742702176374e-05,3.42006493900428e-05,-14.33592832615325,-14.659656476329099,-7.7389689345826405,3,8,1,1,1,1,0,1,0,1
0.1,96,20260915,3.906625932052061e-05,5.375115831825925e-05,-14.0819817142767,-12.696121724205812,27.320153569137478,7,14,1,1,1,1,1,0,0,1
0.1,97,20260916,2.6012427437041742e-05,4.4702169440481035e-05,-15.848191182646536,-13.496713996160054,41.80947420980062,7,14,1,1,1,1,1,0,0,1
0.1,98,20260917,4.756941756607282e-05,6.035159320365204e-05,-13.226721659942074,-12.193112606052125,21.17951649502723,3,9,1,1,1,1,1,0,0,1
0.1,99,20260918,6.0477980081353264e-05,6.938936823891676e-05,-12.184027223707979,-11.587070665607534,12.84258436664304,4,8,1,1,1,1,1,0,0,1
0.1,100,20260919,4.215442383478521e-05,5.310504383799347e-05,-13.75156842243953,-12.748642283162873,20.620677833569076,4,12,1,1,1,1,1,0,0,1
0.1,101,20260920,2.325948732098352e-05,3.9537472385658426e-05,-16.333998620977535,-14.02991098402439,41.171031131923044,5,10,1,1,1,1,1,0,0,1
0.1,102,20260921,3.757960933829976e-05,7.073807361263553e-05,-14.250477389534966,-11.503467713631386,46.87498907011919,3,25,1,0,1,1,1,0,0,1
0.1,103,20260922,4.982741274910769e-05,5.670338357211696e-05,-13.025316626575025,-12.46391025360073,12.126209037004328,4,8,1,1,1,1,1,0,0,1
0.1,104,20260923,3.717144859285638e-05,5.3056803044602314e-05,-14.297905138672714,-12.75258922124461,29.940278230469108,9,11,1,1,1,1,1,0,0,1
0.1,105,20260924,1.4223754890790798e-05,1.9462580712457112e-05,-18.46985740238752,-17.10799573375548,26.91742631188258,4,9,1,1,1,1,1,0,0,1
0.1,106,20260925,2.511678883787883e-05,4.1848794919134555e-05,-16.00035885601026,-13.783170434653542,39.98204993378516,4,9,1,1,1,1,1,0,0,1
0.1,107,20260926,4.5081719760894234e-05,5.39694518947551e-05,-13.459995250034716,-12.67851992538679,16.468079296400266,8,10,1,1,1,1,1,0,0,1
0.1,108,20260927,2.6580716918439524e-05,4.006079407843054e-05,-15.754333097167104,-13.972804464437745,33.64905132334592,6,8,1,1,1,1,1,0,0,1
0.1,109,20260928,5.3183509551197815e-05,6.701307241389385e-05,-12.742230071994838,-11.738404700836115,20.63711208058079,9,23,1,1,1,1,1,0,0,1
0.1,110,20260929,2.731689652838939e-05,3.954835026267979e-05,-15.635686423680767,-14.028716281399623,30.927848198595374,4,14,1,1,1,1,1,0,0,1
0.1,111,20260930,2.5742338027723676e-05,3.5578915899962674e-05,-15.893520111835196,-14.488072891311539,27.647210780386136,5,7,1,1,1,1,1,0,0,1
0.1,112,20260931,4.6714924792994584e-05,8.620747231524183e-05,-13.305443459924788,-10.644550886459488,45.811049160369365,3,25,1,0,1,1,1,0,0,1
0.1,113,20260932,3.341585082430208e-05,6.226217754145438e-05,-14.760474765245684,-12.057756944838872,46.33041736766484,6,24,1,1,1,1,1,0,0,1
0.1,114,20260933,1.9880153975362194e-05,3.977178217034612e-05,-17.015802562369355,-14.004249478773405,50.01442507601569,4,8,1,1,1,1,1,0,0,1
0.1,115,20260934,2.444401862664703e-05,4.4901103509965365e-05,-16.11827394014274,-13.477429854465761,45.560316527138546,6,11,1,1,1,1,1,0,0,1
0.1,116,20260935,4.773566877623012e-05,6.582959562753878e-05,-13.211569885952176,-11.815788126470663,27.486006375739233,4,10,1,1,1,1,1,0,0,1
0.1,117,20260936,2.4030851071788397e-05,3.379793506177831e-05,-16.19230848037706,-14.71109832819092,28.898463684650935,5,7,1,1,1,1,1,0,0,1
0.1,118,20260937,5.55697218004289e-05,8.31707994157963e-05,-12.551617774244647,-10.800291241724915,33.186019383294806,4,9,1,1,1,1,1,0,0,1
0.1,119,20260938,3.918614384478236e-05,5.477529449334265e-05,-14.068674716413248,-12.614152788244938,28.460185915486015,7,11,1,1,1,1,1,0,0,1
0.1,120,20260939,3.523091352520753e-05,5.055521162167481e-05,-14.530760955694523,-12.962340673357327,30.31200464780016,3,10,1,1,1,1,1,0,0,1
0.1,121,20260940,2.8897457704180598e-05,3.5946326920878916e-05,-15.391403632507854,-14.443454802321869,19.609428335232998,7,18,1,1,1,1,1,0,0,1
0.1,122,20260941,6.575368149299232e-05,7.577998837777633e-05,-11.820799263768858,-11.204454656678875,13.230810797701816,5,12,1,1,1,1,1,0,0,1
0.1,123,20260942,5.4774542074618375e-05,5.8572488294507334e-05,-12.614212445349008,-12.323063257480474,6.484181106994414,3,8,1,1,1,1,1,0,0,1
0.1,124,20260943,4.62044360033039e-05,6.685661549449673e-05,-13.353163266241292,-11.74855612626315,30.890255718811858,4,14,1,1,1,1,1,0,0,1
0.1,125,20260944,4.494395476429438e-05,7.096436416972929e-05,-13.473287152559543,-11.489596840930346,36.66686753255549,6,8,1,1,1,1,1,0,0,1
0.1,126,20260945,3.680883400095447e-05,4.803740769277042e-05,-14.340479395479473,-13.184204370539327,23.37464536727247,5,11,1,1,1,1,1,0,0,1
0.1,127,20260946,3.1727617002180375e-05,5.114312659554863e-05,-14.985625456641,-12.912127252403227,37.96308690102285,3,25,1,0,1,1,1,0,0,1
0.1,128,20260947,8.169376653540105e-05,0.00012362730811771254,-10.878110800961986,-9.07885587055604,33.9193194616712,16,14,1,1,1,1,1,0,0,1
0.1,129,20260948,5.17534574550509e-05,5.5170912768783376e-05,-12.860606313108065,-12.58289830848012,6.194306278844326,3,7,1,1,1,1,1,0,0,1
0.1,130,20260949,2.2662295280818718e-05,2.7482459546629532e-05,-16.446961060652093,-15.609444026266843,17.53905707614136,3,13,1,1,1,1,1,0,0,1
0.1,131,20260950,2.3965971734544686e-05,3.667307135711911e-05,-16.204049572252984,-14.356527165026778,34.64967386787384,6,19,1,1,1,1,1,0,0,1
0.1,132,20260951,2.2134223304271804e-05,3.400749354069952e-05,-16.549357129255686,-14.684253757578627,34.913688132346515,5,10,1,1,1,1,1,0,0,1
0.1,133,20260952,3.2260628624092714e-05,7.07469379255233e-05,-14.913271742900594,-11.5029235256448,54.399964761649315,3,23,1,1,1,1,1,0,0,1
0.1,134,20260953,2.3050381789014172e-05,2.4652739369577445e-05,-16.373218768908654,-16.08134815656909,6.499714115100133,6,11,1,1,1,1,1,0,0,1
0.1,135,20260954,3.842317508823472e-05,7.474187162647549e-05,-14.154067501894511,-11.264360310933764,48.592168951487366,4,16,1,1,1,1,1,0,0,1
0.1,136,20260955,2.1755346568141167e-05,2.8344759867770483e-05,-16.624339938958585,-15.475272179301626,23.24737740015866,3,7,1,1,1,1,1,0,0,1
0.1,137,20260956,2.2643141821515828e-05,3.181918363843273e-05,-16.45063313301788,-14.97310966923,28.83808057801219,3,14,1,1,1,1,1,0,0,1
0.1,138,20260957,2.3625198588009672e-05,5.6345470169424705e-05,-16.266245322233853,-12.491409928299301,58.070811163752346,4,11,1,1,1,1,1,0,0,1
0.1,139,20260958,3.7366724894771265e-05,6.85035474064547e-05,-14.275149653684498,-11.64286938300892,45.45286148020648,4,8,1,1,1,1,1,0,0,1
0.1,140,20260959,4.2215308962417894e-05,5.344283842126973e-05,-13.745300278953874,-12.721104839539418,21.0084826901398,4,15,1,1,1,1,1,0,0,1
0.1,141,20260960,3.666236095031083e-05,5.761396053423104e-05,-14.357795711611285,-12.394722692094982,36.365490915126244,5,15,1,1,1,1,1,0,0,1
0.1,142,20260961,3.2419689383284076e-05,6.091633405027586e-05,-14.891911504921909,-12.152662404253183,46.77997307499291,5,11,1,1,1,1,1,0,0,1
0.1,143,20260962,7.967584837552544e-05,8.408312682707384e-05,-10.986733035323258,-10.752911464268385,5.2415729741027,7,11,1,1,1,1,1,0,0,1
0.1,144,20260963,6.771396281491053e-05,9.403080859027645e-05,-11.693217693027425,-10.267298292877777,27.987471521208736,5,9,1,1,1,1,1,0,0,1
0.1,145,20260964,4.473256979018921e-05,5.2964946316206396e-05,-13.493761518241909,-12.760114635697828,15.543065930566636,6,8,1,1,1,1,1,0,0,1
0.1,146,20260965,1.9452882986424896e-05,3.270378768658573e-05,-17.110160255819288,-14.854019453176635,40.51795109224006,5,9,1,1,1,1,1,0,0,1
0.1,147,20260966,5.739702234218537e-05,7.571710305949118e-05,-12.41110637460934,-11.208060105210386,24.195432705490145,5,8,1,1,1,1,1,0,0,1
0.1,148,20260967,4.122682500230184e-05,6.227221046635755e-05,-13.848201101919702,-12.057057179255736,33.795789978300895,3,17,1,1,1,1,1,0,0,1
0.1,149,20260968,2.9400764792470635e-05,3.753315740773238e-05,-15.316413722807077,-14.255848998268068,21.667222202804478,4,11,1,1,1,1,1,0,0,1
0.1,150,20260969,2.8899751327675302e-05,4.749900366733175e-05,-15.391058941805822,-13.233154999818296,39.15714205274668,5,11,1,1,1,1,1,0,0,1
0.1,151,20260970,4.481519976857388e-05,8.486557403598814e-05,-13.485746633222618,-10.712684468379543,47.19272181017768,4,18,1,1,1,1,1,0,0,1
0.1,152,20260971,4.231839065659257e-05,6.599255321847468e-05,-13.734708566215259,-11.805050686791871,35.87399093880566,5,8,1,1,1,1,1,0,0,1
0.1,153,20260972,2.2035916989943432e-05,3.725098922688466e-05,-16.568688722978727,-14.28862189759368,40.844746818052975,5,22,1,1,1,1,1,0,0,1
0.1,154,20260973,3.0058473819469055e-05,5.2119103256388046e-05,-15.220330739357175,-12.830030652187146,42.327338842337234,4,9,1,1,1,1,1,0,0,1
0.1,155,20260974,2.0134250181309413e-05,2.610102107924634e-05,-16.960645392963453,-15.833425026077638,22.86029684364063,5,8,1,1,1,1,1,0,0,1
0.1,156,20260975,1.9819697452624037e-05,2.252448970394733e-05,-17.02902979298713,-16.47345039251017,12.008228762888644,5,10,1,1,1,1,1,0,0,1
0.1,157,20260976,2.993721893170638e-05,4.8088403699876484e-05,-15.237885466353314,-13.179596391424846,37.74545081898138,4,19,1,1,1,1,1,0,0,1
0.1,158,20260977,4.161158986369802e-05,4.3782527312727997e-05,-13.807856906997129,-13.586991727294347,4.958456220499783,8,13,1,1,1,1,1,0,0,1
0.1,159,20260978,2.8240778124004226e-05,2.868722885860834e-05,-15.491233412496378,-15.42311401894845,1.5562699931894728,3,7,1,1,1,1,1,0,0,1
0.1,160,20260979,3.020326869157635e-05,3.747787678188442e-05,-15.199460538012437,-14.262250209867862,19.41040612477914,4,10,1,1,1,1,1,0,0,1
0.1,161,20260980,3.0137883701093604e-05,4.334037780676797e-05,-15.208872473500566,-13.631073071675761,30.462341986351312,4,11,1,1,1,1,1,0,0,1
0.1,162,20260981,3.853745768551226e-05,4.874358127813684e-05,-14.141169391245628,-13.120825655863545,20.93839501530918,7,20,1,1,1,1,1,0,0,1
0.1,163,20260982,2.444314651641312e-05,3.510714090344892e-05,-16.118428889876938,-14.546045376783425,30.37557064633585,4,8,1,1,1,1,1,0,0,1
0.1,164,20260983,3.0198286953220386e-05,3.560627342788755e-05,-15.20017692402604,-14.484734774460712,15.188296763545939,7,9,1,1,1,1,1,0,0,1
0.1,165,20260984,1.8978733998078314e-05,1.8039373465397582e-05,-17.217327611387798,-17.43778550233419,-5.2072791468205715,4,9,1,1,1,1,0,1,0,1
0.1,166,20260985,3.7927640001056543e-05,6.892520635960633e-05,-14.210441798757858,-11.616219249580732,44.97275814717899,3,10,1,1,1,1,1,0,0,1
0.1,167,20260986,4.361924265407634e-05,4.9661284520400334e-05,-13.603218791977337,-13.039820513358848,12.166503393286144,5,9,1,1,1,1,1,0,0,1
0.1,168,20260987,2.3916737954178497e-05,2.552640748832029e-05,-16.212980548302788,-15.930103022260305,6.305899233483223,3,9,1,1,1,1,1,0,0,1
0.1,169,20260988,3.0825491466616946e-05,4.638147834450945e-05,-15.110899904974126,-13.336554129504963,33.53922176077855,5,10,1,1,1,1,1,0,0,1
0.1,170,20260989,2.064718508267982e-05,3.531094344626092e-05,-16.851391491596317,-14.520906786976969,41.52751790927819,4,25,1,0,1,1,1,0,0,1
0.1,171,20260990,3.8580596276122926e-05,6.881415739116416e-05,-14.136310644726237,-11.6232220356183,43.93508873934605,6,23,1,1,1,1,1,0,0,1
0.1,172,20260991,1.879190236860645e-05,3.018054599796338e-05,-17.26029252556846,-15.202729076433414,37.73504836567718,4,10,1,1,1,1,1,0,0,1
0.1,173,20260992,1.95373538739521e-05,3.4686424036579036e-05,-17.091342571863763,-14.598404710207847,43.67434978783423,4,10,1,1,1,1,1,0,0,1
0.1,174,20260993,3.888830159155511e-05,6.377982801448985e-05,-14.101810238240645,-11.953166561883675,39.027271157394374,3,13,1,1,1,1,1,0,0,1
0.1,175,20260994,3.619488289553098e-05,8.856807761969863e-05,-14.41352824144166,-10.527227816315335,59.13326350951441,6,25,1,0,1,1,1,0,0,1
0.1,176,20260995,3.852730832302877e-05,5.247911894371816e-05,-14.14231331534355,-12.800134648117679,26.58545132141447,7,12,1,1,1,1,1,0,0,1
0.1,177,20260996,2.325430608010039e-05,4.270447160303618e-05,-16.33496615519469,-13.69526647437578,45.54596929271672,3,12,1,1,1,1,1,0,0,1
0.1,178,20260997,3.5485270599589e-05,5.44663611830563e-05,-14.499518786284092,-12.63871638328988,34.84919897562763,6,17,1,1,1,1,1,0,0,1
0.1,179,20260998,3.299252037541476e-05,3.657269814917145e-05,-14.81584506421163,-14.368429984240276,9.789208767572973,5,11,1,1,1,1,1,0,0,1
0.1,180,20260999,1.6717125592349664e-05,1.774040584457671e-05,-17.768383947616734,-17.510364491015828,5.768076904169948,4,9,1,1,1,1,1,0,0,1
0.1,181,20261000,2.8871908013574237e-05,5.04516986931632e-05,-15.395245146164891,-12.971242066193904,42.773169662398864,6,7,1,1,1,1,1,0,0,1
0.1,182,20261001,2.6236689321498486e-05,3.459768729607866e-05,-15.810909673190828,-14.609529309216818,24.166349337251276,9,13,1,1,1,1,1,0,0,1
0.1,183,20261002,2.5341986745544628e-05,4.002232710887642e-05,-15.961593405652774,-13.976976627972345,36.68037673920237,3,14,1,1,1,1,1,0,0,1
0.1,184,20261003,2.209647659580883e-05,3.0781406405600805e-05,-16.5567697142757,-15.117115410920023,28.214857032041646,3,11,1,1,1,1,1,0,0,1
0.1,185,20261004,3.3818076493801955e-05,4.0381620250183806e-05,-14.70851097858452,-13.938162596470304,16.25379000574395,5,11,1,1,1,1,1,0,0,1
0.1,186,20261005,2.924995222256408e-05,4.7226730437016344e-05,-15.338748389662015,-13.258121201085304,38.06483753607904,4,25,1,0,1,1,1,0,0,1
0.1,187,20261006,1.619391500230957e-05,3.469780082015956e-05,-17.90648144553776,-14.596980503369675,53.32869916960028,3,19,1,1,1,1,1,0,0,1
0.1,188,20261007,1.4972673937985054e-05,1.5388703459960736e-05,-18.247006330029237,-18.1279796911618,2.7034735126200373,4,9,1,1,1,1,1,0,0,1
0.1,189,20261008,2.2889867355636987e-05,2.8895777989808867e-05,-16.403567240088044,-15.391656080973235,20.784734144517863,4,8,1,1,1,1,1,0,0,1
0.1,190,20261009,4.009440507881133e-05,4.040091315670667e-05,-13.96916226205895,-13.9360881869046,0.7586662130790488,5,7,1,1,1,1,1,0,0,1
0.1,191,20261010,3.915894672901129e-05,5.401284232161949e-05,-14.071689980724267,-12.675029682082439,27.50067382893993,4,15,1,1,1,1,1,0,0,1
0.1,192,20261011,3.2723679249294125e-05,4.6522327634394386e-05,-14.851378728541729,-13.323385645049717,29.66027085647966,6,9,1,1,1,1,1,0,0,1
0.1,193,20261012,2.4328596178779e-05,3.2880957304857595e-05,-16.138829502306827,-14.830555467839053,26.010073389241406,6,16,1,1,1,1,1,0,0,1
0.1,194,20261013,2.4207847611028024e-05,3.536729771325227e-05,-16.16043823206296,-14.513981217814237,31.553018816144267,4,11,1,1,1,1,1,0,0,1
0.1,195,20261014,4.08059921052641e-05,5.57035066343617e-05,-13.892760587931283,-12.541174643591734,26.744302880041317,6,25,1,0,1,1,1,0,0,1
0.1,196,20261015,3.187772887145971e-05,5.073587839227033e-05,-14.965126274806853,-12.946848162667903,37.169257965746944,5,8,1,1,1,1,1,0,0,1
0.1,197,20261016,2.0059801466403612e-05,2.755116235232937e-05,-16.97673369544517,-15.598600740334671,27.190725349895754,5,11,1,1,1,1,1,0,0,1
0.1,198,20261017,5.189649718334436e-05,6.426677755163342e-05,-12.848619543920613,-11.920134758267979,19.248328358070367,4,9,1,1,1,1,1,0,0,1
0.1,199,20261018,3.6487400937975194e-05,7.140134884192829e-05,-14.378570710967457,-11.462935838950683,48.898162948220005,4,15,1,1,1,1,1,0,0,1
0.1,200,20261019,2.6678889330191237e-05,4.1805941315555204e-05,-15.738322545084703,-13.787619934115218,36.18397650990214,4,8,1,1,1,1,1,0,0,1
0.1,201,20261020,2.8498684775418353e-05,3.238135169027785e-05,-15.451751823759983,-14.89705026509867,11.990441140309866,7,14,1,1,1,1,1,0,0,1
0.1,202,20261021,2.5101289284876702e-05,3.912337918849571e-05,-16.003039711513363,-14.075636411150969,35.84069217554251,3,13,1,1,1,1,1,0,0,1
0.1,203,20261022,2.8682139052675645e-05,4.755753875788019e-05,-15.423884630414744,-13.227806294850165,39.68960589256089,4,18,1,1,1,1,1,0,0,1
0.1,204,20261023,2.4847941840450124e-05,4.07156468091833e-05,-16.047095781319825,-13.90238661609744,38.972007599678506,3,11,1,1,1,1,1,0,0,1
0.1,205,20261024,3.791059335607945e-05,5.9232808503399326e-05,-14.21239418178301,-12.274376749462245,35.997305692665606,4,11,1,1,1,1,1,0,0,1
0.1,206,20261025,2.3245236839423912e-05,3.134336918013659e-05,-16.33666024549472,-15.038543219166762,25.836827860371667,5,16,1,1,1,1,1,0,0,1
0.1,207,20261026,4.5929625814986814e-05,7.304145025859614e-05,-13.379070927303108,-11.364306123487196,37.118409269835894,5,10,1,1,1,1,1,0,0,1
0.1,208,20261027,3.460779264176295e-05,4.481356309059427e-05,-14.608261000434464,-13.485905243068965,22.773842883681272,6,11,1,1,1,1,1,0,0,1
0.1,209,20261028,2.6224448093757505e-05,2.9025676055075078e-05,-15.812936429764568,-15.372176560486736,9.650862071230843,5,9,1,1,1,1,1,0,0,1
0.1,210,20261029,4.1684146313986496e-05,6.02144991254767e-05,-13.8002908837161,-12.202989218317432,30.773905090327368,4,8,1,1,1,1,1,0,0,1
0.1,211,20261030,4.42208321353564e-05,5.943442187847119e-05,-13.54373089247283,-12.259619573409859,25.5972705080279,3,25,1,0,1,1,1,0,0,1
0.1,212,20261031,3.81010096503388e-05,6.000134017188546e-05,-14.190635156692373,-12.218390492371132,36.49973560391972,4,13,1,1,1,1,1,0,0,1
0.1,213,20261032,2.6821778969160212e-05,3.9798414559665236e-05,-15.71512420710082,-14.001342284716227,32.6059108989144,3,8,1,1,1,1,1,0,0,1
0.1,214,20261033,2.0670660141565263e-05,3.1559821092640833e-05,-16.846456534520037,-15.008654673985832,34.503240430645924,4,18,1,1,1,1,1,0,0,1
0.1,215,20261034,2.2784527502306752e-05,4.828959521274252e-05,-16.423599732377138,-13.161464350554224,52.81690102820651,4,21,1,1,1,1,1,0,0,1
0.1,216,20261035,3.2029795168884664e-05,2.7831175072550998e-05,-14.94445838648309,-15.554684567363415,-15.086032427264026,4,7,1,1,1,1,0,1,0,1
0.1,217,20261036,3.116768104135919e-05,3.928369801758805e-05,-15.06295509189519,-14.057876361336268,20.66001264085466,8,8,1,1,1,1,1,0,0,1
0.1,218,20261037,1.8271001734471753e-05,2.7306663820636588e-05,-17.382376411626712,-15.637313563521362,33.08958628382964,5,12,1,1,1,1,1,0,0,1
0.1,219,20261038,2.745425352560452e-05,3.3244676979880156e-05,-15.613903601541352,-14.782778824911176,17.417595778656622,5,11,1,1,1,1,1,0,0,1
0.1,220,20261039,2.226111623085439e-05,5.5132406868763534e-05,-16.524530627889792,-12.585930474807226,59.622448038874005,3,16,1,1,1,1,1,0,0,1
0.1,221,20261040,4.276492685343596e-05,5.9822677161709346e-05,-13.689122664660596,-12.231341554882293,28.513853136602062,3,9,1,1,1,1,1,0,0,1
0.1,222,20261041,5.295684040421333e-05,9.419441251217103e-05,-12.760779343680058,-10.259748582167001,43.77921259674434,3,8,1,1,1,1,1,0,0,1
0.1,223,20261042,3.3649010506814225e-05,5.003171322910113e-05,-14.730277022497757,-13.00754625375524,32.74463668127567,4,10,1,1,1,1,1,0,0,1
0.1,224,20261043,1.175706991380112e-05,2.1749306855661003e-05,-19.297008992482027,-16.62554579332718,45.942783409941455,3,8,1,1,1,1,1,0,0,1
0.1,225,20261044,2.2688523625032765e-05,6.348045620185342e-05,-16.441937633641757,-11.973599608517254,64.25904131361561,3,11,1,1,1,1,1,0,0,1
0.1,226,20261045,3.461565399898518e-05,5.307235771415671e-05,-14.607274587812082,-12.751316186170104,34.776491021140984,4,25,1,0,1,1,1,0,0,1
0.1,227,20261046,6.048211857003809e-05,7.663874716869259e-05,-12.183730047561468,-11.155516033837236,21.081540598636753,4,12,1,1,1,1,1,0,0,1
0.1,228,20261047,2.831021807946664e-05,3.75733669102356e-05,-15.480567851617712,-14.25119886517133,24.65349685829067,3,15,1,1,1,1,1,0,0,1
0.1,229,20261048,3.347290831932506e-05,4.540451335147039e-05,-14.753065519935337,-13.429009747593273,26.27845593186813,4,10,1,1,1,1,1,0,0,1
0.1,230,20261049,2.486639386154724e-05,3.185913718068762e-05,-16.043871917942283,-14.9676599007727,21.948941302086624,5,11,1,1,1,1,1,0,0,1
0.1,231,20261050,2.3975147462299973e-05,4.1911450517751894e-05,-16.20238712963713,-13.7766730836314,42.79571056089999,4,9,1,1,1,1,1,0,0,1
0.1,232,20261051,2.9025796836507623e-05,5.585486185798891e-05,-15.372158488693874,-12.529390179611305,48.033535719225725,5,14,1,1,1,1,1,0,0,1
0.1,233,20261052,2.9357663617245127e-05,6.788244603806197e-05,-15.322785100132135,-11.682425169481533,56.752201296953615,4,12,1,1,1,1,1,0,0,1
0.1,234,20261053,2.6057542656799648e-05,4.087034296969017e-05,-15.84066542610842,-13.88591717825012,36.24339615617083,6,11,1,1,1,1,1,0,0,1
0.1,235,20261054,3.971012119425317e-05,5.5649097438952884e-05,-14.010987874786737,-12.545418750033255,28.64193127693542,3,21,1,1,1,1,1,0,0,1
0.1,236,20261055,2.224657182104693e-05,3.7461242571056767e-05,-16.527369039599428,-14.264178213867451,40.61443162530056,3,23,1,1,1,1,1,0,0,1
0.1,237,20261056,4.30938288322897e-05,5.375288095994665e-05,-13.655849176808895,-12.695982541755697,19.829731797258308,3,16,1,1,1,1,1,0,0,1
0.1,238,20261057,3.885010621886164e-05,4.8648891129076684e-05,-14.106077894704692,-13.129270543064509,20.141846366480625,9,16,1,1,1,1,1,0,0,1
0.1,239,20261058,3.0295360986581915e-05,3.600868488961521e-05,-15.186238682690679,-14.435927396565617,15.866516426655162,5,11,1,1,1,1,1,0,0,1
0.1,240,20261059,6.20442680974535e-05,7.028206688493126e-05,-12.072983342076464,-11.531554750720014,11.721053680685037,5,13,1,1,1,1,1,0,0,1
0.1,241,20261060,2.04267432642873e-05,2.9224328177254066e-05,-16.898008695444492,-15.342554638193306,30.10363440899941,5,16,1,1,1,1,1,0,0,1
0.1,242,20261061,3.280194023828945e-05,4.485395069461617e-05,-14.841004669632836,-13.481992986776866,26.869451340823197,3,9,1,1,1,1,1,0,0,1
0.1,243,20261062,9.299412236311546e-05,0.00011593270465023962,-10.315444998969515,-9.35794032150773,19.786118469614042,5,9,1,1,1,1,1,0,0,1
0.1,244,20261063,3.139960807132707e-05,3.8696534128863125e-05,-15.030757727395955,-14.12327931004733,18.85679485722571,4,8,1,1,1,1,1,0,0,1
0.1,245,20261064,3.034366128998074e-05,5.777840622141114e-05,-15.179320180746213,-12.382344420486397,47.48269591635744,3,25,1,0,1,1,1,0,0,1
0.1,246,20261065,2.143660739459588e-05,3.120952702699588e-05,-16.688439459564652,-15.057128129150017,31.31389855394649,4,17,1,1,1,1,1,0,0,1
0.1,247,20261066,6.496066919806701e-05,9.963140529259856e-05,-11.873495098209016,-10.01603743951582,34.79900337921579,4,19,1,1,1,1,1,0,0,1
0.1,248,20261067,5.5224488978875475e-05,8.926411910420757e-05,-12.578682941922693,-10.49323076458603,38.13360896509155,6,15,1,1,1,1,1,0,0,1
0.1,249,20261068,3.7537868606365304e-05,5.160477771342972e-05,-14.255303901795902,-12.873100883238724,27.258927817072284,9,8,1,1,1,1,1,0,0,1
0.1,250,20261069,4.0763823685385593e-05,8.916494658985267e-05,-13.89725085519932,-10.498058462361433,54.28268030833467,10,25,1,0,1,1,1,0,0,1
0.1,251,20261070,2.3108131985427426e-05,2.3862050440824318e-05,-16.362351605879937,-16.222922405954876,3.1594873092173703,4,7,1,1,1,1,1,0,0,1
0.1,252,20261071,2.7200700368391937e-05,5.500887794219901e-05,-15.65419913531536,-12.595672135937946,50.552162876375554,5,25,1,0,1,1,1,0,0,1
0.1,253,20261072,4.802187207750234e-05,7.117998154977743e-05,-13.185609134776342,-11.476421289035539,32.534582010365106,6,25,1,0,1,1,1,0,0,1
0.1,254,20261073,3.945367888565519e-05,4.953086825792852e-05,-14.03912494476182,-13.051240589280592,20.345270993024144,6,10,1,1,1,1,1,0,0,1
0.1,255,20261074,3.357551035809371e-05,4.939047005209507e-05,-14.739773771992517,-13.063568406118941,32.020265604519224,4,25,1,0,1,1,1,0,0,1
0.1,256,20261075,3.4315647305794346e-05,4.360122654036553e-05,-14.645078044759723,-13.605012934786584,21.296600970559165,4,18,1,1,1,1,1,0,0,1
0.1,257,20261076,2.1115289797731416e-05,4.1374589767762446e-05,-16.754029537042904,-13.832662992580449,48.965560948754906,6,12,1,1,1,1,1,0,0,1
0.1,258,20261077,3.6792248272433634e-05,4.736611243215537e-05,-14.342436728245346,-13.245322584754755,22.323690116783727,7,10,1,1,1,1,1,0,0,1
0.1,259,20261078,4.24383021456094e-05,5.2810958518757825e-05,-13.72241999500737,-12.7727594999627,19.64110605844085,3,11,1,1,1,1,1,0,0,1
0.1,260,20261079,4.486783275044709e-05,5.563984885550035e-05,-13.48064907673374,-12.546140584303744,19.360254074429204,6,13,1,1,1,1,1,0,0,1
0.1,261,20261080,3.212088324086074e-05,4.510154959028073e-05,-14.932125212589188,-13.458085364602441,28.780976412875386,5,17,1,1,1,1,1,0,0,1
0.1,262,20261081,3.0363597296579696e-05,5.031753688717871e-05,-15.176467771274947,-12.982806263562734,39.65603410862392,4,8,1,1,1,1,1,0,0,1
0.1,263,20261082,1.978815673602165e-05,3.068761943068614e-05,-17.035946583786195,-15.130368003337864,35.51745914759863,6,14,1,1,1,1,1,0,0,1
0.1,264,20261083,3.775256391487725e-05,5.227107418575063e-05,-14.230535485044175,-12.817385749328498,27.77541976520391,6,14,1,1,1,1,1,0,0,1
0.1,265,20261084,3.520136959776556e-05,5.032835656096548e-05,-14.534404388746932,-12.981872509689882,30.05658836659167,5,11,1,1,1,1,1,0,0,1
0.1,266,20261085,2.446824707439059e-05,2.6554136314984708e-05,-16.1139714275235,-15.758678196350237,7.855232856573965,3,8,1,1,1,1,1,0,0,1
0.1,267,20261086,4.406670506415243e-05,6.954465105964242e-05,-13.558894211477508,-11.57736267607448,36.63537828903586,5,24,1,1,1,1,1,0,0,1
0.1,268,20261087,2.981915919201357e-05,4.708230832539294e-05,-15.255046064704477,-13.271422529567815,36.6658937239677,4,12,1,1,1,1,1,0,0,1
0.1,269,20261088,3.681891508901624e-05,5.6387943582093124e-05,-14.339290126216653,-12.488137434544623,34.70427763443272,3,11,1,1,1,1,1,0,0,1
0.1,270,20261089,1.917792810076633e-05,2.626598863109114e-05,-17.171983139019815,-15.806062480515413,26.98569861533652,5,11,1,1,1,1,1,0,0,1
0.1,271,20261090,2.7468674852227488e-05,4.151062488725195e-05,-15.61162291371097,-13.818407288464227,33.82736365247248,3,10,1,1,1,1,1,0,0,1
0.1,272,20261091,3.056918209940206e-05,4.985092630340831e-05,-15.147161809817401,-13.023267674481886,38.6788082665737,3,8,1,1,1,1,1,0,0,1
0.1,273,20261092,4.3213447190751966e-05,8.121467281484866e-05,-13.643810880926706,-10.903655009699854,46.79108381158047,4,15,1,1,1,1,1,0,0,1
0.1,274,20261093,2.8669167117134644e-05,4.067241373511659e-05,-15.425849237848253,-13.907000532965178,29.512009530967013,4,8,1,1,1,1,1,0,0,1
0.1,275,20261094,4.411356298387674e-05,9.406751629340376e-05,-13.554278635150594,-10.2656032269463,53.10436086535636,3,8,1,1,1,1,1,0,0,1
0.1,276,20261095,2.6808923623214492e-05,4.8059056702746795e-05,-15.717206225662665,-13.182247577271312,44.216708644466095,6,11,1,1,1,1,1,0,0,1
0.1,277,20261096,3.966041544975612e-05,8.454383755618877e-05,-14.016427407965864,-10.729180428607856,53.08893398244743,3,19,1,1,1,1,1,0,0,1
0.1,278,20261097,6.145323926163643e-05,7.752240097009359e-05,-12.114552200781496,-11.105727850811897,20.728410765626673,10,11,1,1,1,1,1,0,0,1
0.1,279,20261098,6.47827698926926e-05,0.00012641216051145705,-11.885404869619261,-8.98211146077415,48.75273895281525,3,8,1,1,1,1,1,0,0,1
0.1,280,20261099,2.6461990241965073e-05,4.2466363735714904e-05,-15.773774950465615,-13.719549247197811,37.687176593106535,4,14,1,1,1,1,1,0,0,1
0.1,281,20261100,4.0373235137300636e-05,6.995204736823937e-05,-13.939064488561106,-11.551995699824953,42.2844124564802,4,14,1,1,1,1,1,0,0,1
0.1,282,20261101,3.394612937924583e-05,6.123524776800343e-05,-14.692097378802892,-12.12998520589962,44.56439613365404,6,16,1,1,1,1,1,0,0,1
0.1,283,20261102,2.763428161578733e-05,6.205014664299071e-05,-15.585518209086828,-12.072571877967352,55.464599020558566,5,14,1,1,1,1,1,0,0,1
0.1,284,20261103,3.92299272333023e-05,4.4245497933710764e-05,-14.063824974326508,-13.541309130343382,11.335776371921195,3,9,1,1,1,1,1,0,0,1
0.1,285,20261104,4.274836929497125e-05,7.487290891273103e-05,-13.690804474785747,-11.256752936222458,42.90542478482158,4,13,1,1,1,1,1,0,0,1
0.1,286,20261105,3.580747656366547e-05,4.939687094293233e-05,-14.460262836541244,-13.063005606969622,27.510638062411974,4,11,1,1,1,1,1,0,0,1
0.1,287,20261106,4.616468135205725e-05,6.0601739294433605e-05,-13.356901577752058,-12.17514911227523,23.822844212826794,5,11,1,1,1,1,1,0,0,1
0.1,288,20261107,3.4284075692242044e-05,5.748992818034246e-05,-14.649075547349934,-12.404082338988234,40.36507475762545,5,11,1,1,1,1,1,0,0,1
0.1,289,20261108,2.8818582928881425e-05,4.889890833895324e-05,-15.403273781819157,-13.10700836329566,41.06497689249164,3,18,1,1,1,1,1,0,0,1
0.1,290,20261109,2.674951672545894e-05,4.3833045960435834e-05,-15.726840598245232,-13.5819834915334,38.97408646982157,6,15,1,1,1,1,1,0,0,1
0.1,291,20261110,2.8898912341936347e-05,3.744417523308502e-05,-15.391185023224912,-14.266157309918837,22.821340937423628,4,10,1,1,1,1,1,0,0,1
0.1,292,20261111,3.5949960056632945e-05,5.128782026545572e-05,-14.443015878177757,-12.899857580760006,29.90546318684829,3,12,1,1,1,1,1,0,0,1
0.1,293,20261112,4.5422871071737696e-05,5.18797951350401e-05,-13.427254185265543,-12.850017475435722,12.445932075281727,4,11,1,1,1,1,1,0,0,1
0.1,294,20261113,3.525501314998643e-05,4.9927689508797265e-05,-14.52779118996711,-13.016585312170172,29.387853720379965,8,17,1,1,1,1,1,0,0,1
0.1,295,20261114,2.9107992053401803e-05,3.664868507727122e-05,-15.359877523146995,-14.3594160284904,20.575616854930495,3,8,1,1,1,1,1,0,0,1
0.1,296,20261115,3.2759181013297046e-05,5.765703501465423e-05,-14.846669642331046,-12.391476947588256,43.182681861856224,4,16,1,1,1,1,1,0,0,1
0.1,297,20261116,3.369388747332037e-05,6.219360391843592e-05,-14.72448878873064,-12.062542764950306,45.8241919578927,5,11,1,1,1,1,1,0,0,1
0.1,298,20261117,2.582581363025853e-05,4.6251310422982344e-05,-15.879459873469521,-13.34875958029642,44.161985046318506,4,9,1,1,1,1,1,0,0,1
0.1,299,20261118,1.5720288483255634e-05,2.780644129050728e-05,-18.035394884787696,-15.558545892297147,43.46529885281539,4,10,1,1,1,1,1,0,0,1
0.1,300,20261119,3.129482670652654e-05,5.093974316419548e-05,-15.045274489871076,-12.92943249059366,38.565008846524684,3,12,1,1,1,1,1,0,0,1
0.1,301,20261120,3.8183116522383556e-05,6.61385402708713e-05,-14.18128627193367,-11.79545394534223,42.267978147077216,4,15,1,1,1,1,1,0,0,1
0.1,302,20261121,4.260712685986151e-05,4.0265593299499626e-05,-13.705177507321498,-13.950658973464087,-5.815221802260101,5,8,1,1,1,1,0,1,0,1
0.1,303,20261122,4.6787422316439724e-05,7.694563179592814e-05,-13.298708809583568,-11.138160300335686,39.19418006661211,7,19,1,1,1,1,1,0,0,1
0.1,304,20261123,3.301399237888694e-05,5.363699611486958e-05,-14.813019533044116,-12.705355523578419,38.44921459027307,4,25,1,0,1,1,1,0,0,1
0.1,305,20261124,2.928184313485583e-05,5.8661696225755846e-05,-15.334015902466946,-12.316453833800951,50.08353829018769,4,9,1,1,1,1,1,0,0,1
0.1,306,20261125,4.055871646981074e-05,6.638465440676227e-05,-13.919157972373126,-11.779323013050975,38.90347576219478,4,12,1,1,1,1,1,0,0,1
0.1,307,20261126,5.274006410418531e-05,5.7104708434161304e-05,-12.778593466685415,-12.433280815497593,7.643230216310788,7,10,1,1,1,1,1,0,0,1
0.1,308,20261127,1.9935647192324145e-05,3.876209011957903e-05,-17.003696608045622,-14.115928130731266,48.56921509953743,4,23,1,1,1,1,1,0,0,1
0.1,309,20261128,2.4748161357209686e-05,4.137294745694741e-05,-16.06457061056864,-13.832835383578068,40.18274530002349,4,12,1,1,1,1,1,0,0,1
0.1,310,20261129,2.490430825804718e-05,5.19363990923581e-05,-16.03725516725623,-12.845281646129703,52.04845023283181,7,25,1,0,1,1,1,0,0,1
0.1,311,20261130,3.876463226817503e-05,5.411133671284093e-05,-14.115643315102844,-12.667117375543844,28.361347874490857,5,15,1,1,1,1,1,0,0,1
0.1,312,20261131,3.768254084082159e-05,4.8117097313777954e-05,-14.238598214857118,-13.177005795581264,21.685756322562945,5,25,1,0,1,1,1,0,0,1
0.1,313,20261132,3.2717444073064886e-05,4.9979123075203136e-05,-14.852206312941496,-13.012113681963918,34.53777885651326,3,9,1,1,1,1,1,0,0,1
0.1,314,20261133,2.8406747670204884e-05,5.096914424813985e-05,-15.46578486436799,-12.926926579834056,44.266775341746865,6,10,1,1,1,1,1,0,0,1
0.1,315,20261134,2.6309650298563494e-05,4.0644110259342955e-05,-15.798849244119602,-13.910023791520693,35.26823411636712,4,9,1,1,1,1,1,0,0,1
0.1,316,20261135,2.026089456465694e-05,2.6564890897044923e-05,-16.93341383461552,-15.756919634135194,23.730556081784016,5,13,1,1,1,1,1,0,0,1
0.1,317,20261136,3.2082485895639e-05,4.862875125484263e-05,-14.937319879897766,-13.131068826032042,34.025684255167654,6,22,1,1,1,1,1,0,0,1
0.1,318,20261137,2.5634624015951913e-05,4.0626129161887336e-05,-15.91173047991276,-13.911945550724699,36.9011408549339,6,9,1,1,1,1,1,0,0,1
0.1,319,20261138,2.7277557450472572e-05,3.719696270350093e-05,-15.641945208657704,-14.29492520735371,26.66724520519724,5,12,1,1,1,1,1,0,0,1
0.1,320,20261139,5.3806291122539175e-05,0.00010753992057044003,-12.691669429196553,-9.68430288631006,49.96621641793443,7,14,1,1,1,1,1,0,0,1
0.1,321,20261140,4.08142466701032e-05,6.8428518539842e-05,-13.891882150909744,-11.647628622678472,40.354917012649615,3,8,1,1,1,1,1,0,0,1
0.1,322,20261141,3.1917671529088704e-05,5.1949201725929255e-05,-14.959687989927811,-12.84421121613784,38.559842175288466,3,11,1,1,1,1,1,0,0,1
0.1,323,20261142,2.536603827292074e-05,4.1509005284863223e-05,-15.95747356608091,-13.81857673860004,38.890276702991045,6,24,1,1,1,1,1,0,0,1
0.1,324,20261143,3.2059915439537955e-05,7.035104596338921e-05,-14.940376274650458,-11.527294411894161,54.42865845061923,3,10,1,1,1,1,1,0,0,1
0.1,325,20261144,1.9279292746575722e-05,2.898131772290704e-05,-17.149089020666608,-15.378818719091232,33.476824860391936,4,9,1,1,1,1,1,0,0,1
0.1,326,20261145,2.9415716727780816e-05,4.115538671417488e-05,-15.314205653581912,-13.855733131337296,28.525233082916568,4,11,1,1,1,1,1,0,0,1
0.1,327,20261146,4.5815607544829435e-05,5.8817471845248084e-05,-13.389865500327787,-12.304936467322943,22.10544569924265,8,25,1,0,1,1,1,0,0,1
0.1,328,20261147,2.0265454342098337e-05,3.85480800090265e-05,-16.93243655132044,-14.139972482810037,47.428109681849435,3,11,1,1,1,1,1,0,0,1
0.1,329,20261148,2.73991306509711e-05,4.593535212321214e-05,-15.622632167225225,-13.37852950137062,40.35284506478025,3,10,1,1,1,1,1,0,0,1
0.1,330,20261149,2.7133342167581723e-05,3.1097009034920494e-05,-15.664967084300422,-15.072813801723813,12.746135369121054,3,9,1,1,1,1,1,0,0,1
0.1,331,20261150,4.289478250206793e-05,6.539800528965883e-05,-13.675955299216545,-11.844354979281096,34.409647034218125,5,15,1,1,1,1,1,0,0,1
0.1,332,20261151,5.247468854883795e-05,5.746469307324623e-05,-12.800501303905827,-12.405989085810354,8.683600759944675,4,13,1,1,1,1,1,0,0,1
0.1,333,20261152,3.210078449140926e-05,4.7838026355155104e-05,-14.934843540086163,-13.202267462593326,32.89692962437606,4,11,1,1,1,1,1,0,0,1
0.1,334,20261153,3.107373462658775e-05,6.191758268531844e-05,-15.076065475094717,-12.08186007217283,49.81436083428402,5,25,1,0,1,1,1,0,0,1
0.1,335,20261154,3.8646820048571456e-05,4.731650500284626e-05,-14.128862350489939,-13.249873416864247,18.322750071572894,4,8,1,1,1,1,1,0,0,1
0.1,336,20261155,5.9737145230579306e-05,8.520218920595441e-05,-12.237555356694633,-10.695492462209629,29.88778130315396,5,8,1,1,1,1,1,0,0,1
0.1,337,20261156,3.3148819440861915e-05,6.036489542919271e-05,-14.795319339092512,-12.192155473644092,45.08593246923606,3,25,1,0,1,1,1,0,0,1
0.1,338,20261157,3.412392366723581e-05,4.683892743633485e-05,-14.669410382003349,-13.293930583864913,27.14623170306735,3,11,1,1,1,1,1,0,0,1
0.1,339,20261158,5.0918854855618845e-05,5.868054274194366e-05,-12.931213720152018,-12.315058779790418,13.22702129811236,3,13,1,1,1,1,1,0,0,1
0.1,340,20261159,1.6681475043307972e-05,3.1618779972354276e-05,-17.777655499305325,-15.000548915668862,47.24187632194114,3,8,1,1,1,1,1,0,0,1
0.1,341,20261160,1.8547035812833927e-05,2.4399254514991274e-05,-17.317254894448716,-16.126234427174836,23.985235690548063,5,14,1,1,1,1,1,0,0,1
0.1,342,20261161,2.213999294045271e-05,4.517130395795182e-05,-16.548225219361996,-13.451373724988375,50.986597683648995,3,13,1,1,1,1,1,0,0,1
0.1,343,20261162,3.329345459506384e-05,4.0709690340847346e-05,-14.776411392460636,-13.903022010785406,18.21737204014592,3,10,1,1,1,1,1,0,0,1
0.1,344,20261163,1.4798051326698772e-05,3.335104289487095e-05,-18.297954706713572,-14.76890581045601,55.62941952566478,5,9,1,1,1,1,1,0,0,1
0.1,345,20261164,4.2519007109321585e-05,6.594166398249457e-05,-13.714168855404962,-11.808400979981819,35.52026967258661,4,17,1,1,1,1,1,0,0,1
0.1,346,20261165,3.173925549872702e-05,3.930771391791621e-05,-14.984032646191912,-14.055222134097377,19.25438461008929,5,10,1,1,1,1,1,0,0,1
0.1,347,20261166,2.7115132131993464e-05,4.077393125363051e-05,-15.667882749070866,-13.896174136533228,33.498852579786174,5,9,1,1,1,1,1,0,0,1
0.1,348,20261167,3.111085692776466e-05,3.8602347379654184e-05,-15.070880263752535,-14.133862854050845,19.406826165804624,3,8,1,1,1,1,1,0,0,1
0.1,349,20261168,4.755710505182975e-05,5.658073396166436e-05,-13.22784590097955,-12.473314232022286,15.94823587115089,6,8,1,1,1,1,1,0,0,1
0.1,350,20261169,3.838304912145389e-05,5.6466811244161106e-05,-14.158605281929578,-12.48206736756952,32.02547075752777,5,20,1,1,1,1,1,0,0,1
0.1,351,20261170,4.383987176362717e-05,9.20132991518128e-05,-13.581307248802235,-10.361493973193687,52.354852866110434,6,12,1,1,1,1,1,0,0,1
0.1,352,20261171,4.3270976051881744e-05,6.597377721209507e-05,-13.638033084258325,-11.806286504441912,34.41185592152391,7,18,1,1,1,1,1,0,0,1
0.1,353,20261172,2.661892473954992e-05,3.079418090985651e-05,-15.748094916529167,-15.115313431587378,13.558588171345663,7,8,1,1,1,1,1,0,0,1
0.1,354,20261173,4.026894173057746e-05,5.486164729661627e-05,-13.950297835192059,-12.607311562449821,26.599102077889768,8,16,1,1,1,1,1,0,0,1
0.1,355,20261174,3.361155547028563e-05,4.5629263538827594e-05,-14.735113888536262,-13.407565407299565,26.337720875805203,4,14,1,1,1,1,1,0,0,1
0.1,356,20261175,4.024895670723388e-05,6.691081295600032e-05,-13.952453724927247,-11.745036934779128,39.84685743737553,4,13,1,1,1,1,1,0,0,1
0.1,357,20261176,5.1226855743180026e-05,9.225647660489688e-05,-12.905022998974893,-10.35003135683426,44.47343142902885,6,18,1,1,1,1,1,0,0,1
0.1,358,20261177,3.0231455520691075e-05,4.1283744507457994e-05,-15.195409428193024,-13.842209183291548,26.771527434412594,7,10,1,1,1,1,1,0,0,1
0.1,359,20261178,2.9415516699302914e-05,4.550627299477993e-05,-15.314235185943929,-13.419287321508786,35.359424616739766,4,8,1,1,1,1,1,0,0,1
0.1,360,20261179,2.6868691313135315e-05,3.539332946896347e-05,-15.707534861282394,-14.510785811323412,24.08543723840233,6,22,1,1,1,1,1,0,0,1
0.1,361,20261180,4.782577201324314e-05,5.426102231928904e-05,-13.203380107750974,-12.655120280561142,11.859802913735846,6,13,1,1,1,1,1,0,0,1
0.1,362,20261181,3.736627196696184e-05,5.44799463260604e-05,-14.27520229550447,-12.637633289643475,31.412795924345946,4,25,1,0,1,1,1,0,0,1
0.1,363,20261182,2.972310099261156e-05,4.254176646487689e-05,-15.269058828749651,-13.711844808173815,30.131953930142057,4,16,1,1,1,1,1,0,0,1
0.1,364,20261183,3.098529024378737e-05,6.263311909560985e-05,-15.08844431394732,-12.031959601287737,50.52890437008553,4,25,1,0,1,1,1,0,0,1
0.1,365,20261184,3.005550175121516e-05,6.104879269992511e-05,-15.220760174553003,-12.143229202358064,50.768065309746866,4,10,1,1,1,1,1,0,0,1
0.1,366,20261185,4.0390156725072046e-05,5.7308787148223624e-05,-13.93724461643037,-12.417787826154939,29.521878345450205,6,25,1,0,1,1,1,0,0,1
0.1,367,20261186,2.1786508859699973e-05,2.8062511112345342e-05,-16.618123569240236,-15.518734696782833,22.364364427402975,5,13,1,1,1,1,1,0,0,1
0.1,368,20261187,2.980495832017516e-05,3.436173068132639e-05,-15.257114811598045,-14.639249703815029,13.261184087062215,6,12,1,1,1,1,1,0,0,1
0.1,369,20261188,8.599762812930037e-05,0.00011624766010033186,-10.65513526716453,-9.346157800787946,26.022056654665626,6,14,1,1,1,1,1,0,0,1
0.1,370,20261189,2.330645732768541e-05,2.6686765657744585e-05,-16.32523735915943,-15.737040579888289,12.666609260227828,3,10,1,1,1,1,1,0,0,1
0.1,371,20261190,2.2438502299506612e-05,4.7936087145440844e-05,-16.490061342593194,-13.193374187899924,53.19079291677081,3,11,1,1,1,1,1,0,0,1
0.1,372,20261191,2.7847803148964123e-05,5.76774384051449e-05,-15.552090596613146,-12.38994035931037,51.718030621692684,3,10,1,1,1,1,1,0,0,1
0.1,373,20261192,2.970720358972245e-05,4.654061166755734e-05,-15.271382274528541,-13.321679132259268,36.16928844441718,6,10,1,1,1,1,1,0,0,1
0.1,374,20261193,2.8990391810657952e-05,3.38419223698809e-05,-15.377459150328324,-14.705449750975905,14.335859843295374,5,9,1,1,1,1,1,0,0,1
0.1,375,20261194,3.428485020089711e-05,5.584323335231398e-05,-14.648977437358939,-12.530294437800514,38.6051842940494,3,17,1,1,1,1,1,0,0,1
0.1,376,20261195,1.5807754500947136e-05,2.3006271842157342e-05,-18.01129817424456,-16.381537528898274,31.28936922330649,3,7,1,1,1,1,1,0,0,1
0.1,377,20261196,3.21786242275396e-05,5.7310520652101854e-05,-14.92432527768386,-12.417656460648868,43.85215164441286,3,7,1,1,1,1,1,0,0,1
0.1,378,20261197,2.7830075559643357e-05,4.291114395240768e-05,-15.554856145394167,-13.674299076161049,35.144876141010336,7,9,1,1,1,1,1,0,0,1
0.1,379,20261198,3.086077796596113e-05,4.189339732878656e-05,-15.105931300529944,-13.778544192683238,26.33498371172799,7,18,1,1,1,1,1,0,0,1
0.1,380,20261199,0.00012730416534990267,0.00018357228086728165,-8.951573861430228,-7.3619289598454145,30.651749409846616,3,9,1,1,1,1,1,0,0,1
0.1,381,20261200,3.9296664281271914e-05,4.647143278131751e-05,-14.056443133833831,-13.328139373892734,15.439094666627119,5,12,1,1,1,1,1,0,0,1
0.1,382,20261201,3.136339801298233e-05,3.632253886125402e-05,-15.035768905557873,-14.398238029125995,13.65306777484573,6,9,1,1,1,1,1,0,0,1
0.1,383,20261202,2.3456152615944195e-05,4.184619845398177e-05,-16.297432213207365,-13.783439896527717,43.94675386883971,3,13,1,1,1,1,1,0,0,1
0.1,384,20261203,2.139073349884103e-05,3.674255455530308e-05,-16.697743230003567,-14.348306523115395,41.78212767801773,4,10,1,1,1,1,1,0,0,1
0.1,385,20261204,1.7599089785364533e-05,2.5969781928047493e-05,-17.545097930617437,-15.855316971879196,32.232431392281235,3,9,1,1,1,1,1,0,0,1
0.1,386,20261205,2.700945719256017e-05,3.1401993240778266e-05,-15.684841437149796,-15.030427842198788,13.988080356994665,4,8,1,1,1,1,1,0,0,1
0.1,387,20261206,3.85794168571174e-05,5.6926795497213834e-05,-14.136443411724375,-12.446832626498438,32.22977594267432,5,11,1,1,1,1,1,0,0,1
0.1,388,20261207,1.9389069483476566e-05,3.5609135864758914e-05,-17.12443032999091,-14.484385653237918,45.55029485378432,3,25,1,0,1,1,1,0,0,1
0.1,389,20261208,3.4619551356869715e-05,4.3966721829332504e-05,-14.606785645512758,-13.568759142871784,21.259648396680788,5,13,1,1,1,1,1,0,0,1
0.1,390,20261209,3.516590356020664e-05,5.343550819506396e-05,-14.538782192524113,-12.721700559233453,34.1900082023454,3,16,1,1,1,1,1,0,0,1
0.1,391,20261210,3.342028876718994e-05,4.391509016624951e-05,-14.759898019155377,-13.57386221219619,23.897938861856748,8,13,1,1,1,1,1,0,0,1
0.1,392,20261211,2.9249759798960284e-05,3.717858107481255e-05,-15.338776960233195,-14.297071891509482,21.326314901307036,4,21,1,1,1,1,1,0,0,1
0.1,393,20261212,5.637387051527887e-05,7.860269249662807e-05,-12.48922146380427,-11.045625771616054,28.279975246780225,4,10,1,1,1,1,1,0,0,1
0.1,394,20261213,3.84840004597038e-05,7.562026495372705e-05,-14.147197888361468,-11.213618053159848,49.10887910369975,8,18,1,1,1,1,1,0,0,1
0.1,395,20261214,2.5897987954437307e-05,3.4775864354891946e-05,-15.867339754642465,-14.587220668026351,25.528844689106286,4,13,1,1,1,1,1,0,0,1
0.1,396,20261215,3.787667679677623e-05,4.984571722001065e-05,-14.216281318898298,-13.023721506446028,24.012174146085773,3,13,1,1,1,1,1,0,0,1
0.1,397,20261216,3.405430739193693e-05,5.8940654283719e-05,-14.678279481201402,-12.295850474777527,42.22271909637818,6,9,1,1,1,1,1,0,0,1
0.1,398,20261217,2.039695058701152e-05,2.286407709732767e-05,-16.904347562126258,-16.40846324116107,10.790404965020462,5,10,1,1,1,1,1,0,0,1
0.1,399,20261218,2.759002067239728e-05,5.37229657945818e-05,-15.592479741165121,-12.698400199670665,48.64389881621193,7,9,1,1,1,1,1,0,0,1
0.1,400,20261219,4.4910298609797955e-05,4.6716106131526464e-05,-13.476540572918532,-13.305333635854433,3.8654923778201105,5,8,1,1,1,1,1,0,0,1
0.1,401,20261220,3.292664767002647e-05,4.151354519361632e-05,-14.824524834551289,-13.818101769495764,20.684568093476834,6,7,1,1,1,1,1,0,0,1
0.1,402,20261221,1.9278595485173044e-05,4.9339370044404634e-05,-17.14924609191379,-13.068063997993725,60.9265471613792,3,25,1,0,1,1,1,0,0,1
0.1,403,20261222,3.214195246724759e-05,6.107925100681775e-05,-14.929277454943632,-12.14106297182094,47.376642742950686,5,10,1,1,1,1,1,0,0,1
0.1,404,20261223,4.417176877863462e-05,6.543438165094739e-05,-13.548552098559284,-11.841939972759263,32.494557655845014,5,12,1,1,1,1,1,0,0,1
0.1,405,20261224,2.7046557372496476e-05,4.231291140952731e-05,-15.678880063162646,-13.7352709129382,36.079658734126745,4,25,1,0,1,1,1,0,0,1
0.1,406,20261225,3.348496522607596e-05,5.218897740727504e-05,-14.75150147739633,-12.824212126430751,35.839008753200396,4,25,1,0,1,1,1,0,0,1
0.1,407,20261226,5.3248782807412054e-05,5.771255254740788e-05,-12.736903151392918,-12.387297170145274,7.7344867675521165,3,14,1,1,1,1,1,0,0,1
0.1,408,20261227,4.788693575632512e-05,7.123091042919149e-05,-13.19782952197237,-11.473315047380199,32.7722536918462,5,14,1,1,1,1,1,0,0,1
0.1,409,20261228,4.389934864242763e-05,5.296617335308112e-05,-13.575419235642121,-12.760014024027628,17.11814189447397,4,13,1,1,1,1,1,0,0,1
0.1,410,20261229,7.450083013639373e-05,0.00010830321911163092,-11.278388880349766,-9.653586345876008,31.210881128469687,5,12,1,1,1,1,1,0,0,1
0.1,411,20261230,2.0687681503731185e-05,3.417515496368643e-05,-16.84288178573349,-14.66289507492508,39.465727293077855,3,10,1,1,1,1,1,0,0,1
0.1,412,20261231,2.8936540402339965e-05,4.396901929411749e-05,-15.385533935344263,-13.568532209825912,34.18879732391185,3,15,1,1,1,1,1,0,0,1
0.1,413,20261232,2.1311474541013157e-05,3.228635411006499e-05,-16.713865004091804,-14.909809942915421,33.99231617059701,3,14,1,1,1,1,1,0,0,1
0.1,414,20261233,3.0909508032623374e-05,5.093967245607474e-05,-15.099079072763026,-12.92943851892558,39.32134514748474,6,18,1,1,1,1,1,0,0,1
0.1,415,20261234,4.331219633355577e-05,5.5070572166697606e-05,-13.633897929185395,-12.590804113061038,21.35146843499183,5,14,1,1,1,1,1,0,0,1
0.1,416,20261235,1.746549608373496e-05,3.400980200819069e-05,-17.57819074305241,-14.68395896353092,48.64569902662566,4,25,1,0,1,1,1,0,0,1
0.1,417,20261236,5.447566780521752e-05,5.3341287333991123e-05,-12.637974371286408,-12.729365072943947,-2.126646220822506,4,14,1,1,1,1,0,1,0,1
0.1,418,20261237,2.8307773352337022e-05,4.678845045636479e-05,-15.48094290254268,-13.29861337568958,39.49837390161695,4,12,1,1,1,1,1,0,0,1
0.1,419,20261238,7.085705533452447e-05,0.00011218309294792959,-11.496168999641718,-9.500725904300731,36.83802659335381,6,19,1,1,1,1,1,0,0,1
0.1,420,20261239,3.277404962132896e-05,4.750791674368577e-05,-14.844698930840064,-13.23234013288609,31.01349865928414,4,12,1,1,1,1,1,0,0,1
0.1,421,20261240,2.2679530132540836e-05,3.789567436884099e-05,-16.443659472640764,-14.21410360083538,40.152720566997864,4,11,1,1,1,1,1,0,0,1
0.1,422,20261241,4.643073035000614e-05,7.74442038851759e-05,-13.331944848782399,-11.11011080356418,40.04621647496366,4,12,1,1,1,1,1,0,0,1
0.1,423,20261242,4.116696120316372e-05,6.154650745475975e-05,-13.854511898741531,-12.107965866995393,33.11243333600397,4,20,1,1,1,1,1,0,0,1
0.1,424,20261243,2.4674937663660276e-05,5.47181667589052e-05,-16.077439358158763,-12.618684613579044,54.90540139551639,4,25,1,0,1,1,1,0,0,1
0.1,425,20261244,2.8047484625171367e-05,4.750150003492952e-05,-15.521060813736607,-13.232926757097363,40.9545285842614,4,11,1,1,1,1,1,0,0,1
0.1,426,20261245,4.388842016121552e-05,6.80741083579982e-05,-13.57650052046692,-11.670180383866349,35.52846857661565,5,17,1,1,1,1,1,0,0,1
0.1,427,20261246,1.6509217808107265e-05,2.9696218826694437e-05,-17.822735027317584,-15.272988452027548,44.40633029930785,4,9,1,1,1,1,1,0,0,1
0.1,428,20261247,4.211340478736371e-05,5.9955832333332876e-05,-13.755796452910083,-12.221685635746407,29.759285880265463,5,25,1,0,1,1,1,0,0,1
0.1,429,20261248,2.1103515282931925e-05,4.5327815421676926e-05,-16.756451967960743,-13.436352113003059,53.44246113206753,4,12,1,1,1,1,1,0,0,1
0.1,430,20261249,3.221449639392129e-05,6.797737559408982e-05,-14.919486535478255,-11.676356062579057,52.609973373667394,4,25,1,0,1,1,1,0,0,1
0.1,431,20261250,4.833355562691683e-05,6.68713738116766e-05,-13.157512550918323,-11.747597545225227,27.721605117559033,4,25,1,0,1,1,1,0,0,1
0.1,432,20261251,2.314390383909741e-05,4.1238237777616655e-05,-16.35563383812032,-13.84699901579814,43.87756343056083,4,21,1,1,1,1,1,0,0,1
0.1,433,20261252,2.0669356532809245e-05,4.531902100258008e-05,-16.84673043382392,-13.437194804893466,54.39143195164673,6,20,1,1,1,1,1,0,0,1
0.1,434,20261253,1.7137816862751223e-05,2.8630852740784935e-05,-17.66044502415577,-15.431657167670068,40.14213611479957,6,19,1,1,1,1,1,0,0,1
0.1,435,20261254,4.632996697010461e-05,7.022112650285493e-05,-13.341380094170997,-11.53532207766573,34.022751730960906,5,10,1,1,1,1,1,0,0,1
0.1,436,20261255,3.1870437397755065e-05,4.925917548180326e-05,-14.966119761206226,-13.07512861816849,35.300505771704884,3,12,1,1,1,1,1,0,0,1
0.1,437,20261256,4.103063826542698e-05,5.6036572974801086e-05,-13.868917271715977,-12.51528432694675,26.77882303066977,3,10,1,1,1,1,1,0,0,1
0.1,438,20261257,4.131208323790586e-05,4.767533627038508e-05,-13.83922904371875,-13.217062350442507,13.347054326771344,4,9,1,1,1,1,1,0,0,1
0.1,439,20261258,4.840022674005698e-05,5.7254588982471286e-05,-13.151526038158165,-12.421896986842498,15.464895303195881,8,14,1,1,1,1,1,0,0,1
0.1,440,20261259,2.067251526775968e-05,2.6308571331162786e-05,-16.84606678648446,-15.799027353365346,21.422889112671562,3,8,1,1,1,1,1,0,0,1
0.1,441,20261260,3.1216816691786675e-05,3.477889663489205e-05,-15.056113858244702,-14.58684200164788,10.242072888338,5,11,1,1,1,1,1,0,0,1
0.1,442,20261261,2.9958117346743976e-05,3.601956525737834e-05,-15.23485482414856,-14.434615332561034,16.82820952258085,7,9,1,1,1,1,1,0,0,1
0.1,443,20261262,2.0114368564712157e-05,3.180526897966617e-05,-16.964935963597082,-14.9750092720926,36.75774734817765,4,7,1,1,1,1,1,0,0,1
0.1,444,20261263,1.7246571679389656e-05,3.272622428822864e-05,-17.63297222254321,-14.851040975143693,47.300453827198425,3,12,1,1,1,1,1,0,0,1
0.1,445,20261264,3.618571870434228e-05,4.2381663808658906e-05,-14.414627971921279,-13.72821997867418,14.619400343246419,8,9,1,1,1,1,1,0,0,1
0.1,446,20261265,2.6592495765578603e-05,3.6429773122937983e-05,-15.752409012410457,-14.3854353344551,27.003400005160465,4,17,1,1,1,1,1,0,0,1
0.1,447,20261266,2.920897705680756e-05,5.0752249676740205e-05,-15.344836524192264,-12.945447021725826,42.44791660891821,3,12,1,1,1,1,1,0,0,1
0.1,448,20261267,3.672394547376518e-05,4.2496583238124925e-05,-14.35050666102719,-13.716459861962619,13.583769151541919,5,11,1,1,1,1,1,0,0,1
0.1,449,20261268,3.824161050806473e-05,6.32889739223681e-05,-14.174638261229939,-11.986719453029513,39.57618817620129,9,14,1,1,1,1,1,0,0,1
0.1,450,20261269,5.4839200002652455e-05,7.509578197824812e-05,-12.609088893487497,-11.243844560053788,26.974327241792473,4,8,1,1,1,1,1,0,0,1
0.1,451,20261270,2.8997241227040734e-05,3.9361783745683104e-05,-15.376433185446743,-14.049252290071019,26.331485853404885,8,10,1,1,1,1,1,0,0,1
0.1,452,20261271,5.661529180956129e-05,8.449590986487222e-05,-12.470662498798948,-10.73164313134428,32.996411423817136,3,9,1,1,1,1,1,0,0,1
0.1,453,20261272,3.076386176112238e-05,4.388551626204645e-05,-15.11959148835613,-13.576787883079785,29.8997382703051,6,22,1,1,1,1,1,0,0,1
0.1,454,20261273,3.0269096345264507e-05,3.80745331499152e-05,-15.190005442936172,-14.193654130518992,20.500413685750154,5,8,1,1,1,1,1,0,0,1
0.1,455,20261274,2.824781597164428e-05,4.1849492638698836e-05,-15.49015124769504,-13.783098027973422,32.50141354038038,5,25,1,0,1,1,1,0,0,1
0.1,456,20261275,2.5963292198584964e-05,2.9374206300117282e-05,-15.856402389508208,-15.320338593291009,11.611936222830636,5,19,1,1,1,1,1,0,0,1
0.1,457,20261276,2.708495771806139e-05,4.4905907193561596e-05,-15.672718380471293,-13.47696525526258,39.685089533288156,3,9,1,1,1,1,1,0,0,1
0.1,458,20261277,2.87579171526309e-05,4.639102490357391e-05,-15.412425717618891,-13.335660326321403,38.00973957267449,5,7,1,1,1,1,1,0,0,1
0.1,459,20261278,2.539865903332851e-05,3.4784537860685235e-05,-15.951892121123183,-14.586137622039173,26.98290506243865,6,8,1,1,1,1,1,0,0,1
0.1,460,20261279,2.8196358237149745e-05,5.628776811550341e-05,-15.498069803204697,-12.495859713493513,49.90677516420554,4,11,1,1,1,1,1,0,0,1
0.1,461,20261280,3.252517084273074e-05,6.978806254676927e-05,-14.877804135715916,-11.562188583717052,53.39436336847204,5,9,1,1,1,1,1,0,0,1
0.1,462,20261281,2.2424421414053705e-05,3.7204033710931106e-05,-16.492787536317152,-14.294099707786321,39.72583298819807,3,16,1,1,1,1,1,0,0,1
0.1,463,20261282,3.656438022992564e-05,6.681417643785467e-05,-14.369417835142995,-11.751313804057926,45.27451780546158,8,14,1,1,1,1,1,0,0,1
0.1,464,20261283,3.8560482556966306e-05,4.215345523407841e-05,-14.13857539849177,-13.751668213336131,8.52355437332551,5,7,1,1,1,1,1,0,0,1
0.1,465,20261284,3.422402236585135e-05,4.5397528993217e-05,-14.656689489552654,-13.429677853326742,24.61258767858296,4,11,1,1,1,1,1,0,0,1
0.1,466,20261285,4.383380650043806e-05,5.714577657854135e-05,-13.581908138462778,-12.430158610939344,23.294757504620264,6,11,1,1,1,1,1,0,0,1
0.1,467,20261286,3.796563986019527e-05,6.122911830998535e-05,-14.20609276270451,-12.130419942938937,37.994142479749264,7,17,1,1,1,1,1,0,0,1
0.1,468,20261287,4.498280767171449e-05,7.324143698913112e-05,-13.469534408906533,-11.352431434756387,38.582843918819,3,19,1,1,1,1,1,0,0,1
0.1,469,20261288,4.056579014248388e-05,5.1259160215483694e-05,-13.91840060394161,-12.902285131882357,20.86138365912928,5,9,1,1,1,1,1,0,0,1
0.1,470,20261289,6.256786496461123e-05,9.309661395665153e-05,-12.036486644232788,-10.310661145791741,32.79254496436934,5,17,1,1,1,1,1,0,0,1
0.1,471,20261290,2.306041428194779e-05,1.951458449683522e-05,-16.37132894840638,-17.096406912519477,-18.170152614254306,3,7,1,1,1,1,0,1,0,1
0.1,472,20261291,3.96623335973158e-05,4.2423586210721977e-05,-14.016217369632393,-13.723926218709316,6.508767551358746,3,9,1,1,1,1,1,0,0,1
0.1,473,20261292,3.256225602222233e-05,4.808843520071043e-05,-14.87285513363295,-13.17959354653235,32.28672156555996,3,10,1,1,1,1,1,0,0,1
0.1,474,20261293,2.781559491765153e-05,5.069426988845339e-05,-15.55711646969235,-12.950411273819345,45.130692327049225,6,10,1,1,1,1,1,0,0,1
0.1,475,20261294,2.8202495880297177e-05,3.750675397234955e-05,-15.497124555432183,-14.258905203040271,24.806887044694907,4,11,1,1,1,1,1,0,0,1
0.1,476,20261295,3.523734431955889e-05,5.393855274922261e-05,-14.529968298519728,-12.68100710487108,34.67132037563476,6,13,1,1,1,1,1,0,0,1
0.1,477,20261296,2.2350324914299514e-05,3.1261110550772466e-05,-16.50716158999083,-15.049955977338092,28.50437965727601,3,8,1,1,1,1,1,0,0,1
0.1,478,20261297,2.4209025474553753e-05,3.4971447709660036e-05,-16.160226925715744,-14.56286388871688,30.77488334042694,4,16,1,1,1,1,1,0,0,1
0.1,479,20261298,2.706042263606381e-05,3.2970494389107796e-05,-15.676654247717659,-14.818745406077829,17.925335553950475,3,13,1,1,1,1,1,0,0,1
0.1,480,20261299,5.7802783379605386e-05,6.593901619818631e-05,-12.380512484774062,-11.808575367634797,12.339026706323105,5,8,1,1,1,1,1,0,0,1
0.1,481,20261300,3.539410337179861e-05,4.297932443856651e-05,-14.510690850475886,-13.667404151570128,17.648534884744436,8,12,1,1,1,1,1,0,0,1
0.1,482,20261301,2.7316976878193664e-05,3.138605594326337e-05,-15.635673649379973,-15.032632554912677,12.964607825925587,10,9,1,1,1,1,1,0,0,1
0.1,483,20261302,2.9975894239387973e-05,4.5665662858496415e-05,-15.232278521844492,-13.404102339823936,34.35791278827184,4,8,1,1,1,1,1,0,0,1
0.1,484,20261303,3.334242079638239e-05,6.448324595927348e-05,-14.770028718042337,-11.905531091260498,48.292893292870374,5,25,1,0,1,1,1,0,0,1
0.1,485,20261304,3.216243357084549e-05,5.038761536283422e-05,-14.926510977841632,-12.976761945171864,36.169962917974445,5,10,1,1,1,1,1,0,0,1
0.1,486,20261305,4.605203931455712e-05,7.977557396249093e-05,-13.367511332532583,-10.98130062498339,42.27300785549975,3,8,1,1,1,1,1,0,0,1
0.1,487,20261306,3.5086381648187265e-05,4.8227356388659426e-05,-14.548614169442256,-13.16706543537043,27.247968216566473,4,9,1,1,1,1,1,0,0,1
0.1,488,20261307,4.735523414129007e-05,5.235759659765367e-05,-13.24632011738853,-12.810202973453684,9.554224757115326,5,11,1,1,1,1,1,0,0,1
0.1,489,20261308,3.454672909429671e-05,6.890678391076958e-05,-14.615930656137849,-11.617380194569613,49.86454579126377,3,10,1,1,1,1,1,0,0,1
0.1,490,20261309,3.7135048238529486e-05,4.873848316246382e-05,-14.302160075982943,-13.12127991040147,23.80754215361133,6,9,1,1,1,1,1,0,0,1
0.1,491,20261310,2.5071195522200492e-05,4.2839535899542286e-05,-16.00824956176797,-13.681552427271944,41.47650063018455,4,16,1,1,1,1,1,0,0,1
0.1,492,20261311,3.5868648613380524e-05,6.0372222112761815e-05,-14.452849854876138,-12.191628388301423,40.58749643770622,5,7,1,1,1,1,1,0,0,1
0.1,493,20261312,2.0214508217760014e-05,3.626906643473754e-05,-16.943368197970933,-14.404636230095845,44.26515429027118,4,11,1,1,1,1,1,0,0,1
0.1,494,20261313,2.770284118469044e-05,3.187607740993601e-05,-15.574756877024674,-14.965351271765876,13.092063278603854,6,14,1,1,1,1,1,0,0,1
0.1,495,20261314,3.565155741909469e-05,5.757972214631184e-05,-14.479214934770523,-12.397304351615613,38.08313744810545,3,9,1,1,1,1,1,0,0,1
0.1,496,20261315,3.1373911084954916e-05,5.0576299360398244e-05,-15.034313385946358,-12.96052950914012,37.96716746436967,3,10,1,1,1,1,1,0,0,1
0.1,497,20261316,3.7784001946323476e-05,4.967351183292518e-05,-14.22692045060048,-13.038751350370688,23.93531169407064,5,15,1,1,1,1,1,0,0,1
0.1,498,20261317,3.653833343454722e-05,4.543455884121647e-05,-14.372512653219031,-13.426136844873405,19.580305462543507,5,7,1,1,1,1,1,0,0,1
0.1,499,20261318,4.7098787045223145e-05,7.031077183361499e-05,-13.269902772946605,-11.529781345886098,33.01341200367024,6,21,1,1,1,1,1,0,0,1
0.1,500,20261319,2.4053618667170128e-05,3.5732950749881644e-05,-16.18819578376915,-14.46931119216589,32.685047939261494,5,15,1,1,1,1,1,0,0,1
0.12,1,20260820,3.7881901732310852e-06,5.226889212902288e-06,-24.21568226840959,-22.817567049405323,27.524957600399357,3,10,1,1,1,1,1,0,0,1
0.12,2,20260821,2.716313749424723e-06,3.9641006302773515e-06,-25.66020068053473,-24.01855329307991,31.47717470445058,3,9,1,1,1,1,1,0,0,1
0.12,3,20260822,1.7725149904088752e-06,1.6451097285136237e-06,-27.51410083239775,-27.838051293865504,-7.744484133004532,3,7,1,1,1,1,0,1,0,1
0.12,4,20260823,5.6083627532356025e-06,8.925977155170928e-06,-22.511639036302988,-20.49344229011947,37.16808080797507,5,10,1,1,1,1,1,0,0,1
0.12,5,20260824,1.5971331021677453e-06,2.334406385009299e-06,-27.966588890410975,-26.318235375777167,31.5829020849177,5,7,1,1,1,1,1,0,0,1
0.12,6,20260825,2.6397745072543535e-06,3.097170616566303e-06,-25.7843316950808,-25.09034869621488,14.768192196626362,3,8,1,1,1,1,1,0,0,1
0.12,7,20260826,2.131717676266175e-06,2.5428928062018964e-06,-26.712703136035646,-25.946719468066803,16.16958170367625,4,7,1,1,1,1,1,0,0,1
0.12,8,20260827,6.169640708970245e-06,6.599613689451799e-06,-22.09740126510518,-21.80481485283828,6.515123471071989,3,8,1,1,1,1,1,0,0,1
0.12,9,20260828,3.261282076010362e-06,5.345686966774683e-06,-24.866116364112184,-22.719964762908127,38.992273653875124,3,6,1,1,1,1,1,0,0,1
0.12,10,20260829,5.648037701725684e-06,8.258073841406418e-06,-22.481024129483252,-20.83121238103122,31.60587068856027,3,9,1,1,1,1,1,0,0,1
0.12,11,20260830,2.957013983986077e-06,5.559213827666711e-06,-25.29146621651215,-22.549866210883046,46.808774124322866,4,11,1,1,1,1,1,0,0,1
0.12,12,20260831,2.0922208043596563e-06,3.363619307431596e-06,-26.793924837365672,-24.731931633014554,37.7985255424984,3,7,1,1,1,1,1,0,0,1
0.12,13,20260832,4.5371294947611775e-06,6.857808513918291e-06,-23.432188253058044,-21.638146455712743,33.83995068464176,4,9,1,1,1,1,1,0,0,1
0.12,14,20260833,2.815177368326636e-06,3.2826796797452204e-06,-25.504942375235203,-24.837714931787115,14.241484306347818,3,7,1,1,1,1,1,0,0,1
0.12,15,20260834,1.586757610091745e-06,2.5780040410138328e-06,-27.99489410132061,-25.88716406226746,38.45015039356833,5,8,1,1,1,1,1,0,0,1
0.12,16,20260835,2.6241340067206547e-06,4.325272612598534e-06,-25.810139906022904,-23.639865146925544,39.3302054747451,3,9,1,1,1,1,1,0,0,1
0.12,17,20260836,2.784288946959185e-06,4.2090024032101025e-06,-25.55285696662667,-23.758208262831992,33.84919559951602,4,8,1,1,1,1,1,0,0,1
0.12,18,20260837,2.071708029566163e-06,3.0527919955466057e-06,-26.836714507043425,-25.153027856993013,32.13726868426156,4,8,1,1,1,1,1,0,0,1
0.12,19,20260838,4.285308343953855e-06,6.8966125050909715e-06,-23.680179235051156,-21.613641747111274,37.86357663576854,4,7,1,1,1,1,1,0,0,1
0.12,20,20260839,4.105709922732084e-06,4.782971197842873e-06,-23.866117377240776,-23.203022343602267,14.159844312176391,3,7,1,1,1,1,1,0,0,1
0.12,21,20260840,2.816348464741603e-06,4.528714037028146e-06,-25.503136112658403,-23.440251017197017,37.81129826890637,5,7,1,1,1,1,1,0,0,1
0.12,22,20260841,6.231269648912874e-06,6.735848913072559e-06,-22.05423454891754,-21.71607662742784,7.490952820815597,3,7,1,1,1,1,1,0,0,1
0.12,23,20260842,3.94477760899911e-06,5.529117615999836e-06,-24.03977475574193,-22.57344171602877,28.654481908940696,4,7,1,1,1,1,1,0,0,1
0.12,24,20260843,3.901682421607576e-06,5.729445020931042e-06,-24.087480830082278,-22.41887443655678,31.901215434413093,3,8,1,1,1,1,1,0,0,1
0.12,25,20260844,4.536539347337429e-06,5.349310966533363e-06,-23.432753179494007,-22.71702154932797,15.19394973073799,3,7,1,1,1,1,1,0,0,1
0.12,26,20260845,3.93729436506672e-06,8.60710906412563e-06,-24.04802114713171,-20.651426938801812,54.2553215518398,4,11,1,1,1,1,1,0,0,1
0.12,27,20260846,1.9435180522305297e-06,2.4496077704477e-06,-27.11411421100276,-26.109034490097898,20.66003073319266,5,8,1,1,1,1,1,0,0,1
0.12,28,20260847,3.6108477982384162e-06,5.472543078631336e-06,-24.42390817244256,-22.618108110778486,34.01883281033072,3,11,1,1,1,1,1,0,0,1
0.12,29,20260848,2.6483224394947933e-06,6.106548054120844e-06,-25.770291396370677,-22.14204220967703,56.631432095132,3,8,1,1,1,1,1,0,0,1
0.12,30,20260849,5.029483224887903e-06,7.655944968725391e-06,-22.98476636039361,-21.160011969481396,34.306173236179326,6,11,1,1,1,1,1,0,0,1
0.12,31,20260850,3.7293001379612646e-06,5.444903900305071e-06,-24.28372662759646,-22.64009780910139,31.508430520650386,3,8,1,1,1,1,1,0,0,1
0.12,32,20260851,3.247295130778036e-06,4.913560278942787e-06,-24.88478238678087,-23.08603711708905,33.91156419318963,4,6,1,1,1,1,1,0,0,1
0.12,33,20260852,3.6263257834663246e-06,5.086050214923255e-06,-24.405331821472696,-22.936193563198806,28.70055091422169,4,7,1,1,1,1,1,0,0,1
0.12,34,20260853,2.9864923553450207e-06,4.0525705424139976e-06,-25.248385925980486,-23.92269416722631,26.3062215922328,4,6,1,1,1,1,1,0,0,1
0.12,35,20260854,2.9555250659708333e-06,5.349983150494346e-06,-25.293653530240586,-22.71647585765473,44.75636683644997,3,8,1,1,1,1,1,0,0,1
0.12,36,20260855,4.715085829824375e-06,4.8452907265322844e-06,-23.26510397289359,-23.14680159347851,2.6872463192955927,4,6,1,1,1,1,1,0,0,1
0.12,37,20260856,2.587479599453371e-06,3.9344785413147695e-06,-25.87123065643144,-24.051128189939448,34.23576790969807,3,10,1,1,1,1,1,0,0,1
0.12,38,20260857,1.626426741568363e-06,2.1480687652537955e-06,-27.88765493678859,-26.679518198569106,24.284232987476088,3,7,1,1,1,1,1,0,0,1
0.12,39,20260858,4.759204304129745e-06,5.450254187378e-06,-23.224656513156194,-22.63583242750628,12.679223014013312,3,8,1,1,1,1,1,0,0,1
0.12,40,20260859,2.755577482923346e-06,4.954237363915809e-06,-25.597873727230883,-23.050231896417216,44.37938111335568,4,12,1,1,1,1,1,0,0,1
0.12,41,20260860,2.6951892033420878e-06,3.262563266896799e-06,-25.69410741763633,-24.864410578305957,17.390438656362715,4,7,1,1,1,1,1,0,0,1
0.12,42,20260861,3.863328831299835e-06,6.613923516132336e-06,-24.130383248499694,-21.79540831604617,41.5879421363642,3,8,1,1,1,1,1,0,0,1
0.12,43,20260862,3.3564269371351953e-06,5.073235119122103e-06,-24.74122802119571,-22.947150098349482,33.84050101513908,5,16,1,1,1,1,1,0,0,1
0.12,44,20260863,3.012261865172964e-06,5.246201544256524e-06,-25.211072762773874,-22.80155029056926,42.58204074392165,4,9,1,1,1,1,1,0,0,1
0.12,45,20260864,4.579037005211932e-06,7.300053982288577e-06,-23.392258467334067,-21.366739283557948,37.273929530910166,3,9,1,1,1,1,1,0,0,1
0.12,46,20260865,4.125570086569867e-06,5.610478129807973e-06,-23.845160305456744,-22.510001262146112,26.466693370551106,5,9,1,1,1,1,1,0,0,1
0.12,47,20260866,2.2399598716821253e-06,3.234190827637827e-06,-26.497597618725894,-24.902343589054684,30.741258291238907,4,8,1,1,1,1,1,0,0,1
0.12,48,20260867,5.111800159979699e-06,7.33979134200182e-06,-22.914261327672083,-21.343162861745665,30.354966213718953,3,9,1,1,1,1,1,0,0,1
0.12,49,20260868,1.937411876630199e-06,3.7982109943343605e-06,-27.127780422996437,-24.20420913445787,48.99146257224365,6,15,1,1,1,1,1,0,0,1
0.12,50,20260869,1.9925112723736235e-06,3.1638897901745455e-06,-27.005992129602994,-24.997786529722962,37.02336666209537,3,9,1,1,1,1,1,0,0,1
0.12,51,20260870,2.7438793907627897e-06,3.3640859748616246e-06,-25.61634982279196,-24.73132913608115,18.436109800206456,5,7,1,1,1,1,1,0,0,1
0.12,52,20260871,2.6685211680660953e-06,4.424849814349273e-06,-25.737293478021833,-23.541014652839568,39.69239002389659,4,10,1,1,1,1,1,0,0,1
0.12,53,20260872,2.583246201209989e-06,5.537951023656007e-06,-25.878342005895615,-22.56650889372314,53.35375502283516,4,7,1,1,1,1,1,0,0,1
0.12,54,20260873,2.537963915293191e-06,3.533147633254427e-06,-25.955145569853862,-24.51838215107422,28.16705728892964,4,7,1,1,1,1,1,0,0,1
0.12,55,20260874,7.379355825141231e-06,1.1592440510435768e-05,-21.31981547905545,-19.358251241193067,36.34337982154686,4,7,1,1,1,1,1,0,0,1
0.12,56,20260875,5.454135636053659e-06,1.0057154836220224e-05,-22.63274066017199,-19.975248635836685,45.76860230478977,4,7,1,1,1,1,1,0,0,1
0.12,57,20260876,2.696411750267701e-06,4.258377319596501e-06,-25.692137889856625,-23.707558599107095,36.67983018181213,4,9,1,1,1,1,1,0,0,1
0.12,58,20260877,4.39015589735872e-06,4.880299577142091e-06,-23.57520057397858,-23.11553518016471,10.043311317999045,4,6,1,1,1,1,1,0,0,1
0.12,59,20260878,2.6480672463305606e-06,4.002928628427363e-06,-25.77070990403233,-23.976221532265182,33.84675341136644,6,8,1,1,1,1,1,0,0,1
0.12,60,20260879,2.389204915683222e-06,3.835361589488163e-06,-26.217466003823983,-24.16193685452505,37.705875705918345,3,7,1,1,1,1,1,0,0,1
0.12,61,20260880,2.4716832505600302e-06,3.361167549612886e-06,-26.070071854230108,-24.73509838003997,26.463551308392816,6,10,1,1,1,1,1,0,0,1
0.12,62,20260881,2.479905772562151e-06,3.110041442614447e-06,-26.055648204777132,-25.072338237773902,20.2613271134604,6,7,1,1,1,1,1,0,0,1
0.12,63,20260882,1.4132367821646201e-06,1.9780596102344316e-06,-28.497850677534355,-27.037606247682675,28.554388611315456,5,8,1,1,1,1,1,0,0,1
0.12,64,20260883,2.017470959143356e-06,2.7634456166746892e-06,-26.95192708092665,-25.58549077711657,26.99436721425261,3,7,1,1,1,1,1,0,0,1
0.12,65,20260884,1.7683898498446818e-06,3.0661109459274163e-06,-27.524219865105067,-25.134121344352277,42.32466205459531,4,7,1,1,1,1,1,0,0,1
0.12,66,20260885,2.2573561543509513e-06,2.8804735419052654e-06,-26.46399914707488,-25.40536109556468,21.632463499114742,3,7,1,1,1,1,1,0,0,1
0.12,67,20260886,5.533993966006401e-06,9.697063728900428e-06,-22.56961318728054,-20.13359750206197,42.93124062376443,3,16,1,1,1,1,1,0,0,1
0.12,68,20260887,3.2215693008733103e-06,5.6089211308564214e-06,-24.919325218799035,-22.511206667251358,42.56347654541879,4,7,1,1,1,1,1,0,0,1
0.12,69,20260888,2.8581957888937608e-06,2.674106919740958e-06,-25.439080249768903,-25.728212321805472,-6.884125230513806,5,7,1,1,1,1,0,1,0,1
0.12,70,20260889,3.2864961404256406e-06,5.513164723503724e-06,-24.832668734072953,-22.585990313843304,40.38821066937017,7,9,1,1,1,1,1,0,0,1
0.12,71,20260890,3.975437209216884e-06,5.5166978006194315e-06,-24.0061510169712,-22.583208056232,27.93810078249147,5,11,1,1,1,1,1,0,0,1
0.12,72,20260891,2.9337584195331223e-06,3.445214877804224e-06,-25.325756510187354,-24.627836859960045,14.845415348870018,4,7,1,1,1,1,1,0,0,1
0.12,73,20260892,2.2491300331000267e-06,4.051616515183159e-06,-26.479854351711726,-23.92371667265692,44.488082110644875,3,7,1,1,1,1,1,0,0,1
0.12,74,20260893,2.2502189847344296e-06,3.1637771970703726e-06,-26.477752155624067,-24.997941084518423,28.87555461180671,5,7,1,1,1,1,1,0,0,1
0.12,75,20260894,3.2868123034118493e-06,4.4612166382354575e-06,-24.83225096015721,-23.505466867548424,26.32475465903668,5,9,1,1,1,1,1,0,0,1
0.12,76,20260895,1.9537749654333907e-06,2.9733186532822235e-06,-27.091254595008756,-25.26758544563583,34.28975521084383,3,7,1,1,1,1,1,0,0,1
0.12,77,20260896,3.253758511295944e-06,6.411854669124473e-06,-24.876146828384428,-21.930163299099984,49.25401963703213,4,8,1,1,1,1,1,0,0,1
0.12,78,20260897,4.745227430990836e-06,6.7256197254698525e-06,-23.237429677135474,-21.722676918532127,29.44549908136036,4,8,1,1,1,1,1,0,0,1
0.12,79,20260898,3.5536194387067954e-06,1.0469056923901181e-05,-24.493290831483684,-19.80092438778922,66.05597367042897,4,19,1,1,1,1,1,0,0,1
0.12,80,20260899,3.3504688423520157e-06,5.0040436528519985e-06,-24.748944164260244,-23.006789103874805,33.04477189277809,3,7,1,1,1,1,1,0,0,1
0.12,81,20260900,2.6354266349960295e-06,3.533343522893838e-06,-25.79149069170091,-24.518141370218206,25.412668824298382,4,9,1,1,1,1,1,0,0,1
0.12,82,20260901,4.010817576286759e-06,3.933784473093449e-06,-23.96767090552312,-24.051894381915524,-1.958244121410453,4,6,1,1,1,1,0,1,0,1
0.12,83,20260902,2.4582022730892367e-06,4.136937785134579e-06,-26.093823840727595,-23.833210103531982,40.5791819755571,4,7,1,1,1,1,1,0,0,1
0.12,84,20260903,5.09038397845417e-06,7.015269679194235e-06,-22.93249456674216,-21.53955629277851,27.438513254149832,5,10,1,1,1,1,1,0,0,1
0.12,85,20260904,3.9336227955355016e-06,4.916230623881112e-06,-24.05207287952948,-23.08367752244154,19.987016548257287,3,8,1,1,1,1,1,0,0,1
0.12,86,20260905,4.599747964459889e-06,4.9392191391582725e-06,-23.372659641103898,-23.063417049953777,6.872972531367279,4,10,1,1,1,1,1,0,0,1
0.12,87,20260906,2.6506998820304132e-06,3.1480533034262415e-06,-25.766394412433296,-25.019579226954708,15.798761121818506,3,8,1,1,1,1,1,0,0,1
0.12,88,20260907,4.426547170538802e-06,4.696008751455055e-06,-23.53934903454851,-23.282711024109748,5.7380979290713565,4,7,1,1,1,1,1,0,0,1
0.12,89,20260908,2.986090643368872e-06,5.346118152041926e-06,-25.248970133164732,-22.719614473354092,44.144694179114836,3,9,1,1,1,1,1,0,0,1
0.12,90,20260909,4.093242265021969e-06,8.6820092939039e-06,-23.879325501877382,-20.613797535941842,52.853744721327914,3,16,1,1,1,1,1,0,0,1
0.12,91,20260910,2.6047552981542035e-06,4.3491690025086244e-06,-25.842330699280033,-23.615937159421932,40.10912667105448,3,8,1,1,1,1,1,0,0,1
0.12,92,20260911,2.480932074486961e-06,4.7820352946279034e-06,-26.05385126126552,-23.203872228238467,48.11974563897473,4,14,1,1,1,1,1,0,0,1
0.12,93,20260912,2.1808160177048177e-06,3.336257079304895e-06,-26.61380971682151,-24.7674049166085,34.6328545473124,3,8,1,1,1,1,1,0,0,1
0.12,94,20260913,5.578650603687966e-06,1.0690016835708323e-05,-22.53470838023589,-19.710216108202708,47.81438898156493,4,8,1,1,1,1,1,0,0,1
0.12,95,20260914,4.645115246360335e-06,5.184555301743499e-06,-23.33003506592307,-22.852884887024054,10.404750725713303,8,7,1,1,1,1,1,0,0,1
0.12,96,20260915,4.7391177527487145e-06,6.368126147956489e-06,-23.243025002616324,-21.959883421267357,25.58065524079667,4,9,1,1,1,1,1,0,0,1
0.12,97,20260916,3.0358640412234277e-06,5.378360525575702e-06,-25.1771768187688,-22.693500892417234,43.554099306154875,3,17,1,1,1,1,1,0,0,1
0.12,98,20260917,4.533800979059898e-06,5.195955143325844e-06,-23.435375480809476,-22.84334606846537,12.74364666362597,4,7,1,1,1,1,1,0,0,1
0.12,99,20260918,4.848489204231951e-06,6.501896859779138e-06,-23.14393567063771,-21.869599240407624,25.42961986639929,3,7,1,1,1,1,1,0,0,1
0.12,100,20260919,1.8746706501192602e-06,2.6955694919350893e-06,-27.270750198826946,-25.693494675545352,30.45363305497734,4,8,1,1,1,1,1,0,0,1
0.12,101,20260920,2.476943953541286e-06,4.743337953365552e-06,-26.060838201978243,-23.23915931630419,47.78057186956679,3,7,1,1,1,1,1,0,0,1
0.12,102,20260921,4.288273107975612e-06,7.551748698131056e-06,-23.677175634482744,-21.219524706208563,43.21483302222577,5,12,1,1,1,1,1,0,0,1
0.12,103,20260922,6.9945261208500564e-06,7.87174056985944e-06,-21.552417036269542,-21.039292274495665,11.143843489560632,4,7,1,1,1,1,1,0,0,1
0.12,104,20260923,3.2716439139996396e-06,4.393123517950547e-06,-24.852339710766884,-23.57226585851408,25.528069023520043,3,7,1,1,1,1,1,0,0,1
0.12,105,20260924,1.4667019255373297e-06,1.941237759411491e-06,-28.33658137859218,-27.119212697240698,24.445013578245174,4,8,1,1,1,1,1,0,0,1
0.12,106,20260925,3.74074941866473e-06,5.9878448773748135e-06,-24.27041382883339,-22.227294591260403,37.52761644178153,4,9,1,1,1,1,1,0,0,1
0.12,107,20260926,5.732260929885361e-06,5.839896213547997e-06,-22.41674048939349,-22.335948710869026,1.8431026807108641,3,7,1,1,1,1,1,0,0,1
0.12,108,20260927,2.39439800046264e-06,3.3065612645845213e-06,-26.20803658842608,-24.806234261961997,27.586461920175466,5,7,1,1,1,1,1,0,0,1
0.12,109,20260928,5.146377046753384e-06,5.785325498863988e-06,-22.884983985909344,-22.376722013822924,11.0442956448357,5,9,1,1,1,1,1,0,0,1
0.12,110,20260929,2.7750787021097525e-06,3.66757182701839e-06,-25.56724695637774,-24.356213720252992,24.33471427427241,3,8,1,1,1,1,1,0,0,1
0.12,111,20260930,2.5130979495090547e-06,3.2262583736088613e-06,-25.9979058418805,-24.91300855254769,22.10487634634396,3,11,1,1,1,1,1,0,0,1
0.12,112,20260931,4.428218728261094e-06,6.127752348273889e-06,-23.537709356409316,-22.12698794934107,27.735024580285664,4,8,1,1,1,1,1,0,0,1
0.12,113,20260932,3.200670492456243e-06,5.6693512722505385e-06,-24.947590339701932,-22.464666333470444,43.5443256422937,4,17,1,1,1,1,1,0,0,1
0.12,114,20260933,2.483407970230589e-06,5.455946999744679e-06,-26.049519293919637,-22.631298571621024,54.48254958585916,4,8,1,1,1,1,1,0,0,1
0.12,115,20260934,2.4591359702875496e-06,4.46260543310463e-06,-26.092174576325597,-23.50411510157141,44.89461353573597,3,11,1,1,1,1,1,0,0,1
0.12,116,20260935,3.359708591885178e-06,4.201868991588939e-06,-24.736983899984356,-23.765574924148286,20.04251920727537,4,8,1,1,1,1,1,0,0,1
0.12,117,20260936,1.818825206666352e-06,4.2569583143407515e-06,-27.402090356411946,-23.709006025690286,57.274065838532366,5,6,1,1,1,1,1,0,0,1
0.12,118,20260937,2.6287889505538753e-06,4.798314370890945e-06,-25.802442793516356,-23.18911301789069,45.2143242947676,4,6,1,1,1,1,1,0,0,1
0.12,119,20260938,4.816794596624087e-06,5.334032965961818e-06,-23.17241872982784,-22.72944304564578,9.696947368686992,5,7,1,1,1,1,1,0,0,1
0.12,120,20260939,4.457827394371119e-06,6.328472023310223e-06,-23.508767512715274,-21.987011354721872,29.55918303895146,3,7,1,1,1,1,1,0,0,1
0.12,121,20260940,3.829923603399909e-06,4.79881460390095e-06,-24.168098889433264,-23.188660281584497,20.190215302617247,5,12,1,1,1,1,1,0,0,1
0.12,122,20260941,6.071126497425802e-06,7.954162309534391e-06,-22.16730718113435,-20.994055512157736,23.673590490496483,4,10,1,1,1,1,1,0,0,1
0.12,123,20260942,4.773964928468735e-06,5.926441863386821e-06,-23.21120775825378,-22.27205971540294,19.44635519059109,3,7,1,1,1,1,1,0,0,1
0.12,124,20260943,2.91689766612192e-06,3.83051071724157e-06,-25.35078807017504,-24.16743318226443,23.8509462199746,4,8,1,1,1,1,1,0,0,1
0.12,125,20260944,4.0057610823975065e-06,7.427820430620539e-06,-23.973149571120018,-21.291386039808945,46.07084110590359,4,7,1,1,1,1,1,0,0,1
0.12,126,20260945,3.819913003353833e-06,6.27555694649898e-06,-24.17946527819602,-22.02347725136532,39.130294953583466,4,10,1,1,1,1,1,0,0,1
0.12,127,20260946,3.449307606715637e-06,5.141479324160245e-06,-24.62268073843045,-22.889119063188996,32.912156419514325,3,10,1,1,1,1,1,0,0,1
0.12,128,20260947,2.352853144947052e-06,4.274662798545226e-06,-26.284051787863586,-23.690981383643468,44.95815796867564,3,7,1,1,1,1,1,0,0,1
0.12,129,20260948,5.752808371134105e-06,6.683007908293587e-06,-22.401200922955717,-21.750280249564753,13.918875301720176,3,7,1,1,1,1,1,0,0,1
0.12,130,20260949,3.2266260730261875e-06,3.928647704011568e-06,-24.91251361162805,-24.057569141924205,17.86929457351296,4,9,1,1,1,1,1,0,0,1
0.12,131,20260950,1.9993828942056764e-06,3.4246490096768784e-06,-26.991040278343643,-24.653839324844494,41.617874165904034,5,14,1,1,1,1,1,0,0,1
0.12,132,20260951,2.8187191054793452e-06,4.293801485800563e-06,-25.49948200828828,-23.671580380586686,34.35376286489392,3,9,1,1,1,1,1,0,0,1
0.12,133,20260952,2.49674218146334e-06,3.5385002311917612e-06,-26.026263014406762,-24.511807716836202,29.440666431087358,3,7,1,1,1,1,1,0,0,1
0.12,134,20260953,2.222518544014167e-06,2.855588526895455e-06,-26.53154606722461,-25.44304371606287,22.169509959810306,7,8,1,1,1,1,1,0,0,1
0.12,135,20260954,4.441543434273816e-06,7.0178351395116855e-06,-23.524660865273912,-21.537968382923612,36.71063303742888,3,8,1,1,1,1,1,0,0,1
0.12,136,20260955,2.410710024034484e-06,3.7143954286912864e-06,-26.178550262610965,-24.301118638280364,35.09818568552722,4,7,1,1,1,1,1,0,0,1
0.12,137,20260956,1.4937750281551824e-06,2.4887806733149356e-06,-28.257148050559863,-26.040133744103088,39.979643679667994,3,7,1,1,1,1,1,0,0,1
0.12,138,20260957,3.19178657320574e-06,6.991841536259405e-06,-24.959661565374564,-21.554084231522555,54.349843933772455,4,7,1,1,1,1,1,0,0,1
0.12,139,20260958,5.021533830990795e-06,9.356222333391118e-06,-22.99163607040336,-20.288994665317993,46.3294730281301,4,8,1,1,1,1,1,0,0,1
0.12,140,20260959,5.143188002673456e-06,7.448678455701508e-06,-22.887676003082372,-21.279207729305757,30.951671047947304,4,10,1,1,1,1,1,0,0,1
0.12,141,20260960,5.125171757056654e-06,7.632100262341389e-06,-22.90291575756692,-21.173559329717296,32.847164202683764,5,8,1,1,1,1,1,0,0,1
0.12,142,20260961,1.502052384299227e-06,3.0296423514591306e-06,-28.233149209833954,-25.18608636829519,50.42146200604136,4,7,1,1,1,1,1,0,0,1
0.12,143,20260962,5.710301998304899e-06,7.583188154492655e-06,-22.43340922799844,-21.20148168140545,24.69787268931427,3,8,1,1,1,1,1,0,0,1
0.12,144,20260963,5.165738869779628e-06,5.129806778075255e-06,-22.868675513721698,-22.89898992938101,-0.7004570202906463,5,7,1,1,1,1,0,1,0,1
0.12,145,20260964,3.0102369791045798e-06,4.648873902181114e-06,-25.213993134871426,-23.32652233625394,35.24803979535204,4,7,1,1,1,1,1,0,0,1
0.12,146,20260965,2.510879491752162e-06,4.242432793756281e-06,-26.00174130506098,-23.723850288056852,40.81510270598746,5,11,1,1,1,1,1,0,0,1
0.12,147,20260966,6.877238738821963e-06,8.689638275130157e-06,-21.62585899148841,-20.609983016163053,20.857019347920403,7,11,1,1,1,1,1,0,0,1
0.12,148,20260967,6.1751322435740365e-06,9.224313590992622e-06,-22.093537373331564,-20.35065941129374,33.05591594800134,3,14,1,1,1,1,1,0,0,1
0.12,149,20260968,2.6548193646518472e-06,3.6293472548120253e-06,-25.759650232091534,-24.40171476651006,26.851326746650805,6,7,1,1,1,1,1,0,0,1
0.12,150,20260969,3.921057111054169e-06,5.382615432469528e-06,-24.065968320596376,-22.690066477753533,27.15331124343023,5,10,1,1,1,1,1,0,0,1
0.12,151,20260970,5.263038886868744e-06,1.0221381909677974e-05,-22.78763421111333,-19.90490384516776,48.509517270991424,4,10,1,1,1,1,1,0,0,1
0.12,152,20260971,4.884097957554367e-06,7.253755814721167e-06,-23.11215634244212,-21.394370682902007,32.668012512327586,7,7,1,1,1,1,1,0,0,1
0.12,153,20260972,2.1153132922570747e-06,3.007280571953583e-06,-26.746253015645006,-25.218260513917183,29.660261434039402,6,8,1,1,1,1,1,0,0,1
0.12,154,20260973,2.8705843358083173e-06,3.7940873119642268e-06,-25.420296893335014,-24.208926790699298,24.340583129010945,3,7,1,1,1,1,1,0,0,1
0.12,155,20260974,1.4391945267915357e-06,2.2149080202525548e-06,-28.418805012666976,-26.546443042608608,35.02237954660385,3,7,1,1,1,1,1,0,0,1
0.12,156,20260975,2.163833063856645e-06,2.4301832670736694e-06,-26.647762473743516,-26.143609737771577,10.960087118769136,4,7,1,1,1,1,1,0,0,1
0.12,157,20260976,3.0707819575601988e-06,5.6779444944278416e-06,-25.127510197634653,-22.458088572982785,45.91736568446964,3,9,1,1,1,1,1,0,0,1
0.12,158,20260977,2.9845856416784794e-06,3.320085485018739e-06,-25.251159546598096,-24.788507340086245,10.10515677545471,5,8,1,1,1,1,1,0,0,1
0.12,159,20260978,3.01903186946753e-06,3.7398728942131267e-06,-25.201323024585726,-24.271431577674075,19.274479243960037,4,6,1,1,1,1,1,0,0,1
0.12,160,20260979,4.208285609302533e-06,5.527341779281834e-06,-23.75894793014291,-22.574836802948465,23.864204940673773,5,9,1,1,1,1,1,0,0,1
0.12,161,20260980,3.500748784072454e-06,5.2599311323545994e-06,-24.558390533611053,-22.79019941974431,33.44496922138694,4,8,1,1,1,1,1,0,0,1
0.12,162,20260981,3.941429185742924e-06,3.491827624808667e-06,-24.043462718455757,-24.569472035237894,-12.875823472497224,4,7,1,1,1,1,0,1,0,1
0.12,163,20260982,3.512290775397072e-06,4.821742112261004e-06,-24.544095369222685,-23.16796021295157,27.157224637422722,3,8,1,1,1,1,1,0,0,1
0.12,164,20260983,2.8883259529006413e-06,3.589145817470328e-06,-25.393537974049675,-24.45008897075985,19.526090613494013,5,8,1,1,1,1,1,0,0,1
0.12,165,20260984,1.3725842220419816e-06,1.6626593724525024e-06,-28.624609976641196,-27.79196715192173,17.44645687604948,4,7,1,1,1,1,1,0,0,1
0.12,166,20260985,4.89093659693384e-06,8.131442732028487e-06,-23.106079670663163,-20.898323922939397,39.851552078584994,3,8,1,1,1,1,1,0,0,1
0.12,167,20260986,5.328538501445901e-06,5.888456077874118e-06,-22.733918918729078,-22.29998560010024,9.508733172556187,3,7,1,1,1,1,1,0,0,1
0.12,168,20260987,3.0064713762702394e-06,3.700438097872201e-06,-25.219429265888337,-24.31746856412664,18.753636819407987,5,7,1,1,1,1,1,0,0,1
0.12,169,20260988,3.403847123039997e-06,5.222503096669001e-06,-24.68029953614208,-22.821212938338462,34.823454193621686,5,7,1,1,1,1,1,0,0,1
0.12,170,20260989,1.3074604922393887e-06,1.9653609259480673e-06,-28.83571425414154,-27.06557682563952,33.47478954234908,3,10,1,1,1,1,1,0,0,1
0.12,171,20260990,1.2825204324860654e-06,2.6886528815731045e-06,-28.919357071944983,-25.704652637299674,52.29877232290115,3,7,1,1,1,1,1,0,0,1
0.12,172,20260991,1.6164288812423716e-06,3.17373067002517e-06,-27.91443398484192,-24.984299312310906,49.06849227916519,4,7,1,1,1,1,1,0,0,1
0.12,173,20260992,2.2740961773853606e-06,3.7162184641487146e-06,-26.43191171827498,-24.298987631968426,38.806176242755015,4,8,1,1,1,1,1,0,0,1
0.12,174,20260993,3.481450352186318e-06,4.518769607893706e-06,-24.58239793774416,-23.449798008620164,22.9557898657928,4,8,1,1,1,1,1,0,0,1
0.12,175,20260994,4.564975318763746e-06,1.0856570267367029e-05,-23.405615662027795,-19.643073523908743,57.95195714354402,3,17,1,1,1,1,1,0,0,1
0.12,176,20260995,4.41985871862571e-06,6.2187035532602915e-06,-23.5459161271016,-22.063001455906956,28.926364140504777,5,9,1,1,1,1,1,0,0,1
0.12,177,20260996,2.9155772211546453e-06,4.5029905720682895e-06,-25.352754514896446,-23.46498962320435,35.25242448341441,3,9,1,1,1,1,1,0,0,1
0.12,178,20260997,4.700022067652482e-06,6.18716155815405e-06,-23.27900102949984,-22.085085436052214,24.035892331624503,5,11,1,1,1,1,1,0,0,1
0.12,179,20260998,3.5956805912759186e-06,3.5335904525058756e-06,-24.442188941377463,-24.517837871789204,-1.7571402120472455,5,8,1,1,1,1,0,1,0,1
0.12,180,20260999,1.8280827935938864e-06,2.008236897855995e-06,-27.380041390252124,-26.971850577804197,8.970759597856313,3,7,1,1,1,1,1,0,0,1
0.12,181,20261000,3.409587102561094e-06,5.183550122358863e-06,-24.6729821043171,-22.853726976959642,34.222935592846106,4,9,1,1,1,1,1,0,0,1
0.12,182,20261001,2.4302309930946798e-06,3.351297733845295e-06,-26.14352444813798,-24.74786987138725,27.483882779157877,3,8,1,1,1,1,1,0,0,1
0.12,183,20261002,2.9608518359968703e-06,4.805241633773574e-06,-25.28583324599535,-23.182847687496547,38.382873086203105,3,11,1,1,1,1,1,0,0,1
0.12,184,20261003,2.5170933584912086e-06,4.116239640011215e-06,-25.991006762570976,-23.854993493360027,38.849688584109,3,9,1,1,1,1,1,0,0,1
0.12,185,20261004,3.3043615286846502e-06,4.658217838437523e-06,-24.80912442791338,-23.31780205835852,29.063825624071473,4,8,1,1,1,1,1,0,0,1
0.12,186,20261005,3.5795748008023986e-06,6.203075794335639e-06,-24.461685578902866,-22.073929122316763,42.29355049843015,4,15,1,1,1,1,1,0,0,1
0.12,187,20261006,1.935051213276422e-06,3.831825403443308e-06,-27.133075364078486,-24.16594287706388,49.50053800630973,4,8,1,1,1,1,1,0,0,1
0.12,188,20261007,1.7053034760901492e-06,1.7132772913347835e-06,-27.681983226754426,-27.661723414415768,0.4654130002751648,3,7,1,1,1,1,1,0,0,1
0.12,189,20261008,2.8979919081901486e-06,3.1247491527549943e-06,-25.379028315057255,-25.05184841022937,7.256814338678061,3,7,1,1,1,1,1,0,0,1
0.12,190,20261009,5.521062744357352e-06,6.030555988186926e-06,-22.57977317273314,-22.19642646156632,8.44852854077808,5,7,1,1,1,1,1,0,0,1
0.12,191,20261010,5.045417590316297e-06,6.1452222095696005e-06,-22.971028830118616,-22.11462408522833,17.89690562435059,3,9,1,1,1,1,1,0,0,1
0.12,192,20261011,3.6743748300657453e-06,4.302390733201034e-06,-24.348165425523028,-23.66290150534494,14.596905350529068,3,7,1,1,1,1,1,0,0,1
0.12,193,20261012,3.0344139451237263e-06,3.958958807941749e-06,-25.179251744324844,-24.024190169587488,23.353232697530665,5,10,1,1,1,1,1,0,0,1
0.12,194,20261013,2.830257352262138e-06,3.7324462775913633e-06,-25.481740727492834,-24.280064345107824,24.1715180402122,5,8,1,1,1,1,1,0,0,1
0.12,195,20261014,4.916657600687295e-06,6.662862043028529e-06,-23.083300352139776,-21.76339178863293,26.20802338491038,3,13,1,1,1,1,1,0,0,1
0.12,196,20261015,2.7444146138096973e-06,4.881429371967899e-06,-25.61550276752705,-23.114529899925355,43.778463136847265,3,7,1,1,1,1,1,0,0,1
0.12,197,20261016,2.6249330755460066e-06,3.7450435934539e-06,-25.808817647500568,-24.26543122614372,29.909144979400935,4,8,1,1,1,1,1,0,0,1
0.12,198,20261017,7.484494287568502e-06,9.021191976976788e-06,-21.258375387462035,-20.447360750055008,17.034308695903285,4,7,1,1,1,1,1,0,0,1
0.12,199,20261018,3.6750458545929502e-06,4.9627713865083895e-06,-24.3473723773014,-23.042757304171616,25.9477100923126,3,6,1,1,1,1,1,0,0,1
0.12,200,20261019,3.301611890974168e-06,3.6569818927612876e-06,-24.812739799874475,-24.368771900292852,9.717576192831226,4,7,1,1,1,1,1,0,0,1
0.12,201,20261020,2.071514639533664e-06,2.9572650285322037e-06,-26.837119931664493,-25.29109752487305,29.951674281901248,3,11,1,1,1,1,1,0,0,1
0.12,202,20261021,2.665105756227453e-06,3.824062730802368e-06,-25.742855527031807,-24.174749920711843,30.306955093588154,3,9,1,1,1,1,1,0,0,1
0.12,203,20261022,3.2961114153211492e-06,6.20853911299266e-06,-24.819981166832427,-22.07010578535928,46.91003220993889,3,18,1,1,1,1,1,0,0,1
0.12,204,20261023,2.1813125526327776e-06,4.281675505938122e-06,-26.6128210142799,-23.68386249540531,49.05469717152587,5,7,1,1,1,1,1,0,0,1
0.12,205,20261024,2.536729893518825e-06,3.900307303856843e-06,-25.957257732194726,-24.089011737141398,34.960768578148596,5,8,1,1,1,1,1,0,0,1
0.12,206,20261025,2.332716979772425e-06,3.3769261307712103e-06,-26.321379494099197,-24.7147843931997,30.921883113869374,5,9,1,1,1,1,1,0,0,1
0.12,207,20261026,2.0074086414161777e-06,3.290866888758924e-06,-26.97364210647871,-24.826896839914426,39.00061262662537,3,7,1,1,1,1,1,0,0,1
0.12,208,20261027,3.808799041984217e-06,4.900283896736806e-06,-24.19211940770319,-23.09778758499113,22.27391060912676,3,7,1,1,1,1,1,0,0,1
0.12,209,20261028,2.2475849767419517e-06,2.094402863510327e-06,-26.482838794690565,-26.78939777016637,-7.313880051466495,3,7,1,1,1,1,0,1,0,1
0.12,210,20261029,5.7820577075697864e-06,7.76242502851566e-06,-22.379175781869698,-21.100025813221826,25.512224770878866,4,25,1,0,1,1,1,0,0,1
0.12,211,20261030,5.036166126588783e-06,7.1691810425994354e-06,-22.97899952378545,-21.44530452281121,29.75256034596183,4,13,1,1,1,1,1,0,0,1
0.12,212,20261031,2.496362798430233e-06,4.440388645026894e-06,-26.026922980334923,-23.525790165962203,43.78053368760668,4,9,1,1,1,1,1,0,0,1
0.12,213,20261032,3.4145773981373225e-06,5.686455956090977e-06,-24.666630386922485,-22.451583202918624,39.95245150048441,5,7,1,1,1,1,1,0,0,1
0.12,214,20261033,1.97979534201197e-06,2.9907386307208083e-06,-27.033797018741886,-25.242215395583123,33.80246198462308,4,12,1,1,1,1,1,0,0,1
0.12,215,20261034,2.5773913300815186e-06,4.609117067833361e-06,-25.888196367101536,-23.36382261007968,44.080584368990856,5,9,1,1,1,1,1,0,0,1
0.12,216,20261035,2.4459608195537997e-06,2.822850162811958e-06,-26.115505039587138,-25.493121736387604,13.351376145403457,5,7,1,1,1,1,1,0,0,1
0.12,217,20261036,2.84404258930361e-06,3.767311118843858e-06,-25.46063904369467,-24.239685126298344,24.507360831499042,4,7,1,1,1,1,1,0,0,1
0.12,218,20261037,1.6166590688894044e-06,2.755469089687682e-06,-27.91381557156879,-25.598044564415837,41.32907986739041,5,11,1,1,1,1,1,0,0,1
0.12,219,20261038,3.714035141130503e-06,4.049205952980792e-06,-24.301539914075295,-23.92630133340658,8.277445398981383,3,10,1,1,1,1,1,0,0,1
0.12,220,20261039,1.5074949962117532e-06,5.911933557144072e-06,-28.217441207275993,-22.282704555211875,74.50081294655158,5,11,1,1,1,1,1,0,0,1
0.12,221,20261040,5.209626308829667e-06,5.461816247094105e-06,-22.831934279161665,-22.6266291500102,4.617327402741021,3,6,1,1,1,1,1,0,0,1
0.12,222,20261041,5.2663796968754265e-06,8.334549687098077e-06,-22.7848783221948,-20.79117859986136,36.81266661559643,4,7,1,1,1,1,1,0,0,1
0.12,223,20261042,3.36786582440033e-06,5.1014946542211e-06,-24.726452190973582,-22.92302564101961,33.982762843558476,4,8,1,1,1,1,1,0,0,1
0.12,224,20261043,1.1039096807194957e-06,2.3582242509107533e-06,-29.57066458101153,-26.27414898858253,53.18894374471968,3,6,1,1,1,1,1,0,0,1
0.12,225,20261044,1.4633274346617502e-06,2.857531556634034e-06,-28.346584851146815,-25.440089648534663,48.79050657325218,3,7,1,1,1,1,1,0,0,1
0.12,226,20261045,3.0538902784924275e-06,3.8044199047930957e-06,-25.151465705216722,-24.197115547550577,19.72783354842336,5,9,1,1,1,1,1,0,0,1
0.12,227,20261046,4.300377551040315e-06,5.916004230865952e-06,-23.66493413923798,-22.279715240867276,27.309424009474558,3,7,1,1,1,1,1,0,0,1
0.12,228,20261047,3.842399398690258e-06,4.594071511660394e-06,-24.15397494333263,-23.378022488280234,16.36178520648378,3,9,1,1,1,1,1,0,0,1
0.12,229,20261048,3.683187826692215e-06,4.6844141819402515e-06,-24.337761334350585,-23.29344712878319,21.37356596494069,3,8,1,1,1,1,1,0,0,1
0.12,230,20261049,3.2868364207239705e-06,4.491645298885846e-06,-24.83221909348465,-23.475945468938452,26.823330828476784,9,9,1,1,1,1,1,0,0,1
0.12,231,20261050,2.216407604188456e-06,3.3929773420951025e-06,-26.54350368505176,-24.694190405128325,34.676616413245355,4,7,1,1,1,1,1,0,0,1
0.12,232,20261051,4.334525915258339e-06,7.85113231220195e-06,-23.63058396145439,-21.050677035760067,44.79107289375605,5,13,1,1,1,1,1,0,0,1
0.12,233,20261052,3.879672566603638e-06,7.22578117756467e-06,-24.1120492608564,-21.41115194555312,46.30791507152701,3,9,1,1,1,1,1,0,0,1
0.12,234,20261053,2.6227097482550748e-06,4.116447201332361e-06,-25.81249769533962,-23.854774505954857,36.28705483198744,4,10,1,1,1,1,1,0,0,1
0.12,235,20261054,2.9639737044119094e-06,3.6785853318465333e-06,-25.281256536210037,-24.343191652106494,19.42626208091553,4,7,1,1,1,1,1,0,0,1
0.12,236,20261055,2.3033979314822625e-06,2.95068028624616e-06,-26.376310275077394,-25.300778448684515,21.936716010237987,4,8,1,1,1,1,1,0,0,1
0.12,237,20261056,4.7976239666941904e-06,7.038553653426248e-06,-23.189737946319582,-21.52516574504123,31.837928601158158,3,13,1,1,1,1,1,0,0,1
0.12,238,20261057,2.0528472603499224e-06,2.9858276030370028e-06,-26.876433625898983,-25.249352713635563,31.246959527673642,4,7,1,1,1,1,1,0,0,1
0.12,239,20261058,2.8771905311931894e-06,4.335400412074494e-06,-25.410313776279295,-23.62970785448728,33.63495276745498,3,8,1,1,1,1,1,0,0,1
0.12,240,20261059,1.9067716972465717e-06,2.412117122693226e-06,-27.197013030533977,-26.176016084288865,20.950285568323306,3,7,1,1,1,1,1,0,0,1
0.12,241,20261060,1.899701258094766e-06,3.250782883004115e-06,-27.21314689658675,-24.880120356905955,41.56173062104925,3,8,1,1,1,1,1,0,0,1
0.12,242,20261061,4.527128189135006e-06,6.1944205615081e-06,-23.44177207946592,-22.07999312162663,26.91603445096362,3,7,1,1,1,1,1,0,0,1
0.12,243,20261062,9.062503084609931e-06,1.3480203544900942e-05,-20.427518325998363,-18.703035501033764,32.77176376140152,3,7,1,1,1,1,1,0,0,1
0.12,244,20261063,4.198118002572562e-06,5.28461843393075e-06,-23.769453582391215,-22.76986364651858,20.559676066338792,4,7,1,1,1,1,1,0,0,1
0.12,245,20261064,3.7928829961265182e-06,7.038560555371142e-06,-24.210305543234078,-21.525161486389162,46.112802947583354,4,15,1,1,1,1,1,0,0,1
0.12,246,20261065,1.7738336142198985e-06,1.8285573452951615e-06,-27.510871194620584,-27.378914152249088,2.9927270925391523,3,8,1,1,1,1,1,0,0,1
0.12,247,20261066,9.151562318940688e-06,1.3958202211167315e-05,-20.385047585482372,-18.551705143810743,34.43595256401326,3,17,1,1,1,1,1,0,0,1
0.12,248,20261067,3.5374449257800225e-06,6.3551340181156055e-06,-24.513103129138788,-21.968752865396542,44.33720963717884,4,8,1,1,1,1,1,0,0,1
0.12,249,20261068,4.101489768648691e-06,5.512496954180445e-06,-23.870583674788417,-22.586516374847385,25.59651637470214,7,12,1,1,1,1,1,0,0,1
0.12,250,20261069,4.322759974255126e-06,5.977858040207505e-06,-23.642388784498152,-22.234544026267105,27.68714236470773,5,11,1,1,1,1,1,0,0,1
0.12,251,20261070,2.929981541615595e-06,3.3239395466600243e-06,-25.33135115618499,-24.78346883441089,11.852141096858636,5,7,1,1,1,1,1,0,0,1
0.12,252,20261071,3.91358575262927e-06,7.231587721358855e-06,-24.074251456857528,-21.407663413051846,45.88206762575389,4,18,1,1,1,1,1,0,0,1
0.12,253,20261072,5.891205569585249e-06,7.971022220551398e-06,-22.297958225909696,-20.98485980200206,26.092219961497953,4,12,1,1,1,1,1,0,0,1
0.12,254,20261073,2.6818602023819068e-06,4.16104034250016e-06,-25.715638644100345,-23.80798073574928,35.54832489870762,4,7,1,1,1,1,1,0,0,1
0.12,255,20261074,2.088492838182119e-06,3.4368253135628607e-06,-26.8016700967026,-24.638425415560295,39.231917608956486,5,8,1,1,1,1,1,0,0,1
0.12,256,20261075,2.441125984672301e-06,3.3968982175266616e-06,-26.124098063935143,-24.689174658555423,28.13661675003834,3,9,1,1,1,1,1,0,0,1
0.12,257,20261076,2.037017051412221e-06,4.2631266320092334e-06,-26.910053356030552,-23.702717668682233,52.21776814890988,5,9,1,1,1,1,1,0,0,1
0.12,258,20261077,3.984564323923065e-06,4.779433809964043e-06,-23.996191578462952,-23.206235485285664,16.631038688805653,4,7,1,1,1,1,1,0,0,1
0.12,259,20261078,5.178996488751456e-06,7.949125502169981e-06,-22.857543834243504,-20.996806462456583,34.848223400955554,5,10,1,1,1,1,1,0,0,1
0.12,260,20261079,5.80875060757416e-06,6.799881540877489e-06,-22.359172690874516,-21.674986529689622,14.575708817060201,3,9,1,1,1,1,1,0,0,1
0.12,261,20261080,4.348917094519891e-06,6.43711533649771e-06,-23.616188714185277,-21.913087093647743,32.43996934679689,5,11,1,1,1,1,1,0,0,1
0.12,262,20261081,4.332030164752117e-06,6.713303143328304e-06,-23.63308527960895,-21.73063741538122,35.470958598714574,4,9,1,1,1,1,1,0,0,1
0.12,263,20261082,2.511466454686163e-06,2.7292780342053636e-06,-26.0007261827767,-25.639522200755902,7.980556644996307,3,6,1,1,1,1,1,0,0,1
0.12,264,20261083,5.038412099072347e-06,6.452773646877433e-06,-22.97706313806204,-21.90253568991162,21.918660489346482,4,11,1,1,1,1,1,0,0,1
0.12,265,20261084,4.613770431312763e-06,6.651941554578576e-06,-23.35944018591357,-21.77051575242585,30.64024400308999,10,8,1,1,1,1,1,0,0,1
0.12,266,20261085,2.6044372623169604e-06,3.0391971909270465e-06,-25.842860997239768,-25.17241120863394,14.305091157229953,4,6,1,1,1,1,1,0,0,1
0.12,267,20261086,3.938986384527986e-06,6.0171370176565305e-06,-24.04615520367447,-22.206100989729215,34.537199785055144,6,8,1,1,1,1,1,0,0,1
0.12,268,20261087,2.6341833287067056e-06,3.4039795903074927e-06,-25.79354003149838,-24.680130525367467,22.614596861647126,4,7,1,1,1,1,1,0,0,1
0.12,269,20261088,5.034495615144537e-06,7.76004683783971e-06,-22.980440330611167,-21.10135657433314,35.12287077192344,3,8,1,1,1,1,1,0,0,1
0.12,270,20261089,1.9500056176817323e-06,2.5904701678249236e-06,-27.09964137496629,-25.866214047370683,24.72387283583175,3,7,1,1,1,1,1,0,0,1
0.12,271,20261090,3.837685758990982e-06,6.104021594708033e-06,-24.159305894555402,-22.143839386105242,37.12856844546361,3,7,1,1,1,1,1,0,0,1
0.12,272,20261091,3.932138122037178e-06,6.958462061468363e-06,-24.053712353503236,-21.574867362548122,43.49127598451798,4,8,1,1,1,1,1,0,0,1
0.12,273,20261092,4.364098669338135e-06,5.597023089180409e-06,-23.60105438866313,-22.52042901511537,22.028217504152106,4,7,1,1,1,1,1,0,0,1
0.12,274,20261093,3.9189687529759414e-06,5.516183701648785e-06,-24.06828199258367,-22.58361279246744,28.955071749975197,4,8,1,1,1,1,1,0,0,1
0.12,275,20261094,3.525328581561881e-06,7.441176643514802e-06,-24.528003979609014,-21.28358385773806,52.6240438784059,4,15,1,1,1,1,1,0,0,1
0.12,276,20261095,3.3720572091757923e-06,5.640080337658122e-06,-24.721050658923133,-22.487147098547567,40.21260323791877,3,9,1,1,1,1,1,0,0,1
0.12,277,20261096,2.910928915146382e-06,4.79718814746048e-06,-25.35968399898398,-23.190132480128447,39.32010115785514,5,7,1,1,1,1,1,0,0,1
0.12,278,20261097,5.686264133389068e-06,8.076391225463326e-06,-22.451729707079977,-20.92782651721386,29.59399842517091,4,8,1,1,1,1,1,0,0,1
0.12,279,20261098,4.069853549171535e-06,1.2767474501640123e-05,-23.904212182762564,-18.938950008159157,68.12326863352092,3,10,1,1,1,1,1,0,0,1
0.12,280,20261099,3.637864657667539e-06,5.22458911436718e-06,-24.391534623702626,-22.819478587824058,30.370320459005715,3,10,1,1,1,1,1,0,0,1
0.12,281,20261100,5.48288796298753e-06,8.790982714348352e-06,-22.60990628373935,-20.559625738951333,37.63054551297728,4,8,1,1,1,1,1,0,0,1
0.12,282,20261101,2.7448376837753112e-06,6.276931299361822e-06,-25.614833324980317,-22.02252624650443,56.2710255558416,5,8,1,1,1,1,1,0,0,1
0.12,283,20261102,3.356551859795347e-06,7.3066561899495104e-06,-24.741066384391495,-21.362813276240797,54.06172437109647,5,9,1,1,1,1,1,0,0,1
0.12,284,20261103,4.052740196453931e-06,5.332336815153441e-06,-23.922512360961854,-22.730824263356922,23.99692035700279,5,7,1,1,1,1,1,0,0,1
0.12,285,20261104,3.7559036222575684e-06,5.5063383155803974e-06,-24.25285560404525,-22.59137108584554,31.789450502340298,4,7,1,1,1,1,1,0,0,1
0.12,286,20261105,4.070280048718726e-06,5.845074169407465e-06,-23.90375708851179,-22.33209973610778,30.363928142739983,5,8,1,1,1,1,1,0,0,1
0.12,287,20261106,3.4891343938987103e-06,5.930408901546593e-06,-24.572823021470395,-22.269153610096005,41.16536562953057,3,8,1,1,1,1,1,0,0,1
0.12,288,20261107,3.8061105315630915e-06,6.293435997769183e-06,-24.195186037129766,-22.011121800805512,39.52253533821217,5,8,1,1,1,1,1,0,0,1
0.12,289,20261108,3.191927727750515e-06,6.034220120613206e-06,-24.959469505902568,-22.193788513661982,47.10289542062402,3,16,1,1,1,1,1,0,0,1
0.12,290,20261109,2.874770328718798e-06,4.761755926239284e-06,-25.41396846262833,-23.222328690327842,39.627936138482006,4,12,1,1,1,1,1,0,0,1
0.12,291,20261110,2.966737032050488e-06,3.977010786861463e-06,-25.27720947309973,-24.004432310738494,25.402841705849454,4,7,1,1,1,1,1,0,0,1
0.12,292,20261111,3.535695090947807e-06,4.603592555820943e-06,-24.515251944588726,-23.369031208782562,23.1970456100171,3,8,1,1,1,1,1,0,0,1
0.12,293,20261112,5.846101071100454e-06,6.291018429806685e-06,-22.331336805554272,-22.012790425289307,7.072262840595473,3,8,1,1,1,1,1,0,0,1
0.12,294,20261113,3.3788247496634128e-06,4.421200438170412e-06,-24.71234333299952,-23.544597956080086,23.576757106682024,6,11,1,1,1,1,1,0,0,1
0.12,295,20261114,3.326377771763256e-06,3.918945638404806e-06,-24.780284301388733,-24.068307607894567,15.12059419335944,3,8,1,1,1,1,1,0,0,1
0.12,296,20261115,4.601755956659903e-06,7.880480113099589e-06,-23.37076416846488,-21.03447322596989,41.605639623270136,4,9,1,1,1,1,1,0,0,1
0.12,297,20261116,4.461142675316241e-06,8.415159024793017e-06,-23.50553887022519,-20.749376725654564,46.986828624715514,4,10,1,1,1,1,1,0,0,1
0.12,298,20261117,3.004299595717125e-06,5.344504170198801e-06,-25.222567606562315,-22.720925797227594,43.78712224663915,4,7,1,1,1,1,1,0,0,1
0.12,299,20261118,1.7351145771923423e-06,2.9960377628655044e-06,-27.606718415650917,-25.23452716973655,42.08635823292079,4,8,1,1,1,1,1,0,0,1
0.12,300,20261119,3.939783441540773e-06,6.170096079441006e-06,-24.04527649425349,-22.097080731715927,36.14712978833051,3,9,1,1,1,1,1,0,0,1
0.12,301,20261120,2.3262815877237815e-06,4.415464048946734e-06,-26.33337716695784,-23.55023646943424,47.31512787928388,3,8,1,1,1,1,1,0,0,1
0.12,302,20261121,3.906440394239963e-06,4.035004968822269e-06,-24.082187979127472,-23.941559261387475,3.1862308863483535,3,7,1,1,1,1,1,0,0,1
0.12,303,20261122,2.1749190400861307e-06,2.800565490353238e-06,-26.62556904731529,-25.52754267035065,22.340004274929274,3,7,1,1,1,1,1,0,0,1
0.12,304,20261123,3.3229066295841586e-06,6.651274888299588e-06,-24.784818617986524,-21.770951029845747,50.04105700954322,4,25,1,0,1,1,1,0,0,1
0.12,305,20261124,2.0104757620009436e-06,2.134494765936219e-06,-26.96701158319685,-26.707049058063003,5.810227596453211,4,7,1,1,1,1,1,0,0,1
0.12,306,20261125,4.954963425956238e-06,7.456618462662804e-06,-23.049595468223,-21.27458078151046,33.549457428095494,4,8,1,1,1,1,1,0,0,1
0.12,307,20261126,3.7377347195631287e-06,6.168175051692717e-06,-24.2739152530021,-22.0984330958333,39.40290785785349,3,8,1,1,1,1,1,0,0,1
0.12,308,20261127,2.7199680147989113e-06,5.219377877982612e-06,-25.654362029797756,-22.82381259499814,47.887122212921085,5,14,1,1,1,1,1,0,0,1
0.12,309,20261128,3.561774816407553e-06,6.039010330137308e-06,-24.483335411004546,-22.190342275008415,41.02055433432965,4,10,1,1,1,1,1,0,0,1
0.12,310,20261129,2.8358115065095607e-06,5.134346749717108e-06,-25.473226396396562,-22.895148044601527,44.76782257322593,4,8,1,1,1,1,1,0,0,1
0.12,311,20261130,3.662862667818959e-06,6.086424591424243e-06,-24.361793640890706,-22.156377543635514,39.81913991048335,6,9,1,1,1,1,1,0,0,1
0.12,312,20261131,4.576475401175972e-06,5.11955570431527e-06,-23.394688676539815,-22.907677272149275,10.60795769213989,4,10,1,1,1,1,1,0,0,1
0.12,313,20261132,3.6406523095071684e-06,5.3619870918945265e-06,-24.38820795186529,-22.70674235844696,32.102553640784066,4,13,1,1,1,1,1,0,0,1
0.12,314,20261133,2.6365402699728033e-06,4.2587740087802016e-06,-25.789655909574314,-23.707154050879655,38.091566621353515,3,10,1,1,1,1,1,0,0,1
0.12,315,20261134,3.468590929507674e-06,5.487856663489232e-06,-24.598469159357332,-22.605972404260545,36.79516171433111,3,8,1,1,1,1,1,0,0,1
0.12,316,20261135,2.6498367805209715e-06,3.5122623350383093e-06,-25.767808760640087,-24.544130535846612,24.554702133544676,5,9,1,1,1,1,1,0,0,1
0.12,317,20261136,1.7067914748061366e-06,3.0363410706040604e-06,-27.678195350498353,-25.176494459644477,43.787886962692845,3,9,1,1,1,1,1,0,0,1
0.12,318,20261137,3.039557944653356e-06,5.115838087014541e-06,-25.171895730219845,-22.910832091169336,40.5853372809311,3,8,1,1,1,1,1,0,0,1
0.12,319,20261138,2.210193067108007e-06,3.131254236560222e-06,-26.555697877097536,-25.042816691915593,29.415087369718943,5,7,1,1,1,1,1,0,0,1
0.12,320,20261139,5.280313416075534e-06,8.077726501859224e-06,-22.773402988994313,-20.92710855392838,34.63119338269027,3,9,1,1,1,1,1,0,0,1
0.12,321,20261140,5.41012752074962e-06,1.006278038838054e-05,-22.66792498127222,-19.97282005314268,46.236255667502434,4,9,1,1,1,1,1,0,0,1
0.12,322,20261141,2.3498089534438826e-06,3.4214144376276736e-06,-26.28967445744388,-24.65794316322586,31.32054019526545,3,7,1,1,1,1,1,0,0,1
0.12,323,20261142,1.713886154282001e-06,2.6560217429031882e-06,-27.660180296760657,-25.757683740388757,35.471682080108934,5,8,1,1,1,1,1,0,0,1
0.12,324,20261143,4.304492079316725e-06,8.219824423812794e-06,-23.66078086989393,-20.851374589299766,47.63279776576942,3,7,1,1,1,1,1,0,0,1
0.12,325,20261144,2.520106174184154e-06,3.545379728831304e-06,-25.985811616426858,-24.50337242764651,28.918582297674515,4,7,1,1,1,1,1,0,0,1
0.12,326,20261145,1.950455269194484e-06,3.138311447917699e-06,-27.09864005139302,-25.033039589644464,37.8501687431746,4,8,1,1,1,1,1,0,0,1
0.12,327,20261146,4.359796458402965e-06,5.595809947231766e-06,-23.605337857442237,-22.52137044049786,22.088196355565184,4,15,1,1,1,1,1,0,0,1
0.12,328,20261147,1.4735040667447885e-06,2.5521631487862626e-06,-28.316486611968973,-25.930915664897313,42.264503448945035,4,7,1,1,1,1,1,0,0,1
0.12,329,20261148,2.0713698148982913e-06,3.0433234119932965e-06,-26.837423568131804,-25.16651892998152,31.93724312259016,5,8,1,1,1,1,1,0,0,1
0.12,330,20261149,2.827587247542819e-06,3.1434464188026216e-06,-25.485839856803786,-25.02593937959468,10.048180537466171,3,9,1,1,1,1,1,0,0,1
0.12,331,20261150,4.891424812569826e-06,6.088205487020129e-06,-23.105646177464564,-22.155106978319488,19.657363356112132,5,7,1,1,1,1,1,0,0,1
0.12,332,20261151,2.6940720901726964e-06,4.036778556532645e-06,-25.695907872524874,-23.93965073803383,33.26183112489714,5,7,1,1,1,1,1,0,0,1
0.12,333,20261152,3.91570978767776e-06,6.18013591078229e-06,-24.071895033552746,-22.090019739963385,36.640393606131816,4,8,1,1,1,1,1,0,0,1
0.12,334,20261153,2.2750866037273762e-06,3.754619615531616e-06,-26.430020667848733,-24.25434055262629,39.4056699028552,5,8,1,1,1,1,1,0,0,1
0.12,335,20261154,4.659186022867559e-06,5.680680808539291e-06,-23.316899495448933,-22.455996125858864,17.981907804716027,3,7,1,1,1,1,1,0,0,1
0.12,336,20261155,5.49557228602962e-06,8.989783822372362e-06,-22.599870752653697,-20.46250751634915,38.868693679228386,3,9,1,1,1,1,1,0,0,1
0.12,337,20261156,2.690004697815228e-06,4.366812768270823e-06,-25.702469615464956,-23.598354285160312,38.39890005450313,4,10,1,1,1,1,1,0,0,1
0.12,338,20261157,2.451373535098453e-06,4.01103331047867e-06,-26.105905068337094,-23.96743731312543,38.88423891433826,4,7,1,1,1,1,1,0,0,1
0.12,339,20261158,6.517871368622182e-06,8.097452826911802e-06,-21.858942146669506,-20.916515733667605,19.50713998653869,8,10,1,1,1,1,1,0,0,1
0.12,340,20261159,2.177011404356253e-06,3.3281856652574664e-06,-26.621392958849427,-24.77792454272041,34.58864308317244,3,10,1,1,1,1,1,0,0,1
0.12,341,20261160,2.097326587760836e-06,3.145989861296053e-06,-26.783339375752906,-25.022426813282035,33.3333329021982,4,10,1,1,1,1,1,0,0,1
0.12,342,20261161,2.4103116087212725e-06,3.850518531431021e-06,-26.179268075496317,-24.144807821342265,37.40293446073885,3,9,1,1,1,1,1,0,0,1
0.12,343,20261162,4.0576195442282725e-06,5.217160751897758e-06,-23.91728676274648,-22.825657815282312,22.225521942134883,4,9,1,1,1,1,1,0,0,1
0.12,344,20261163,1.929284531067574e-06,3.2822994410914837e-06,-27.14603717840796,-24.838218011983628,41.22155623845164,5,7,1,1,1,1,1,0,0,1
0.12,345,20261164,5.332516471236272e-06,9.53527384374051e-06,-22.730677944146844,-20.206668299260375,44.07589589325916,3,15,1,1,1,1,1,0,0,1
0.12,346,20261165,4.3021311066217694e-06,4.7400655361535095e-06,-23.663163587057007,-23.2421565372822,9.23899524577285,3,7,1,1,1,1,1,0,0,1
0.12,347,20261166,2.5623672240658245e-06,3.875674591892747e-06,-25.913586294872214,-24.11652694180105,33.88590390364915,4,8,1,1,1,1,1,0,0,1
0.12,348,20261167,3.738993857851992e-06,4.3149960477470245e-06,-24.2724524827268,-23.650195977338107,13.348846291430062,3,7,1,1,1,1,1,0,0,1
0.12,349,20261168,5.653545356100038e-06,6.4587995305306506e-06,-22.47679119312357,-21.898481949638096,12.467551758251481,5,7,1,1,1,1,1,0,0,1
0.12,350,20261169,1.7460374836716173e-06,2.904924755096916e-06,-27.57946437161373,-25.36865112454175,39.89388260029596,5,8,1,1,1,1,1,0,0,1
0.12,351,20261170,3.630150770416726e-06,5.837891475141589e-06,-24.400753371125816,-22.337439826925124,37.81743312847928,4,10,1,1,1,1,1,0,0,1
0.12,352,20261171,4.974195169128277e-06,5.728427095284387e-06,-23.03277178613213,-22.41964609727704,13.166475083133905,5,8,1,1,1,1,1,0,0,1
0.12,353,20261172,3.830538852171601e-06,4.121395292621713e-06,-24.167401283645972,-23.84955729282428,7.057232315735763,4,7,1,1,1,1,1,0,0,1
0.12,354,20261173,4.906176975017929e-06,5.129909366046301e-06,-23.092567900294547,-22.89890307826523,4.3613322393024205,4,8,1,1,1,1,1,0,0,1
0.12,355,20261174,4.1148498099553995e-06,4.801693952716114e-06,-23.856460117027357,-23.186055241795156,14.304204922768891,4,8,1,1,1,1,1,0,0,1
0.12,356,20261175,4.005331224603514e-06,6.7721848995554695e-06,-23.97361563707197,-21.69271192949337,40.85614489252314,4,9,1,1,1,1,1,0,0,1
0.12,357,20261176,4.82870301889608e-06,5.684615742453652e-06,-23.161695043161256,-22.45298886573806,15.056650481499982,5,7,1,1,1,1,1,0,0,1
0.12,358,20261177,2.9271457400253464e-06,4.318455944872288e-06,-25.335556538856153,-23.646715065389607,32.21777002261598,4,17,1,1,1,1,1,0,0,1
0.12,359,20261178,2.812075086884083e-06,4.203079026795319e-06,-25.5097308714295,-23.764324442609265,33.09487951673897,4,6,1,1,1,1,1,0,0,1
0.12,360,20261179,3.197748600625483e-06,4.623412485744052e-06,-24.951556824449383,-23.350373584998128,30.835749341303586,5,14,1,1,1,1,1,0,0,1
0.12,361,20261180,2.18091891976652e-06,2.4944223366835127e-06,-26.61360479929111,-26.030300131819494,12.568177100827862,4,7,1,1,1,1,1,0,0,1
0.12,362,20261181,4.062293550213184e-06,5.805246796983916e-06,-23.91228696728508,-22.36179312481838,30.02375795076056,4,9,1,1,1,1,1,0,0,1
0.12,363,20261182,4.041106351618441e-06,5.433966516581504e-06,-23.93499719883199,-22.648830419778797,25.63247603224667,4,9,1,1,1,1,1,0,0,1
0.12,364,20261183,3.5464126692334513e-06,6.664724348894102e-06,-24.502107302288127,-21.76217808175081,46.7883068589038,4,12,1,1,1,1,1,0,0,1
0.12,365,20261184,4.182073575389452e-06,8.80072806332067e-06,-23.786083308907614,-20.55481398213093,52.48036815477421,3,8,1,1,1,1,1,0,0,1
0.12,366,20261185,3.999291476422593e-06,5.258954751415172e-06,-23.980169424559055,-22.79100565884631,23.952730809361054,3,16,1,1,1,1,1,0,0,1
0.12,367,20261186,3.0778882585019244e-06,3.887878425879125e-06,-25.11747151105226,-24.10287323940038,20.833731887952386,3,10,1,1,1,1,1,0,0,1
0.12,368,20261187,3.1495097121564704e-06,3.4513706843526987e-06,-25.017570480763062,-24.620083940775448,8.746118565726936,4,8,1,1,1,1,1,0,0,1
0.12,369,20261188,4.164092923190226e-06,4.5586418597122295e-06,-23.804795876200814,-23.41164525907347,8.654966734914987,3,7,1,1,1,1,1,0,0,1
0.12,370,20261189,2.6328032377811675e-06,3.0510097583224592e-06,-25.79581596624641,-25.155564033117656,13.707151194797712,3,8,1,1,1,1,1,0,0,1
0.12,371,20261190,3.012715113655823e-06,5.654699007411591e-06,-25.21041933848329,-22.47590507077906,46.721919067538884,3,10,1,1,1,1,1,0,0,1
0.12,372,20261191,3.1540819820493817e-06,6.017891936971609e-06,-25.01127022519818,-22.205556151333752,47.58825822923277,3,10,1,1,1,1,1,0,0,1
0.12,373,20261192,2.6973257800365168e-06,4.246357696230317e-06,-25.69066596770075,-23.719834253947024,36.47907281972373,5,8,1,1,1,1,1,0,0,1
0.12,374,20261193,3.4206115560039073e-06,4.4960634878126335e-06,-24.658962414134137,-23.471675648295598,23.91985644161669,4,7,1,1,1,1,1,0,0,1
0.12,375,20261194,3.369247896888751e-06,5.699798953600831e-06,-24.724670340500033,-22.441404627277947,40.888302827589406,4,10,1,1,1,1,1,0,0,1
0.12,376,20261195,2.1744287960527428e-06,3.216019500067878e-06,-26.626548091932595,-24.926813266069814,32.387574266671926,3,7,1,1,1,1,1,0,0,1
0.12,377,20261196,4.116488767310116e-06,7.265250947842575e-06,-23.854730653130435,-21.38749380212342,43.34003330562846,4,8,1,1,1,1,1,0,0,1
0.12,378,20261197,4.133129821448512e-06,6.7344969809225105e-06,-23.837209533311025,-21.71694837441825,38.62749017251256,4,8,1,1,1,1,1,0,0,1
0.12,379,20261198,4.193382799070682e-06,5.546374954203412e-06,-23.774354905809844,-22.559907739508922,24.394170359999602,4,9,1,1,1,1,1,0,0,1
0.12,380,20261199,1.60298826365496e-05,2.226761013640484e-05,-17.950696573392722,-16.52326390970733,28.012559325606805,3,9,1,1,1,1,1,0,0,1
0.12,381,20261200,3.177451044423564e-06,3.2889057748140643e-06,-24.979211319778855,-24.82948568616613,3.3888088629356194,3,6,1,1,1,1,1,0,0,1
0.12,382,20261201,2.2838954149886983e-06,2.1900616544449566e-06,-26.41323787349676,-26.59543658763386,-4.284525979133801,4,6,1,1,1,1,0,1,0,1
0.12,383,20261202,2.3699059646430894e-06,3.656698697906863e-06,-26.25268885992775,-24.369108228796993,35.19001261986252,3,8,1,1,1,1,1,0,0,1
0.12,384,20261203,2.113171598739065e-06,3.911745037936807e-06,-26.75065234911935,-24.076294596680835,45.978800298967684,3,6,1,1,1,1,1,0,0,1
0.12,385,20261204,2.0492787999172497e-06,2.8359397809924415e-06,-26.88398952760922,-25.473029953015075,27.738987490062236,6,7,1,1,1,1,1,0,0,1
0.12,386,20261205,4.07806664550789e-06,4.319494845631977e-06,-23.895456810738636,-23.645670398939664,5.589269318569213,3,7,1,1,1,1,1,0,0,1
0.12,387,20261206,4.539559294075213e-06,6.591902240478889e-06,-23.42986306931764,-21.80989241956479,31.13430496285056,3,8,1,1,1,1,1,0,0,1
0.12,388,20261207,2.6709111482810505e-06,4.780426845412655e-06,-25.73340559171843,-23.2053332340233,44.128186987233505,5,11,1,1,1,1,1,0,0,1
0.12,389,20261208,3.1973172585832885e-06,5.290954099788666e-06,-24.952142680711525,-22.764660060534595,39.57011914522189,4,8,1,1,1,1,1,0,0,1
0.12,390,20261209,3.0719007204174867e-06,6.212645919066819e-06,-25.12592824210701,-22.06723397678926,50.55406729378026,4,10,1,1,1,1,1,0,0,1
0.12,391,20261210,3.6055213126820215e-06,4.999626309153736e-06,-24.430319329271203,-23.010624552514756,27.88418394229324,6,14,1,1,1,1,1,0,0,1
0.12,392,20261211,3.048827729413097e-06,3.3642375640228587e-06,-25.15867114263333,-24.731133442946387,9.37537342733322,5,11,1,1,1,1,1,0,0,1
0.12,393,20261212,4.156662810483407e-06,6.83220799588773e-06,-23.812552041408523,-21.654389207014745,39.16076892001415,4,7,1,1,1,1,1,0,0,1
0.12,394,20261213,2.3368958115187625e-06,4.994493131794824e-06,-26.31360649820502,-23.015085797571537,53.21055110393206,5,7,1,1,1,1,1,0,0,1
0.12,395,20261214,3.4148220595880446e-06,4.241337529986599e-06,-24.666319217196108,-23.724971645651163,19.487142076173456,3,7,1,1,1,1,1,0,0,1
0.12,396,20261215,5.400658082367031e-06,6.923547935223295e-06,-22.675533171905222,-21.5967129660938,21.995801388311584,3,9,1,1,1,1,1,0,0,1
0.12,397,20261216,3.592585666163128e-06,5.6387493360445625e-06,-24.445928672025452,-22.488172110318434,36.28754441701722,4,7,1,1,1,1,1,0,0,1
0.12,398,20261217,2.202965134746419e-06,1.861303769531328e-06,-26.569923761615613,-27.30182743115683,-18.356023923011794,3,7,1,1,1,1,0,1,0,1
0.12,399,20261218,4.027152192655197e-06,7.692681593416354e-06,-23.950019573850252,-21.13922243005389,47.649566100568045,5,24,1,1,1,1,1,0,0,1
0.12,400,20261219,3.2131692389589353e-06,4.201527413078864e-06,-24.930663993752393,-23.76592798535116,23.52378259019053,4,7,1,1,1,1,1,0,0,1
0.12,401,20261220,3.780248598430502e-06,5.287355254608002e-06,-24.224796389520655,-22.76761508597604,28.50397946807217,6,7,1,1,1,1,1,0,0,1
0.12,402,20261221,2.3244078733656423e-06,4.771110731963048e-06,-26.336876621639725,-23.21380503851374,51.28161964898943,3,13,1,1,1,1,1,0,0,1
0.12,403,20261222,3.593022992314735e-06,7.293374837435609e-06,-24.445400036683075,-21.37071465629845,50.7357969060855,3,8,1,1,1,1,1,0,0,1
0.12,404,20261223,5.2927137771336775e-06,8.693767600524838e-06,-22.763215914371283,-20.607919734341927,39.12059741723301,3,9,1,1,1,1,1,0,0,1
0.12,405,20261224,2.6333595970321084e-06,3.8604403198117995e-06,-25.794898319902693,-24.133631571006767,31.78603011895577,3,9,1,1,1,1,1,0,0,1
0.12,406,20261225,1.3153812031938476e-06,1.8844067851675904e-06,-28.80948368503459,-27.248253406705167,30.19653646190498,3,7,1,1,1,1,1,0,0,1
0.12,407,20261226,5.611515498588639e-06,6.424338781348457e-06,-22.509198332553844,-21.921715650222247,12.652248121155399,3,8,1,1,1,1,1,0,0,1
0.12,408,20261227,4.044473706900933e-06,6.131765107059736e-06,-23.93137983584317,-22.124144902595575,34.040628819189834,4,7,1,1,1,1,1,0,0,1
0.12,409,20261228,5.298342794086198e-06,6.6639544286970915e-06,-22.758599469893312,-21.76267981504189,20.492511604373203,3,9,1,1,1,1,1,0,0,1
0.12,410,20261229,5.559578036643816e-06,6.3416595750253765e-06,-22.54958169445176,-21.977970749320956,12.332442779829144,5,8,1,1,1,1,1,0,0,1
0.12,411,20261230,2.376672052517114e-06,3.5292086940248714e-06,-26.24030740698451,-24.523226595817743,32.657083823324484,3,9,1,1,1,1,1,0,0,1
0.12,412,20261231,3.5034299620811774e-06,5.90620160043941e-06,-24.55506560170036,-22.28691733045831,40.68218122082848,3,9,1,1,1,1,1,0,0,1
0.12,413,20261232,2.5516007149859083e-06,3.7414104657763104e-06,-25.931872848275844,-24.269646432471866,31.80110179500251,3,9,1,1,1,1,1,0,0,1
0.12,414,20261233,3.8759181370847495e-06,4.65430245133056e-06,-24.116254042187478,-23.32145398299837,16.723973621939585,3,7,1,1,1,1,1,0,0,1
0.12,415,20261234,3.2546940737273475e-06,4.296766731776723e-06,-24.87489826861104,-23.668582231957956,24.25248385821671,3,9,1,1,1,1,1,0,0,1
0.12,416,20261235,1.7872117750086652e-06,3.6364980681026668e-06,-27.47823982878622,-24.393166388123532,50.853493071119985,4,12,1,1,1,1,1,0,0,1
0.12,417,20261236,5.400825630595763e-06,6.218261555904673e-06,-22.6753984399126,-22.063310143775674,13.145730811736243,7,10,1,1,1,1,1,0,0,1
0.12,418,20261237,2.1912434587173194e-06,3.0958002165935567e-06,-26.593093673486734,-25.092270737096104,29.218835021323187,3,6,1,1,1,1,1,0,0,1
0.12,419,20261238,1.5627084009864894e-06,3.4031368949856743e-06,-28.06122053111435,-24.681205805718115,54.080354413921754,4,6,1,1,1,1,1,0,0,1
0.12,420,20261239,3.7360331516098324e-06,4.510469189369901e-06,-24.275892787220997,-23.45778279462211,17.169744548643177,3,7,1,1,1,1,1,0,0,1
0.12,421,20261240,2.479018932110007e-06,4.24512532229813e-06,-26.057201565401613,-23.721094842235267,41.603162594785964,3,7,1,1,1,1,1,0,0,1
0.12,422,20261241,2.294163445934749e-06,6.597457006374857e-06,-26.393756443515333,-21.806234312640317,65.22654950660548,6,8,1,1,1,1,1,0,0,1
0.12,423,20261242,4.112323404295636e-06,5.589760383952211e-06,-23.8591273857064,-22.526068085997576,26.43113260987336,4,7,1,1,1,1,1,0,0,1
0.12,424,20261243,2.1595745151578226e-06,5.798171891608846e-06,-26.65631806220074,-22.36708913770493,62.75421709585441,3,9,1,1,1,1,1,0,0,1
0.12,425,20261244,3.2068285606050574e-06,4.745825121291922e-06,-24.939242571508807,-23.2368826912273,32.42842964824448,4,8,1,1,1,1,1,0,0,1
0.12,426,20261245,4.7924881394801115e-06,8.185620565841443e-06,-23.19438953246919,-20.86948390399334,41.45235415040928,4,11,1,1,1,1,1,0,0,1
0.12,427,20261246,1.8443726641154025e-06,3.507708138218278e-06,-27.341513231864273,-24.549765496373738,47.41943766586458,4,7,1,1,1,1,1,0,0,1
0.12,428,20261247,2.5805424105511965e-06,4.061763078649211e-06,-25.88288999017201,-23.912854124516727,36.46743149259736,4,11,1,1,1,1,1,0,0,1
0.12,429,20261248,1.6765572433472e-06,4.1525952793777566e-06,-27.755816136963006,-23.816803940762593,59.62627873529677,3,8,1,1,1,1,1,0,0,1
0.12,430,20261249,2.6155241230972827e-06,5.215329025474175e-06,-25.824412701004245,-22.827182875365324,49.84929790005951,3,13,1,1,1,1,1,0,0,1
0.12,431,20261250,2.9478983686095234e-06,4.442750905348937e-06,-25.304874932393467,-23.52348035952261,33.647003142572245,4,8,1,1,1,1,1,0,0,1
0.12,432,20261251,2.3521466861191602e-06,3.3535528021115814e-06,-26.285355979931456,-24.744948512481365,29.861051102636008,5,10,1,1,1,1,1,0,0,1
0.12,433,20261252,1.5620391617311808e-06,3.2093089426263838e-06,-28.06308082167712,-24.9358847373664,51.32786560421124,4,8,1,1,1,1,1,0,0,1
0.12,434,20261253,2.039110929606081e-06,2.7667523594889765e-06,-26.905591475394846,-25.580297110146017,26.29947806450202,4,11,1,1,1,1,1,0,0,1
0.12,435,20261254,2.281892064861854e-06,3.05599913565427e-06,-26.417049018737675,-25.14846772930325,25.33073592073135,4,8,1,1,1,1,1,0,0,1
0.12,436,20261255,3.758472207752439e-06,5.3591365267835536e-06,-24.24988656822537,-22.70905178938201,29.867951880520593,5,10,1,1,1,1,1,0,0,1
0.12,437,20261256,1.9660765537442244e-06,2.934690321478921e-06,-27.06399575913138,-25.32437720231913,33.00565516727397,4,8,1,1,1,1,1,0,0,1
0.12,438,20261257,3.0464745343775257e-06,3.986106938943547e-06,-25.16202447812134,-23.994510542632046,23.57268429971062,6,8,1,1,1,1,1,0,0,1
0.12,439,20261258,4.5033359792665315e-06,5.091433919487909e-06,-23.464656505280132,-22.931598884647933,11.55073304536824,4,7,1,1,1,1,1,0,0,1
0.12,440,20261259,2.5310884667310175e-06,2.8770615114539493e-06,-25.96692675093952,-25.410508528126808,12.025222378651584,3,7,1,1,1,1,1,0,0,1
0.12,441,20261260,4.160160003749764e-06,4.901267088851767e-06,-23.80889965669102,-23.09691630469633,15.12072432836187,4,7,1,1,1,1,1,0,0,1
0.12,442,20261261,2.6574764270132634e-06,2.719297455009414e-06,-25.755305791709752,-25.655432837683332,2.2734191098611043,4,7,1,1,1,1,1,0,0,1
0.12,443,20261262,2.650827553841985e-06,4.3807911593174e-06,-25.766185238137993,-23.584474499758755,39.48975293643013,3,7,1,1,1,1,1,0,0,1
0.12,444,20261263,2.1510958233770654e-06,4.158908019953933e-06,-26.67340242965874,-23.81020684556486,48.2773888468711,7,8,1,1,1,1,1,0,0,1
0.12,445,20261264,4.801688304041625e-06,5.652747752197119e-06,-23.186060350803825,-22.477403940327342,15.05567708774379,4,8,1,1,1,1,1,0,0,1
0.12,446,20261265,3.0956316200387623e-06,4.9247463764391825e-06,-25.09250725929441,-23.07616130678893,37.14129858851643,7,16,1,1,1,1,1,0,0,1
0.12,447,20261266,3.454967622551808e-06,5.4601274456192895e-06,-24.615560181632922,-22.6279722024705,36.72368169128066,3,9,1,1,1,1,1,0,0,1
0.12,448,20261267,3.7697997450818942e-06,4.9934086455872355e-06,-24.236817192678984,-23.016028911326565,24.504481554632353,4,7,1,1,1,1,1,0,0,1
0.12,449,20261268,3.4338588540302894e-06,5.89348158566878e-06,-24.64217560128973,-22.29628069094408,41.73462996167786,3,9,1,1,1,1,1,0,0,1
0.12,450,20261269,6.754724393080317e-06,1.0138727583183382e-05,-21.70392366406015,-19.940165458189295,33.377000835054965,4,7,1,1,1,1,1,0,0,1
0.12,451,20261270,2.9086368493613296e-06,4.680900734662552e-06,-25.363104981285268,-23.296705686237654,37.861599417766456,4,7,1,1,1,1,1,0,0,1
0.12,452,20261271,6.246214805693518e-06,8.614158591684696e-06,-22.04383084575358,-20.647871368850605,27.48897365642849,4,9,1,1,1,1,1,0,0,1
0.12,453,20261272,2.3523283566238845e-06,3.3343010420120734e-06,-26.28502056100778,-24.769951918558164,29.45063067237686,4,9,1,1,1,1,1,0,0,1
0.12,454,20261273,3.376583464966617e-06,4.966657552007125e-06,-24.7152251058872,-23.03935783310739,32.01497325697294,4,8,1,1,1,1,1,0,0,1
0.12,455,20261274,3.379814538687764e-06,4.899731522288463e-06,-24.711071302058798,-23.09827716212924,31.020413601984632,4,13,1,1,1,1,1,0,0,1
0.12,456,20261275,3.686994574100522e-06,4.55204542901281e-06,-24.33327501515103,-23.417934123706452,19.003563747383097,4,13,1,1,1,1,1,0,0,1
0.12,457,20261276,2.464488650922196e-06,5.943710177223442e-06,-26.082731774496967,-22.259423754758277,58.53619073880444,3,7,1,1,1,1,1,0,0,1
0.12,458,20261277,2.640775380901692e-06,5.481011647588092e-06,-25.78268537446445,-22.611392750163127,51.81956268850916,3,7,1,1,1,1,1,0,0,1
0.12,459,20261278,2.897842753129922e-06,3.944121266142613e-06,-25.379251845310975,-24.040497406864688,26.527544221173528,4,6,1,1,1,1,1,0,0,1
0.12,460,20261279,3.6308803074151906e-06,7.25344390027289e-06,-24.39988067442352,-21.394557435309633,49.94267058054189,4,8,1,1,1,1,1,0,0,1
0.12,461,20261280,2.9646794293506348e-06,5.4699074543049396e-06,-25.28022260003208,-22.620200214590177,45.80019033014232,7,8,1,1,1,1,1,0,0,1
0.12,462,20261281,1.7873072854656761e-06,3.0347198798974006e-06,-27.47800774349725,-25.178813903315,41.104703030247975,3,7,1,1,1,1,1,0,0,1
0.12,463,20261282,4.06326425993337e-06,6.828055169158973e-06,-23.911249318210736,-21.65702978540825,40.49163108279556,3,10,1,1,1,1,1,0,0,1
0.12,464,20261283,1.818500581029573e-06,3.314361799315116e-06,-27.40286555847709,-24.796000852740452,45.132707557595246,4,8,1,1,1,1,1,0,0,1
0.12,465,20261284,2.593696371000023e-06,3.3552503489808398e-06,-25.860808656140186,-24.742750697946576,22.69738167860229,4,7,1,1,1,1,1,0,0,1
0.12,466,20261285,5.160797374509012e-06,6.993159035738943e-06,-22.872831920558255,-21.553265950890218,26.202202064410955,8,9,1,1,1,1,1,0,0,1
0.12,467,20261286,4.558096541378676e-06,7.44344762372439e-06,-23.412164806159296,-21.282258632238936,38.76363787593906,5,12,1,1,1,1,1,0,0,1
0.12,468,20261287,6.079807334247156e-06,9.327818917928583e-06,-22.161101830626407,-20.30219893514278,34.82069723114553,4,13,1,1,1,1,1,0,0,1
0.12,469,20261288,3.4217251232533602e-06,4.444416739081522e-06,-24.657548814837273,-23.521852253842038,23.01070479811733,3,7,1,1,1,1,1,0,0,1
0.12,470,20261289,5.328855293959127e-06,9.925655782954899e-06,-22.733660729451127,-20.032407900046415,46.31231013360097,5,9,1,1,1,1,1,0,0,1
0.12,471,20261290,2.5698343696012714e-06,2.346275556688813e-06,-25.900948668189926,-26.296209838139735,-9.528241995068836,4,7,1,1,1,1,0,1,0,1
0.12,472,20261291,3.4977745493571363e-06,3.95542385300995e-06,-24.562081866027825,-24.028069717970514,11.570171002143239,3,7,1,1,1,1,1,0,0,1
0.12,473,20261292,3.254890091674008e-06,4.252076934206485e-06,-24.874636717303147,-23.713988862467943,23.451759174686018,3,7,1,1,1,1,1,0,0,1
0.12,474,20261293,1.6725609233922695e-06,3.342184318084496e-06,-27.766180540018766,-24.759696028807845,49.95605375975005,4,8,1,1,1,1,1,0,0,1
0.12,475,20261294,3.0382103789307572e-06,4.733147840610191e-06,-25.17382156988914,-23.248499300643427,35.80994126439382,4,8,1,1,1,1,1,0,0,1
0.12,476,20261295,2.7359939830763067e-06,5.325954788153997e-06,-25.62884862039506,-22.73602524592267,48.62904226746889,3,11,1,1,1,1,1,0,0,1
0.12,477,20261296,2.968798022832099e-06,3.88581369871132e-06,-25.274193478917564,-24.10518025033503,23.599064365420748,3,7,1,1,1,1,1,0,0,1
0.12,478,20261297,3.44661652262818e-06,4.877183814002128e-06,-24.62607034367241,-23.11830876169255,29.331830538493698,7,12,1,1,1,1,1,0,0,1
0.12,479,20261298,2.5993479189983217e-06,3.425260617403141e-06,-25.85135586913587,-24.653063788010368,24.11240459217916,3,10,1,1,1,1,1,0,0,1
0.12,480,20261299,5.7418271438365404e-06,6.2223212700704486e-06,-22.409498859614093,-22.06047569213052,7.722104105184977,3,7,1,1,1,1,1,0,0,1
0.12,481,20261300,4.1841844533345415e-06,4.3946642820238485e-06,-23.78389178514674,-23.57074296024426,4.789440448278701,3,8,1,1,1,1,1,0,0,1
0.12,482,20261301,3.5157784465207087e-06,4.236495200501317e-06,-24.539785006304516,-23.72993281266298,17.012098913633224,5,7,1,1,1,1,1,0,0,1
0.12,483,20261302,2.9807852445063243e-06,4.628572938462575e-06,-25.25669312288594,-23.34552888136009,35.60033979941081,3,7,1,1,1,1,1,0,0,1
0.12,484,20261303,4.140380719227478e-06,6.7964453322199494e-06,-23.829597224884033,-21.677181720353012,39.08020271127394,6,8,1,1,1,1,1,0,0,1
0.12,485,20261304,2.7363886180076633e-06,3.7804901925978537e-06,-25.6282222468907,-24.22451884253305,27.61815323934781,4,7,1,1,1,1,1,0,0,1
0.12,486,20261305,3.892861354092123e-06,7.122647346680172e-06,-24.09731063588536,-21.47358557716675,45.34530260147493,3,7,1,1,1,1,1,0,0,1
0.12,487,20261306,4.237731441560642e-06,6.3346918804413904e-06,-23.728665693675364,-21.982745043603963,33.102800869529204,4,8,1,1,1,1,1,0,0,1
0.12,488,20261307,5.379926016563011e-06,5.696359024454908e-06,-22.69223696604868,-22.444026462276128,5.555004636003904,5,8,1,1,1,1,1,0,0,1
0.12,489,20261308,3.231899188857965e-06,6.338235678588897e-06,-24.905421944338144,-21.9803161620162,49.009482247944845,4,6,1,1,1,1,1,0,0,1
0.12,490,20261309,4.587081154827918e-06,5.436724834650493e-06,-23.384635762442624,-22.64662647100737,15.62785878747156,4,8,1,1,1,1,1,0,0,1
0.12,491,20261310,3.5744406122100955e-06,6.3156219164135634e-06,-24.467919141535226,-21.99583876847733,43.40318879886489,3,15,1,1,1,1,1,0,0,1
0.12,492,20261311,3.714621683469639e-06,6.585236629762565e-06,-24.300854104761896,-21.814286147563003,43.591674949369704,5,11,1,1,1,1,1,0,0,1
0.12,493,20261312,2.2708302218006034e-06,3.517731853685323e-06,-26.43815334512727,-24.537372686031695,35.44618190776575,5,8,1,1,1,1,1,0,0,1
0.12,494,20261313,2.324111837741132e-06,2.7426543010870366e-06,-26.3374297725193,-25.618289297603347,15.260489197636659,3,9,1,1,1,1,1,0,0,1
0.12,495,20261314,2.296068226660164e-06,3.3904935927686185e-06,-26.390152112123065,-24.697370720001004,32.27923416350614,4,7,1,1,1,1,1,0,0,1
0.12,496,20261315,1.976854700430515e-06,2.6223851323541745e-06,-27.040252503222572,-25.81303526004679,24.61615664149804,4,7,1,1,1,1,1,0,0,1
0.12,497,20261316,3.6554391180664154e-06,5.169693609073368e-06,-24.370604449446553,-22.865351953648187,29.290991024096154,3,9,1,1,1,1,1,0,0,1
0.12,498,20261317,4.4563583771386435e-06,5.451164130085575e-06,-23.51019890779725,-22.635107415244285,18.24941845827919,4,7,1,1,1,1,1,0,0,1
0.12,499,20261318,5.332031991359278e-06,7.657267571442052e-06,-22.73107253551291,-21.159261768879766,30.36638798877541,3,9,1,1,1,1,1,0,0,1
0.12,500,20261319,2.961941173419537e-06,4.219716888903395e-06,-25.284235711736844,-23.747166859367994,29.807111438955435,4,10,1,1,1,1,1,0,0,1
