epsilon,realization,seed,faa_pc_energy_W,faa_maxpower_energy_W,fpa_pc_energy_W,fpa_maxpower_energy_W,faa_pc_energy_dBm,faa_maxpower_energy_dBm,fpa_pc_energy_dBm,fpa_maxpower_energy_dBm,faa_pc_vs_fpa_pc_saving_pct,faa_pc_vs_faa_maxpower_saving_pct,faa_pc_vs_fpa_maxpower_saving_pct,faa_maxpower_mse,fpa_maxpower_mse,faa_pc_iterations,fpa_pc_iterations,faa_maxpower_iterations,fpa_maxpower_iterations,faa_pc_monotone,fpa_pc_monotone,faa_maxpower_monotone_mse,fpa_maxpower_monotone_mse,faa_pc_vs_fpa_pc_win,faa_pc_vs_faa_maxpower_win,faa_pc_vs_fpa_maxpower_win,same_physical_channel
0.04,1,20260820,0.00044536422515281714,1.6,0.0007679182592805558,1.6,-3.51284671546974,32.04119982655924,-1.1468500579231742,32.04119982655924,42.00369378245177,99.97216473592796,99.97216473592796,0.0003254203305218794,0.0008866586095728323,12,25,26,25,1,1,1,1,1,1,1,1
0.04,2,20260821,0.0005286872008530878,1.6,0.0007495193948519868,1.6,-2.7680120343290904,32.04119982655924,-1.252171246993377,32.04119982655924,29.46317273651183,99.96695704994667,99.96695704994667,0.0007486451873901609,0.00046016577763664806,8,17,26,25,1,1,1,1,1,1,1,1
0.04,3,20260822,0.0004318943447129028,1.6,0.0005061346072768812,1.6,-3.6462248263011166,32.04119982655924,-2.957339665135061,32.04119982655924,14.668086611071281,99.97300660345546,99.97300660345546,0.00014245918719536863,0.0012565419856484118,6,25,26,25,1,1,1,1,1,1,1,1
0.04,4,20260823,0.0008369232243110919,1.6,0.0015101096230240004,1.6,-0.7731438046238269,32.04119982655924,1.790084750722082,32.04119982655924,44.578644387739885,99.94769229848056,99.94769229848056,0.0004190831708551208,0.0006275606382036954,7,25,26,25,1,1,1,1,1,1,1,1
0.04,5,20260824,0.0007000761327783019,1.6,0.000913813732897944,1.6,-1.5485472820346078,32.04119982655924,-0.39142319603817144,32.04119982655924,23.38962443055259,99.95624524170135,99.95624524170135,0.00023769571953589976,0.0010214485489309674,13,25,26,25,1,1,1,1,1,1,1,1
0.04,6,20260825,0.0007467805576238301,1.6,0.0009314617456078876,1.6,-1.2680699740024972,32.04119982655924,-0.3083497653000745,32.04119982655924,19.82702873788246,99.95332621514851,99.95332621514851,0.00017258989907278428,0.0018838346743160427,14,25,26,25,1,1,1,1,1,1,1,1
0.04,7,20260826,0.0007078242475967013,1.6,0.0008741478243057593,1.6,-1.5007456402532804,32.04119982655924,-0.5841511902267897,32.04119982655924,19.02693938993108,99.95576098452521,99.95576098452521,0.00031149223637355345,0.0030073951936268077,13,25,26,25,1,1,1,1,1,1,1,1
0.04,8,20260827,0.0006114881994089675,1.6,0.0006896610172924332,1.6,-2.136119196269094,32.04119982655924,-1.613643215726877,32.04119982655924,11.334962528455984,99.96178198753694,99.96178198753694,0.00012347436670147855,0.0006611223941103714,11,25,26,25,1,1,1,1,1,1,1,1
0.04,9,20260828,0.0006889984324867362,1.6,0.0013011389888797297,1.6,-1.617817661375631,32.04119982655924,1.1432369078097877,32.04119982655924,47.04651552406723,99.95693759796958,99.95693759796958,0.0007851253958433333,0.0010810469688113042,8,20,26,25,1,1,1,1,1,1,1,1
0.04,10,20260829,0.0004757067077473219,1.6,0.0007466746062829565,1.6,-3.2266072472659957,32.04119982655924,-1.2686861837673555,32.04119982655924,36.28995766771125,99.97026833076579,99.97026833076579,0.00010289134390140277,0.0002659609879683469,8,25,26,25,1,1,1,1,1,1,1,1
0.04,11,20260830,0.0003718160921963125,1.6,0.0006013001047059912,1.6,-4.296718178970371,32.04119982655924,-2.209087205296377,32.04119982655924,38.16463870763603,99.97676149423772,99.97676149423772,0.00011508223497672305,0.00013455698421647587,6,23,26,25,1,1,1,1,1,1,1,1
0.04,12,20260831,0.0004939846232252565,1.6,0.0007389261704896655,1.6,-3.0628656960339113,32.04119982655924,-1.3139895179557324,32.04119982655924,33.14831129909679,99.96912596104842,99.96912596104842,0.00021641694818535592,0.0007756085285932644,6,25,26,25,1,1,1,1,1,1,1,1
0.04,13,20260832,0.0005261753638218017,1.6,0.0008535042485736014,1.6,-2.7886948997650607,32.04119982655924,-0.6879431271271719,32.04119982655924,38.351172275807684,99.96711403976114,99.96711403976114,0.0002083245739180107,0.0002261968268147448,14,25,26,25,1,1,1,1,1,1,1,1
0.04,14,20260833,0.0005442571196873779,1.6,0.001125001939808963,1.6,-2.6419588103612526,32.04119982655924,0.5115327128969434,32.04119982655924,51.62167277864441,99.96598393001953,99.96598393001953,0.00031385221784642974,0.007813843003242019,10,25,26,25,1,1,1,1,1,1,1,1
0.04,15,20260834,0.0005096217858282113,1.6,0.0007937522990133336,1.6,-2.9275201461552607,32.04119982655924,-1.0031500381353178,32.04119982655924,35.79586648609498,99.96814863838574,99.96814863838574,0.00014669447864150987,0.00018142494568803373,11,25,26,25,1,1,1,1,1,1,1,1
0.04,16,20260835,0.00039892357336609107,1.6,0.000923668186844653,1.6,-3.9911029941259835,32.04119982655924,-0.34484014172687616,32.04119982655924,56.81094368651413,99.97506727666462,99.97506727666462,0.002380327046970206,0.002878581843233036,12,25,26,25,1,1,1,1,1,1,1,1
0.04,17,20260836,0.0007182130751007222,1.6,0.000920478463378741,1.6,-1.4374669278777152,32.04119982655924,-0.3598636831715337,32.04119982655924,21.973940328334933,99.95511168280622,99.95511168280622,0.00021428694552004044,0.0008876072045811313,9,21,26,25,1,1,1,1,1,1,1,1
0.04,18,20260837,0.0004386999325519048,1.6,0.0005726450364983255,1.6,-3.578324323658272,32.04119982655924,-2.4211449925266697,32.04119982655924,23.39059895908351,99.9725812542155,99.9725812542155,0.00013981144737435224,0.00044060971045655286,6,25,26,25,1,1,1,1,1,1,1,1
0.04,19,20260838,0.0007962408254524021,1.6,0.0009088371248353997,1.6,-0.9895555871103676,32.04119982655924,-0.4151394089598887,32.04119982655924,12.389051492960307,99.95023494840922,99.95023494840922,0.0001941503932591077,0.00019561745351166107,10,23,26,25,1,1,1,1,1,1,1,1
0.04,20,20260839,0.0007716361172363086,1.6,0.0008090086295359537,1.6,-1.125874529445137,32.04119982655924,-0.9204684582918916,32.04119982655924,4.619544333053894,99.95177274267273,99.95177274267273,0.0007573045782791898,0.001344842201510128,7,25,26,25,1,1,1,1,1,1,1,1
0.04,21,20260840,0.0006120290300915296,1.6,0.0009766462167743529,1.6,-2.1322797767543515,32.04119982655924,-0.10262727916783802,32.04119982655924,37.33359945703506,99.96174818561929,99.96174818561929,0.00020005081083177494,0.00019646482198081952,10,25,26,25,1,1,1,1,1,1,1,1
0.04,22,20260841,0.0011028699159669319,1.6,0.001426591804559682,1.6,0.42524290219513183,32.04119982655924,1.5429972477037144,32.04119982655924,22.69197730970191,99.93107063025207,99.93107063025207,0.00043211464697300337,0.000878320008837427,6,24,26,25,1,1,1,1,1,1,1,1
0.04,23,20260842,0.0005787234268173134,1.6,0.0010664886005406302,1.6,-2.375289369702017,32.04119982655924,0.27956217733164873,32.04119982655924,45.735620003444595,99.96382978582392,99.96382978582392,0.0003440084123977412,0.00017078908587619225,8,20,26,25,1,1,1,1,1,1,1,1
0.04,24,20260843,0.0005189835668778565,1.6,0.0008551860544759485,1.6,-2.8484639345646774,32.04119982655924,-0.6793938978422225,32.04119982655924,39.313373486207546,99.96756352707013,99.96756352707013,0.00016644416407231766,0.0026179958360562404,10,25,26,25,1,1,1,1,1,1,1,1
0.04,25,20260844,0.000665210744534669,1.6,0.0006762490589815628,1.6,-1.7704074463827904,32.04119982655924,-1.6989332621720263,32.04119982655924,1.6322853688724628,99.95842432846659,99.95842432846659,0.0004222314460704304,0.0055366830227234565,7,23,26,25,1,1,1,1,1,1,1,1
0.04,26,20260845,0.0007078165332791412,1.6,0.0010986254498866475,1.6,-1.5007929726781906,32.04119982655924,0.4084965532371212,32.04119982655924,35.57253444727942,99.95576146667005,99.95576146667005,0.0006319993104081018,0.0009749758097544909,11,25,26,25,1,1,1,1,1,1,1,1
0.04,27,20260846,0.0005299317290663488,1.6,0.0007372254259667276,1.6,-2.757800768134696,32.04119982655924,-1.3239969493068187,32.04119982655924,28.118088389118352,99.96687926693335,99.96687926693335,0.0003842022119592269,0.0007211448292442216,22,25,26,25,1,1,1,1,1,1,1,1
0.04,28,20260847,0.0016041502402154779,1.6,0.0019799989739376907,1.6,2.05245040656967,32.04119982655924,2.966649652043016,32.04119982655924,18.98226911576372,99.89974060998652,99.89974060998652,0.0009582234867516608,0.000451191756734751,13,25,26,25,1,1,1,1,1,1,1,1
0.04,29,20260848,0.0003185965503269746,1.6,0.0005365273991285611,1.6,-4.967589309268212,32.04119982655924,-2.7040809478562715,32.04119982655924,40.618773459762586,99.98008771560457,99.98008771560457,0.00013828201423868232,0.00012508882727734426,8,18,26,25,1,1,1,1,1,1,1,1
0.04,30,20260849,0.00040549592435356615,1.6,0.0005109041004531332,1.6,-3.920135065321142,32.04119982655924,-2.9166061170994095,32.04119982655924,20.631695068815848,99.9746565047279,99.9746565047279,0.00025831931481571773,0.0011981473126922832,9,21,26,25,1,1,1,1,1,1,1,1
0.04,31,20260850,0.00031753894619743157,1.6,0.0008911247371880409,1.6,-4.982030008244979,32.04119982655924,-0.5006150036177099,32.04119982655924,64.36649854436416,99.98015381586266,99.98015381586266,0.0002444796229319053,0.000997499496881574,7,25,26,25,1,1,1,1,1,1,1,1
0.04,32,20260851,0.0012761310189335954,1.6,0.002444828005734765,1.6,1.0589526519926171,32.04119982655924,3.882483118082298,32.04119982655924,47.80283046741078,99.92024181131666,99.92024181131666,0.0003322246513862923,0.0014051110683236713,11,25,26,25,1,1,1,1,1,1,1,1
0.04,33,20260852,0.0006445585679074917,1.6,0.0008737956402565155,1.6,-1.9073761428669127,32.04119982655924,-0.5859012650360915,32.04119982655924,26.234632194059458,99.95971508950578,99.95971508950578,0.00010904243160708089,0.0003437793718191112,10,20,26,25,1,1,1,1,1,1,1,1
0.04,34,20260853,0.0007361310784576166,1.6,0.0014570292046245951,1.6,-1.3304484655619089,32.04119982655924,1.6346825683532582,32.04119982655924,49.477259884623834,99.95399180759638,99.95399180759638,0.0005090603049612708,0.0007790933365773966,12,25,26,25,1,1,1,1,1,1,1,1
0.04,35,20260854,0.0006391629261863609,1.6,0.0008878470603688578,1.6,-1.943884236496892,32.04119982655924,-0.5166183890420744,32.04119982655924,28.00979417324202,99.96005231711337,99.96005231711337,0.0002987213048847311,0.0009730311056366521,9,25,26,25,1,1,1,1,1,1,1,1
0.04,36,20260855,0.0007806851195277371,1.6,0.0010160268580844212,1.6,-1.0752409855074943,32.04119982655924,0.06905188423970811,32.04119982655924,23.162944629277664,99.95120718002951,99.95120718002951,0.00031650979268040566,0.000280252975178046,8,19,26,25,1,1,1,1,1,1,1,1
0.04,37,20260856,0.00044867302626419396,1.6,0.0006629970221422672,1.6,-3.4807003899543627,32.04119982655924,-1.7848842222884014,32.04119982655924,32.3265397460689,99.97195793585848,99.97195793585848,0.00015511984884691849,0.0005511343452155598,10,25,26,25,1,1,1,1,1,1,1,1
0.04,38,20260857,0.0008084503175726887,1.6,0.001144197323291997,1.6,-0.9234666402845783,32.04119982655924,0.5850092745265645,32.04119982655924,29.343453168840025,99.9494718551517,99.9494718551517,0.0009955129454454247,0.0020572983126932935,13,25,26,25,1,1,1,1,1,1,1,1
0.04,39,20260858,0.0005455709424540042,1.6,0.0005744575901484357,1.6,-2.6314876860806735,32.04119982655924,-2.407420279754736,32.04119982655924,5.028508316334963,99.96590181609663,99.96590181609663,0.00014955043190980198,0.00035695374454203146,8,20,26,25,1,1,1,1,1,1,1,1
0.04,40,20260859,0.00047533068509985916,1.6,0.0008218585731857267,1.6,-3.230041488035109,32.04119982655924,-0.8520291015999077,32.04119982655924,42.16393177510334,99.97029183218126,99.97029183218126,0.00044359920747353887,0.0002215201296836009,9,25,26,25,1,1,1,1,1,1,1,1
0.04,41,20260860,0.0007039651096840766,1.6,0.0010699204270293297,1.6,-1.5244886507262336,32.04119982655924,0.29351479192564583,32.04119982655924,34.20397518358823,99.95600218064475,99.95600218064475,0.00027111303176350753,0.0016745850517199635,14,25,26,25,1,1,1,1,1,1,1,1
0.04,42,20260861,0.000792938975515348,1.6,0.0013994192434209993,1.6,-1.0076023464549517,32.04119982655924,1.4594784160277037,32.04119982655924,43.33799686954846,99.9504413140303,99.9504413140303,0.00023536998223423037,0.0013509464346899832,9,25,26,25,1,1,1,1,1,1,1,1
0.04,43,20260862,0.00033844321695082125,1.6,0.0005189129830436898,1.6,-4.705141855712987,32.04119982655924,-2.8490546325439654,32.04119982655924,34.77842566865858,99.97884729894056,99.97884729894056,0.00027236983414526014,0.00016350663776840919,20,25,26,25,1,1,1,1,1,1,1,1
0.04,44,20260863,0.0008705998861804978,1.6,0.0010891433886798317,1.6,-0.6018139395691705,32.04119982655924,0.3708505956572858,32.04119982655924,20.06563183239206,99.94558750711373,99.94558750711373,0.0009453706402381399,0.002123238335892998,13,25,26,25,1,1,1,1,1,1,1,1
0.04,45,20260864,0.0011157526889794315,1.6,0.0014434623953578029,1.6,0.47567942169543764,32.04119982655924,1.5940547425669096,32.04119982655924,22.70303039637824,99.9302654569388,99.9302654569388,0.0004501514354577371,0.0008758907549400179,9,19,26,25,1,1,1,1,1,1,1,1
0.04,46,20260865,0.0004268961531479148,1.6,0.0006916673576903619,1.6,-3.696777586984206,32.04119982655924,-1.6010271978100472,32.04119982655924,38.280135906164446,99.97331899042824,99.97331899042824,0.00012293243964373195,9.443142390742411e-05,14,20,26,25,1,1,1,1,1,1,1,1
0.04,47,20260866,0.0006267674883969599,1.6,0.0014790937271435827,1.6,-2.0289353928704217,32.04119982655924,1.69995695221729,32.04119982655924,57.6248971316125,99.9608270319752,99.9608270319752,0.00013880178500277264,0.000648663811651307,9,25,26,25,1,1,1,1,1,1,1,1
0.04,48,20260867,0.0005559700978702783,1.6,0.0016645569055039758,1.6,-2.549485657545531,32.04119982655924,2.2129864678852433,32.04119982655924,66.59951389874844,99.9652518688831,99.9652518688831,0.00038802481948319094,0.0004893231434850586,9,25,26,25,1,1,1,1,1,1,1,1
0.04,49,20260868,0.000416000520713617,1.6,0.0005476791020057317,1.6,-3.809061257604953,32.04119982655924,-2.614738302903992,32.04119982655924,24.043017308835825,99.9739999674554,99.9739999674554,0.00019588570592571418,0.00046410476898967593,10,25,26,25,1,1,1,1,1,1,1,1
0.04,50,20260869,0.00043408850686100424,1.6,0.00046996026010689946,1.6,-3.62421712601573,32.04119982655924,-3.2793886450251266,32.04119982655924,7.6329333117944165,99.97286946832119,99.97286946832119,0.00031912345358219235,0.000573464855206528,11,25,26,25,1,1,1,1,1,1,1,1
0.04,51,20260870,0.000410148145677185,1.6,0.0006064622100470687,1.6,-3.87059247599507,32.04119982655924,-2.171962557691332,32.04119982655924,32.37037050579745,99.9743657408952,99.9743657408952,0.00037605741621608347,0.0006143131140203095,11,25,26,25,1,1,1,1,1,1,1,1
0.04,52,20260871,0.0016430911241925872,1.6,0.0031524198584075435,1.6,2.1566164964114853,32.04119982655924,4.986440546443952,32.04119982655924,47.8784172796513,99.89730680473795,99.89730680473795,0.0009122550444942869,0.008062204604527785,16,25,26,25,1,1,1,1,1,1,1,1
0.04,53,20260872,0.00035607345143534244,1.6,0.0006312359377522319,1.6,-4.484604057836307,32.04119982655924,-1.9980828368458337,32.04119982655924,43.59106791300819,99.97774540928529,99.97774540928529,0.0004830066665204221,0.0021228021250459493,13,17,26,25,1,1,1,1,1,1,1,1
0.04,54,20260873,0.0006454191698550402,1.6,0.0011693150336173448,1.6,-1.9015813958500483,32.04119982655924,0.6793153334275901,32.04119982655924,44.80365416508859,99.95966130188407,99.95966130188407,0.00020723134367249408,0.0002072885392201418,9,25,26,25,1,1,1,1,1,1,1,1
0.04,55,20260874,0.000657889349485044,1.6,0.0013116624906023065,1.6,-1.8184714430248814,32.04119982655924,1.1782209927306144,32.04119982655924,49.843091938769575,99.95888191565719,99.95888191565719,0.0002651950530356981,0.00026039998778102345,9,19,26,25,1,1,1,1,1,1,1,1
0.04,56,20260875,0.001091974621630627,1.6,0.0022087866124716575,1.6,0.3821254513258854,32.04119982655924,3.4415376136603775,32.04119982655924,50.56224012474003,99.93175158614808,99.93175158614808,0.000294849971509181,0.00033660016071387417,7,25,26,25,1,1,1,1,1,1,1,1
0.04,57,20260876,0.0003569453554170943,1.6,0.0005691611198767738,1.6,-4.473982647205151,32.04119982655924,-2.447647747853853,32.04119982655924,37.28570997710196,99.97769091528643,99.97769091528643,0.00023953668582905874,0.002043410936849053,13,25,26,25,1,1,1,1,1,1,1,1
0.04,58,20260877,0.000792436289714469,1.6,0.0009578042114071037,1.6,-1.0103564411044283,32.04119982655924,-0.18723257722681097,32.04119982655924,17.265315784078023,99.95047273189286,99.95047273189286,0.0007485011979260843,0.007405941189718951,8,19,26,25,1,1,1,1,1,1,1,1
0.04,59,20260878,0.00039032563189768583,1.6,0.0006279485407024506,1.6,-4.085729285388474,32.04119982655924,-2.020759444867741,32.04119982655924,37.84114356551405,99.97560464800638,99.97560464800638,0.0001588945649264941,0.00015898490399430428,12,20,26,25,1,1,1,1,1,1,1,1
0.04,60,20260879,0.0005661109885521853,1.6,0.0010117599701401669,1.6,-2.47098415118477,32.04119982655924,0.05077492733012634,32.04119982655924,44.04690783785826,99.9646180632155,99.9646180632155,0.0006738759478700862,0.0006779404701912045,8,25,26,25,1,1,1,1,1,1,1,1
0.04,61,20260880,0.0005137864166401189,1.6,0.0005683373014760514,1.6,-2.8921738168941165,32.04119982655924,-2.453938391275629,32.04119982655924,9.598329142615876,99.96788834895999,99.96788834895999,0.00033058609946727606,0.00022611348338145317,12,25,26,25,1,1,1,1,1,1,1,1
0.04,62,20260881,0.0005373078423157679,1.6,0.0007139990770012928,1.6,-2.697768206082875,32.04119982655924,-1.4630234964329958,32.04119982655924,24.74670351502499,99.96641825985525,99.96641825985525,0.0002688434419916962,0.0005548180637132083,20,25,26,25,1,1,1,1,1,1,1,1
0.04,63,20260882,0.000461941246448851,1.6,0.001089422291318973,1.6,-3.35413258135819,32.04119982655924,0.3719625738633234,32.04119982655924,57.59759552105596,99.97112867209695,99.97112867209695,0.00032076050629898447,0.0014911205035197986,13,25,26,25,1,1,1,1,1,1,1,1
0.04,64,20260883,0.0005410430753208511,1.6,0.0007941085007550883,1.6,-2.667681570201677,32.04119982655924,-1.001201549281561,32.04119982655924,31.867865057936886,99.96618480779244,99.96618480779244,0.00019646186583073238,0.000236796442406199,16,25,26,25,1,1,1,1,1,1,1,1
0.04,65,20260884,0.0005449578631547564,1.6,0.0008331924771493934,1.6,-2.636370766349867,32.04119982655924,-0.7925465992839158,32.04119982655924,34.594001014120515,99.96594013355282,99.96594013355282,0.00015177885565853877,0.00011395262286691811,12,25,26,25,1,1,1,1,1,1,1,1
0.04,66,20260885,0.0014703139480511836,1.6,0.0024236885596536605,1.6,1.6741007716219065,32.04119982655924,3.844768128896139,32.04119982655924,39.33568971991649,99.9081053782468,99.9081053782468,0.001985984332133226,0.006007729157832443,24,25,26,25,1,1,1,1,1,1,1,1
0.04,67,20260886,0.0004743249732037453,1.6,0.000807779986197233,1.6,-3.23924009147278,32.04119982655924,-0.9270691124498462,32.04119982655924,41.28042520133312,99.97035468917477,99.97035468917477,0.00040031466106948347,0.0005063059161257201,6,16,26,25,1,1,1,1,1,1,1,1
0.04,68,20260887,0.00031509886981059,1.6,0.0005272370144071353,1.6,-5.015531545407084,32.04119982655924,-2.7799410791995975,32.04119982655924,40.235821613376146,99.98030632063684,99.98030632063684,8.264474867356369e-05,0.00021703047009823486,6,25,26,25,1,1,1,1,1,1,1,1
0.04,69,20260888,0.0006121197305040489,1.6,0.0009552291522711876,1.6,-2.1316362162655684,32.04119982655924,-0.19892431946158534,32.04119982655924,35.91906936166565,99.96174251684349,99.96174251684349,0.00015342356107100758,0.0004321400822942314,17,25,26,25,1,1,1,1,1,1,1,1
0.04,70,20260889,0.0007259778933862405,1.6,0.001127741177224038,1.6,-1.3907660371663306,32.04119982655924,0.5220943812141847,32.04119982655924,35.625486765212166,99.95462638166337,99.95462638166337,0.0004741109340125448,0.0010483092969617407,12,25,26,25,1,1,1,1,1,1,1,1
0.04,71,20260890,0.0006798322684111147,1.6,0.0011796810415877317,1.6,-1.6759822536594409,32.04119982655924,0.7176460001521866,32.04119982655924,42.371518703383664,99.9575104832243,99.9575104832243,0.00045212733316802006,0.000862356805287785,8,25,26,25,1,1,1,1,1,1,1,1
0.04,72,20260891,0.0005700255353994154,1.6,0.0009462011540003188,1.6,-2.4410568882810653,32.04119982655924,-0.24016526615433906,32.04119982655924,39.75641088689442,99.96437340403754,99.96437340403754,0.00027804099063664743,0.0025242130017917694,11,23,26,25,1,1,1,1,1,1,1,1
0.04,73,20260892,0.0008516078339077063,1.6,0.0017578983040423693,1.6,-0.697603521571062,32.04119982655924,2.4499374714803355,32.04119982655924,51.55534128741155,99.94677451038076,99.94677451038076,0.0005961093541745977,0.0032029061593185117,10,25,26,25,1,1,1,1,1,1,1,1
0.04,74,20260893,0.000782197230674005,1.6,0.0013742057153099117,1.6,-1.0668372597673816,32.04119982655924,1.3805175043571147,32.04119982655924,43.08004820824054,99.95111267308286,99.95111267308286,0.0033936642736210804,0.007616436057968728,12,25,26,25,1,1,1,1,1,1,1,1
0.04,75,20260894,0.0002996441465857689,1.6,0.0003988068904300495,1.6,-5.233942016328729,32.04119982655924,-3.9923734672473272,32.04119982655924,24.864852193839834,99.9812722408384,99.9812722408384,0.0003610698804040911,0.0007464277483989808,8,21,26,25,1,1,1,1,1,1,1,1
0.04,76,20260895,0.00079369462853989,1.6,0.001344054749556448,1.6,-1.00346558844395,32.04119982655924,1.2841695989783861,32.04119982655924,40.94774570739641,99.95039408571625,99.95039408571625,0.0004819028284726478,0.0008748990667671087,12,25,26,25,1,1,1,1,1,1,1,1
0.04,77,20260896,0.0006757597074757424,1.6,0.0012157539940375601,1.6,-1.7020770682366289,32.04119982655924,0.8484570500198642,32.04119982655924,44.41641065627746,99.95776501828276,99.95776501828276,0.0003000598111128506,0.005323960375056123,9,25,26,25,1,1,1,1,1,1,1,1
0.04,78,20260897,0.0006237275171069275,1.6,0.0008470140068575375,1.6,-2.0500509567296517,32.04119982655924,-0.7210940779132409,32.04119982655924,26.361605350425503,99.96101703018081,99.96101703018081,0.00013718885519810108,0.0006705033827256711,12,15,26,25,1,1,1,1,1,1,1,1
0.04,79,20260898,0.00039266563272124784,1.6,0.0007156528735749257,1.6,-4.059771078272753,32.04119982655924,-1.4529758055079747,32.04119982655924,45.131830357956716,99.97545839795492,99.97545839795492,0.00018992785153149243,0.0003128007356234847,10,21,26,25,1,1,1,1,1,1,1,1
0.04,80,20260899,0.00042394940832262643,1.6,0.0007249015096187186,1.6,-3.726859665139857,32.04119982655924,-1.3972099582178001,32.04119982655924,41.5162745976879,99.97350316197983,99.97350316197983,0.00012087311544151258,5.730682415964113e-05,9,25,26,25,1,1,1,1,1,1,1,1
0.04,81,20260900,0.00028850817926646174,1.6,0.0003117513211385001,1.6,-5.398418699954702,32.04119982655924,-5.06191697394104,32.04119982655924,7.455667481104998,99.98196823879584,99.98196823879584,0.0001323272669286784,0.00043515468062668846,7,17,26,25,1,1,1,1,1,1,1,1
0.04,82,20260901,0.0004793771233054349,1.6,0.0006842321930470041,1.6,-3.1932269508182456,32.04119982655924,-1.6479649616417467,32.04119982655924,29.939408262758608,99.9700389297934,99.9700389297934,0.00022398299302669805,0.0003130973592878988,5,16,26,25,1,1,1,1,1,1,1,1
0.04,83,20260902,0.0005470638493192219,1.6,0.0006680038421731838,1.6,-2.6196198301069917,32.04119982655924,-1.7522103957563178,32.04119982655924,18.104685215658904,99.96580850941756,99.96580850941756,0.0002474569202397826,0.00076596532181859,12,24,26,25,1,1,1,1,1,1,1,1
0.04,84,20260903,0.000599217040570244,1.6,0.0008034468929315314,1.6,-2.2241584464037447,32.04119982655924,-0.9504282440035894,32.04119982655924,25.419209926385467,99.96254893496436,99.96254893496436,0.0003977449984216544,0.0020375219058130513,20,25,26,25,1,1,1,1,1,1,1,1
0.04,85,20260904,0.00034196009025300715,1.6,0.0007463672110429789,1.6,-4.660245769680935,32.04119982655924,-1.2704744800738976,32.04119982655924,54.183398574657424,99.97862749435919,99.97862749435919,0.00016232363514641745,0.0010911583197384567,5,25,26,25,1,1,1,1,1,1,1,1
0.04,86,20260905,0.0005512615000777441,1.6,0.0008170311544859275,1.6,-2.586423374457194,32.04119982655924,-0.877613829249176,32.04119982655924,32.52870504985877,99.96554615624514,99.96554615624514,0.0002614196684826461,0.0009209973082462968,21,25,26,25,1,1,1,1,1,1,1,1
0.04,87,20260906,0.00037062681030317925,1.6,0.0005327097492738559,1.6,-4.310631680025931,32.04119982655924,-2.7350935499460793,32.04119982655924,30.426125895314314,99.97683582435606,99.97683582435606,0.00011669027291748685,0.0004993337082722965,11,25,26,25,1,1,1,1,1,1,1,1
0.04,88,20260907,0.0002962265614713806,1.6,0.0004124873353869629,1.6,-5.283760025897433,32.04119982655924,-3.8458938106797746,32.04119982655924,28.185295387679158,99.98148583990805,99.98148583990805,0.00016474052714255427,0.000174114787014224,9,18,26,25,1,1,1,1,1,1,1,1
0.04,89,20260908,0.00048695483616692053,1.6,0.000786793827542211,1.6,-3.1251131663557743,32.04119982655924,-1.0413905581278287,32.04119982655924,38.108965891601926,99.96956532273957,99.96956532273957,8.349648403431781e-05,0.00043276987503792065,12,25,26,25,1,1,1,1,1,1,1,1
0.04,90,20260909,0.0006549024442111331,1.6,0.0010485700700299876,1.6,-1.8382338870476558,32.04119982655924,0.2059745722442484,32.04119982655924,37.54328271143542,99.95906859723682,99.95906859723682,0.00043057695959768035,0.002329446849278835,16,25,26,25,1,1,1,1,1,1,1,1
0.04,91,20260910,0.0018302506776168646,1.6,0.0026014279971842925,1.6,2.625105763150926,32.04119982655924,4.152118099136646,32.04119982655924,29.644384561176672,99.88560933264894,99.88560933264894,0.0003548496474905682,0.00047813604682169853,10,25,26,25,1,1,1,1,1,1,1,1
0.04,92,20260911,0.00042002858776274757,1.6,0.0004721470282536954,1.6,-3.7672114987568817,32.04119982655924,-3.259227394673538,32.04119982655924,11.03860394583346,99.97374821326483,99.97374821326483,0.0006915692072223356,0.0003802788451014176,9,25,26,25,1,1,1,1,1,1,1,1
0.04,93,20260912,0.0016275588189640687,1.6,0.003497224913895457,1.6,2.115366926564723,32.04119982655924,5.437235635996841,32.04119982655924,53.461419867583565,99.89827757381474,99.89827757381474,0.003492964361855016,0.005550136418587518,25,25,26,25,1,1,1,1,1,1,1,1
0.04,94,20260913,0.0005773207901046466,1.6,0.0014277861954817448,1.6,-2.3858280268645387,32.04119982655924,1.5466317867658455,32.04119982655924,59.565319238161244,99.96391745061845,99.96391745061845,0.00033578706263918186,0.0002095849900332416,7,25,26,25,1,1,1,1,1,1,1,1
0.04,95,20260914,0.0003873702540339267,1.6,0.0004523328230451036,1.6,-4.1187373159035845,32.04119982655924,-3.4454189699836464,32.04119982655924,14.36167478933963,99.97578935912287,99.97578935912287,0.0001109956624767135,0.0009189810290549485,9,25,26,25,1,1,1,1,1,1,1,1
0.04,96,20260915,0.0006422166479015729,1.6,0.0011270134416007521,1.6,-1.9231844059748837,32.04119982655924,0.5192909579608227,32.04119982655924,43.01606137106925,99.95986145950614,99.95986145950614,0.00012088408029539069,0.0022506854176352394,13,25,23,25,1,1,1,1,1,1,1,1
0.04,97,20260916,0.0003656297164334741,1.6,0.0006017227980677487,1.6,-4.369585143643198,32.04119982655924,-2.206035336513507,32.04119982655924,39.23618689410079,99.97714814272292,99.97714814272292,0.00022415933927472635,0.000501023368665147,8,25,26,25,1,1,1,1,1,1,1,1
0.04,98,20260917,0.0008404365968283686,1.6,0.0010456332239295492,1.6,-0.7549504449245025,32.04119982655924,0.1937937405607149,32.04119982655924,19.624149501489633,99.94747271269823,99.94747271269823,0.00025531784685031624,0.0007086723164854369,7,19,26,25,1,1,1,1,1,1,1,1
0.04,99,20260918,0.0013369904991307078,1.6,0.0018500205226730567,1.6,1.261283211065861,32.04119982655924,2.6717654615124404,32.04119982655924,27.731044994089167,99.91643809380432,99.91643809380432,0.0006922498903131288,0.0007660301423621714,14,25,26,25,1,1,1,1,1,1,1,1
0.04,100,20260919,0.0008659364902580177,1.6,0.0011981997515734758,1.6,-0.6251395895485418,32.04119982655924,0.7852922521071428,32.04119982655924,27.73020615962656,99.94587896935886,99.94587896935886,0.00017110627548046708,0.00034384683481443115,11,25,26,25,1,1,1,1,1,1,1,1
0.04,101,20260920,0.0005158369033722547,1.6,0.000928541698713173,1.6,-2.8748759132248876,32.04119982655924,-0.32198588300723596,32.04119982655924,44.44655484108776,99.96776019353923,99.96776019353923,0.00038351716221371023,0.0007459081552529973,10,23,26,25,1,1,1,1,1,1,1,1
0.04,102,20260921,0.0005188779295332243,1.6,0.0010683229258097338,1.6,-2.8493480162301745,32.04119982655924,0.287025482907876,32.04119982655924,51.43060988418445,99.96757012940417,99.96757012940417,0.0007069654749412404,0.0012385051380557671,10,25,26,25,1,1,1,1,1,1,1,1
0.04,103,20260922,0.000514990313779435,1.6,0.0006420223650781037,1.6,-2.8820093933104647,32.04119982655924,-1.924498428644374,32.04119982655924,19.786234593745792,99.9678131053888,99.9678131053888,0.00016523699247024775,0.00042927705199872004,8,13,26,25,1,1,1,1,1,1,1,1
0.04,104,20260923,0.0015584375520263309,1.6,0.0016929448345345268,1.6,1.9268940439679147,32.04119982655924,2.28642806633693,32.04119982655924,7.945166302195462,99.90259765299835,99.90259765299835,0.0006404651455785089,0.0007760827744507247,9,25,26,25,1,1,1,1,1,1,1,1
0.04,105,20260924,0.0006010433023147816,1.6,0.0006440874670852665,1.6,-2.2109423801571784,32.04119982655924,-1.9105515143975162,32.04119982655924,6.682968846649919,99.96243479360533,99.96243479360533,0.0003872794901109652,0.000676858506120548,15,17,26,25,1,1,1,1,1,1,1,1
0.04,106,20260925,0.0003754170387681361,1.6,0.0005955824217646107,1.6,-4.254860202734048,32.04119982655924,-2.250581286554026,32.04119982655924,36.96640044280715,99.976536435077,99.976536435077,0.00041466026582672236,0.00021582630832404616,20,18,26,25,1,1,1,1,1,1,1,1
0.04,107,20260926,0.0006292118320266219,1.6,0.000983511412968855,1.6,-2.012031192725953,32.04119982655924,-0.07220596028694479,32.04119982655924,36.02394199704652,99.96067426049834,99.96067426049834,0.0001120136775717361,0.00018505641101361302,7,20,26,25,1,1,1,1,1,1,1,1
0.04,108,20260927,0.0007095848432802281,1.6,0.0010896414749288377,1.6,-1.489956695997531,32.04119982655924,0.37283625396468983,32.04119982655924,34.87905337610524,99.95565094729497,99.95565094729497,0.0006247292900486831,0.00028615409412627844,11,24,26,25,1,1,1,1,1,1,1,1
0.04,109,20260928,0.0012320610834859313,1.6,0.0015454815955155614,1.6,0.9063223994143633,32.04119982655924,1.89063837601442,32.04119982655924,20.27979582151383,99.92299618228212,99.92299618228212,0.0003716858708597942,0.0013750783352054624,10,25,26,25,1,1,1,1,1,1,1,1
0.04,110,20260929,0.0008661121756697569,1.6,0.0014428288824856665,1.6,-0.6242585611267447,32.04119982655924,1.5921482742134638,32.04119982655924,39.971247721514814,99.94586798902064,99.94586798902064,3.716672144612073,0.001285688206937515,10,25,26,25,1,1,1,1,1,1,1,1
0.04,111,20260930,0.0003337824626013755,1.6,0.0005030757445726925,1.6,-4.765364854983961,32.04119982655924,-2.9836662135876035,32.04119982655924,33.651648642912214,99.97913859608741,99.97913859608741,5.9653983525965666e-05,0.00020199287374948023,8,17,26,25,1,1,1,1,1,1,1,1
0.04,112,20260931,0.0007542911352760322,1.6,0.001295493548471592,1.6,-1.2246099625240476,32.04119982655924,1.1243525455058614,32.04119982655924,41.77577061916395,99.95285680404524,99.95285680404524,0.00018285950606505597,0.00016789167482265992,9,17,26,25,1,1,1,1,1,1,1,1
0.04,113,20260932,0.0006130362547184721,1.6,0.0010606087080698913,1.6,-2.12513840720438,32.04119982655924,0.2555518854831458,32.04119982655924,42.19958312108498,99.9616852340801,99.9616852340801,0.0001817930102024738,0.0021413738033355246,8,25,26,25,1,1,1,1,1,1,1,1
0.04,114,20260933,0.00029553544345212353,1.6,0.0007105580457504467,1.6,-5.293904268889596,32.04119982655924,-1.4840043860994603,32.04119982655924,58.407980147491315,99.98152903478423,99.98152903478423,0.00032505092170035554,0.0021479385350102733,8,25,26,25,1,1,1,1,1,1,1,1
0.04,115,20260934,0.0003446027100199156,1.6,0.000653350019225261,1.6,-4.626813115018402,32.04119982655924,-1.8485409178422656,32.04119982655924,47.25603430324473,99.97846233062376,99.97846233062376,0.00011466080377018533,0.00010522469419292753,12,25,26,25,1,1,1,1,1,1,1,1
0.04,116,20260935,0.0007072771861786869,1.6,0.0011876907878747964,1.6,-1.5041035022590825,32.04119982655924,0.7470338795232666,32.04119982655924,40.449383509637315,99.95579517586383,99.95579517586383,0.00019211788269286946,0.0006097118325486509,25,25,26,25,1,1,1,1,1,1,1,1
0.04,117,20260936,0.0005923818985749448,1.6,0.0008304869374191375,1.6,-2.2739822069290296,32.04119982655924,-0.8066719409928464,32.04119982655924,28.67053388992965,99.96297613133906,99.96297613133906,0.0003483315996572631,0.0002930617513087038,10,25,26,25,1,1,1,1,1,1,1,1
0.04,118,20260937,0.0017539184774707129,1.6,0.0019767118927638662,1.6,2.440094033929529,32.04119982655924,2.959433751807337,32.04119982655924,11.270909843196243,99.8903800951581,99.8903800951581,0.0007106623526384641,0.0005627302858305189,7,25,26,25,1,1,1,1,1,1,1,1
0.04,119,20260938,0.0009395741978981334,1.6,0.001409647428825315,1.6,-0.27068918101672573,32.04119982655924,1.4911050353292263,32.04119982655924,33.34686541576586,99.94127661263137,99.94127661263137,0.0009288660108358928,0.0019409029431700967,14,25,26,25,1,1,1,1,1,1,1,1
0.04,120,20260939,0.0006640538376466693,1.6,0.0008370075002478171,1.6,-1.7779670911838694,32.04119982655924,-0.7727065036797565,32.04119982655924,20.663334862583728,99.95849663514709,99.95849663514709,0.0007219883327778235,0.0007169090265034075,7,25,26,25,1,1,1,1,1,1,1,1
0.04,121,20260940,0.0004048550525998304,1.6,0.00046930944077032134,1.6,-3.9270043634943486,32.04119982655924,-3.2854070930078887,32.04119982655924,13.733878454415057,99.9746965592125,99.9746965592125,0.00024040233307529756,0.00014129928023505072,13,25,26,25,1,1,1,1,1,1,1,1
0.04,122,20260941,0.0010258462248126012,1.6,0.0017749591521653337,1.6,0.11082264556930428,32.04119982655924,2.491883629160028,32.04119982655924,42.204516449793445,99.93588461094923,99.93588461094923,0.00011377307814709316,0.0006590092509828621,9,13,26,25,1,1,1,1,1,1,1,1
0.04,123,20260942,0.0008030663433679557,1.6,0.0010385637635920955,1.6,-0.9524857505949886,32.04119982655924,0.1643316560494794,32.04119982655924,22.675297221002737,99.9498083535395,99.9498083535395,0.0001227795721180873,0.00022906519352798317,18,16,26,25,1,1,1,1,1,1,1,1
0.04,124,20260943,0.0008783069043674511,1.6,0.0012225617676401071,1.6,-0.5635370324707479,32.04119982655924,0.8727081026403998,32.04119982655924,28.15848428968674,99.94510581847703,99.94510581847703,0.0007462555652208888,0.0005188122112812287,17,21,26,25,1,1,1,1,1,1,1,1
0.04,125,20260944,0.0007201718774425987,1.6,0.0011090496044577859,1.6,-1.4256384174001815,32.04119982655924,0.44950971271352513,32.04119982655924,35.06405172970684,99.95498925765983,99.95498925765983,0.00025354837791617294,0.00020206550088217306,14,25,26,25,1,1,1,1,1,1,1,1
0.04,126,20260945,0.0005756338807627384,1.6,0.0008234102184588006,1.6,-2.3985365220022543,32.04119982655924,-0.843837477432764,32.04119982655924,30.091482002716933,99.96402288245233,99.96402288245233,8.597864028790581e-05,0.00016481479659386804,7,25,26,25,1,1,1,1,1,1,1,1
0.04,127,20260946,0.000621745252336869,1.6,0.0012902334287211467,1.6,-2.0638752232947315,32.04119982655924,1.1066828986081878,32.04119982655924,51.81141346235849,99.96114092172895,99.96114092172895,0.00011860770309608115,0.00012732924159396082,10,19,26,25,1,1,1,1,1,1,1,1
0.04,128,20260947,0.0024891278557241194,1.6,0.0032043830186681815,1.6,3.960472050092958,32.04119982655924,5.057444215670721,32.04119982655924,22.32115071067064,99.84442950901725,99.84442950901725,0.003023549877906708,0.008886871976923595,17,25,26,25,1,1,1,1,1,1,1,1
0.04,129,20260948,0.0008393221722884951,1.6,0.0008317914555103189,1.6,-0.760713040221795,32.04119982655924,-0.799855451922665,32.04119982655924,-0.9053611609361774,99.94754236423198,99.94754236423198,0.00022833078903001405,0.0005821920816382977,7,15,26,25,1,1,1,1,0,1,1,1
0.04,130,20260949,0.00028627241428997316,1.6,0.0004024543565023013,1.6,-5.432204993372832,32.04119982655924,-3.952833670805062,32.04119982655924,28.86835248152266,99.98210797410687,99.98210797410687,0.00011499302851761394,0.0006865230103642082,18,25,26,25,1,1,1,1,1,1,1,1
0.04,131,20260950,0.000694680556192344,1.6,0.000746235291521207,1.6,-1.5821485666983328,32.04119982655924,-1.2712421582790685,32.04119982655924,6.908643415104134,99.95658246523799,99.95658246523799,0.00034119001717836307,0.0019090943596168895,13,25,26,25,1,1,1,1,1,1,1,1
0.04,132,20260951,0.0003777628397654734,1.6,0.0006748122331978205,1.6,-4.2278076552096175,32.04119982655924,-1.7081705299139918,32.04119982655924,44.01956260109283,99.97638982251466,99.97638982251466,0.0001635144511381857,0.0011553075799657414,7,23,26,25,1,1,1,1,1,1,1,1
0.04,133,20260952,0.0006447691589774847,1.6,0.0015104163176187359,1.6,-1.9059574416547642,32.04119982655924,1.790966688326317,32.04119982655924,57.31182512686284,99.95970192756391,99.95970192756391,0.0003063647490948235,0.000861645049104474,23,25,26,25,1,1,1,1,1,1,1,1
0.04,134,20260953,0.0004941610019894907,1.6,0.0006117441078666718,1.6,-3.061315310688053,32.04119982655924,-2.134302049484894,32.04119982655924,19.220962550375397,99.96911493737565,99.96911493737565,0.00035033273070225334,0.0012152774330909531,24,20,26,25,1,1,1,1,1,1,1,1
0.04,135,20260954,0.0008765205305232098,1.6,0.0016162074640868412,1.6,-0.5723790707900803,32.04119982655924,2.08497108124827,32.04119982655924,45.766830682319316,99.9452174668423,99.9452174668423,0.0003436984566169392,0.0005942724578490842,12,25,26,25,1,1,1,1,1,1,1,1
0.04,136,20260955,0.00030890387734606263,1.6,0.0004688375257496294,1.6,-5.1017664042165976,32.04119982655924,-3.289776346739226,32.04119982655924,34.11280872789505,99.98069350766588,99.98069350766588,0.0004539892716549634,0.0021192243097213075,7,19,26,25,1,1,1,1,1,1,1,1
0.04,137,20260956,0.0008634912428648336,1.6,0.0011079114244652286,1.6,-0.6374206249115476,32.04119982655924,0.4450504071401711,32.04119982655924,22.06134680111028,99.94603179732096,99.94603179732096,0.0005861486189491765,0.004861733498959939,14,23,26,25,1,1,1,1,1,1,1,1
0.04,138,20260957,0.0005657732742562556,1.6,0.0012894842783304286,1.6,-2.473575714021246,32.04119982655924,1.1041605149453466,32.04119982655924,56.12406573977035,99.96463917035898,99.96463917035898,0.0009483555183122513,0.0006789324791098152,8,25,26,25,1,1,1,1,1,1,1,1
0.04,139,20260958,0.0008612521106644716,1.6,0.0008902144171884785,1.6,-0.6486970076059069,32.04119982655924,-0.5050537651642709,32.04119982655924,3.253407939120687,99.94617174308347,99.94617174308347,0.00019456848311010926,0.002179150755793202,12,21,26,25,1,1,1,1,1,1,1,1
0.04,140,20260959,0.0005717058524761972,1.6,0.0007098532685372177,1.6,-2.428273619485605,32.04119982655924,-1.4883141360530971,32.04119982655924,19.4614045161331,99.96426838422025,99.96426838422025,0.0001731521060290792,0.0002190424855119076,7,25,26,25,1,1,1,1,1,1,1,1
0.04,141,20260960,0.0005243229906795358,1.6,0.000738039978025906,1.6,-2.8040109878761617,32.04119982655924,-1.3192011274904172,32.04119982655924,28.95737273176122,99.96722981308254,99.96722981308254,0.00012862912347262278,0.00014449058781986526,15,25,26,25,1,1,1,1,1,1,1,1
0.04,142,20260961,0.0007109384129151467,1.6,0.001766793569845479,1.6,-1.4816801964940354,32.04119982655924,2.47185809996752,32.04119982655924,59.7610934831892,99.9555663491928,99.9555663491928,0.0005844913059877865,0.0003492602124259942,10,25,26,25,1,1,1,1,1,1,1,1
0.04,143,20260962,0.001220066606105799,1.6,0.0014079465001323008,1.6,0.8638354040803531,32.04119982655924,1.4858615257686,32.04119982655924,13.344249515791072,99.92374583711839,99.92374583711839,0.0008728206896470079,0.0008924024348877917,14,25,26,25,1,1,1,1,1,1,1,1
0.04,144,20260963,0.001133029033070436,1.6,0.0019928620422974878,1.6,0.5424103849599616,32.04119982655924,2.9947723530726162,32.04119982655924,43.14563632492022,99.9291856854331,99.9291856854331,0.000436286215936165,0.004828013485367388,17,25,26,25,1,1,1,1,1,1,1,1
0.04,145,20260964,0.0009520619957365254,1.6,0.0011687678673696505,1.6,-0.21334770597003877,32.04119982655924,0.6772826314537194,32.04119982655924,18.541395403077658,99.94049612526646,99.94049612526646,0.00018209010202428744,0.0010131938067516595,25,22,26,25,1,1,1,1,1,1,1,1
0.04,146,20260965,0.0002029417521164158,1.6,0.00033897643580749415,1.6,-6.926285944236428,32.04119982655924,-4.698304910431494,32.04119982655924,40.1310148202552,99.98731614049272,99.98731614049272,0.00033837881001158994,0.0007144182009395584,11,13,26,25,1,1,1,1,1,1,1,1
0.04,147,20260966,0.0009134746575802015,1.6,0.001597265223121029,1.6,-0.3930349672495762,32.04119982655924,2.0337703597209416,32.04119982655924,42.810082861800026,99.94290783390123,99.94290783390123,0.00031849601206984315,0.00019155538592358336,9,25,26,25,1,1,1,1,1,1,1,1
0.04,148,20260967,0.0005259101290615208,1.6,0.000651737259728865,1.6,-2.7908846456748466,32.04119982655924,-1.8592744973927566,32.04119982655924,19.306419694293787,99.96713061693366,99.96713061693366,0.00012849014966427212,0.00016130089659094454,11,25,26,25,1,1,1,1,1,1,1,1
0.04,149,20260968,0.0007892653161495793,1.6,0.001228810066437525,1.6,-1.0277698161856967,32.04119982655924,0.894847604514037,32.04119982655924,35.76995031968132,99.95067091774064,99.95067091774064,0.0004305031046500572,0.0013056577877663847,17,25,26,25,1,1,1,1,1,1,1,1
0.04,150,20260969,0.0005226398530779571,1.6,0.0007112508091083864,1.6,-2.8179747690503683,32.04119982655924,-1.4797722654962098,32.04119982655924,26.51820618198933,99.96733500918262,99.96733500918262,0.0008307575629672207,0.004201210967398358,9,25,26,25,1,1,1,1,1,1,1,1
0.04,151,20260970,0.0005244498951592405,1.6,0.0011228770901925025,1.6,-2.8029599707059476,32.04119982655924,0.5033222111231329,32.04119982655924,53.29409605557716,99.96722188155255,99.96722188155255,0.00010529406982934982,0.0002304179328766915,6,25,26,25,1,1,1,1,1,1,1,1
0.04,152,20260971,0.0007871186748538542,1.6,0.0012491055924745216,1.6,-1.0395978358933178,32.04119982655924,0.9659915277818687,32.04119982655924,36.98541743820515,99.95080508282165,99.95080508282165,0.00040600492894259685,0.0009602472939542355,6,22,26,25,1,1,1,1,1,1,1,1
0.04,153,20260972,0.000340030846474789,1.6,0.000636791193876838,1.6,-4.684816834103106,32.04119982655924,-1.9600295104479073,32.04119982655924,46.60245780023232,99.97874807209534,99.97874807209534,9.575851861541838e-05,0.0003129050238981766,15,20,26,25,1,1,1,1,1,1,1,1
0.04,154,20260973,0.001632237437494312,1.6,0.002511018238132545,1.6,2.1278333474447795,32.04119982655924,3.998498671101982,32.04119982655924,34.996989957818315,99.89798516015661,99.89798516015661,0.0007316344388473338,0.0010572285511669033,8,25,26,25,1,1,1,1,1,1,1,1
0.04,155,20260974,0.0007874465745754588,1.6,0.0009697902686676435,1.6,-1.0377890186109513,32.04119982655924,-0.133221781140272,32.04119982655924,18.802384390049554,99.95078458908904,99.95078458908904,0.00017935484480403907,0.0003944256775349709,10,25,26,25,1,1,1,1,1,1,1,1
0.04,156,20260975,0.0003046765683846074,1.6,0.00038142921347841,1.6,-5.161609445714385,32.04119982655924,-4.185860476125014,32.04119982655924,20.12238244518915,99.98095771447596,99.98095771447596,0.00017607920946992892,0.00030517430488384426,16,25,26,25,1,1,1,1,1,1,1,1
0.04,157,20260976,0.0005288779679672337,1.6,0.0008546624258645931,1.6,-2.7664452447194594,32.04119982655924,-0.6820538882004576,32.04119982655924,38.11849544781257,99.96694512700205,99.96694512700205,0.00037471232273954437,0.00022945479140357072,14,25,26,25,1,1,1,1,1,1,1,1
0.04,158,20260977,0.001380545876388727,1.6,0.0022470566951726693,1.6,1.4005084308787095,32.04119982655924,3.516140301805958,32.04119982655924,38.562036313790365,99.91371588272571,99.91371588272571,0.0012696621477887747,0.003069685115960133,25,25,26,25,1,1,1,1,1,1,1,1
0.04,159,20260978,0.00045025961465526814,1.6,0.0005597622918607198,1.6,-3.465370046669052,32.04119982655924,-2.5199636094023075,32.04119982655924,19.56235330562391,99.97185877408405,99.97185877408405,0.001898962929841384,0.004696660058702722,9,23,26,25,1,1,1,1,1,1,1,1
0.04,160,20260979,0.0003256176249044442,1.6,0.0003763062779405538,1.6,-4.872920958234282,32.04119982655924,-4.244585362584053,32.04119982655924,13.470052456610096,99.97964889844347,99.97964889844347,4.7852446978998555e-05,6.714608281297273e-05,8,16,26,25,1,1,1,1,1,1,1,1
0.04,161,20260980,0.00039603223673414335,1.6,0.0005941788352060206,1.6,-4.022694613827374,32.04119982655924,-2.260828219314463,32.04119982655924,33.34797315747094,99.9752479852041,99.9752479852041,0.000406877858351667,0.00012041427854161451,7,24,26,25,1,1,1,1,1,1,1,1
0.04,162,20260981,0.0006455442834539535,1.6,0.0009779620562269716,1.6,-1.9007396036885436,32.04119982655924,-0.09677994998618508,32.04119982655924,33.990866072606444,99.95965348228412,99.95965348228412,0.00016446993431398486,0.00021832574395188074,10,19,26,25,1,1,1,1,1,1,1,1
0.04,163,20260982,0.00033196109244543876,1.6,0.0006865712919021201,1.6,-4.789128148695756,32.04119982655924,-1.6331435999729669,32.04119982655924,51.64943592008443,99.97925243172216,99.97925243172216,0.00031799276416155837,0.00037593825630153146,4,18,26,25,1,1,1,1,1,1,1,1
0.04,164,20260983,0.00042885311201340613,1.6,0.0006872138391605085,1.6,-3.676914340756708,32.04119982655924,-1.6290810323600355,32.04119982655924,37.59539060836035,99.97319668049916,99.97319668049916,0.0004868448030462325,0.000637874158517345,8,25,26,25,1,1,1,1,1,1,1,1
0.04,165,20260984,0.0006046959249604578,1.6,0.0006182810452494696,1.6,-2.184629580901885,32.04119982655924,-2.088140675392033,32.04119982655924,2.197240299276903,99.96220650468999,99.96220650468999,0.0005993781609163765,0.004662803907459835,18,25,26,25,1,1,1,1,1,1,1,1
0.04,166,20260985,0.0008272871382110158,1.6,0.0013639924104194212,1.6,-0.823437275732707,32.04119982655924,1.3481195380863056,32.04119982655924,39.34811279803024,99.94829455386181,99.94829455386181,0.0006943584029936842,0.0019420165116336467,9,25,26,25,1,1,1,1,1,1,1,1
0.04,167,20260986,0.0005567391231373024,1.6,0.0007805877871202554,1.6,-2.543482589056765,32.04119982655924,-1.0757824786360108,32.04119982655924,28.676936492790322,99.96520380480392,99.96520380480392,7.248563625196582e-05,0.00027886800447245744,7,25,26,25,1,1,1,1,1,1,1,1
0.04,168,20260987,0.0002921139645394495,1.6,0.0003503214585490953,1.6,-5.3444768103582865,32.04119982655924,-4.555332596448158,32.04119982655924,16.61545206243437,99.98174287721628,99.98174287721628,0.00039485774906386267,0.00035203892886759855,9,18,26,25,1,1,1,1,1,1,1,1
0.04,169,20260988,0.0004131451418606327,1.6,0.0006700176393903744,1.6,-3.8389734971020992,32.04119982655924,-1.739137635841552,32.04119982655924,38.33816938960905,99.97417842863372,99.97417842863372,0.0004165961147385578,0.0017354323480765538,6,25,26,25,1,1,1,1,1,1,1,1
0.04,170,20260989,0.001207200184693916,1.6,0.001433779309380444,1.6,0.8177929321181971,32.04119982655924,1.5648230886719094,32.04119982655924,15.802928888995893,99.92454998845663,99.92454998845663,0.00021414290698666422,0.0003069522834841545,22,21,26,25,1,1,1,1,1,1,1,1
0.04,171,20260990,0.0014350765030183034,1.6,0.0032452450189684578,1.6,1.5687505365055807,32.04119982655924,5.1124749200505395,32.04119982655924,55.77910158923961,99.91030771856136,99.91030771856136,0.0008191936900151916,0.00487665372551907,23,25,26,25,1,1,1,1,1,1,1,1
0.04,172,20260991,0.0009931879320658446,1.6,0.0014408898185960198,1.6,-0.029685660698017945,32.04119982655924,1.5863077262159317,32.04119982655924,31.071208967692538,99.93792575424588,99.93792575424588,0.0003044125961053888,0.0008722575630664231,14,25,26,25,1,1,1,1,1,1,1,1
0.04,173,20260992,0.000542317023795789,1.6,0.0008195415893484125,1.6,-2.6574676247487257,32.04119982655924,-0.8642900235435311,32.04119982655924,33.826784284740775,99.96610518601277,99.96610518601277,0.00031101669639322456,0.00031393816767403117,11,23,26,25,1,1,1,1,1,1,1,1
0.04,174,20260993,0.0005037086215640558,1.6,0.001112874601220613,1.6,-2.9782061561905944,32.04119982655924,0.46446230762302276,32.04119982655924,54.7380611425957,99.96851821115224,99.96851821115224,0.00026392990023412914,0.00016328365215198738,6,14,26,25,1,1,1,1,1,1,1,1
0.04,175,20260994,0.0007515675200379735,1.6,0.0013840316461654692,1.6,-1.2403199676347292,32.04119982655924,1.4114602046604865,32.04119982655924,45.69723010884687,99.95302702999761,99.95302702999761,0.00022814006965501813,0.002382865599927204,12,25,26,25,1,1,1,1,1,1,1,1
0.04,176,20260995,0.0007710624997682542,1.6,0.0010978514348817365,1.6,-1.1291041805232418,32.04119982655924,0.40543573833132013,32.04119982655924,29.7662256231131,99.95180859376448,99.95180859376448,0.00018625052616013242,0.0011025630233925182,16,25,26,25,1,1,1,1,1,1,1,1
0.04,177,20260996,0.0006165493396612248,1.6,0.0010640590189342674,1.6,-2.1003216305009014,32.04119982655924,0.2696571713819089,32.04119982655924,42.056847534759505,99.96146566627118,99.96146566627118,0.0006696141833841639,0.0007996972974263545,11,25,26,25,1,1,1,1,1,1,1,1
0.04,178,20260997,0.000534155533285102,1.6,0.0011491113156420116,1.6,-2.723322684162976,32.04119982655924,0.6036210129702604,32.04119982655924,53.515771186478325,99.96661527916967,99.96661527916967,0.0002770008205174312,0.0006737452918031307,9,25,26,25,1,1,1,1,1,1,1,1
0.04,179,20260998,0.00045250918215124767,1.6,0.0005716447564006155,1.6,-3.443726038241712,32.04119982655924,-2.4287377586273573,32.04119982655924,20.8408409095729,99.97171817611554,99.97171817611554,6.472996225300506e-05,6.47726084602943e-05,5,25,26,25,1,1,1,1,1,1,1,1
0.04,180,20260999,0.00036381287325532355,1.6,0.00043169586372472017,1.6,-4.391219378045939,32.04119982655924,-3.6482211249762515,32.04119982655924,15.724725709367375,99.97726169542155,99.97726169542155,0.00016471077230304854,0.0016617084841272344,11,25,26,25,1,1,1,1,1,1,1,1
0.04,181,20261000,0.0005181401062441497,1.6,0.0009541690485234363,1.6,-2.8555279017495905,32.04119982655924,-0.20374675257174127,32.04119982655924,45.69724232346831,99.96761624335974,99.96761624335974,0.00031554154631312464,0.0008299808452517301,9,25,26,25,1,1,1,1,1,1,1,1
0.04,182,20261001,0.0005692320763954144,1.6,0.0007221767127314596,1.6,-2.4471063527604615,32.04119982655924,-1.4135651991817044,32.04119982655924,21.178284156736222,99.96442299522529,99.96442299522529,0.000270846354114275,0.0035414215660246745,9,25,26,25,1,1,1,1,1,1,1,1
0.04,183,20261002,0.0003518536251801214,1.6,0.00045840871718493524,1.6,-4.53637970037717,32.04119982655924,-3.387471323379638,32.04119982655924,23.244560587582907,99.97800914842624,99.97800914842624,0.00025304811819209697,0.00024367704201574226,7,25,26,25,1,1,1,1,1,1,1,1
0.04,184,20261003,0.0003293605061034942,1.6,0.00042484665141179223,1.6,-4.823284786624226,32.04119982655924,-3.7176780045225257,32.04119982655924,22.47543790000264,99.97941496836853,99.97941496836853,0.0001733385215971957,0.00017553720327596783,5,24,26,25,1,1,1,1,1,1,1,1
0.04,185,20261004,0.0010049906165366003,1.6,0.0012025136882013036,1.6,0.021620068257610873,32.04119982655924,0.8009002864375624,32.04119982655924,16.42584808827868,99.93718808646648,99.93718808646648,0.003641265950056239,0.0075098095393999345,17,25,26,25,1,1,1,1,1,1,1,1
0.04,186,20261005,0.0004653263874252058,1.6,0.0006936904292918831,1.6,-3.3224231908026853,32.04119982655924,-1.5883429733324304,32.04119982655924,32.920166146704744,99.97091710078593,99.97091710078593,0.0002282292337912828,0.00018910064899308425,7,15,26,25,1,1,1,1,1,1,1,1
0.04,187,20261006,0.000395485919626409,1.6,0.0008546382144837188,1.6,-4.028689739549475,32.04119982655924,-0.6821769194433585,32.04119982655924,53.724755934846726,99.97528213002334,99.97528213002334,0.0010130806474182123,0.009394200699800096,13,25,26,25,1,1,1,1,1,1,1,1
0.04,188,20261007,0.0003061147919351501,1.6,0.00034471946790506734,1.6,-5.141156841217121,32.04119982655924,-4.625341892784477,32.04119982655924,11.198867358587535,99.98086782550405,99.98086782550405,0.00011028810684466269,0.0012973413967582838,10,25,26,25,1,1,1,1,1,1,1,1
0.04,189,20261008,0.0005887410379557952,1.6,0.0006862845048665768,1.6,-2.30075690811614,32.04119982655924,-1.6349580662719434,32.04119982655924,14.21326960161302,99.96320368512777,99.96320368512777,0.0012471691854731657,0.0104023234371148,6,19,26,25,1,1,1,1,1,1,1,1
0.04,190,20261009,0.0005200609635315873,1.6,0.0005845290897444429,1.6,-2.8394574372387615,32.04119982655924,-2.331938708133032,32.04119982655924,11.02907063890372,99.96749618977927,99.96749618977927,0.0005442742123784933,0.0010080457156817775,16,19,26,25,1,1,1,1,1,1,1,1
0.04,191,20261010,0.0007082948838134095,1.6,0.000902730179221373,1.6,-1.4978589520518162,32.04119982655924,-0.44442038375281817,32.04119982655924,21.538583718965583,99.95573156976167,99.95573156976167,0.0004556984244397084,0.0004828938990917448,8,23,26,25,1,1,1,1,1,1,1,1
0.04,192,20261011,0.0007260330600776077,1.6,0.001386022840835991,1.6,-1.3904360315337967,32.04119982655924,1.4177038725075013,32.04119982655924,47.617525578460544,99.95462293374516,99.95462293374516,0.000706220273972522,0.001929300885940733,14,25,26,25,1,1,1,1,1,1,1,1
0.04,193,20261012,0.0003238156726212405,1.6,0.0006040171855257747,1.6,-4.897021352978966,32.04119982655924,-2.1895070463576465,32.04119982655924,46.38965903935814,99.97976152046117,99.97976152046117,9.43545653062292e-05,9.439837860078176e-05,11,18,26,25,1,1,1,1,1,1,1,1
0.04,194,20261013,0.00038225937998186994,1.6,0.0007365238750889061,1.6,-4.176418489519127,32.04119982655924,-1.3281317054394677,32.04119982655924,48.09952631396677,99.97610878875115,99.97610878875115,0.0010796436982783788,0.0010873857068357056,10,25,26,25,1,1,1,1,1,1,1,1
0.04,195,20261014,0.0005570344744666191,1.6,0.0006276016893995062,1.6,-2.5411792581854353,32.04119982655924,-2.0231589603491646,32.04119982655924,11.243949167888053,99.96518534534584,99.96518534534584,0.00016270718868744693,0.0001338118074111424,5,19,26,25,1,1,1,1,1,1,1,1
0.04,196,20261015,0.0009979883392364445,1.6,0.0012216336363655895,1.6,-0.008745330962487238,32.04119982655924,0.86940982043499,32.04119982655924,18.30706772240645,99.93762572879774,99.93762572879774,0.00036013663122723535,0.000515080304364461,9,24,26,25,1,1,1,1,1,1,1,1
0.04,197,20261016,0.00027899418870876624,1.6,0.00038696413823573113,1.6,-5.5440484274073984,32.04119982655924,-4.123292812032972,32.04119982655924,27.90179731362901,99.9825628632057,99.9825628632057,8.011230061537964e-05,9.071036052709002e-05,14,25,26,25,1,1,1,1,1,1,1,1
0.04,198,20261017,0.0005787684588941708,1.6,0.0010015313460196285,1.6,-2.374951446253238,32.04119982655924,0.006645464307086381,32.04119982655924,42.21164807328678,99.96382697131911,99.96382697131911,0.0002301037840684681,0.00018197160286719777,18,25,26,25,1,1,1,1,1,1,1,1
0.04,199,20261018,0.0008373229552502717,1.6,0.0015026596580765782,1.6,-0.7710700242377687,32.04119982655924,1.7686062705607042,32.04119982655924,44.277271919174645,99.94766731529687,99.94766731529687,0.0004667848219692846,0.0013044391324217117,11,25,26,25,1,1,1,1,1,1,1,1
0.04,200,20261019,0.0005177348100043675,1.6,0.0012402073556888153,1.6,-2.8589263415939086,32.04119982655924,0.9349430282579212,32.04119982655924,58.254173575932725,99.96764157437472,99.96764157437472,0.0022101830119973967,0.004747085797641533,16,25,26,25,1,1,1,1,1,1,1,1
0.04,201,20261020,0.0007016767013461652,1.6,0.0010977002081098341,1.6,-1.5386294365756417,32.04119982655924,0.40483746542922966,32.04119982655924,36.077565061738916,99.95614520616587,99.95614520616587,0.0005594878232606181,0.0005751412154834411,13,25,26,25,1,1,1,1,1,1,1,1
0.04,202,20261021,0.0007815752080389187,1.6,0.0008155572757745773,1.6,-1.0702922511151833,32.04119982655924,-0.8854553348407612,32.04119982655924,4.166729761975824,99.95115154949758,99.95115154949758,0.00037968680416164657,0.0003557609788016927,13,18,26,25,1,1,1,1,1,1,1,1
0.04,203,20261022,0.0004976016715955091,1.6,0.0006879014208399244,1.6,-3.031181693874021,32.04119982655924,-1.624737935271372,32.04119982655924,27.663811046074045,99.9688998955253,99.9688998955253,0.00033026082833962847,0.0008404887415554532,13,25,26,25,1,1,1,1,1,1,1,1
0.04,204,20261023,0.0004846106939137137,1.6,0.001000733814655476,1.6,-3.146070065078968,32.04119982655924,0.00318574782481239,32.04119982655924,51.57446597519529,99.96971183163038,99.96971183163038,0.0006913864713418241,0.000693205710574474,9,25,26,25,1,1,1,1,1,1,1,1
0.04,205,20261024,0.0005371676160273986,1.6,0.0008843577772169442,1.6,-2.698901773222625,32.04119982655924,-0.5337200055672102,32.04119982655924,39.259015992616234,99.96642702399829,99.96642702399829,0.0003002019391738134,0.00032701365028575257,6,19,26,25,1,1,1,1,1,1,1,1
0.04,206,20261025,0.00038298627139932726,1.6,0.000630910793934532,1.6,-4.168167935571664,32.04119982655924,-2.000320424052308,32.04119982655924,39.296287988525236,99.97606335803755,99.97606335803755,0.0004079567099601974,0.0006311746268976121,8,25,26,25,1,1,1,1,1,1,1,1
0.04,207,20261026,0.0013296374543815817,1.6,0.00151316827381545,1.6,1.2373324019615881,32.04119982655924,1.7988722698276962,32.04119982655924,12.128910089496907,99.91689765910114,99.91689765910114,0.0009734903871068644,0.000978372592049469,12,19,26,25,1,1,1,1,1,1,1,1
0.04,208,20261027,0.000672286260589149,1.6,0.0011397489478292637,1.6,-1.724457642640769,32.04119982655924,0.5680919995085388,32.04119982655924,41.014531150077566,99.95798210871317,99.95798210871317,0.00029521521359546405,0.0006165498979489852,10,25,26,25,1,1,1,1,1,1,1,1
0.04,209,20261028,0.0011557803236953777,1.6,0.001669349655793762,1.6,0.628752966511636,32.04119982655924,2.2254731192031416,32.04119982655924,30.76463521683157,99.92776372976903,99.92776372976903,0.0003620353736595349,0.0027161868740442187,18,25,26,25,1,1,1,1,1,1,1,1
0.04,210,20261029,0.00046930205716254054,1.6,0.0007071854415354986,1.6,-3.285475420747808,32.04119982655924,-1.5046668850103275,32.04119982655924,33.63804886260757,99.97066862142735,99.97066862142735,0.0006852608155029113,0.0006910093252643346,7,25,26,25,1,1,1,1,1,1,1,1
0.04,211,20261030,0.0006293561191026617,1.6,0.0012489740148944463,1.6,-2.0110354088884197,32.04119982655924,0.9655340290147908,32.04119982655924,49.61015108422011,99.96066524255608,99.96066524255608,0.00034047897980933313,0.00014394746864741315,5,25,26,25,1,1,1,1,1,1,1,1
0.04,212,20261031,0.0005362657173763488,1.6,0.0008768500864229319,1.6,-2.706199659125128,32.04119982655924,-0.5707465088088299,32.04119982655924,38.841801388876036,99.96648339266397,99.96648339266397,0.00013291909097586793,0.00021518593991325672,16,25,26,25,1,1,1,1,1,1,1,1
0.04,213,20261032,0.0003480561885114,1.6,0.0005751918588470723,1.6,-4.583506399883567,32.04119982655924,-2.4018726950072002,32.04119982655924,39.48867961917059,99.97824648821805,99.97824648821805,0.00016094978589866507,0.0006624471173618056,8,25,26,25,1,1,1,1,1,1,1,1
0.04,214,20261033,0.0005847200012494467,1.6,0.0008030461669353149,1.6,-2.330520501960704,32.04119982655924,-0.9525948651595615,32.04119982655924,27.18724958479932,99.96345499992191,99.96345499992191,0.00017889030903063525,0.001108231223382662,16,16,26,25,1,1,1,1,1,1,1,1
0.04,215,20261034,0.0004074898060848669,1.6,0.000746060337425451,1.6,-3.898832512588919,32.04119982655924,-1.2722604765967993,32.04119982655924,45.38111924150039,99.9745318871197,99.9745318871197,0.0004299533410628319,0.00156161560572332,16,25,26,25,1,1,1,1,1,1,1,1
0.04,216,20261035,0.0007459267810901612,1.6,0.0008568740255072156,1.6,-1.2730380004624502,32.04119982655924,-0.6708302177401776,32.04119982655924,12.947906123234455,99.95337957618186,99.95337957618186,0.00015495891650353107,0.00023904598823850732,11,25,26,25,1,1,1,1,1,1,1,1
0.04,217,20261036,0.000869123731612929,1.6,0.0015055762470057809,1.6,-0.6091839140918452,32.04119982655924,1.7770275441229157,32.04119982655924,42.27301783344408,99.94567976677419,99.94567976677419,0.0005555233881990364,0.0036312765664638317,15,25,26,25,1,1,1,1,1,1,1,1
0.04,218,20261037,0.0003333352014252108,1.6,0.00043622180824954795,1.6,-4.771188208205003,32.04119982655924,-3.6029262631879155,32.04119982655924,23.585846667592364,99.97916654991091,99.97916654991091,0.00016747435173552222,0.0002387915299689019,10,22,26,25,1,1,1,1,1,1,1,1
0.04,219,20261038,0.00036092241120566615,1.6,0.0006025795358802913,1.6,-4.425861499139931,32.04119982655924,-2.19985621426647,32.04119982655924,40.10377224669522,99.97744234929965,99.97744234929965,0.0002010776572067496,0.0003221498755210278,14,25,26,25,1,1,1,1,1,1,1,1
0.04,220,20261039,0.0006664621660484647,1.6,0.0010694407199445533,1.6,-1.7622449972762235,32.04119982655924,0.29156716243228453,32.04119982655924,37.68124276369255,99.95834611462197,99.95834611462197,0.00037438626220683073,0.0008318030086287255,8,25,26,25,1,1,1,1,1,1,1,1
0.04,221,20261040,0.0009096850632263276,1.6,0.0014187884649367304,1.6,-0.4110893622430589,32.04119982655924,1.5191764890429549,32.04119982655924,35.88296735504583,99.94314468354834,99.94314468354834,0.0008828503867502979,0.000921176880665081,9,23,26,25,1,1,1,1,1,1,1,1
0.04,222,20261041,0.0010152140785321308,1.6,0.001784404076227758,1.6,0.06557631728908848,32.04119982655924,2.514932066572277,32.04119982655924,43.106267685831554,99.93654912009173,99.93654912009173,0.0005167985043955064,0.001000183417646434,9,19,26,25,1,1,1,1,1,1,1,1
0.04,223,20261042,0.0004813179373147555,1.6,0.0006274857793753517,1.6,-3.1756795313323796,32.04119982655924,-2.0239611209201698,32.04119982655924,23.294207911150288,99.96991762891784,99.96991762891784,0.00015787937555661913,0.0014812118441292245,13,20,26,25,1,1,1,1,1,1,1,1
0.04,224,20261043,0.0005343687925374197,1.6,0.0006363341413061557,1.6,-2.7215891285388705,32.04119982655924,-1.9631477488872662,32.04119982655924,16.02386893141382,99.96660195046641,99.96660195046641,0.00029475085944159226,0.0005776622018006007,8,25,26,25,1,1,1,1,1,1,1,1
0.04,225,20261044,0.0006204119126874662,1.6,0.001465557351679362,1.6,-2.0731987177919193,32.04119982655924,1.6600281835993047,32.04119982655924,57.66716928706033,99.96122425545704,99.96122425545704,0.00034133031300891234,0.00034172399560116753,8,25,26,25,1,1,1,1,1,1,1,1
0.04,226,20261045,0.0009250513010625907,1.6,0.0015329133744335297,1.6,-0.33834181692754417,32.04119982655924,1.8551761338765695,32.04119982655924,39.65403939381554,99.9421842936836,99.9421842936836,0.0008041080651742024,0.003490725530352298,14,24,26,25,1,1,1,1,1,1,1,1
0.04,227,20261046,0.0011853166570736252,1.6,0.001686861226661729,1.6,0.7383438751789778,32.04119982655924,2.270793558706674,32.04119982655924,29.73241435993241,99.92591770893289,99.92591770893289,0.0005321654645727969,0.0022862985953384456,8,23,26,25,1,1,1,1,1,1,1,1
0.04,228,20261047,0.0004385747677691748,1.6,0.0006912922032281203,1.6,-3.5795635791575404,32.04119982655924,-1.6033834130084312,32.04119982655924,36.55725238601469,99.97258907701443,99.97258907701443,0.0008599604742503856,0.005826929010336263,9,25,26,25,1,1,1,1,1,1,1,1
0.04,229,20261048,0.00047945666465478906,1.6,0.0006919305650323133,1.6,-3.1925064011333957,32.04119982655924,-1.5993748464194084,32.04119982655924,30.707402030664973,99.97003395845908,99.97003395845908,0.00026079773754300026,0.0024014777764332414,7,17,26,25,1,1,1,1,1,1,1,1
0.04,230,20261049,0.0003081193425858618,1.6,0.0004729809926676954,1.6,-5.11281037435647,32.04119982655924,-3.2515631157803977,32.04119982655924,34.85587214657086,99.98074254108839,99.98074254108839,0.00011976846281994044,0.0002777795579905478,6,23,26,25,1,1,1,1,1,1,1,1
0.04,231,20261050,0.0003660391464297525,1.6,0.0009033979748593666,1.6,-4.364724660555989,32.04119982655924,-0.44120887328297304,32.04119982655924,59.48196070654969,99.97712255334814,99.97712255334814,0.0002896149239163708,0.0016570427863623496,9,22,26,25,1,1,1,1,1,1,1,1
0.04,232,20261051,0.0003636695062776066,1.6,0.0006509639678773582,1.6,-4.392931130519054,32.04119982655924,-1.8644304981140176,32.04119982655924,44.13369645274713,99.97727065585765,99.97727065585765,0.00022743987836958203,0.00023482087619881604,11,25,26,25,1,1,1,1,1,1,1,1
0.04,233,20261052,0.0004381111996424595,1.6,0.0011329482393016637,1.6,-3.5841564460600797,32.04119982655924,0.542100688226524,32.04119982655924,61.32998980496177,99.97261805002235,99.97261805002235,0.0002542008613558897,0.0005316752518080695,6,25,26,25,1,1,1,1,1,1,1,1
0.04,234,20261053,0.0005138392167802885,1.6,0.0008323225321740714,1.6,-2.8917275296705642,32.04119982655924,-0.7970834822850997,32.04119982655924,38.26441110057268,99.96788504895123,99.96788504895123,0.0003859821911016745,0.0003589531457441127,11,25,26,25,1,1,1,1,1,1,1,1
0.04,235,20261054,0.0006673311374554981,1.6,0.0012131484762346193,1.6,-1.7565861063609656,32.04119982655924,0.8391395706051661,32.04119982655924,44.99180021832396,99.95829180390903,99.95829180390903,0.00041290981495557355,0.0009915616709299045,7,25,26,25,1,1,1,1,1,1,1,1
0.04,236,20261055,0.0007002354852964719,1.6,0.0014119159697483894,1.6,-1.547558846050445,32.04119982655924,1.4980885042645542,32.04119982655924,50.40530029409205,99.95623528216898,99.95623528216898,0.0005677226640061114,0.0060173320784471206,14,25,26,25,1,1,1,1,1,1,1,1
0.04,237,20261056,0.0007192112066808325,1.6,0.0008953411183521191,1.6,-1.4314355408666408,32.04119982655924,-0.4801147016656241,32.04119982655924,19.67182206436077,99.95504929958246,99.95504929958246,0.0003167898298571706,0.00046922476749983074,10,25,26,25,1,1,1,1,1,1,1,1
0.04,238,20261057,0.000709792449280625,1.6,0.000791444287882693,1.6,-1.4886862495630573,32.04119982655924,-1.0157965100591706,32.04119982655924,10.316814443188,99.95563797191996,99.95563797191996,0.00033009877413014055,0.00025797097488221814,9,25,26,25,1,1,1,1,1,1,1,1
0.04,239,20261058,0.0004261881813063037,1.6,0.0005676495436728383,1.6,-3.7039859794566503,32.04119982655924,-2.459197069342035,32.04119982655924,24.920545421607013,99.97336323866836,99.97336323866836,0.000295622478717299,0.002510782847561207,12,25,26,25,1,1,1,1,1,1,1,1
0.04,240,20261059,0.0009962574815361,1.6,0.0011895681397587456,1.6,-0.016284041879072654,32.04119982655924,0.7538932394676434,32.04119982655924,16.250490557174018,99.93773390740398,99.93773390740398,0.0001767119128086984,0.0007180250258409428,15,25,26,25,1,1,1,1,1,1,1,1
0.04,241,20261060,0.001210492621861532,1.6,0.0018115300694439662,1.6,0.829621466942418,32.04119982655924,2.5804554725005064,32.04119982655924,33.17844167869196,99.92434421113366,99.92434421113366,0.0006644347407041497,0.0008713660881734659,25,25,26,25,1,1,1,1,1,1,1,1
0.04,242,20261061,0.00042425328612521063,1.6,0.0007044800340375091,1.6,-3.723747850962767,32.04119982655924,-1.521313109012681,32.04119982655924,39.7778126239101,99.97348416961718,99.97348416961718,0.0005683974869008239,0.0005690951119342358,10,25,26,25,1,1,1,1,1,1,1,1
0.04,243,20261062,0.0015447770144965262,1.6,0.002527833189543415,1.6,1.8886579873638927,32.04119982655924,4.027484116787548,32.04119982655924,38.889281900141974,99.90345143659397,99.90345143659397,0.0007287990479233872,0.00046746782587784317,7,23,26,25,1,1,1,1,1,1,1,1
0.04,244,20261063,0.00037890507889908753,1.6,0.0005679919701205489,1.6,-4.21469573339246,32.04119982655924,-2.456578040019857,32.04119982655924,33.29041626791487,99.9763184325688,99.9763184325688,9.574153574755818e-05,0.0005667593391152331,9,25,26,25,1,1,1,1,1,1,1,1
0.04,245,20261064,0.0004428646503361743,1.6,0.0009392877998953517,1.6,-3.537289839207703,32.04119982655924,-0.2720131853698463,32.04119982655924,52.85101644187065,99.97232095935398,99.97232095935398,0.0001388568526310983,0.00013891708245839708,13,25,26,25,1,1,1,1,1,1,1,1
0.04,246,20261065,0.0006805354156979697,1.6,0.0013206546694969567,1.6,-1.6714926878250194,32.04119982655924,1.207892712570183,32.04119982655924,48.46984367554702,99.95746653651888,99.95746653651888,0.0010276277209266965,0.004695846209987761,12,25,26,25,1,1,1,1,1,1,1,1
0.04,247,20261066,0.0010872559885121754,1.6,0.001823583955793337,1.6,0.36331808400496224,32.04119982655924,2.6092576254885835,32.04119982655924,40.378067866956386,99.93204650071799,99.93204650071799,0.0003480282141403374,0.0008531662339348585,8,25,26,25,1,1,1,1,1,1,1,1
0.04,248,20261067,0.0011401842720198895,1.6,0.0018493232569967576,1.6,0.5697504594535878,32.04119982655924,2.670128313643743,32.04119982655924,38.34586421243019,99.92873848299875,99.92873848299875,0.00033467262927579456,0.0007093427803938068,13,25,26,25,1,1,1,1,1,1,1,1
0.04,249,20261068,0.0008224058611140525,1.6,0.0012356139227811484,1.6,-0.8491380321210162,32.04119982655924,0.9188279324624631,32.04119982655924,33.44151875021266,99.94859963368037,99.94859963368037,0.00043852959864514485,0.0005719586528402487,13,25,26,25,1,1,1,1,1,1,1,1
0.04,250,20261069,0.0007491669292491671,1.6,0.0013927431970121242,1.6,-1.2542140209444816,32.04119982655924,1.43871045783564,32.04119982655924,46.209255887491125,99.95317706692192,99.95317706692192,0.00020443154696380328,0.0009299551327975912,7,25,26,25,1,1,1,1,1,1,1,1
0.04,251,20261070,0.00034602512248660286,1.6,0.00043420901766421364,1.6,-4.608923689493513,32.04119982655924,-3.623011613488023,32.04119982655924,20.30908884665448,99.97837342984458,99.97837342984458,0.0003336237215087152,0.001368190751229537,8,25,26,25,1,1,1,1,1,1,1,1
0.04,252,20261071,0.00043230252779120584,1.6,0.0012083869032428049,1.6,-3.642122250202171,32.04119982655924,0.8220600964973374,32.04119982655924,64.22482512586932,99.97298109201304,99.97298109201304,0.00022218074747512237,0.0009302666883467682,21,25,26,25,1,1,1,1,1,1,1,1
0.04,253,20261072,0.0008758863919243609,1.6,0.001776393677276877,1.6,-0.5755222095523767,32.04119982655924,2.4953921871879112,32.04119982655924,50.693002169032084,99.94525710050475,99.94525710050475,0.0003729969819953257,0.0004124202165539658,14,25,26,25,1,1,1,1,1,1,1,1
0.04,254,20261073,0.0010685944393641746,1.6,0.0012351015553996696,1.6,0.288129099182533,32.04119982655924,0.9170266863729125,32.04119982655924,13.481248995886379,99.93321284753972,99.93321284753972,0.00043406977258802517,0.002901126516158584,11,22,26,25,1,1,1,1,1,1,1,1
0.04,255,20261074,0.0007316032042227288,1.6,0.0008533502903822014,1.6,-1.3572440109993655,32.04119982655924,-0.6887265939267633,32.04119982655924,14.2669531529595,99.95427479973608,99.95427479973608,0.0006973361479521371,0.0023749650845086307,11,25,26,25,1,1,1,1,1,1,1,1
0.04,256,20261075,0.0006224304221329512,1.6,0.0012946893238106544,1.6,-2.0590918876646853,32.04119982655924,1.121655667633516,32.04119982655924,51.924341177005,99.96109809861669,99.96109809861669,0.00026568627760553275,0.0006839511331492796,23,25,26,25,1,1,1,1,1,1,1,1
0.04,257,20261076,0.0002936636851350313,1.6,0.0004845804044780631,1.6,-5.321497556242212,32.04119982655924,-3.1463415189705506,32.04119982655924,39.39835733734763,99.98164601967908,99.98164601967908,0.0003510060925268495,0.0019113368008560941,8,25,26,25,1,1,1,1,1,1,1,1
0.04,258,20261077,0.0006179292271595263,1.6,0.0008178364401820838,1.6,-2.0906126279818364,32.04119982655924,-0.8733354257427219,32.04119982655924,24.443422083032875,99.96137942330253,99.96137942330253,0.00010529902491432699,0.00010534871784542015,11,24,26,25,1,1,1,1,1,1,1,1
0.04,259,20261078,0.000530925957057131,1.6,0.0006263075264874864,1.6,-2.7496604141133045,32.04119982655924,-2.032123692465719,32.04119982655924,15.229190995880694,99.96681712768392,99.96681712768392,0.0002075589883510723,0.0006827963176773029,7,25,26,25,1,1,1,1,1,1,1,1
0.04,260,20261079,0.0007507823329099313,1.6,0.0013743305425540121,1.6,-1.2448595556321531,32.04119982655924,1.3809119818408024,32.04119982655924,45.371050874362346,99.95307610419313,99.95307610419313,0.0002793677535112465,0.0041217226482828375,13,20,26,25,1,1,1,1,1,1,1,1
0.04,261,20261080,0.00043911810896509997,1.6,0.0006477403072597228,1.6,-3.574186524846637,32.04119982655924,-1.8859907704551402,32.04119982655924,32.20769125472566,99.97255511818967,99.97255511818967,7.362952130028081e-05,0.0003063514588619779,9,17,26,25,1,1,1,1,1,1,1,1
0.04,262,20261081,0.00034287744397815036,1.6,0.0005373211370102333,1.6,-4.648610837915212,32.04119982655924,-2.697660749229276,32.04119982655924,36.18761288900864,99.97857015975137,99.97857015975137,0.00016337778556374812,0.0001641076756806256,4,15,26,25,1,1,1,1,1,1,1,1
0.04,263,20261082,0.0002881370073715237,1.6,0.0005021459848694441,1.6,-5.404009587793768,32.04119982655924,-2.991700055513955,32.04119982655924,42.618876571035784,99.98199143703928,99.98199143703928,0.0007237086335755055,0.0008521171636372469,10,25,26,25,1,1,1,1,1,1,1,1
0.04,264,20261083,0.0004914701460649712,1.6,0.0006772032446563591,1.6,-3.085028578786903,32.04119982655924,-1.6928096974063245,32.04119982655924,27.426492719425248,99.96928311587094,99.96928311587094,0.00014330443145257332,0.0025805195314849644,7,22,26,25,1,1,1,1,1,1,1,1
0.04,265,20261084,0.0006303394088352539,1.6,0.0010728346471307677,1.6,-2.0042553992394634,32.04119982655924,0.3053279058434383,32.04119982655924,41.24542766016562,99.9606037869478,99.9606037869478,0.0010129073711461006,0.003752392908450852,9,25,26,25,1,1,1,1,1,1,1,1
0.04,266,20261085,0.0008718360553134415,1.6,0.0015124398224716337,1.6,-0.595651744329477,32.04119982655924,1.7967810379496787,32.04119982655924,42.35565327229454,99.9455102465429,99.9455102465429,0.002268609430704039,0.008637254501677159,20,25,26,25,1,1,1,1,1,1,1,1
0.04,267,20261086,0.0008075510366825123,1.6,0.0013582401350032448,1.6,-0.9283002101027125,32.04119982655924,1.3297655940484674,32.04119982655924,40.544310547811705,99.94952806020734,99.94952806020734,0.0005849220425738134,0.0009621104995127423,22,24,21,25,1,1,1,1,1,1,1,1
0.04,268,20261087,0.0008159937437989733,1.6,0.0011494016534203619,1.6,-0.8831317095692227,32.04119982655924,0.6047181753303897,32.04119982655924,29.007084566934576,99.94900039101256,99.94900039101256,0.0006312566687539972,0.0010598669072852073,12,25,26,25,1,1,1,1,1,1,1,1
0.04,269,20261088,0.00044485493439793143,1.6,0.0006419504355478435,1.6,-3.517815878091972,32.04119982655924,-1.9249850214771094,32.04119982655924,30.702604163156284,99.97219656660015,99.97219656660015,0.00040480700569779453,0.0004060462858967781,7,25,26,25,1,1,1,1,1,1,1,1
0.04,270,20261089,0.00034256284974030983,1.6,0.0006875619737858667,1.6,-4.652597371895728,32.04119982655924,-1.6268815035559867,32.04119982655924,50.17716761529381,99.97858982189123,99.97858982189123,0.00011391772005616408,0.0008633592661921888,17,22,26,25,1,1,1,1,1,1,1,1
0.04,271,20261090,0.0002986619113983178,1.6,0.0005595086833151855,1.6,-5.24820159800544,32.04119982655924,-2.521931690344577,32.04119982655924,46.62068341304474,99.9813336305376,99.9813336305376,0.00024515070616489964,3.568356644881088e-05,6,25,26,25,1,1,1,1,1,1,1,1
0.04,272,20261091,0.0005829151424437409,1.6,0.0011990988886568382,1.6,-2.3439466282373207,32.04119982655924,0.7885500046919575,32.04119982655924,51.38723353361715,99.96356780359727,99.96356780359727,0.0004059394946471898,0.00034091055555947043,8,25,26,25,1,1,1,1,1,1,1,1
0.04,273,20261092,0.0009978224845434633,1.6,0.0020797697044013805,1.6,-0.009467140637703412,32.04119982655924,3.180152476334638,32.04119982655924,52.022453138355225,99.93763609471603,99.93763609471603,0.0003958813559310156,0.0009203877286676842,6,25,26,25,1,1,1,1,1,1,1,1
0.04,274,20261093,0.000575562205763859,1.6,0.0008852199762654673,1.6,-2.3990773170398385,32.04119982655924,-0.5294879415285445,32.04119982655924,34.980883712993105,99.96402736213976,99.96402736213976,0.0005341838887480343,0.0022504241319492597,11,25,26,25,1,1,1,1,1,1,1,1
0.04,275,20261094,0.0010794478589219538,1.6,0.0016034287224072276,1.6,0.3320166924609666,32.04119982655924,2.050496588991649,32.04119982655924,32.67877493791063,99.93253450881738,99.93253450881738,0.00020569146402461044,0.0007385817328129673,13,21,26,25,1,1,1,1,1,1,1,1
0.04,276,20261095,0.0005095874491688592,1.6,0.0012457073234848277,1.6,-2.927812769518105,32.04119982655924,0.9541601766326515,32.04119982655924,59.0925220104427,99.96815078442694,99.96815078442694,0.0005250333976436862,0.004193064822413597,14,25,26,25,1,1,1,1,1,1,1,1
0.04,277,20261096,0.00130524963715845,1.6,0.0017114991932553677,1.6,1.1569358115484298,32.04119982655924,2.3337669876175755,32.04119982655924,23.73647371251214,99.9184218976776,99.9184218976776,0.0005096143832732454,0.0038312536382550167,10,15,26,25,1,1,1,1,1,1,1,1
0.04,278,20261097,0.001033985848916793,1.6,0.0016211757889889155,1.6,0.14514595064108715,32.04119982655924,2.0983010926467798,32.04119982655924,36.220004274696045,99.9353758844427,99.9353758844427,0.0005618076291864075,0.0004219753530090685,14,25,26,25,1,1,1,1,1,1,1,1
0.04,279,20261098,0.0009909470667942768,1.6,0.0022853878845579163,1.6,-0.03949543509813093,32.04119982655924,3.589599207414528,32.04119982655924,56.63987397981832,99.93806580832535,99.93806580832535,0.00022402967100223,0.0025481219882999015,12,25,26,25,1,1,1,1,1,1,1,1
0.04,280,20261099,0.0003783779361338115,1.6,0.0005231494146107506,1.6,-4.220741959877591,32.04119982655924,-2.813742563074787,32.04119982655924,27.67306517673471,99.97635137899164,99.97635137899164,8.341025379767954e-05,5.880460864877503e-05,10,17,26,25,1,1,1,1,1,1,1,1
0.04,281,20261100,0.0005342561006923219,1.6,0.0008999904022067653,1.6,-2.7225050990908013,32.04119982655924,-0.4576212199497079,32.04119982655924,40.63757798057262,99.96660899370674,99.96660899370674,0.00042415909202692337,0.0013444039974301737,10,22,26,25,1,1,1,1,1,1,1,1
0.04,282,20261101,0.0007610522575922116,1.6,0.0012187556977711787,1.6,-1.1858552140980072,32.04119982655924,0.8591665906950421,32.04119982655924,37.554978492900624,99.95243423390048,99.95243423390048,0.00418723938546112,0.006845005989021179,11,25,26,25,1,1,1,1,1,1,1,1
0.04,283,20261102,0.0005498477788645586,1.6,0.0008188781934609558,1.6,-2.597575249587809,32.04119982655924,-0.8678069389519907,32.04119982655924,32.85353264315795,99.96563451382096,99.96563451382096,0.00017639296493414971,0.00019754002672871216,17,25,26,25,1,1,1,1,1,1,1,1
0.04,284,20261103,0.0005536136958224176,1.6,0.0007181836708478827,1.6,-2.567931744282376,32.04119982655924,-1.4376447353642676,32.04119982655924,22.9147475368209,99.96539914401109,99.96539914401109,0.00016547305702299352,0.00014384197998765227,6,25,26,25,1,1,1,1,1,1,1,1
0.04,285,20261104,0.0007672513258980084,1.6,0.0013588210105098509,1.6,-1.1506235238497518,32.04119982655924,1.3316225344522685,32.04119982655924,43.535512038474906,99.95204679213138,99.95204679213138,0.0005853234391281469,0.0005872147688290161,5,24,26,25,1,1,1,1,1,1,1,1
0.04,286,20261105,0.0005382517958338547,1.6,0.0010249931276431119,1.6,-2.690145125134257,32.04119982655924,0.10720953551109898,32.04119982655924,47.48727759067802,99.96635926276038,99.96635926276038,0.00014425003845964374,0.0022675245784358625,13,25,26,25,1,1,1,1,1,1,1,1
0.04,287,20261106,0.0006252083666850256,1.6,0.0009622498631713359,1.6,-2.0397521878332823,32.04119982655924,-0.16712141988568097,32.04119982655924,35.026401082095816,99.96092447708217,99.96092447708217,0.0003886043384063434,0.0003909844398156557,10,18,26,25,1,1,1,1,1,1,1,1
0.04,288,20261107,0.001159674171796243,1.6,0.002515297100376162,1.6,0.6433598468542624,32.04119982655924,4.005892901606737,32.04119982655924,53.89514138815593,99.92752036426272,99.92752036426272,0.0010489363403960207,0.00047882983266733857,15,25,26,25,1,1,1,1,1,1,1,1
0.04,289,20261108,0.00047618320168548237,1.6,0.0005806585837932196,1.6,-3.2222592926708806,32.04119982655924,-2.3607914946438124,32.04119982655924,17.992566548356116,99.97023854989466,99.97023854989466,0.00021226455800143492,0.0001870952968746292,8,25,26,25,1,1,1,1,1,1,1,1
0.04,290,20261109,0.00040147052506307306,1.6,0.0006850939934212098,1.6,-3.963463340026138,32.04119982655924,-1.6424984015170006,32.04119982655924,41.39920523047984,99.97490809218357,99.97490809218357,0.00010671397861293515,0.0008447155500997513,13,18,26,25,1,1,1,1,1,1,1,1
0.04,291,20261110,0.00045015749025273475,1.6,0.0005987351445436925,1.6,-3.466355191541053,32.04119982655924,-2.2276524889719154,32.04119982655924,24.815255233462477,99.97186515685921,99.97186515685921,0.000293078469562784,0.00022690116860937868,6,19,26,25,1,1,1,1,1,1,1,1
0.04,292,20261111,0.00119502548066475,1.6,0.0013550552193166989,1.6,0.773771655302803,32.04119982655924,1.319569933328607,32.04119982655924,11.809831538278248,99.92531090745845,99.92531090745845,0.0004642281060431944,0.0010815357091446462,17,25,26,25,1,1,1,1,1,1,1,1
0.04,293,20261112,0.0007078037774193289,1.6,0.00149595672565168,1.6,-1.5008712394208574,32.04119982655924,1.7491903063906413,32.04119982655924,52.68554462289074,99.9557622639113,99.9557622639113,0.00042600740633610127,0.0044098900877834624,11,25,26,25,1,1,1,1,1,1,1,1
0.04,294,20261113,0.0009302988692829694,1.6,0.0014098396777684477,1.6,-0.3137750689904195,32.04119982655924,1.491697289538074,32.04119982655924,34.01385391880269,99.94185632066981,99.94185632066981,0.0006925731109503642,0.0014725437652617838,20,25,26,25,1,1,1,1,1,1,1,1
0.04,295,20261114,0.0007909796653485521,1.6,0.001207602592579194,1.6,-1.0183468128163022,32.04119982655924,0.8192403673068022,32.04119982655924,34.50000271536515,99.95056377091572,99.95056377091572,0.0018070923400426032,0.004881657262950596,14,25,26,25,1,1,1,1,1,1,1,1
0.04,296,20261115,0.0003383912543112631,1.6,0.00057271784717285,1.6,-4.705808697862072,32.04119982655924,-2.420592830855237,32.04119982655924,40.914840356086486,99.97885054660554,99.97885054660554,0.00011558896226992382,0.00013861567563195847,12,25,26,25,1,1,1,1,1,1,1,1
0.04,297,20261116,0.00046585137360574203,1.6,0.0008015829701297369,1.6,-3.317526196158251,32.04119982655924,-0.9605151809515177,32.04119982655924,41.883574007274184,99.97088428914964,99.97088428914964,0.00024318667482863004,0.0018781203524034418,11,20,26,25,1,1,1,1,1,1,1,1
0.04,298,20261117,0.00043188746886644767,1.6,0.0008349217525978254,1.6,-3.6462939674227974,32.04119982655924,-0.7835422392636691,32.04119982655924,48.272102442816085,99.97300703319584,99.97300703319584,0.00012716382929758998,8.120995036947813e-05,9,25,26,25,1,1,1,1,1,1,1,1
0.04,299,20261118,0.0003473073348812388,1.6,0.00048528432996554604,1.6,-4.592860446051333,32.04119982655924,-3.140037320091904,32.04119982655924,28.432196665839854,99.97829329156993,99.97829329156993,9.309997976165146e-05,0.0005775280370677294,8,25,26,25,1,1,1,1,1,1,1,1
0.04,300,20261119,0.0004590211694099811,1.6,0.000644214704279401,1.6,-3.381672849508976,32.04119982655924,-1.909693665785392,32.04119982655924,28.747176001915662,99.97131117691187,99.97131117691187,0.00015138107208498926,7.756249998196085e-05,11,25,26,25,1,1,1,1,1,1,1,1
0.04,301,20261120,0.000696754110700745,1.6,0.0009901027287299922,1.6,-1.5692046036222331,32.04119982655924,-0.043197425681220716,32.04119982655924,29.62809913730128,99.9564528680812,99.9564528680812,0.0002585405165967329,0.0011193174048461456,8,25,26,25,1,1,1,1,1,1,1,1
0.04,302,20261121,0.0005849550720825468,1.6,0.0008715019072002557,1.6,-2.328774889535957,32.04119982655924,-0.5973165814017207,32.04119982655924,32.8796566881024,99.96344030799484,99.96344030799484,8.712369871101148e-05,0.0003021315848139606,13,25,26,25,1,1,1,1,1,1,1,1
0.04,303,20261122,0.0010355723296507809,1.6,0.0015802303694453347,1.6,0.15180437629458457,32.04119982655924,1.9872040397083544,32.04119982655924,34.46700242735686,99.93527672939685,99.93527672939685,0.000221180486172223,0.0005063240696008636,8,25,26,25,1,1,1,1,1,1,1,1
0.04,304,20261123,0.0005097347241120009,1.6,0.0008407034255234262,1.6,-2.926557804262747,32.04119982655924,-0.7535718300642367,32.04119982655924,39.368068615322045,99.968141579743,99.968141579743,0.0001641859228312072,0.0004063803662071242,25,25,26,25,1,1,1,1,1,1,1,1
0.04,305,20261124,0.00041721295570545946,1.6,0.001112438678129093,1.6,-3.796422138983637,32.04119982655924,0.46276080341361686,32.04119982655924,62.495644577269545,99.9739241902684,99.9739241902684,0.00020662755308693337,0.0002018895235681437,10,25,26,25,1,1,1,1,1,1,1,1
0.04,306,20261125,0.000822809632611272,1.6,0.0015943644533060186,1.6,-0.8470063267318835,32.04119982655924,2.0258760311269053,32.04119982655924,48.3926256067035,99.94857439796179,99.94857439796179,0.0002785534552943783,0.0004860920599250666,10,25,26,25,1,1,1,1,1,1,1,1
0.04,307,20261126,0.0007328178105828301,1.6,0.0008695956729412335,1.6,-1.35003984012907,32.04119982655924,-0.6068262994110477,32.04119982655924,15.728903283957198,99.95419888683858,99.95419888683858,0.0012109541312909362,0.0007227763524313742,9,20,26,25,1,1,1,1,1,1,1,1
0.04,308,20261127,0.00030182271981234144,1.6,0.0005067667633449129,1.6,-5.202480716586857,32.04119982655924,-2.951918763640485,32.04119982655924,40.44149268587362,99.98113608001172,99.98113608001172,0.0009537511214820322,0.001804130701109087,8,25,26,25,1,1,1,1,1,1,1,1
0.04,309,20261128,0.00023755734518219175,1.6,0.00043279711216757006,1.6,-6.242315368180126,32.04119982655924,-3.6371564571542687,32.04119982655924,45.11115289276365,99.98515266592612,99.98515266592612,0.00010194544498045274,0.00010444811833174031,4,25,26,25,1,1,1,1,1,1,1,1
0.04,310,20261129,0.00038112721382822724,1.6,0.0006721840956992067,1.6,-4.189300399618451,32.04119982655924,-1.7251176742706822,32.04119982655924,43.30017382637144,99.97617954913574,99.97617954913574,0.0002365175078462377,0.00015513416196443538,10,25,26,25,1,1,1,1,1,1,1,1
0.04,311,20261130,0.0005846560296318029,1.6,0.0008176381466883354,1.6,-2.3309956702527703,32.04119982655924,-0.8743885484417308,32.04119982655924,28.494526337864205,99.96345899814801,99.96345899814801,0.0001759680032315776,0.000263121931694827,8,21,26,25,1,1,1,1,1,1,1,1
0.04,312,20261131,0.0005457432669442211,1.6,0.0007683638101483899,1.6,-2.630116136527383,32.04119982655924,-1.144330985513449,32.04119982655924,28.97332490987249,99.96589104581598,99.96589104581598,0.00020771170882668026,0.0017978256095224354,10,19,26,25,1,1,1,1,1,1,1,1
0.04,313,20261132,0.0009452829237048502,1.6,0.0014158389493925437,1.6,-0.24438187454629293,32.04119982655924,1.5101385549500843,32.04119982655924,33.23513778806427,99.94091981726844,99.94091981726844,0.002081439881575111,0.004701137543619017,13,22,26,25,1,1,1,1,1,1,1,1
0.04,314,20261133,0.00044939202222795045,1.6,0.0007778320465538166,1.6,-3.4737464160343228,32.04119982655924,-1.091141679579338,32.04119982655924,42.225056910552745,99.97191299861075,99.97191299861075,0.00044452779734184306,0.00028579148354001654,8,25,26,25,1,1,1,1,1,1,1,1
0.04,315,20261134,0.0005056678402353292,1.6,0.0005795791370682537,1.6,-2.961346660084701,32.04119982655924,-2.368872560842457,32.04119982655924,12.75258064097989,99.9683957599853,99.9683957599853,0.000146201253491844,0.00021708320620723824,12,17,26,25,1,1,1,1,1,1,1,1
0.04,316,20261135,0.0003700334215546617,1.6,0.0004688115096671077,1.6,-4.317590485242062,32.04119982655924,-3.290017346103722,32.04119982655924,21.06989399270211,99.97687291115284,99.97687291115284,8.26953981116557e-05,0.0005503264532091028,9,22,26,25,1,1,1,1,1,1,1,1
0.04,317,20261136,0.0009066735021546848,1.6,0.001327861167141502,1.6,-0.4254907649038611,32.04119982655924,1.231526702908523,32.04119982655924,31.719254648700325,99.94333290611532,99.94333290611532,0.000357635807365324,0.0007408763677548472,17,25,26,25,1,1,1,1,1,1,1,1
0.04,318,20261137,0.0003269066812296756,1.6,0.00046290812294416385,1.6,-4.855762033366425,32.04119982655924,-3.3450519830797534,32.04119982655924,29.37979157710585,99.97956833242314,99.97956833242314,0.0002778814820900955,0.00014779462184126327,10,16,26,25,1,1,1,1,1,1,1,1
0.04,319,20261138,0.0017800858252232776,1.6,0.0023604090514384823,1.6,2.5044094192816986,32.04119982655924,3.7298727135513685,32.04119982655924,24.58570584880378,99.88874463592354,99.88874463592354,0.0012781540157959527,0.0019334828234206982,14,25,26,25,1,1,1,1,1,1,1,1
0.04,320,20261139,0.0008810579249892639,1.6,0.0014904734991306409,1.6,-0.5499553803945191,32.04119982655924,1.7332425860840452,32.04119982655924,40.8873807214174,99.94493387968818,99.94493387968818,0.0003454758519996115,0.001578976698858036,7,25,26,25,1,1,1,1,1,1,1,1
0.04,321,20261140,0.0006099132520990234,1.6,0.0009857999434585121,1.6,-2.147319302577215,32.04119982655924,-0.06211211090664556,32.04119982655924,38.13011898141868,99.96188042174383,99.96188042174383,0.0005611760442662258,0.0009364861645154561,11,21,26,25,1,1,1,1,1,1,1,1
0.04,322,20261141,0.0018312992566806821,1.6,0.002585603979351648,1.6,2.6275931912722177,32.04119982655924,4.1256200749220735,32.04119982655924,29.17325037765881,99.88554379645745,99.88554379645745,0.0009650687558277449,0.0007001967556518804,20,25,26,25,1,1,1,1,1,1,1,1
0.04,323,20261142,0.0005193828553370676,1.6,0.0006109662799959799,1.6,-2.8451239039288585,32.04119982655924,-2.1398275835939358,32.04119982655924,14.989931139819177,99.96753857154143,99.96753857154143,0.00013312562909087488,0.0004390127190354699,6,25,26,25,1,1,1,1,1,1,1,1
0.04,324,20261143,0.0005496815637745743,1.6,0.001304732256201346,1.6,-2.5988882895248033,32.04119982655924,1.1552139934911703,32.04119982655924,57.87016369358867,99.96564490226407,99.96564490226407,0.00031674005479089495,0.0005880983090925395,8,22,26,25,1,1,1,1,1,1,1,1
0.04,325,20261144,0.0002846365488213707,1.6,0.00046941166347256474,1.6,-5.457093349885133,32.04119982655924,-3.2844612368748076,32.04119982655924,39.36312815158532,99.98221021569866,99.98221021569866,0.0002741610363468669,0.0008748835719507909,5,25,26,25,1,1,1,1,1,1,1,1
0.04,326,20261145,0.0008916788199626079,1.6,0.0010636700807953995,1.6,-0.49791549027767057,32.04119982655924,0.2680694345838851,32.04119982655924,16.169605965054373,99.94427007375234,99.94427007375234,0.00022507029640812202,0.0016972732491198433,18,25,26,25,1,1,1,1,1,1,1,1
0.04,327,20261146,0.0008783185273233225,1.6,0.0010734283340173515,1.6,-0.5634795610769338,32.04119982655924,0.3077305465977404,32.04119982655924,18.176323515126736,99.94510509204228,99.94510509204228,0.00048770610678387295,0.00077331986499899,7,25,26,25,1,1,1,1,1,1,1,1
0.04,328,20261147,0.00046701205300950493,1.6,0.0012858597275507856,1.6,-3.306719106802069,32.04119982655924,1.0919359465869636,32.04119982655924,63.68094878443418,99.9708117466869,99.9708117466869,0.00020503170058140257,0.003937080818944145,6,25,26,25,1,1,1,1,1,1,1,1
0.04,329,20261148,0.0012809030988252283,1.6,0.0027025445782733913,1.6,1.0751627631979865,32.04119982655924,4.317728663398619,32.04119982655924,52.60381238027256,99.91994355632343,99.91994355632343,0.0014134008123888877,0.007617195787879907,13,25,26,25,1,1,1,1,1,1,1,1
0.04,330,20261149,0.0015100638798634192,1.6,0.00217297541903207,1.6,1.7899531953514536,32.04119982655924,3.3705481355517146,32.04119982655924,30.507088730158674,99.90562100750853,99.90562100750853,0.0008911194036435688,0.002089061071592106,19,25,26,25,1,1,1,1,1,1,1,1
0.04,331,20261150,0.0005378745729169296,1.6,0.0009468364883510301,1.6,-2.6931898574767654,32.04119982655924,-0.23725013962051456,32.04119982655924,43.19245407898581,99.96638283919269,99.96638283919269,9.359269985472031e-05,0.0004959770418286146,8,25,26,25,1,1,1,1,1,1,1,1
0.04,332,20261151,0.001152604755247459,1.6,0.0014221107907816514,1.6,0.6168040699743811,32.04119982655924,1.5293343180219732,32.04119982655924,18.951127948762746,99.92796220279703,99.92796220279703,0.000304677901794373,0.0011942039108172474,10,25,26,25,1,1,1,1,1,1,1,1
0.04,333,20261152,0.0005899449248416059,1.6,0.0011165920922118822,1.6,-2.291885306524906,32.04119982655924,0.478945478195292,32.04119982655924,47.16558276237021,99.9631284421974,99.9631284421974,0.0001684651950231745,0.0006614136434875214,9,24,26,25,1,1,1,1,1,1,1,1
0.04,334,20261153,0.0004748758694516033,1.6,0.0013146574013958583,1.6,-3.2341989828547186,32.04119982655924,1.1881259079634323,32.04119982655924,63.87835576421688,99.97032025815928,99.97032025815928,0.0001205840691725145,0.0001282381686625139,10,25,26,25,1,1,1,1,1,1,1,1
0.04,335,20261154,0.0007219018050036087,1.6,0.0008869391274500106,1.6,-1.415218722992414,32.04119982655924,-0.5210618571476737,32.04119982655924,18.607514015182925,99.95488113718729,99.95488113718729,0.00010349819624404492,0.0002068138931161114,6,18,26,25,1,1,1,1,1,1,1,1
0.04,336,20261155,0.0008283807021872526,1.6,0.001243808195173278,1.6,-0.817700269094501,32.04119982655924,0.9475341395588343,32.04119982655924,33.39964269395662,99.9482262061133,99.9482262061133,0.0002244082559443381,0.0006272729509736106,11,25,26,25,1,1,1,1,1,1,1,1
0.04,337,20261156,0.001319911581101231,1.6,0.0026705954520943043,1.6,1.2054483944374645,32.04119982655924,4.266081050825409,32.04119982655924,50.5761316238989,99.91750552618117,99.91750552618117,0.000621791591745786,0.0006224773385724744,11,25,26,25,1,1,1,1,1,1,1,1
0.04,338,20261157,0.0006314673628795532,1.6,0.0015440018442092794,1.6,-1.9964909085306952,32.04119982655924,1.8864781473639822,32.04119982655924,59.10190358594146,99.96053328982003,99.96053328982003,0.00044156833753183607,0.005051612661022107,9,25,26,25,1,1,1,1,1,1,1,1
0.04,339,20261158,0.0005899635659958051,1.6,0.0010650872806300961,1.6,-2.2917480797743814,32.04119982655924,0.2738519833143814,32.04119982655924,44.60889950288506,99.96312727712525,99.96312727712525,0.00016044895913661084,0.0005925132666162531,7,15,26,25,1,1,1,1,1,1,1,1
0.04,340,20261159,0.0004215657230437072,1.6,0.0005091430392334055,1.6,-3.7513470827499384,32.04119982655924,-2.931601893277745,32.04119982655924,17.200925759794266,99.97365214230976,99.97365214230976,0.0008981067895740834,0.0028918288382126355,11,22,26,25,1,1,1,1,1,1,1,1
0.04,341,20261160,0.0003530792169268752,1.6,0.0005167735739840973,1.6,-4.521278452791995,32.04119982655924,-2.8669970276513745,32.04119982655924,31.676224423631133,99.97793254894208,99.97793254894208,0.00011149797856994148,0.0002611167857304475,25,25,26,25,1,1,1,1,1,1,1,1
0.04,342,20261161,0.0003930825706151465,1.6,0.0006100007560159413,1.6,-4.055162124848684,32.04119982655924,-2.1466962673784264,32.04119982655924,35.56031419002471,99.97543233933656,99.97543233933656,0.00030768093649945026,0.0003060362237354304,7,25,26,25,1,1,1,1,1,1,1,1
0.04,343,20261162,0.0005671620733548118,1.6,0.0007969948284628975,1.6,-2.4629281852216303,32.04119982655924,-0.9854449664317666,32.04119982655924,28.83742113500868,99.96455237041533,99.96455237041533,0.00015134374194525536,0.00026597736845327595,13,19,26,25,1,1,1,1,1,1,1,1
0.04,344,20261163,0.00019557375712132345,1.6,0.0004208988714636641,1.6,-7.0868942103114385,32.04119982655924,-3.7582223870377227,32.04119982655924,53.534264313605505,99.98777664017993,99.98777664017993,0.0002931701419051461,0.0002244917525596423,5,20,26,25,1,1,1,1,1,1,1,1
0.04,345,20261164,0.0004656413612560667,1.6,0.0008898209296020433,1.6,-3.319484498198136,32.04119982655924,-0.5069738336682803,32.04119982655924,47.67021703295779,99.9708974149215,99.9708974149215,0.00023997442266055857,0.00024966149461702256,6,19,26,25,1,1,1,1,1,1,1,1
0.04,346,20261165,0.000658053062937624,1.6,0.00103898409670263,1.6,-1.8173908509144,32.04119982655924,0.16608900043076666,32.04119982655924,36.66379831740901,99.9588716835664,99.9588716835664,0.00047515692451781117,0.009160271418807216,12,25,26,25,1,1,1,1,1,1,1,1
0.04,347,20261166,0.000472705795926168,1.6,0.0007541423616620596,1.6,-3.254090727059275,32.04119982655924,-1.225466633500153,32.04119982655924,37.318758372839795,99.97045588775461,99.97045588775461,0.00016718741262895158,0.00017621860691446672,17,19,26,25,1,1,1,1,1,1,1,1
0.04,348,20261167,0.0004113492860131243,1.6,0.0005843691172844208,1.6,-3.857892521704265,32.04119982655924,-2.3331274370858184,32.04119982655924,29.607969715327258,99.97429066962418,99.97429066962418,0.00010640856213257072,0.00020367685415722834,10,21,26,25,1,1,1,1,1,1,1,1
0.04,349,20261168,0.0008280237647398649,1.6,0.0017378443423079666,1.6,-0.8195719854449419,32.04119982655924,2.4001087435423067,32.04119982655924,52.353398714628426,99.94824851470376,99.94824851470376,0.00029349848309144933,0.0021795241457319816,13,25,26,25,1,1,1,1,1,1,1,1
0.04,350,20261169,0.0006670212333934697,1.6,0.0007987943487693238,1.6,-1.7586034089778548,32.04119982655924,-0.9756501629379917,32.04119982655924,16.496500704952737,99.95831117291291,99.95831117291291,9.79691156976483e-05,0.0001722272057689899,11,25,24,25,1,1,1,1,1,1,1,1
0.04,351,20261170,0.0009172035978689019,1.6,0.002283666047825564,1.6,-0.3753425035340923,32.04119982655924,3.5863259511209327,32.04119982655924,59.83635178434979,99.9426747751332,99.9426747751332,0.00018834987877631602,0.0008352106287351453,25,23,26,25,1,1,1,1,1,1,1,1
0.04,352,20261171,0.0004381569730622653,1.6,0.0011041163782054605,1.6,-3.5837027232323693,32.04119982655924,0.43014852151030825,32.04119982655924,60.31605166708881,99.9726151891836,99.9726151891836,0.00010655254782268075,0.00026344476788777306,9,25,26,25,1,1,1,1,1,1,1,1
0.04,353,20261172,0.000299190998556958,1.6,0.00040430420559322427,1.6,-5.2405147676963795,32.04119982655924,-3.9329174108920255,32.04119982655924,25.998544062146618,99.98130056259018,99.98130056259018,0.00033989771161165185,0.0025512854701834286,13,14,26,25,1,1,1,1,1,1,1,1
0.04,354,20261173,0.0006056320572639506,1.6,0.0009957637578560242,1.6,-2.1779114486140947,32.04119982655924,-0.01843684497165377,32.04119982655924,39.17914239337903,99.962147996421,99.962147996421,0.00023908310680071895,0.0002112253534719379,11,18,26,25,1,1,1,1,1,1,1,1
0.04,355,20261174,0.0005794574540472652,1.6,0.0011738091964565434,1.6,-2.369784460693693,32.04119982655924,0.695975077629048,32.04119982655924,50.63444248038674,99.96378390912206,99.96378390912206,0.0018358314855986975,0.0008553687481947711,13,25,26,25,1,1,1,1,1,1,1,1
0.04,356,20261175,0.0006518925023657502,1.6,0.0011540231613828412,1.6,-1.8582401389754455,32.04119982655924,0.6221452524936539,32.04119982655924,43.51131552813885,99.95925671860215,99.95925671860215,0.00040294228140419193,0.0004092507735808432,7,25,26,25,1,1,1,1,1,1,1,1
0.04,357,20261176,0.0008436788404779826,1.6,0.0016450270752208032,1.6,-0.7382284289100082,32.04119982655924,2.1617305032381924,32.04119982655924,48.71337662544307,99.94727007247012,99.94727007247012,0.00032073765220518203,0.00017302319740488425,6,25,26,25,1,1,1,1,1,1,1,1
0.04,358,20261177,0.0005493071348046429,1.6,0.0007101429263470958,1.6,-2.601847600061993,32.04119982655924,-1.486542345527627,32.04119982655924,22.648369162779122,99.96566830407471,99.96566830407471,0.00019617644851845352,0.003132745378814126,20,25,26,25,1,1,1,1,1,1,1,1
0.04,359,20261178,0.0006326908798971965,1.6,0.001396071558377618,1.6,-1.988084257571763,32.04119982655924,1.4490767947056147,32.04119982655924,54.680626784457246,99.96045682000643,99.96045682000643,0.00026326757199671396,0.0020243163543611775,11,25,26,25,1,1,1,1,1,1,1,1
0.04,360,20261179,0.0005053538544972022,1.6,0.0007357774939462515,1.6,-2.9640441744616792,32.04119982655924,-1.3325350055550196,32.04119982655924,31.317027409088123,99.96841538409393,99.96841538409393,0.00020618627021347805,0.0004953009973450205,11,25,26,25,1,1,1,1,1,1,1,1
0.04,361,20261180,0.0009401246770695919,1.6,0.001363050214210801,1.6,-0.2681454749307632,32.04119982655924,1.3451185535995946,32.04119982655924,31.027876503147084,99.94124220768316,99.94124220768316,0.0006015479038090472,0.0012486480030402263,15,25,26,25,1,1,1,1,1,1,1,1
0.04,362,20261181,0.0006969712122957209,1.6,0.0012305641924105653,1.6,-1.5678515963414255,32.04119982655924,0.9010427361178919,32.04119982655924,43.36165341115472,99.95643929923152,99.95643929923152,0.0008522510239876837,0.0028992139272928244,11,25,26,25,1,1,1,1,1,1,1,1
0.04,363,20261182,0.0004392147874564131,1.6,0.0005978840735771818,1.6,-3.5732304651194724,32.04119982655924,-2.2338301515263774,32.04119982655924,26.53847010365059,99.97254907578397,99.97254907578397,8.902434181321881e-05,0.0003162088168064028,10,25,26,25,1,1,1,1,1,1,1,1
0.04,364,20261183,0.0005407563682162436,1.6,0.0011933704619688558,1.6,-2.6699835739069417,32.04119982655924,0.7677528408400408,32.04119982655924,54.68663039270398,99.9662027269865,99.9662027269865,0.0002978017266325915,0.0015202866343401915,13,25,26,25,1,1,1,1,1,1,1,1
0.04,365,20261184,0.00041873403292013594,1.6,0.0007589493655315467,1.6,-3.7806174006706543,32.04119982655924,-1.1978719775904447,32.04119982655924,44.827145006325104,99.9738291229425,99.9738291229425,0.00012796374655429872,0.00020015570128737603,6,25,26,25,1,1,1,1,1,1,1,1
0.04,366,20261185,0.00111454282816898,1.6,0.001588113742542736,1.6,0.470967616274586,32.04119982655924,2.0088160387801914,32.04119982655924,29.81971011821354,99.93034107323945,99.93034107323945,0.0007775846244953233,0.005719410188530927,24,25,26,25,1,1,1,1,1,1,1,1
0.04,367,20261186,0.00023410660767793096,1.6,0.0003705127710559084,1.6,-6.305863281335133,32.04119982655924,-4.311968179045729,32.04119982655924,36.815509216926415,99.98536833702013,99.98536833702013,0.0001561137525452462,0.00011661856014912214,10,25,26,25,1,1,1,1,1,1,1,1
0.04,368,20261187,0.0004372962248401945,1.6,0.0005498683979059229,1.6,-3.5922427188484525,32.04119982655924,-2.597412394187901,32.04119982655924,20.472566434885085,99.97266898594748,99.97266898594748,0.0002149567366758248,0.0002886118363290807,13,25,26,25,1,1,1,1,1,1,1,1
0.04,369,20261188,0.001569399294331593,1.6,0.0024681142855697666,1.6,1.9573345299605802,32.04119982655924,3.9236526575146176,32.04119982655924,36.41302173455491,99.90191254410428,99.90191254410428,0.0002370900443869187,0.0006918005228966261,16,25,26,25,1,1,1,1,1,1,1,1
0.04,370,20261189,0.0004707872020543159,1.6,0.0006104971235427493,1.6,-3.2717535159057274,32.04119982655924,-2.1431637796390524,32.04119982655924,22.88461584842346,99.9705757998716,99.9705757998716,0.0009163125737425945,0.0013502957399728066,12,25,26,25,1,1,1,1,1,1,1,1
0.04,371,20261190,0.000519912878509349,1.6,0.0008356411013505982,1.6,-2.840694247355429,32.04119982655924,-0.7798020721401915,32.04119982655924,37.782754143011395,99.96750544509315,99.96750544509315,0.0005245698777728903,0.00047700846764483335,9,25,26,25,1,1,1,1,1,1,1,1
0.04,372,20261191,0.0007208695051253457,1.6,0.0012533302231193884,1.6,-1.4214334600634375,32.04119982655924,0.9806551248159184,32.04119982655924,42.483673350572516,99.95494565592966,99.95494565592966,0.0005405847282628583,0.000534438008955749,12,25,26,25,1,1,1,1,1,1,1,1
0.04,373,20261192,0.0005038099045209525,1.6,0.000796048065366055,1.6,-2.9773329885355997,32.04119982655924,-0.9906070877861989,32.04119982655924,36.71112003905437,99.96851188096744,99.96851188096744,0.00025383585391066494,0.00023827820909625086,9,25,26,25,1,1,1,1,1,1,1,1
0.04,374,20261193,0.00044072910156817304,1.6,0.0005444823464688265,1.6,-3.5582827185632837,32.04119982655924,-2.6401619663449214,32.04119982655924,19.055391891680678,99.97245443115199,99.97245443115199,0.00013789876613178414,0.00014053167179718347,10,25,26,25,1,1,1,1,1,1,1,1
0.04,375,20261194,0.000646012250352177,1.6,0.0008127132143070733,1.6,-1.897592463858642,32.04119982655924,-0.9006267878046814,32.04119982655924,20.511659096994887,99.95962423435299,99.95962423435299,0.000691709071300774,0.0017679712972498804,9,25,26,25,1,1,1,1,1,1,1,1
0.04,376,20261195,0.00033088741687856447,1.6,0.0005313614626295542,1.6,-4.803197480535398,32.04119982655924,-2.7460994630179094,32.04119982655924,37.728375098732535,99.97931953644508,99.97931953644508,0.00017180508511939973,0.0001264627466055195,7,16,26,25,1,1,1,1,1,1,1,1
0.04,377,20261196,0.0005147905339036487,1.6,0.0007518687702401879,1.6,-2.8836944760915832,32.04119982655924,-1.2385795373538997,32.04119982655924,31.53186376670538,99.96782559163103,99.96782559163103,0.0002903599147580609,0.00041000836116984794,9,16,26,25,1,1,1,1,1,1,1,1
0.04,378,20261197,0.0002960899254986541,1.6,0.00043642609743412485,1.6,-5.285763692901223,32.04119982655924,-3.600892873395373,32.04119982655924,32.1557699598048,99.98149437965633,99.98149437965633,0.0001812801070144364,0.0007726786520674696,5,19,26,25,1,1,1,1,1,1,1,1
0.04,379,20261198,0.0005009189424682551,1.6,0.0006327391098239733,1.6,-3.0023254496473117,32.04119982655924,-1.9877532081855143,32.04119982655924,20.833257389825373,99.96869256609573,99.96869256609573,0.00020744878918396348,0.0038810731146351643,14,25,26,25,1,1,1,1,1,1,1,1
0.04,380,20261199,0.002606282883087118,1.6,0.002895512858943806,1.6,4.160215517818874,32.04119982655924,4.617254979711499,32.04119982655924,9.988903173518988,99.83710731980705,99.83710731980705,0.0007062373420587266,0.0013664633403588677,10,25,26,25,1,1,1,1,1,1,1,1
0.04,381,20261200,0.0007423567591220711,1.6,0.0011155939607627437,1.6,-1.29387332885093,32.04119982655924,0.47506154559130054,32.04119982655924,33.45636627375486,99.95360270255486,99.95360270255486,0.00025029085315044495,0.00013865130657146803,18,25,26,25,1,1,1,1,1,1,1,1
0.04,382,20261201,0.0007920499950296122,1.6,0.0010821960410174651,1.6,-1.0124740442034394,32.04119982655924,0.3430594082608262,32.04119982655924,26.810858198581272,99.95049687531065,99.95049687531065,0.0002366701387940372,0.00044783262771234446,11,25,26,25,1,1,1,1,1,1,1,1
0.04,383,20261202,0.0007725094194899732,1.6,0.0010495361472008277,1.6,-1.1209621635933862,32.04119982655924,0.20997400764550894,32.04119982655924,26.39515832300778,99.95171816128187,99.95171816128187,0.0002649957817868966,0.0005325327129682938,10,25,26,25,1,1,1,1,1,1,1,1
0.04,384,20261203,0.000929451778723322,1.6,0.0018478514878387817,1.6,-0.3177313712136564,32.04119982655924,2.6666706395989865,32.04119982655924,49.70094810972097,99.9419092638298,99.9419092638298,0.0006249844701780573,0.00043295402340466687,10,25,26,25,1,1,1,1,1,1,1,1
0.04,385,20261204,0.0003914281099513176,1.6,0.0012535380402836681,1.6,-4.073479892084678,32.04119982655924,0.9813751773947943,32.04119982655924,68.7741339016134,99.97553574312805,99.97553574312805,0.0003897076093766368,0.0003069855904345878,10,25,26,25,1,1,1,1,1,1,1,1
0.04,386,20261205,0.00033015270046290524,1.6,0.0007167688275456265,1.6,-4.812851460924946,32.04119982655924,-1.4462089051013816,32.04119982655924,53.938747365252986,99.97936545622106,99.97936545622106,0.0002471161618033874,0.00021350253450158472,11,22,26,25,1,1,1,1,1,1,1,1
0.04,387,20261206,0.0005596759998131218,1.6,0.0008591872108737533,1.6,-2.520633162346082,32.04119982655924,-0.6591219613275867,32.04119982655924,34.85983116020112,99.96502025001168,99.96502025001168,0.00023912878309861839,0.00011341442702648525,16,22,26,25,1,1,1,1,1,1,1,1
0.04,388,20261207,0.0002197722677483577,1.6,0.00039633435626851483,1.6,-6.58027110473578,32.04119982655924,-4.019382791896218,32.04119982655924,44.54877194661799,99.98626423326573,99.98626423326573,6.091863852144507e-05,0.0001588021644665567,10,20,26,25,1,1,1,1,1,1,1,1
0.04,389,20261208,0.000664713276334521,1.6,0.0007647706010844493,1.6,-1.7736564696492751,32.04119982655924,-1.1646881533472935,32.04119982655924,13.083312121052563,99.9584554202291,99.9584554202291,0.00024369678666194222,0.0008792107459717395,9,25,26,25,1,1,1,1,1,1,1,1
0.04,390,20261209,0.0005426399419048142,1.6,0.0007300343290764402,1.6,-2.6548824243872198,32.04119982655924,-1.3665671717006032,32.04119982655924,25.669256870248415,99.96608500363095,99.96608500363095,0.0010261218796133243,0.0013964007733394904,11,23,26,25,1,1,1,1,1,1,1,1
0.04,391,20261210,0.0005703651571393949,1.6,0.0007996057564271376,1.6,-2.438470128270955,32.04119982655924,-0.9712408802122617,32.04119982655924,28.669203222354714,99.96435217767879,99.96435217767879,0.00026860094180820914,0.002018352192284498,25,23,26,25,1,1,1,1,1,1,1,1
0.04,392,20261211,0.0006267752075788367,1.6,0.0012285838680091104,1.6,-2.0288819060908367,32.04119982655924,0.8940480849239861,32.04119982655924,48.98392988062668,99.96082654952633,99.96082654952633,0.0002925216136071086,0.00048663191675917027,10,23,26,25,1,1,1,1,1,1,1,1
0.04,393,20261212,0.0007991342567845893,1.6,0.0011568494782151113,1.6,-0.9738025187178687,32.04119982655924,0.6327685503367617,32.04119982655924,30.921500866511725,99.95005410895097,99.95005410895097,0.00018327970936958294,0.0006875174620160398,9,17,26,25,1,1,1,1,1,1,1,1
0.04,394,20261213,0.000788892175153713,1.6,0.0015968461720065677,1.6,-1.0298235158879063,32.04119982655924,2.032630815320782,32.04119982655924,50.59685842109604,99.95069423905288,99.95069423905288,0.0004224453026719367,0.0012136985088618212,7,25,26,25,1,1,1,1,1,1,1,1
0.04,395,20261214,0.0004426674577519247,1.6,0.0006343588350065938,1.6,-3.539224035649485,32.04119982655924,-1.976650071367557,32.04119982655924,30.218129972553566,99.9723332838905,99.9723332838905,0.0001414941441339404,0.00034080803357420636,10,25,26,25,1,1,1,1,1,1,1,1
0.04,396,20261215,0.00045998271035819176,1.6,0.0007175007760805445,1.6,-3.3725849209483547,32.04119982655924,-1.4417762484161367,32.04119982655924,35.89098079155868,99.97125108060261,99.97125108060261,0.00015754008868544393,0.00018152409345638658,4,25,26,25,1,1,1,1,1,1,1,1
0.04,397,20261216,0.0009082401992658603,1.6,0.001137665604190537,1.6,-0.417992798706654,32.04119982655924,0.5601462796764698,32.04119982655924,20.16633042957431,99.94323498754589,99.94323498754589,0.000251272312330827,0.0015685081795631835,9,16,26,25,1,1,1,1,1,1,1,1
0.04,398,20261217,0.00044407797090309075,1.6,0.0006883642052240825,1.6,-3.5254077006550446,32.04119982655924,-1.62181720967713,32.04119982655924,35.48793392612121,99.97224512681855,99.97224512681855,0.00017980124294773674,0.0007279186892611774,8,25,26,25,1,1,1,1,1,1,1,1
0.04,399,20261218,0.00030675758712835977,1.6,0.0006707657633558926,1.6,-5.132046869310932,32.04119982655924,-1.7342911238239207,32.04119982655924,54.267554504626474,99.98082765080449,99.98082765080449,0.0001849276453229007,0.0008046901403169805,8,25,26,25,1,1,1,1,1,1,1,1
0.04,400,20261219,0.0008419127909212502,1.6,0.00099832559510901,1.6,-0.7473289232838599,32.04119982655924,-0.007277942859662489,32.04119982655924,15.66751418115056,99.94738045056744,99.94738045056744,0.00016944870233406395,0.002769908255597347,12,25,26,25,1,1,1,1,1,1,1,1
0.04,401,20261220,0.0009495532279330987,1.6,0.0010463377205558076,1.6,-0.22480685534961034,32.04119982655924,0.1967188195124676,32.04119982655924,9.249833081741292,99.94065292325418,99.94065292325418,0.001332084682893131,0.0018942369663474267,11,18,26,25,1,1,1,1,1,1,1,1
0.04,402,20261221,0.0005661073866557691,1.6,0.001063973421017598,1.6,-2.4710117833760896,32.04119982655924,0.269307790402615,32.04119982655924,46.793089425642165,99.96461828833401,99.96461828833401,0.000501849784710012,0.0005213437903780599,8,24,26,25,1,1,1,1,1,1,1,1
0.04,403,20261222,0.0004849972930993496,1.6,0.0009371698831678682,1.6,-3.1426068530556344,32.04119982655924,-0.2818167631084862,32.04119982655924,48.248732507286974,99.9696876691813,99.9696876691813,0.00015796129713620364,0.00018137850979124825,9,25,26,25,1,1,1,1,1,1,1,1
0.04,404,20261223,0.0006444415980034297,1.6,0.0013458367222141032,1.6,-1.9081643411211215,32.04119982655924,1.2899237419500043,32.04119982655924,52.115915150299465,99.95972240012479,99.95972240012479,0.0003001743967497334,0.00029846561164481946,16,25,26,25,1,1,1,1,1,1,1,1
0.04,405,20261224,0.0005738163945759969,1.6,0.000824221383318604,1.6,-2.4122704763381027,32.04119982655924,-0.8395612247727797,32.04119982655924,30.380792565025303,99.964136475339,99.964136475339,0.00021576232349789407,0.00037796222023693483,13,25,26,25,1,1,1,1,1,1,1,1
0.04,406,20261225,0.0010386872532868812,1.6,0.0013324341107769945,1.6,0.16484802015419997,32.04119982655924,1.2464574225134966,32.04119982655924,22.045882427823617,99.93508204666956,99.93508204666956,0.00022776279633638651,0.0008048722667162295,15,25,26,25,1,1,1,1,1,1,1,1
0.04,407,20261226,0.0008528756864889904,1.6,0.0008834890486737002,1.6,-0.6911426614350689,32.04119982655924,-0.5379882943968305,32.04119982655924,3.465052818783289,99.94669526959444,99.94669526959444,0.00011528426219874449,0.00020158784328773568,10,25,26,25,1,1,1,1,1,1,1,1
0.04,408,20261227,0.0009429952682411998,1.6,0.0020515325105036186,1.6,-0.25490486458739847,32.04119982655924,3.1207840359415853,32.04119982655924,54.034592997519226,99.94106279573494,99.94106279573494,0.00030706856069684943,0.00396819566121352,8,25,26,25,1,1,1,1,1,1,1,1
0.04,409,20261228,0.0006017544012681634,1.6,0.0008525437270137219,1.6,-2.205807245851526,32.04119982655924,-0.6928333677681143,32.04119982655924,29.416593870676856,99.96239034992074,99.96239034992074,0.00016322189424224263,0.0002660963190740255,15,21,26,25,1,1,1,1,1,1,1,1
0.04,410,20261229,0.0018782256703874266,1.6,0.0023402676413855454,1.6,2.7374777191087847,32.04119982655924,3.692655277221439,32.04119982655924,19.74312522325732,99.88261089560078,99.88261089560078,0.0004230547923743608,0.0015045299982768675,10,25,26,25,1,1,1,1,1,1,1,1
0.04,411,20261230,0.0009359116056700509,1.6,0.0011071140037488148,1.6,-0.28765167268890685,32.04119982655924,0.4419234413957247,32.04119982655924,15.463845412401342,99.94150552464562,99.94150552464562,0.0004850038808952812,0.0004885666619713014,20,25,26,25,1,1,1,1,1,1,1,1
0.04,412,20261231,0.0003574141300527223,1.6,0.0004899192903582885,1.6,-4.468282820412808,32.04119982655924,-3.0987546005127826,32.04119982655924,27.04632434633516,99.9776616168717,99.9776616168717,0.00018543447040221937,0.0005193840970035866,8,25,26,25,1,1,1,1,1,1,1,1
0.04,413,20261232,0.0005322765693375449,1.6,0.0012262801707727256,1.6,-2.7386265092545354,32.04119982655924,0.8858970567968149,32.04119982655924,56.594212152828234,99.9667327144164,99.9667327144164,0.00016198259207897972,0.00020966774274034993,10,25,26,25,1,1,1,1,1,1,1,1
0.04,414,20261233,0.00047764174641534273,1.6,0.0008953931198464702,1.6,-3.2089772240318877,32.04119982655924,-0.4798624703565669,32.04119982655924,46.65563808472839,99.97014739084904,99.97014739084904,0.0007167925680130361,0.0006310350711732512,15,21,26,25,1,1,1,1,1,1,1,1
0.04,415,20261234,0.0011732094600514957,1.6,0.0015231077726973164,1.6,0.693755562106617,32.04119982655924,1.8273063441403226,32.04119982655924,22.9726562307653,99.92667440874679,99.92667440874679,0.0005301037039751586,0.00029942444407166655,11,25,26,25,1,1,1,1,1,1,1,1
0.04,416,20261235,0.00036874775012917806,1.6,0.0006229336032512252,1.6,-4.332706208021571,32.04119982655924,-2.055582411069862,32.04119982655924,40.804646240850744,99.97695326561693,99.97695326561693,0.00012691782232394824,0.00016427104636277477,13,25,26,25,1,1,1,1,1,1,1,1
0.04,417,20261236,0.001182075710909605,1.6,0.0018062670776961488,1.6,0.7264529361566354,32.04119982655924,2.5678196623993905,32.04119982655924,34.55698077510693,99.92612026806815,99.92612026806815,0.000261211785406682,0.000538069615789615,13,25,26,25,1,1,1,1,1,1,1,1
0.04,418,20261237,0.0008904895803347908,1.6,0.0021863005075090777,1.6,-0.5037115787348148,32.04119982655924,3.397098555932461,32.04119982655924,59.2695707988764,99.94434440122909,99.94434440122909,0.0010603826338487364,0.0017018719162868743,12,25,26,25,1,1,1,1,1,1,1,1
0.04,419,20261238,0.0013303626271054842,1.6,0.002762773179007056,1.6,1.239700360687694,32.04119982655924,4.413452312251709,32.04119982655924,51.84683863249251,99.91685233580591,99.91685233580591,0.00030684109506981,0.0004605248343643241,14,25,26,25,1,1,1,1,1,1,1,1
0.04,420,20261239,0.001257953481145211,1.6,0.0022477712425196103,1.6,0.9966458128772077,32.04119982655924,3.517521106485251,32.04119982655924,44.035520281186436,99.92137790742842,99.92137790742842,0.007409258502056826,0.007737261266066762,13,25,26,25,1,1,1,1,1,1,1,1
0.04,421,20261240,0.0005705446307972793,1.6,0.0011436304863660406,1.6,-2.4371037727407763,32.04119982655924,0.5828572405921945,32.04119982655924,50.111103402793894,99.96434096057517,99.96434096057517,0.00027075765434793716,0.003997583489470846,12,25,26,25,1,1,1,1,1,1,1,1
0.04,422,20261241,0.0007961173687332705,1.6,0.0013259256327604926,1.6,-0.9902290106174144,32.04119982655924,1.2251916646131475,32.04119982655924,39.95761533957187,99.95024266445417,99.95024266445417,0.00010794608041112428,0.00017952802940713404,18,19,26,25,1,1,1,1,1,1,1,1
0.04,423,20261242,0.0006698046289522683,1.6,0.0009095650500573234,1.6,-1.7405185542039718,32.04119982655924,-0.4116623572012485,32.04119982655924,26.359898183196982,99.9581372106905,99.9581372106905,0.0005914846971711463,0.0006847364742852394,14,15,26,25,1,1,1,1,1,1,1,1
0.04,424,20261243,0.0008290917411557918,1.6,0.0012402424435305269,1.6,-0.8139741097771853,32.04119982655924,0.9350658967476846,32.04119982655924,33.15083309069282,99.94818176617777,99.94818176617777,0.0002942893100010567,0.002916754172344465,15,25,26,25,1,1,1,1,1,1,1,1
0.04,425,20261244,0.00062920545941909,1.6,0.0012717858715834563,1.6,-2.0120751779493804,32.04119982655924,1.0441399604669435,32.04119982655924,50.52583351663687,99.96067465878632,99.96067465878632,0.0006647852651870359,0.001694280077927852,11,25,26,25,1,1,1,1,1,1,1,1
0.04,426,20261245,0.0006475500475959417,1.6,0.0010939285063076786,1.6,-1.88726660366726,32.04119982655924,0.38988939611070206,32.04119982655924,40.805085171277945,99.95952812202526,99.95952812202526,0.000281700898384415,0.0014931227554294438,7,25,26,25,1,1,1,1,1,1,1,1
0.04,427,20261246,0.0003141989535830484,1.6,0.0005419903341226449,1.6,-5.027952656800831,32.04119982655924,-2.66008458617757,32.04119982655924,42.02867951664438,99.98036256540105,99.98036256540105,0.0003028258781070627,0.00035237560804225813,10,25,26,25,1,1,1,1,1,1,1,1
0.04,428,20261247,0.0009529534473753261,1.6,0.0014407630452975095,1.6,-0.20928314515743454,32.04119982655924,1.5859256056300617,32.04119982655924,33.8577255652371,99.94044040953904,99.94044040953904,0.0001797048164593084,0.0003266846494000517,10,25,26,25,1,1,1,1,1,1,1,1
0.04,429,20261248,0.0008367446708897363,1.6,0.001280192044733119,1.6,-0.7740704492244224,32.04119982655924,1.0727512411016753,32.04119982655924,34.63912900160444,99.94770345806938,99.94770345806938,0.0005686760017726451,0.0005690956563726188,25,22,26,25,1,1,1,1,1,1,1,1
0.04,430,20261249,0.0008237751505312514,1.6,0.001665974856834255,1.6,-0.8419131282864978,32.04119982655924,2.2166844267668715,32.04119982655924,50.55296620162573,99.9485140530918,99.9485140530918,0.00039300334730581925,0.0017953104573520176,9,25,26,25,1,1,1,1,1,1,1,1
0.04,431,20261250,0.0016726266200805542,1.6,0.002315340994128498,1.6,2.2339900435962554,32.04119982655924,3.646149612125658,32.04119982655924,27.758951086592056,99.89546083624496,99.89546083624496,0.0006861793186877009,0.0007439624701821951,21,25,26,25,1,1,1,1,1,1,1,1
0.04,432,20261251,0.0004431623549112898,1.6,0.0009337769093389932,1.6,-3.5343713850678227,32.04119982655924,-0.29756869611303144,32.04119982655924,52.54087454090101,99.97230235281805,99.97230235281805,0.0005921071832032102,0.0016546180563261105,8,25,26,25,1,1,1,1,1,1,1,1
0.04,433,20261252,0.0008932840908046772,1.6,0.0016537940813046987,1.6,-0.4901040063256097,32.04119982655924,2.184814333178501,32.04119982655924,45.985772902273645,99.94416974432471,99.94416974432471,0.0002802323519923249,0.0018198075860663514,15,25,26,25,1,1,1,1,1,1,1,1
0.04,434,20261253,0.0003449100945822523,1.6,0.0005775688620815704,1.6,-4.622940948259568,32.04119982655924,-2.38396228510911,32.04119982655924,40.282429122098264,99.97844311908861,99.97844311908861,8.520675887521448e-05,0.00019857305084999542,12,25,26,25,1,1,1,1,1,1,1,1
0.04,435,20261254,0.0013150393924120127,1.6,0.0014321677976359137,1.6,1.1893876244625354,32.04119982655924,1.5599390436717804,32.04119982655924,8.178399585386956,99.91781003797425,99.91781003797425,0.0002796357809824833,0.0003064022927622663,17,22,26,25,1,1,1,1,1,1,1,1
0.04,436,20261255,0.0006665007077360152,1.6,0.001336664560803193,1.6,-1.7619938508630675,32.04119982655924,1.2602243368684898,32.04119982655924,50.137025602330674,99.9583437057665,99.9583437057665,0.00021952114438304423,0.002153916839857742,20,25,26,25,1,1,1,1,1,1,1,1
0.04,437,20261256,0.0013150127821801236,1.6,0.0020535858717371895,1.6,1.1892997427316434,32.04119982655924,3.125128678139109,32.04119982655924,35.965045324950786,99.91781170111375,99.91781170111375,0.0004271888449051742,0.001238883233874266,8,23,26,25,1,1,1,1,1,1,1,1
0.04,438,20261257,0.0007754196692266282,1.6,0.0010911565838215233,1.6,-1.104631869137376,32.04119982655924,0.37887077453667506,32.04119982655924,28.93598584073971,99.95153627067333,99.95153627067333,0.0007631199717787922,0.0018396403908181634,10,25,26,25,1,1,1,1,1,1,1,1
0.04,439,20261258,0.0005393039984422653,1.6,0.0006924924208373484,1.6,-2.6816635980645147,32.04119982655924,-1.5958497548593953,32.04119982655924,22.121313935804626,99.96629350009736,99.96629350009736,0.0001464414834132134,0.0001490808064323508,12,23,26,25,1,1,1,1,1,1,1,1
0.04,440,20261259,0.0005006888560222312,1.6,0.0012622041444848274,1.6,-3.0043207471235727,32.04119982655924,1.0112960185993871,32.04119982655924,60.332180954247384,99.96870694649861,99.96870694649861,0.0004366147025126009,0.002764825513332037,16,25,26,25,1,1,1,1,1,1,1,1
0.04,441,20261260,0.00044295094786655543,1.6,0.0005730750097767924,1.6,-3.536443646355804,32.04119982655924,-2.417885295158579,32.04119982655924,22.706287953634394,99.97231556575835,99.97231556575835,0.000912937176916866,0.0020233214048534023,9,25,26,25,1,1,1,1,1,1,1,1
0.04,442,20261261,0.0007286568200631355,1.6,0.0010822059346239196,1.6,-1.3747696584496205,32.04119982655924,0.34309911196409126,32.04119982655924,32.669301031290956,99.95445894874607,99.95445894874607,0.0010435375904421329,0.0032272513677472007,15,25,26,25,1,1,1,1,1,1,1,1
0.04,443,20261262,0.00029449280281822307,1.6,0.00044053666941028203,1.6,-5.3092531457645675,32.04119982655924,-3.5601793592452036,32.04119982655924,33.151353050259914,99.98159419982387,99.98159419982387,0.00011232043528385441,8.488669298241912e-05,7,13,26,25,1,1,1,1,1,1,1,1
0.04,444,20261263,0.0003095888900284768,1.6,0.00046556097692170484,1.6,-5.092146328919261,32.04119982655924,-3.3202342916962895,32.04119982655924,33.50196743818983,99.98065069437324,99.98065069437324,0.00013608800674898424,0.0008332701773108592,7,21,26,25,1,1,1,1,1,1,1,1
0.04,445,20261264,0.0006357181325481142,1.6,0.0014404512245039082,1.6,-1.9673540103882,32.04119982655924,1.584985571062332,32.04119982655924,55.866736635455624,99.96026761671575,99.96026761671575,0.00031623795658380373,0.0006501834876444168,10,25,26,25,1,1,1,1,1,1,1,1
0.04,446,20261265,0.0004102323315641084,1.6,0.0005856057820630743,1.6,-3.8697011464891258,32.04119982655924,-2.3239464385934654,32.04119982655924,29.947356373622156,99.97436047927725,99.97436047927725,0.00027170596894350303,0.00019421093037104287,7,25,26,25,1,1,1,1,1,1,1,1
0.04,447,20261266,0.0004004944186169227,1.6,0.0006848094752754157,1.6,-3.9740353196616613,32.04119982655924,-1.6443023923137239,32.04119982655924,41.51739526444893,99.97496909883645,99.97496909883645,0.00011889919893986793,0.0001227708579706697,11,25,26,25,1,1,1,1,1,1,1,1
0.04,448,20261267,0.001043702946876755,1.6,0.001252706543323212,1.6,0.1857690969174773,32.04119982655924,0.9784934590081938,32.04119982655924,16.68416258863045,99.9347685658202,99.9347685658202,0.0011625096857286925,0.001169569256593963,16,25,26,25,1,1,1,1,1,1,1,1
0.04,449,20261268,0.0008450108621423986,1.6,0.0010253787792297545,1.6,-0.7313770840156721,32.04119982655924,0.10884325237416884,32.04119982655924,17.59036960203574,99.9471868211161,99.9471868211161,0.0003619325730012106,0.0004219330258137528,9,19,26,25,1,1,1,1,1,1,1,1
0.04,450,20261269,0.0007862919368226672,1.6,0.0011262081231914974,1.6,-1.0441617786467579,32.04119982655924,0.516186555254302,32.04119982655924,30.182359669504155,99.95085675394859,99.95085675394859,0.0002749651154224201,0.005849407836384398,9,15,26,25,1,1,1,1,1,1,1,1
0.04,451,20261270,0.0004413960659976925,1.6,0.0005177043241080749,1.6,-3.551715418655908,32.04119982655924,-2.8591820757284108,32.04119982655924,14.739737444119257,99.97241274587513,99.97241274587513,0.0001259141454158819,0.0002616579792587545,12,25,26,25,1,1,1,1,1,1,1,1
0.04,452,20261271,0.0006194464911189245,1.6,0.00106957508586773,1.6,-2.079962027914709,32.04119982655924,0.2921127813932074,32.04119982655924,42.08480551728849,99.96128459430506,99.96128459430506,0.00028860174336715314,0.00026223655565745625,14,21,26,25,1,1,1,1,1,1,1,1
0.04,453,20261272,0.0005183972845893074,1.6,0.000834051498770583,1.6,-2.8533728200430053,32.04119982655924,-0.7880713288577647,32.04119982655924,37.84589016943911,99.96760016971318,99.96760016971318,9.811751078410827e-05,0.00011600069284678507,8,25,26,25,1,1,1,1,1,1,1,1
0.04,454,20261273,0.0004371129581980717,1.6,0.000586814497582282,1.6,-3.5940631867506707,32.04119982655924,-2.3149916520672096,32.04119982655924,25.510879502976053,99.97268044011261,99.97268044011261,0.0005190122123096244,0.0017161986310864504,12,17,26,25,1,1,1,1,1,1,1,1
0.04,455,20261274,0.0009860024607657265,1.6,0.0017242122511207803,1.6,-0.061220011889686024,32.04119982655924,2.3659072657955034,32.04119982655924,42.81432230139876,99.93837484620215,99.93837484620215,0.00031180063280748473,0.0007516440240418135,7,25,26,25,1,1,1,1,1,1,1,1
0.04,456,20261275,0.00027381229261354436,1.6,0.00030984874847311643,1.6,-5.625470584138915,32.04119982655924,-5.088502536931541,32.04119982655924,11.630337717080927,99.98288673171164,99.98288673171164,0.0003473808688848611,0.000349289297905658,7,25,26,25,1,1,1,1,1,1,1,1
0.04,457,20261276,0.00045405735776686757,1.6,0.0006529375913288391,1.6,-3.428892824111367,32.04119982655924,-1.85128327203905,32.04119982655924,30.4593021144971,99.97162141513957,99.97162141513957,0.00031628593625457476,0.0021246124108394897,12,25,26,25,1,1,1,1,1,1,1,1
0.04,458,20261277,0.0005682436675889792,1.6,0.0009080393875905166,1.6,-2.454653952800473,32.04119982655924,-0.41895312886165853,32.04119982655924,37.42081286839172,99.96448477077568,99.96448477077568,0.0004185990201374407,0.001053355545844617,7,25,26,25,1,1,1,1,1,1,1,1
0.04,459,20261278,0.0006845909254985722,1.6,0.0009569095949149616,1.6,-1.6456886189112407,32.04119982655924,-0.19129090733282172,32.04119982655924,28.458139709696376,99.95721306715633,99.95721306715633,0.0004154031069794622,0.0004355909916986825,12,24,26,25,1,1,1,1,1,1,1,1
0.04,460,20261279,0.0007921281306727377,1.6,0.0011591737020680477,1.6,-1.0120456343153552,32.04119982655924,0.6414851982657156,32.04119982655924,31.664414982886065,99.95049199183296,99.95049199183296,0.0009029753779640803,0.001113984048082157,10,25,26,25,1,1,1,1,1,1,1,1
0.04,461,20261280,0.0005209187307240412,1.6,0.0012684441977274944,1.6,-2.8323002631880563,32.04119982655924,1.032713661954381,32.04119982655924,58.932467690947455,99.96744257932976,99.96744257932976,0.00022595099905295862,0.00019503224583625265,6,25,26,22,1,1,1,1,1,1,1,1
0.04,462,20261281,0.0009179733794420327,1.6,0.0011391980995973303,1.6,-0.3716991283912943,32.04119982655924,0.5659925180622809,32.04119982655924,19.419337184067757,99.94262666378486,99.94262666378486,0.0007705617211077204,0.0009988826398728214,16,25,26,25,1,1,1,1,1,1,1,1
0.04,463,20261282,0.0005124050572396975,1.6,0.0009347952085023866,1.6,-2.90386592587664,32.04119982655924,-0.2928352234560735,32.04119982655924,45.18531411167483,99.96797468392253,99.96797468392253,0.00017010825858325141,0.0008104383893387712,7,24,26,25,1,1,1,1,1,1,1,1
0.04,464,20261283,0.0007275915263369032,1.6,0.0006793185200387509,1.6,-1.3811236745153608,32.04119982655924,-1.6792654521938009,32.04119982655924,-7.106093073305079,99.95452552960394,99.95452552960394,0.001161414867066586,0.0032518843102850004,9,18,26,25,1,1,1,1,0,1,1,1
0.04,465,20261284,0.0008813172825460397,1.6,0.0024850702645980768,1.6,-0.5486771332190119,32.04119982655924,3.9533867278597272,32.04119982655924,64.53551856858343,99.94491766984086,99.94491766984086,0.0007820721800408736,0.0032643958947801894,14,25,26,25,1,1,1,1,1,1,1,1
0.04,466,20261285,0.0008808046226773494,1.6,0.0009318191725527245,1.6,-0.5512041474702642,32.04119982655924,-0.3066835801294189,32.04119982655924,5.474726360868968,99.94494971108267,99.94494971108267,0.00037925682562187985,0.0043066963984111925,16,25,26,25,1,1,1,1,1,1,1,1
0.04,467,20261286,0.00043422235317463673,1.6,0.000789247736167764,1.6,-3.622878234184026,32.04119982655924,-1.027866551389545,32.04119982655924,44.98275594897144,99.97286110292659,99.97286110292659,8.50333425242085e-05,0.0002530763839380569,11,25,26,25,1,1,1,1,1,1,1,1
0.04,468,20261287,0.000696112567457533,1.6,0.0010249355479348798,1.6,-1.5732052551490572,32.04119982655924,0.10696556068544502,32.04119982655924,32.0823081158503,99.9564929645339,99.9564929645339,0.0003084505489827227,0.0005727407674231543,7,21,26,25,1,1,1,1,1,1,1,1
0.04,469,20261288,0.0007646015479621329,1.6,0.0008856978069018309,1.6,-1.1656482707198417,32.04119982655924,-0.5271443068814077,32.04119982655924,13.672412644137902,99.95221240325237,99.95221240325237,0.0001763802519979354,0.00046888940109798247,11,22,26,25,1,1,1,1,1,1,1,1
0.04,470,20261289,0.000991394557648226,1.6,0.0012230233036957564,1.6,-0.03753469523899506,32.04119982655924,0.8743473223665663,32.04119982655924,18.93902964461838,99.93803784014698,99.93803784014698,0.00023290432348864113,0.0007229782975744229,15,25,26,25,1,1,1,1,1,1,1,1
0.04,471,20261290,0.0004980729663832215,1.6,0.0006024257391417942,1.6,-3.0270702957700135,32.04119982655924,-2.200964808172426,32.04119982655924,17.32209731065474,99.96887043960105,99.96887043960105,0.00029529303553490306,0.0010557642812300313,12,25,26,25,1,1,1,1,1,1,1,1
0.04,472,20261291,0.0008340887743627371,1.6,0.0008928796789681567,1.6,-0.7878772374585508,32.04119982655924,-0.4920706102282377,32.04119982655924,6.584415122243622,99.94786945160233,99.94786945160233,0.000371941053100938,0.0024838100811428203,11,22,26,25,1,1,1,1,1,1,1,1
0.04,473,20261292,0.0006123129919536913,1.6,0.0009541688463371566,1.6,-2.130265256795082,32.04119982655924,-0.20374767283209805,32.04119982655924,35.82760595210946,99.9617304380029,99.9617304380029,0.00013496717178250114,0.00031547827578858696,16,22,26,25,1,1,1,1,1,1,1,1
0.04,474,20261293,0.001030656949809377,1.6,0.0018587688591433162,1.6,0.13114136091894993,32.04119982655924,2.6922538792157775,32.04119982655924,44.55163455426114,99.93558394063692,99.93558394063692,0.000656935608406718,0.0012007887666848128,13,25,26,25,1,1,1,1,1,1,1,1
0.04,475,20261294,0.0003803160460860911,1.6,0.0005171747261639955,1.6,-4.198553506871998,32.04119982655924,-2.863627068305246,32.04119982655924,26.462754878417368,99.97623024711963,99.97623024711963,5.0989887832193325e-05,0.00010541055490552212,13,25,26,25,1,1,1,1,1,1,1,1
0.04,476,20261295,0.0005066351739673571,1.6,0.0011320683517137954,1.6,-2.953046619010928,32.04119982655924,0.538726493575198,32.04119982655924,55.246944833288445,99.96833530162705,99.96833530162705,0.0003764123098727517,0.000376521415790326,10,25,26,25,1,1,1,1,1,1,1,1
0.04,477,20261296,0.0004952647581688808,1.6,0.0006499134634181533,1.6,-3.0516257425319786,32.04119982655924,-1.8714446622165344,32.04119982655924,23.795276441253186,99.96904595261444,99.96904595261444,0.00044903435344817785,0.0030737057757917827,11,25,26,25,1,1,1,1,1,1,1,1
0.04,478,20261297,0.0002925353909854721,1.6,0.0010548364123568153,1.6,-5.3382158537693645,32.04119982655924,0.23185112980227846,32.04119982655924,72.26722669424524,99.98171653806341,99.98171653806341,0.00024833361498519,0.005400951528413961,9,23,26,25,1,1,1,1,1,1,1,1
0.04,479,20261298,0.001046571533415783,1.6,0.0011924734338172645,1.6,0.19768917821402254,32.04119982655924,0.764487125129194,32.04119982655924,12.23523277448877,99.93458927916151,99.93458927916151,0.0012561398494769713,0.002441654235713843,16,25,26,25,1,1,1,1,1,1,1,1
0.04,480,20261299,0.0008677428460204329,1.6,0.0022925549207276187,1.6,-0.6160895811942215,32.04119982655924,3.6031974847869845,32.04119982655924,62.14952853801095,99.94576607212373,99.94576607212373,0.0006813889061158621,0.0002926861276760878,15,25,26,25,1,1,1,1,1,1,1,1
0.04,481,20261300,0.00041947666995748663,1.6,0.0006429736674730668,1.6,-3.7729218832867724,32.04119982655924,-1.918068129316357,32.04119982655924,34.759899016384225,99.97378270812767,99.97378270812767,0.00014985687642968403,0.002929697126025855,13,25,26,25,1,1,1,1,1,1,1,1
0.04,482,20261301,0.0003490612555433875,1.6,0.0004833540764884617,1.6,-4.570983535276006,32.04119982655924,-3.157346143236453,32.04119982655924,27.78352919265799,99.97818367152854,99.97818367152854,0.00018382815450818232,0.0003155108082774908,8,25,26,25,1,1,1,1,1,1,1,1
0.04,483,20261302,0.0008791132023707814,1.6,0.0013580577947714632,1.6,-0.5595519773681804,32.04119982655924,1.3291825257793892,32.04119982655924,35.26687849696997,99.94505542485182,99.94505542485182,0.0004192031472166835,0.0034614414705547436,18,25,26,25,1,1,1,1,1,1,1,1
0.04,484,20261303,0.0004634358453501786,1.6,0.0007973726537932435,1.6,-3.3401037789234884,32.04119982655924,-0.9833866271719633,32.04119982655924,41.8796414517689,99.97103525966561,99.97103525966561,6.226366868566084e-05,0.00013580569998121442,7,22,26,25,1,1,1,1,1,1,1,1
0.04,485,20261304,0.000740384542474526,1.6,0.001243991856469998,1.6,-1.3054265689386875,32.04119982655924,0.9481753734698711,32.04119982655924,40.48316806707471,99.95372596609535,99.95372596609535,0.00022716140696288408,0.00041887931726923794,14,25,26,25,1,1,1,1,1,1,1,1
0.04,486,20261305,0.0010530818888340823,1.6,0.001850286511919822,1.6,0.2246214372678977,32.04119982655924,2.6723898294972317,32.04119982655924,43.085469085464794,99.93418238194786,99.93418238194786,0.000680494705175238,0.002562339967668285,11,25,26,25,1,1,1,1,1,1,1,1
0.04,487,20261306,0.0005091652258308999,1.6,0.0006151128521966793,1.6,-2.931412647698658,32.04119982655924,-2.1104519871225245,32.04119982655924,17.224095706571777,99.96817717338558,99.96817717338558,0.00025221185351443015,0.0002498154945842471,8,22,26,25,1,1,1,1,1,1,1,1
0.04,488,20261307,0.0007047795483581538,1.6,0.0012064033394580704,1.6,-1.5194670698543822,32.04119982655924,0.8149253070259309,32.04119982655924,41.58010631214362,99.95595127822762,99.95595127822762,0.0001333405532501851,9.544997119714744e-05,13,25,26,25,1,1,1,1,1,1,1,1
0.04,489,20261308,0.0007774422568382197,1.6,0.0018756121377206149,1.6,-1.093318575651774,32.04119982655924,2.7314303454240867,32.04119982655924,58.549945311026505,99.9514098589476,99.9514098589476,0.0013602691812146584,0.0013716422302883142,12,25,26,25,1,1,1,1,1,1,1,1
0.04,490,20261309,0.000509798559962815,1.6,0.0006628856596159455,1.6,-2.926013956244728,32.04119982655924,-1.7856137609037173,32.04119982655924,23.094043057414183,99.96813759000233,99.96813759000233,0.00027644916223256983,0.000298772908078862,20,23,26,25,1,1,1,1,1,1,1,1
0.04,491,20261310,0.0002990885523854563,1.6,0.00047295126561508455,1.6,-5.242002092721615,32.04119982655924,-3.2518360802512323,32.04119982655924,36.76123226005444,99.98130696547591,99.98130696547591,8.68805506815829e-05,0.00023014906379223085,9,25,26,25,1,1,1,1,1,1,1,1
0.04,492,20261311,0.0005344456893604124,1.6,0.0010192107658455588,1.6,-2.7209642143648045,32.04119982655924,0.082640024349815,32.04119982655924,47.562790026356815,99.96659714441499,99.96659714441499,0.00018099348454279736,0.00100903659195449,18,25,26,25,1,1,1,1,1,1,1,1
0.04,493,20261312,0.00043297161427873843,1.6,0.00107771523661231,1.6,-3.6354057516212053,32.04119982655924,0.32504022905242874,32.04119982655924,59.82504472705225,99.97293927410759,99.97293927410759,0.0002673315315578511,0.0021414573666254824,8,25,26,25,1,1,1,1,1,1,1,1
0.04,494,20261313,0.0008396371827914715,1.6,0.0012134538057694136,1.6,-0.7590833721255947,32.04119982655924,0.8402324809168926,32.04119982655924,30.80600359079319,99.94752267607554,99.94752267607554,0.00025390047972567747,0.00046147132859686855,14,21,26,25,1,1,1,1,1,1,1,1
0.04,495,20261314,0.0012659261972470782,1.6,0.0019311567834299874,1.6,1.0240838730642696,32.04119982655924,2.8581753396294136,32.04119982655924,34.4472593779451,99.92087961267207,99.92087961267207,0.0012615179197840414,0.002507458545505354,13,25,26,25,1,1,1,1,1,1,1,1
0.04,496,20261315,0.00039646995239831943,1.6,0.0006476607771877066,1.6,-4.017897213402962,32.04119982655924,-1.8865240334248887,32.04119982655924,38.784319451938416,99.9752206279751,99.9752206279751,0.00020619207202760044,0.0010016513996849356,10,17,26,25,1,1,1,1,1,1,1,1
0.04,497,20261316,0.0015526856887354639,1.6,0.002744357453528196,1.6,1.9108355008585345,32.04119982655924,4.38440677728721,32.04119982655924,43.422614764002304,99.90295714445404,99.90295714445404,0.00052459534834947,0.008198449485193448,18,25,26,25,1,1,1,1,1,1,1,1
0.04,498,20261317,0.0005930368690058722,1.6,0.0008851964843416132,1.6,-2.2691830577897294,32.04119982655924,-0.5296031959122071,32.04119982655924,33.00505825585627,99.96293519568712,99.96293519568712,0.0002749523848439065,0.0004242490499323497,10,25,26,25,1,1,1,1,1,1,1,1
0.04,499,20261318,0.0007727796589792749,1.6,0.0011748934071432325,1.6,-1.1194431789344281,32.04119982655924,0.6999846678698406,32.04119982655924,34.225551502727555,99.95170127131378,99.95170127131378,0.00041023502689100646,0.0013329730054374574,8,19,26,25,1,1,1,1,1,1,1,1
0.04,500,20261319,0.0003282819803907506,1.6,0.0004372766409305352,1.6,-4.837529553201304,32.04119982655924,-3.5924372179973156,32.04119982655924,24.925790755216504,99.97948237622559,99.97948237622559,0.00044980555299449276,0.0016363471519606455,9,25,26,25,1,1,1,1,1,1,1,1
0.05,1,20260820,0.00028956673001418994,1.6,0.0004870714177511538,1.6,-5.382513381975468,32.04119982655924,-3.1240735488144162,32.04119982655924,40.54943085120006,99.98190207937412,99.98190207937412,0.0003254203305218794,0.0008866586095728323,11,25,26,25,1,1,1,1,1,1,1,1
0.05,2,20260821,0.0003277792378031197,1.6,0.0004880809296934961,1.6,-4.844185589812177,32.04119982655924,-3.115081607734736,32.04119982655924,32.84326064348433,99.9795137976373,99.9795137976373,0.0007486451873901609,0.00046016577763664806,7,14,26,25,1,1,1,1,1,1,1,1
0.05,3,20260822,0.0002634545380597309,1.6,0.0003118752480632575,1.6,-5.792943162131312,32.04119982655924,-5.0601909159779,32.04119982655924,15.525666209235526,99.98353409137127,99.98353409137127,0.00014245918719536863,0.0012565419856484118,11,23,26,25,1,1,1,1,1,1,1,1
0.05,4,20260823,0.0005586119867348447,1.6,0.0009411181707941819,1.6,-2.528897494138433,32.04119982655924,-0.2635584128935957,32.04119982655924,40.64379967677719,99.96508675082907,99.96508675082907,0.0004190831708551208,0.0006275606382036954,7,18,26,25,1,1,1,1,1,1,1,1
0.05,5,20260824,0.0004050843266762131,1.6,0.000534402892138247,1.6,-3.924545600001083,32.04119982655924,-2.7213120016521515,32.04119982655924,24.19870239560378,99.97468222958273,99.97468222958273,0.00023769571953589976,0.0010214485489309674,12,25,26,25,1,1,1,1,1,1,1,1
0.05,6,20260825,0.0004572732237411954,1.6,0.0005394090091885886,1.6,-3.3982422858194177,32.04119982655924,-2.6808180425276817,32.04119982655924,15.226995479913619,99.9714204235162,99.9714204235162,0.00017258989907278428,0.0018838346743160427,11,25,26,25,1,1,1,1,1,1,1,1
0.05,7,20260826,0.00042318921693801955,1.6,0.0004920890633904466,1.6,-3.734654068612886,32.04119982655924,-3.079562869918493,32.04119982655924,14.001499236279235,99.97355067394139,99.97355067394139,0.00031149223637355345,0.0030073951936268077,11,25,26,25,1,1,1,1,1,1,1,1
0.05,8,20260827,0.00038294359820910406,1.6,0.00044285495079473885,1.6,-4.168651863194641,32.04119982655924,-3.537384958640923,32.04119982655924,13.528436901996704,99.97606602511193,99.97606602511193,0.00012347436670147855,0.0006611223941103714,9,24,26,25,1,1,1,1,1,1,1,1
0.05,9,20260828,0.0004515638459700197,1.6,0.0008645888689541204,1.6,-3.4528083672994154,32.04119982655924,-0.6319036003868626,32.04119982655924,47.77126306098881,99.97177725962688,99.97177725962688,0.0007851253958433333,0.0010810469688113042,5,16,26,25,1,1,1,1,1,1,1,1
0.05,10,20260829,0.000328704382968194,1.6,0.0005062870797262345,1.6,-4.8319450496549985,32.04119982655924,-2.95603155518943,32.04119982655924,35.07549449100402,99.97945597606449,99.97945597606449,0.00010289134390140277,0.0002659609879683469,13,25,26,25,1,1,1,1,1,1,1,1
0.05,11,20260830,0.00024868383102994785,1.6,0.0004066452048127841,1.6,-6.0435245084887645,32.04119982655924,-3.9078434456296303,32.04119982655924,38.84501081367977,99.98445726056063,99.98445726056063,0.00011508223497672305,0.00013455698421647587,6,20,26,25,1,1,1,1,1,1,1,1
0.05,12,20260831,0.00032727619829689685,1.6,0.0004907607767627961,1.6,-4.850855783283975,32.04119982655924,-3.091301548207186,32.04119982655924,33.31247854490168,99.97954523760644,99.97954523760644,0.00021641694818535592,0.0007756085285932644,6,23,26,25,1,1,1,1,1,1,1,1
0.05,13,20260832,0.0003550799642543448,1.6,0.0005588208856736191,1.6,-4.496738325118661,32.04119982655924,-2.5272737069798095,32.04119982655924,36.45907421188795,99.9778075022341,99.9778075022341,0.0002083245739180107,0.0002261968268147448,13,25,26,25,1,1,1,1,1,1,1,1
0.05,14,20260833,0.000338255590947643,1.6,0.0006444658101228965,1.6,-4.707550163189781,32.04119982655924,-1.9080011767259983,32.04119982655924,47.513803582048936,99.97885902556577,99.97885902556577,0.00031385221784642974,0.007813843003242019,4,25,26,25,1,1,1,1,1,1,1,1
0.05,15,20260834,0.0002959927644719263,1.6,0.00048383276255172967,1.6,-5.287189051178284,32.04119982655924,-3.153047268925425,32.04119982655924,38.82333165888496,99.9815004522205,99.9815004522205,0.00014669447864150987,0.00018142494568803373,12,25,26,25,1,1,1,1,1,1,1,1
0.05,16,20260835,0.0002826123926434709,1.6,0.0005027189129608413,1.6,-5.488087981184884,32.04119982655924,-2.986747757227484,32.04119982655924,43.78321854274763,99.98233672545979,99.98233672545979,0.002380327046970206,0.002878581843233036,5,25,26,25,1,1,1,1,1,1,1,1
0.05,17,20260836,0.00048552653742881923,1.6,0.0006150870129825295,1.6,-3.137870278694022,32.04119982655924,-2.110634426227604,32.04119982655924,21.063763795869676,99.96965459141069,99.96965459141069,0.00021428694552004044,0.0008876072045811313,7,19,26,25,1,1,1,1,1,1,1,1
0.05,18,20260837,0.00028887589078442286,1.6,0.0003789802290925429,1.6,-5.392887023101931,32.04119982655924,-4.213834460213143,32.04119982655924,23.775472014429948,99.98194525682597,99.98194525682597,0.00013981144737435224,0.00044060971045655286,7,25,26,25,1,1,1,1,1,1,1,1
0.05,19,20260838,0.0005423336568321544,1.6,0.0006186369222653042,1.6,-2.6573344272863464,32.04119982655924,-2.085641634509179,32.04119982655924,12.334094957304679,99.96610414644799,99.96610414644799,0.0001941503932591077,0.00019561745351166107,9,20,26,25,1,1,1,1,1,1,1,1
0.05,20,20260839,0.0004995101706890019,1.6,0.0004826408720216876,1.6,-3.0145566453681445,32.04119982655924,-3.1637590302012693,32.04119982655924,-3.495207232792387,99.96878061433193,99.96878061433193,0.0007573045782791898,0.001344842201510128,7,25,26,25,1,1,1,1,0,1,1,1
0.05,21,20260840,0.0003855706114889915,1.6,0.0006271298381346176,1.6,-4.138960757924522,32.04119982655924,-2.0264253548851,32.04119982655924,38.5182161582581,99.97590183678193,99.97590183678193,0.00020005081083177494,0.00019646482198081952,8,23,26,25,1,1,1,1,1,1,1,1
0.05,22,20260841,0.0006583425661115936,1.6,0.0009447451765223191,1.6,-1.8154806404852408,32.04119982655924,-0.24685316733083928,32.04119982655924,30.31532920496042,99.95885358961803,99.95885358961803,0.00043211464697300337,0.000878320008837427,13,21,26,25,1,1,1,1,1,1,1,1
0.05,23,20260842,0.000388641387734872,1.6,0.0007119556759609172,1.6,-4.104509517862655,32.04119982655924,-1.47547043279981,32.04119982655924,45.41213717970184,99.97570991326657,99.97570991326657,0.0003440084123977412,0.00017078908587619225,6,21,26,25,1,1,1,1,1,1,1,1
0.05,24,20260843,0.00034217879392826325,1.6,0.0005620620594226277,1.6,-4.657469087788782,32.04119982655924,-2.502157296679455,32.04119982655924,39.12081625296631,99.9786138253795,99.9786138253795,0.00016644416407231766,0.0026179958360562404,10,25,26,25,1,1,1,1,1,1,1,1
0.05,25,20260844,0.0004040336651112472,1.6,0.0004501168006579033,1.6,-3.9358244686236827,32.04119982655924,-3.4667477667083464,32.04119982655924,10.238039433164833,99.97474789593056,99.97474789593056,0.0004222314460704304,0.0055366830227234565,14,19,26,25,1,1,1,1,1,1,1,1
0.05,26,20260845,0.0004432085217028184,1.6,0.0007068968592822164,1.6,-3.5339189788943983,32.04119982655924,-1.5064394788946176,32.04119982655924,37.302236403645544,99.97229946739357,99.97229946739357,0.0006319993104081018,0.0009749758097544909,9,25,26,25,1,1,1,1,1,1,1,1
0.05,27,20260846,0.000336097469450822,1.6,0.00047580004103504046,1.6,-4.735347574135379,32.04119982655924,-3.225755248433283,32.04119982655924,29.361614025991646,99.97899390815932,99.97899390815932,0.0003842022119592269,0.0007211448292442216,13,25,26,25,1,1,1,1,1,1,1,1
0.05,28,20260847,0.0008650209743756926,1.6,0.0011729051963549157,1.6,-0.6297336196271295,32.04119982655924,0.692629103560798,32.04119982655924,26.24971079811456,99.94593618910152,99.94593618910152,0.0009582234867516608,0.000451191756734751,17,25,26,25,1,1,1,1,1,1,1,1
0.05,29,20260848,0.0002097966386178695,1.6,0.0003490713533373023,1.6,-6.782014743951089,32.04119982655924,-4.570857902520248,32.04119982655924,39.89863773921711,99.98688771008639,99.98688771008639,0.00013828201423868232,0.00012508882727734426,7,15,26,25,1,1,1,1,1,1,1,1
0.05,30,20260849,0.00027172828317531355,1.6,0.0003470352445648575,1.6,-5.658651551496847,32.04119982655924,-4.596264164403923,32.04119982655924,21.700090284481124,99.98301698230155,99.98301698230155,0.00025831931481571773,0.0011981473126922832,8,18,26,25,1,1,1,1,1,1,1,1
0.05,31,20260850,0.00020737630415897668,1.6,0.0004946198243963953,1.6,-6.83240869745082,32.04119982655924,-3.0572848107334254,32.04119982655924,58.07359633996749,99.98703898099006,99.98703898099006,0.0002444796229319053,0.000997499496881574,6,25,26,25,1,1,1,1,1,1,1,1
0.05,32,20260851,0.0008433368505386494,1.6,0.0016325562346089706,1.6,-0.7399892227940753,32.04119982655924,2.1286814979993824,32.04119982655924,48.34255429243176,99.94729144684132,99.94729144684132,0.0003322246513862923,0.0014051110683236713,11,25,26,25,1,1,1,1,1,1,1,1
0.05,33,20260852,0.00044612519106593273,1.6,0.0006002017836145717,1.6,-3.5054325303715173,32.04119982655924,-2.2170271832000426,32.04119982655924,25.670798847139302,99.97211717555838,99.97211717555838,0.00010904243160708089,0.0003437793718191112,7,22,26,25,1,1,1,1,1,1,1,1
0.05,34,20260853,0.0004594418034847287,1.6,0.000942857238834069,1.6,-3.3776949195166655,32.04119982655924,-0.2555406026394405,32.04119982655924,51.271328833104,99.9712848872822,99.9712848872822,0.0005090603049612708,0.0007790933365773966,11,25,26,25,1,1,1,1,1,1,1,1
0.05,35,20260854,0.00039221522244829347,1.6,0.000553696313012185,1.6,-4.0647555473503365,32.04119982655924,-2.5672836838583453,32.04119982655924,29.16419827421496,99.97548654859699,99.97548654859699,0.0002987213048847311,0.0009730311056366521,14,20,26,25,1,1,1,1,1,1,1,1
0.05,36,20260855,0.0004955668251397074,1.6,0.0006404756527990755,1.6,-3.048977744126006,32.04119982655924,-1.9349737498406827,32.04119982655924,22.6251891115723,99.96902707342878,99.96902707342878,0.00031650979268040566,0.000280252975178046,5,16,26,25,1,1,1,1,1,1,1,1
0.05,37,20260856,0.0002976255184398516,1.6,0.0004377216837441448,1.6,-5.2632983508014854,32.04119982655924,-3.588019388856898,32.04119982655924,32.005763138337386,99.98139840509751,99.98139840509751,0.00015511984884691849,0.0005511343452155598,8,25,26,25,1,1,1,1,1,1,1,1
0.05,38,20260857,0.00043995269616160657,1.6,0.0006690232546457781,1.6,-3.5659401646923277,32.04119982655924,-1.7455878628476937,32.04119982655924,34.239551001176416,99.9725029564899,99.9725029564899,0.0009955129454454247,0.0020572983126932935,11,24,26,25,1,1,1,1,1,1,1,1
0.05,39,20260858,0.0003736942799719015,1.6,0.00039501916415181435,1.6,-4.274835497169979,32.04119982655924,-4.033818342887554,32.04119982655924,5.398442940281561,99.97664410750176,99.97664410750176,0.00014955043190980198,0.00035695374454203146,6,17,26,25,1,1,1,1,1,1,1,1
0.05,40,20260859,0.0002994162559005228,1.6,0.0005212741493702071,1.6,-5.237246246467894,32.04119982655924,-2.8293381173947485,32.04119982655924,42.560693588532736,99.98128648400623,99.98128648400623,0.00044359920747353887,0.0002215201296836009,8,25,26,25,1,1,1,1,1,1,1,1
0.05,41,20260860,0.00044055193449949175,1.6,0.0006687298015015709,1.6,-3.560028873948247,32.04119982655924,-1.747493223223212,32.04119982655924,34.12108545031594,99.97246550409379,99.97246550409379,0.00027111303176350753,0.0016745850517199635,15,25,26,25,1,1,1,1,1,1,1,1
0.05,42,20260861,0.0004972807356982636,1.6,0.0008860389236508429,1.6,-3.0339836470100154,32.04119982655924,-0.5254719915643908,32.04119982655924,43.87597176326481,99.96891995401886,99.96891995401886,0.00023536998223423037,0.0013509464346899832,8,25,26,25,1,1,1,1,1,1,1,1
0.05,43,20260862,0.0002362925268446262,1.6,0.0003549716566727853,1.6,-6.265500134563476,32.04119982655924,-4.498063225562461,32.04119982655924,33.43341013211039,99.98523171707221,99.98523171707221,0.00027236983414526014,0.00016350663776840919,12,25,26,25,1,1,1,1,1,1,1,1
0.05,44,20260863,0.0005322241752631948,1.6,0.0006885914782208669,1.6,-2.7390540234203735,32.04119982655924,-1.6203835628216487,32.04119982655924,22.708283198868898,99.96673598904604,99.96673598904604,0.0009453706402381399,0.002123238335892998,11,25,26,25,1,1,1,1,1,1,1,1
0.05,45,20260864,0.0007051400014125602,1.6,0.0009521331449667864,1.6,-1.5172464782475799,32.04119982655924,-0.21302316236158306,32.04119982655924,25.941029871703723,99.9559287499117,99.9559287499117,0.0004501514354577371,0.0008758907549400179,8,16,26,25,1,1,1,1,1,1,1,1
0.05,46,20260865,0.000277396730814819,1.6,0.000465019429805359,1.6,-5.568986614943514,32.04119982655924,-3.325289006993741,32.04119982655924,40.347281632742174,99.98266270432407,99.98266270432407,0.00012293243964373195,9.443142390742411e-05,16,25,26,25,1,1,1,1,1,1,1,1
0.05,47,20260866,0.00041419668986653177,1.6,0.000999854743930803,1.6,-3.82793376177583,32.04119982655924,-0.0006308849141934338,32.04119982655924,58.57431368098833,99.97411270688335,99.97411270688335,0.00013880178500277264,0.000648663811651307,10,22,26,25,1,1,1,1,1,1,1,1
0.05,48,20260867,0.0003599029425715736,1.6,0.0005309258808523042,1.6,-4.438146025347166,32.04119982655924,-2.7496610374645982,32.04119982655924,32.21220596859672,99.97750606608928,99.97750606608928,0.00038802481948319094,0.0004893231434850586,6,24,26,25,1,1,1,1,1,1,1,1
0.05,49,20260868,0.0002686157560147415,1.6,0.00032827606134133345,1.6,-5.708685167992104,32.04119982655924,-4.837607858860109,32.04119982655924,18.173821472945782,99.98321151524908,99.98321151524908,0.00019588570592571418,0.00046410476898967593,8,25,26,25,1,1,1,1,1,1,1,1
0.05,50,20260869,0.0002739713423002076,1.6,0.00030177543790126354,1.6,-5.622948624781065,32.04119982655924,-5.203161112073641,32.04119982655924,9.213505179355586,99.98287679110625,99.98287679110625,0.00031912345358219235,0.000573464855206528,11,21,26,25,1,1,1,1,1,1,1,1
0.05,51,20260870,0.000266827939668174,1.6,0.0003628955196509205,1.6,-5.737686972127167,32.04119982655924,-4.402183936150777,32.04119982655924,26.472517510041623,99.98332325377073,99.98332325377073,0.00037605741621608347,0.0006143131140203095,10,24,26,25,1,1,1,1,1,1,1,1
0.05,52,20260871,0.0007991608341914196,1.6,0.001645561445255291,1.6,-0.973658084549285,32.04119982655924,2.1631410348672215,32.04119982655924,51.435369581873104,99.95005244786303,99.95005244786303,0.0009122550444942869,0.008062204604527785,11,25,26,25,1,1,1,1,1,1,1,1
0.05,53,20260872,0.0002712005691472673,1.6,0.00040842361829238093,1.6,-5.667094033844055,32.04119982655924,-3.888891515080748,32.04119982655924,33.59821592072543,99.98304996442829,99.98304996442829,0.0004830066665204221,0.0021228021250459493,7,13,26,25,1,1,1,1,1,1,1,1
0.05,54,20260873,0.0004017705630358717,1.6,0.0006822262051856644,1.6,-3.9602188635186755,32.04119982655924,-1.6607160279881572,32.04119982655924,41.10889321137527,99.97488933981026,99.97488933981026,0.00020723134367249408,0.0002072885392201418,9,25,26,25,1,1,1,1,1,1,1,1
0.05,55,20260874,0.00045186723029035835,1.6,0.0009039782897235553,1.6,-3.449891528491584,32.04119982655924,-0.4384199957605331,32.04119982655924,50.01348644904476,99.97175829810683,99.97175829810683,0.0002651950530356981,0.00026039998778102345,7,22,26,25,1,1,1,1,1,1,1,1
0.05,56,20260875,0.000723496755104093,1.6,0.0015147324317707931,1.6,-1.4056341235910683,32.04119982655924,1.8033592414645339,32.04119982655924,52.23600287885225,99.95478145280597,99.95478145280597,0.000294849971509181,0.00033660016071387417,6,25,26,25,1,1,1,1,1,1,1,1
0.05,57,20260876,0.0002245605250999403,1.6,0.0002917385625494632,1.6,-6.486665848421786,32.04119982655924,-5.35006161226114,32.04119982655924,23.026793874098537,99.98596496718125,99.98596496718125,0.00023953668582905874,0.002043410936849053,13,25,26,25,1,1,1,1,1,1,1,1
0.05,58,20260877,0.0004939733537087435,1.6,0.0006002355418132839,1.6,-3.062964774920864,32.04119982655924,-2.2167829222275954,32.04119982655924,17.703414860027653,99.96912666539319,99.96912666539319,0.0007485011979260843,0.007405941189718951,7,15,26,25,1,1,1,1,1,1,1,1
0.05,59,20260878,0.0002688863014316295,1.6,0.0003860247850661572,1.6,-5.7043132259705445,32.04119982655924,-4.133848101678781,32.04119982655924,30.34480897760293,99.98319460616052,99.98319460616052,0.0001588945649264941,0.00015898490399430428,8,16,26,25,1,1,1,1,1,1,1,1
0.05,60,20260879,0.0003542555457865337,1.6,0.0006456610786103253,1.6,-4.506833422501929,32.04119982655924,-1.8999539270866035,32.04119982655924,45.13289440506342,99.97785902838835,99.97785902838835,0.0006738759478700862,0.0006779404701912045,5,25,26,25,1,1,1,1,1,1,1,1
0.05,61,20260880,0.00032563955668216636,1.6,0.0003654523375568588,1.6,-4.872628451669565,32.04119982655924,-4.371692558766065,32.04119982655924,10.894110334838995,99.97964752770736,99.97964752770736,0.00033058609946727606,0.00022611348338145317,11,25,26,25,1,1,1,1,1,1,1,1
0.05,62,20260881,0.0003665720059352112,1.6,0.00040308162972377845,1.6,-4.358407039457479,32.04119982655924,-3.946069941848074,32.04119982655924,9.057625328543589,99.97708924962905,99.97708924962905,0.0002688434419916962,0.0005548180637132083,10,25,26,25,1,1,1,1,1,1,1,1
0.05,63,20260882,0.00028535642849211284,1.6,0.0007176712721000832,1.6,-5.446123392453756,32.04119982655924,-1.4407443793672052,32.04119982655924,60.238560524083745,99.98216522321925,99.98216522321925,0.00032076050629898447,0.0014911205035197986,13,25,26,25,1,1,1,1,1,1,1,1
0.05,64,20260883,0.0003663769167396671,1.6,0.0005279773840305912,1.6,-4.360718964899579,32.04119982655924,-2.7738468011974304,32.04119982655924,30.607460125898292,99.97710144270378,99.97710144270378,0.00019646186583073238,0.000236796442406199,15,25,26,25,1,1,1,1,1,1,1,1
0.05,65,20260884,0.000313881427590684,1.6,0.0005410732406992136,1.6,-5.0323438080682905,32.04119982655924,-2.6674394399024326,32.04119982655924,41.98910535936615,99.98038241077559,99.98038241077559,0.00015177885565853877,0.00011395262286691811,9,25,26,25,1,1,1,1,1,1,1,1
0.05,66,20260885,0.0008300055333453132,1.6,0.0013507160835042136,1.6,-0.8091901233076262,32.04119982655924,1.3056407120890425,32.04119982655924,38.55070332826728,99.94812465416594,99.94812465416594,0.001985984332133226,0.006007729157832443,12,25,26,25,1,1,1,1,1,1,1,1
0.05,67,20260886,0.00032483229548509694,1.6,0.0005411398388776416,1.6,-4.88340798846778,32.04119982655924,-2.6669049200009742,32.04119982655924,39.97257785366167,99.97969798153217,99.97969798153217,0.00040031466106948347,0.0005063059161257201,5,14,26,25,1,1,1,1,1,1,1,1
0.05,68,20260887,0.00021020851003090312,1.6,0.0003122890940522302,1.6,-6.773497060782337,32.04119982655924,-5.054431821983604,32.04119982655924,32.687847883747786,99.98686196812308,99.98686196812308,8.264474867356369e-05,0.00021703047009823486,5,22,26,25,1,1,1,1,1,1,1,1
0.05,69,20260888,0.00040865092459168055,1.6,0.0005921870577322931,1.6,-3.8864751413265024,32.04119982655924,-2.2754108836324933,32.04119982655924,30.99293217306056,99.97445931721302,99.97445931721302,0.00015342356107100758,0.0004321400822942314,9,25,26,25,1,1,1,1,1,1,1,1
0.05,70,20260889,0.0004602226862797514,1.6,0.0007143499320790164,1.6,-3.3703197696839435,32.04119982655924,-1.4608899222673117,32.04119982655924,35.57461607921805,99.97123608210751,99.97123608210751,0.0004741109340125448,0.0010483092969617407,12,25,26,25,1,1,1,1,1,1,1,1
0.05,71,20260890,0.0004292370809929341,1.6,0.0007079119597422151,1.6,-3.6730276719305204,32.04119982655924,-1.5002075046790988,32.04119982655924,39.36575373733762,99.97317268243795,99.97317268243795,0.00045212733316802006,0.000862356805287785,6,25,26,25,1,1,1,1,1,1,1,1
0.05,72,20260891,0.00035352118395330157,1.6,0.0005917480862198067,1.6,-4.5158455697777065,32.04119982655924,-2.2786313795404913,32.04119982655924,40.258161845244224,99.9779049260029,99.9779049260029,0.00027804099063664743,0.0025242130017917694,8,20,26,25,1,1,1,1,1,1,1,1
0.05,73,20260892,0.0004933004925834344,1.6,0.0011139163873554081,1.6,-3.068884508744478,32.04119982655924,0.4685259310613746,32.04119982655924,55.714764754058585,99.96916871921354,99.96916871921354,0.0005961093541745977,0.0032029061593185117,8,21,26,25,1,1,1,1,1,1,1,1
0.05,74,20260893,0.0003899134857280559,1.6,0.0007629866216483259,1.6,-4.090317438425468,32.04119982655924,-1.1748307697991223,32.04119982655924,48.89641906358694,99.97563040714199,99.97563040714199,0.0033936642736210804,0.007616436057968728,22,25,26,25,1,1,1,1,1,1,1,1
0.05,75,20260894,0.00019339779287218782,1.6,0.00025568422382434995,1.6,-7.135484865554954,32.04119982655924,-5.922960678962344,32.04119982655924,24.36068601360078,99.98791263794548,99.98791263794548,0.0003610698804040911,0.0007464277483989808,6,14,26,25,1,1,1,1,1,1,1,1
0.05,76,20260895,0.0005351297165402912,1.6,0.0009103649945305474,1.6,-2.715409313447024,32.04119982655924,-0.4078445017407398,32.04119982655924,41.21811364064539,99.96655439271623,99.96655439271623,0.0004819028284726478,0.0008748990667671087,6,23,26,25,1,1,1,1,1,1,1,1
0.05,77,20260896,0.000380156728516315,1.6,0.0006098107189562526,1.6,-4.200373183913623,32.04119982655924,-2.1480494608635023,32.04119982655924,37.65988089435549,99.97624020446774,99.97624020446774,0.0003000598111128506,0.005323960375056123,8,25,26,25,1,1,1,1,1,1,1,1
0.05,78,20260897,0.0003919286555423609,1.6,0.0005325309132240759,1.6,-4.067929822760151,32.04119982655924,-2.7365517652217215,32.04119982655924,26.40264709338161,99.97550445902861,99.97550445902861,0.00013718885519810108,0.0006705033827256711,9,12,26,25,1,1,1,1,1,1,1,1
0.05,79,20260898,0.00026581250406350213,1.6,0.0004969466686839247,1.6,-5.754245933027985,32.04119982655924,-3.036902163754451,32.04119982655924,46.51085904902844,99.98338671849604,99.98338671849604,0.00018992785153149243,0.0003128007356234847,8,18,26,25,1,1,1,1,1,1,1,1
0.05,80,20260899,0.000271948955291011,1.6,0.00041516969992516075,1.6,-5.655126052151297,32.04119982655924,-3.817743498500743,32.04119982655924,34.49691648016871,99.98300319029433,99.98300319029433,0.00012087311544151258,5.730682415964113e-05,8,25,26,25,1,1,1,1,1,1,1,1
0.05,81,20260900,0.00019252386806033656,1.6,0.00021044659286904128,1.6,-7.1551542135378865,32.04119982655924,-6.768581010879835,32.04119982655924,8.51651935265963,99.98796725824623,99.98796725824623,0.0001323272669286784,0.00043515468062668846,7,15,26,25,1,1,1,1,1,1,1,1
0.05,82,20260901,0.0003226711345124058,1.6,0.00045456276701801355,1.6,-4.912398839381792,32.04119982655924,-3.424061399723425,32.04119982655924,29.01505404211452,99.97983305409299,99.97983305409299,0.00022398299302669805,0.0003130973592878988,7,14,26,25,1,1,1,1,1,1,1,1
0.05,83,20260902,0.0003664136229670253,1.6,0.00043747698079530815,1.6,-4.360283879806563,32.04119982655924,-3.590447937881488,32.04119982655924,16.243907896386624,99.97709914856455,99.97709914856455,0.0002474569202397826,0.00076596532181859,11,21,26,25,1,1,1,1,1,1,1,1
0.05,84,20260903,0.0003795264579442233,1.6,0.0004912526353421272,1.6,-4.20757942723312,32.04119982655924,-3.086951068221681,32.04119982655924,22.743120211476008,99.97627959637849,99.97627959637849,0.0003977449984216544,0.0020375219058130513,11,25,26,25,1,1,1,1,1,1,1,1
0.05,85,20260904,0.0002345523594575899,1.6,0.0004922879102481571,1.6,-6.297601939500028,32.04119982655924,-3.077808296283905,32.04119982655924,52.354637484525156,99.9853404775339,99.9853404775339,0.00016232363514641745,0.0010911583197384567,5,24,26,25,1,1,1,1,1,1,1,1
0.05,86,20260905,0.0003642998621127834,1.6,0.000523225295072185,1.6,-4.385409931381791,32.04119982655924,-2.8131126842094427,32.04119982655924,30.37418765036503,99.97723125861796,99.97723125861796,0.0002614196684826461,0.0009209973082462968,16,25,26,25,1,1,1,1,1,1,1,1
0.05,87,20260906,0.0002570502295264083,1.6,0.0003618445517394482,1.6,-5.899820040046576,32.04119982655924,-4.414779621212688,32.04119982655924,28.961144145815044,99.98393436065459,99.98393436065459,0.00011669027291748685,0.0004993337082722965,5,25,26,25,1,1,1,1,1,1,1,1
0.05,88,20260907,0.00024256986069093805,1.6,0.0002751825468233547,1.6,-6.151631612136972,32.04119982655924,-5.603791142543853,32.04119982655924,11.851291627645058,99.98483938370683,99.98483938370683,0.00016474052714255427,0.000174114787014224,4,15,26,25,1,1,1,1,1,1,1,1
0.05,89,20260908,0.0003244967935352672,1.6,0.0005266440107595052,1.6,-4.887895902559694,32.04119982655924,-2.784828504496085,32.04119982655924,38.38403420418838,99.97971895040405,99.97971895040405,8.349648403431781e-05,0.00043276987503792065,11,25,26,25,1,1,1,1,1,1,1,1
0.05,90,20260909,0.00037085556816926545,1.6,0.0006779216839287224,1.6,-4.307951959375255,32.04119982655924,-1.688204745726646,32.04119982655924,45.2952196454218,99.97682152698943,99.97682152698943,0.00043057695959768035,0.002329446849278835,8,25,26,25,1,1,1,1,1,1,1,1
0.05,91,20260910,0.001112480173420007,1.6,0.001685953421006874,1.6,0.4629227974194519,32.04119982655924,2.268455719025284,32.04119982655924,34.014774100009305,99.93046998916125,99.93046998916125,0.0003548496474905682,0.00047813604682169853,24,22,26,25,1,1,1,1,1,1,1,1
0.05,92,20260911,0.00029702022498894214,1.6,0.0003378085866391587,1.6,-5.27213977275257,32.04119982655924,-4.7132931544408185,32.04119982655924,12.074400492899837,99.98143623593819,99.98143623593819,0.0006915692072223356,0.0003802788451014176,8,25,26,25,1,1,1,1,1,1,1,1
0.05,93,20260912,0.0007552909914020972,1.6,0.0018490040445629666,1.6,-1.218856952415203,32.04119982655924,2.6693786114806266,32.04119982655924,59.15146894226405,99.95279431303737,99.95279431303737,0.003492964361855016,0.005550136418587518,21,25,26,25,1,1,1,1,1,1,1,1
0.05,94,20260913,0.00036597982956378626,1.6,0.0009393574576339711,1.6,-4.365428494431179,32.04119982655924,-0.27169112380556854,32.04119982655924,61.03934379936615,99.97712626065226,99.97712626065226,0.00033578706263918186,0.0002095849900332416,5,25,26,25,1,1,1,1,1,1,1,1
0.05,95,20260914,0.00027315003764310006,1.6,0.00029212547715612674,1.6,-5.635987352988056,32.04119982655924,-5.344305652249504,32.04119982655924,6.49564690411622,99.98292812264731,99.98292812264731,0.0001109956624767135,0.0009189810290549485,6,20,26,25,1,1,1,1,1,1,1,1
0.05,96,20260915,0.00043431022803909003,1.6,0.000694203752651266,1.6,-3.621999428490705,32.04119982655924,-1.58513042996309,32.04119982655924,37.437643288386795,99.97285561074756,99.97285561074756,0.00012088408029539069,0.0022506854176352394,6,22,23,25,1,1,1,1,1,1,1,1
0.05,97,20260916,0.00023881352299816614,1.6,0.0004016398113553982,1.6,-6.2194108458957515,32.04119982655924,-3.9616324557659395,32.04119982655924,40.54037566837524,99.98507415481261,99.98507415481261,0.00022415933927472635,0.000501023368665147,8,22,26,25,1,1,1,1,1,1,1,1
0.05,98,20260917,0.0005421709433334482,1.6,0.0006785620118706652,1.6,-2.658637613554782,32.04119982655924,-1.684104572413673,32.04119982655924,20.10001534881286,99.96611431604165,99.96611431604165,0.00025531784685031624,0.0007086723164854369,6,16,26,25,1,1,1,1,1,1,1,1
0.05,99,20260918,0.0008235239937923566,1.6,0.0010174487902475677,1.6,-0.8432374291824929,32.04119982655924,0.07512559742386878,32.04119982655924,19.059907320546806,99.94852975038798,99.94852975038798,0.0006922498903131288,0.0007660301423621714,11,24,26,25,1,1,1,1,1,1,1,1
0.05,100,20260919,0.0005712193910284532,1.6,0.0007838372762099877,1.6,-2.4319705810563157,32.04119982655924,-1.0577408703377884,32.04119982655924,27.125258218081328,99.96429878806072,99.96429878806072,0.00017110627548046708,0.00034384683481443115,10,25,26,25,1,1,1,1,1,1,1,1
0.05,101,20260920,0.00030510698423123284,1.6,0.0005152929568295641,1.6,-5.155478507700226,32.04119982655924,-2.8794579355864123,32.04119982655924,40.78960711816044,99.98093081348554,99.98093081348554,0.00038351716221371023,0.0007459081552529973,10,21,26,25,1,1,1,1,1,1,1,1
0.05,102,20260921,0.00033642146074267036,1.6,0.000672551423145513,1.6,-4.731163078062396,32.04119982655924,-1.7227450398795383,32.04119982655924,49.97832891807258,99.9789736587036,99.9789736587036,0.0007069654749412404,0.0012385051380557671,8,25,26,25,1,1,1,1,1,1,1,1
0.05,103,20260922,0.0003570648352094504,1.6,0.00043833630734693946,1.6,-4.472529182935741,32.04119982655924,-3.581925552931634,32.04119982655924,18.54089446283613,99.97768344779942,99.97768344779942,0.00016523699247024775,0.00042927705199872004,8,11,26,25,1,1,1,1,1,1,1,1
0.05,104,20260923,0.0009286525340008003,1.6,0.0010211951028906907,1.6,-0.3214675187669651,32.04119982655924,0.09108723491545093,32.04119982655924,9.062182988141123,99.94195921662495,99.94195921662495,0.0006404651455785089,0.0007760827744507247,25,21,26,25,1,1,1,1,1,1,1,1
0.05,105,20260924,0.00035883391182216906,1.6,0.000408916257519685,1.6,-4.451065204181035,32.04119982655924,-3.8836562260601726,32.04119982655924,12.247579981606624,99.97757288051112,99.97757288051112,0.0003872794901109652,0.000676858506120548,14,14,26,25,1,1,1,1,1,1,1,1
0.05,106,20260925,0.0002423997086925258,1.6,0.00038058594752075567,1.6,-6.154679064253248,32.04119982655924,-4.195472513271415,32.04119982655924,36.30881269484963,99.98485001820671,99.98485001820671,0.00041466026582672236,0.00021582630832404616,5,15,26,25,1,1,1,1,1,1,1,1
0.05,107,20260926,0.00042499274981521346,1.6,0.0006528501458334,1.6,-3.7161847875463727,32.04119982655924,-1.8518649453862943,32.04119982655924,34.90194456911911,99.97343795313655,99.97343795313655,0.0001120136775717361,0.00018505641101361302,5,25,26,25,1,1,1,1,1,1,1,1
0.05,108,20260927,0.0004362143734979218,1.6,0.0006572666227591803,1.6,-3.603000282850859,32.04119982655924,-1.822584214539373,32.04119982655924,33.63205153082162,99.97273660165636,99.97273660165636,0.0006247292900486831,0.00028615409412627844,10,18,26,25,1,1,1,1,1,1,1,1
0.05,109,20260928,0.0007582242290958421,1.6,0.0009630948625230153,1.6,-1.202023417844201,32.04119982655924,-0.16330933808743578,32.04119982655924,21.272113620300555,99.95261098568152,99.95261098568152,0.0003716858708597942,0.0013750783352054624,11,24,26,25,1,1,1,1,1,1,1,1
0.05,110,20260929,0.0005291786054867025,1.6,0.0010274239882251768,1.6,-2.7639772250965393,32.04119982655924,0.11749701384624749,32.04119982655924,48.49462232229638,99.96692633715708,99.96692633715708,3.716672144612073,0.001285688206937515,9,25,26,25,1,1,1,1,1,1,1,1
0.05,111,20260930,0.0002303086871869888,1.6,0.0003360160404956058,1.6,-6.376896802458552,32.04119982655924,-4.736399900731029,32.04119982655924,31.459019977946372,99.98560570705081,99.98560570705081,5.9653983525965666e-05,0.00020199287374948023,6,16,26,25,1,1,1,1,1,1,1,1
0.05,112,20260931,0.00047954134760473124,1.6,0.0008654395557432353,1.6,-3.1917394060510995,32.04119982655924,-0.6276325883868001,32.04119982655924,44.58985096967246,99.9700286657747,99.9700286657747,0.00018285950606505597,0.00016789167482265992,10,15,26,25,1,1,1,1,1,1,1,1
0.05,113,20260932,0.00036406750758406195,1.6,0.0006999179808110918,1.6,-4.388180793924248,32.04119982655924,-1.5495284936880993,32.04119982655924,47.984261361286,99.97724578077599,99.97724578077599,0.0001817930102024738,0.0021413738033355246,19,25,26,25,1,1,1,1,1,1,1,1
0.05,114,20260933,0.000195266675933406,1.6,0.00044368466036844587,1.6,-7.093718667638385,32.04119982655924,-3.52925586006229,32.04119982655924,55.989761789093166,99.98779583275416,99.98779583275416,0.00032505092170035554,0.0021479385350102733,7,22,26,25,1,1,1,1,1,1,1,1
0.05,115,20260934,0.00023447516841070364,1.6,0.0004438743276290593,1.6,-6.299031435383568,32.04119982655924,-3.5273997254943366,32.04119982655924,47.17532557849306,99.98534530197433,99.98534530197433,0.00011466080377018533,0.00010522469419292753,15,22,26,25,1,1,1,1,1,1,1,1
0.05,116,20260935,0.00047296860098744334,1.6,0.0007574351060055938,1.6,-3.2516768985525744,32.04119982655924,-1.206545698368155,32.04119982655924,37.55655141445868,99.97043946243829,99.97043946243829,0.00019211788269286946,0.0006097118325486509,25,24,26,25,1,1,1,1,1,1,1,1
0.05,117,20260936,0.0003596358407369438,1.6,0.0005136219543146058,1.6,-4.441370336834056,32.04119982655924,-2.8935642101025154,32.04119982655924,29.980438391335156,99.97752275995393,99.97752275995393,0.0003483315996572631,0.0002930617513087038,8,23,26,25,1,1,1,1,1,1,1,1
0.05,118,20260937,0.0009376270667595071,1.6,0.0012441782352173771,1.6,-0.2796986423700357,32.04119982655924,0.9488259982961444,32.04119982655924,24.63884673278429,99.94139830832752,99.94139830832752,0.0007106623526384641,0.0005627302858305189,5,22,26,25,1,1,1,1,1,1,1,1
0.05,119,20260938,0.0005567764521897639,1.6,0.0008019694634757958,1.6,-2.543191406753365,32.04119982655924,-0.9584216799568719,32.04119982655924,30.57385878800759,99.96520147173814,99.96520147173814,0.0009288660108358928,0.0019409029431700967,11,25,26,25,1,1,1,1,1,1,1,1
0.05,120,20260939,0.0003546538669622156,1.6,0.0005298520396937779,1.6,-4.5019530046737115,32.04119982655924,-2.7584538948546786,32.04119982655924,33.06548991163952,99.97783413331486,99.97783413331486,0.0007219883327778235,0.0007169090265034075,8,21,26,25,1,1,1,1,1,1,1,1
0.05,121,20260940,0.0002606025977974615,1.6,0.00031179653136641586,1.6,-5.840212593698677,32.04119982655924,-5.061287205031889,32.04119982655924,16.419019590949986,99.98371233763766,99.98371233763766,0.00024040233307529756,0.00014129928023505072,14,25,26,25,1,1,1,1,1,1,1,1
0.05,122,20260941,0.0006739859860168031,1.6,0.0011925798667544352,1.6,-1.7134913352231465,32.04119982655924,0.7648747327128534,32.04119982655924,43.48504407918333,99.95787587587395,99.95787587587395,0.00011377307814709316,0.0006590092509828621,13,25,26,25,1,1,1,1,1,1,1,1
0.05,123,20260942,0.0005551447967720765,1.6,0.0006951578560251133,1.6,-2.5559372635945676,32.04119982655924,-1.5791656488294359,32.04119982655924,20.141189233424797,99.96530345020176,99.96530345020176,0.0001227795721180873,0.00022906519352798317,12,13,26,25,1,1,1,1,1,1,1,1
0.05,124,20260943,0.0005781641562610932,1.6,0.0007768511651721815,1.6,-2.379488362567551,32.04119982655924,-1.0966217854267055,32.04119982655924,25.575942705453922,99.96386474023369,99.96386474023369,0.0007462555652208888,0.0005188122112812287,17,18,26,25,1,1,1,1,1,1,1,1
0.05,125,20260944,0.0004815276792652955,1.6,0.0007573068941299398,1.6,-3.1737874362422542,32.04119982655924,-1.207280895652432,32.04119982655924,36.415780313406955,99.96990452004592,99.96990452004592,0.00025354837791617294,0.00020206550088217306,23,23,26,25,1,1,1,1,1,1,1,1
0.05,126,20260945,0.0003829235895842694,1.6,0.0005182879753548942,1.6,-4.168878785969153,32.04119982655924,-2.8542886698064174,32.04119982655924,26.11760106491665,99.97606727565099,99.97606727565099,8.597864028790581e-05,0.00016481479659386804,6,25,26,25,1,1,1,1,1,1,1,1
0.05,127,20260946,0.0004062152414159339,1.6,0.0008415911431975633,1.6,-3.91243785661257,32.04119982655924,-0.7489884362838906,32.04119982655924,51.73247191355304,99.9746115474115,99.9746115474115,0.00011860770309608115,0.00012732924159396082,13,16,26,25,1,1,1,1,1,1,1,1
0.05,128,20260947,0.001525786137887311,1.6,0.001964078377969071,1.6,1.8349366491353005,32.04119982655924,2.9315881463233797,32.04119982655924,22.315414954823254,99.90463836638206,99.90463836638206,0.003023549877906708,0.008886871976923595,15,25,26,25,1,1,1,1,1,1,1,1
0.05,129,20260948,0.000597612314471546,1.6,0.000550101784453777,1.6,-2.235804619758944,32.04119982655924,-2.5955694625697534,32.04119982655924,-8.636679858245602,99.96264923034553,99.96264923034553,0.00022833078903001405,0.0005821920816382977,8,13,26,25,1,1,1,1,0,1,1,1
0.05,130,20260949,0.00019537386677810495,1.6,0.0002432932959389103,1.6,-7.091335279922991,32.04119982655924,-6.1386985809282155,32.04119982655924,19.696156844715386,99.98778913332637,99.98778913332637,0.00011499302851761394,0.0006865230103642082,9,25,26,25,1,1,1,1,1,1,1,1
0.05,131,20260950,0.00045345859258429745,1.6,0.0007272033490606704,1.6,-3.4346236424485794,32.04119982655924,-1.3834412968265184,32.04119982655924,37.6434950182737,99.97165883796349,99.97165883796349,0.00034119001717836307,0.0019090943596168895,10,25,26,25,1,1,1,1,1,1,1,1
0.05,132,20260951,0.00024204778695762603,1.6,0.00043228055259448347,1.6,-6.160988837584146,32.04119982655924,-3.642343020348935,32.04119982655924,44.006783209447825,99.98487201331515,99.98487201331515,0.0001635144511381857,0.0011553075799657414,6,20,26,25,1,1,1,1,1,1,1,1
0.05,133,20260952,0.0004263448639692224,1.6,0.0009734657984411651,1.6,-3.702389644462747,32.04119982655924,-0.11679302294131627,32.04119982655924,56.20340594893637,99.97335344600192,99.97335344600192,0.0003063647490948235,0.000861645049104474,9,25,26,25,1,1,1,1,1,1,1,1
0.05,134,20260953,0.0003422454999106253,1.6,0.000375521987275255,1.6,-4.656622535718603,32.04119982655924,-4.25364629438086,32.04119982655924,8.86139520247007,99.97860965625559,99.97860965625559,0.00035033273070225334,0.0012152774330909531,19,17,26,25,1,1,1,1,1,1,1,1
0.05,135,20260954,0.0005755344011268853,1.6,0.0010357749581883235,1.6,-2.3992871239376963,32.04119982655924,0.15265406921211983,32.04119982655924,44.43441632016727,99.96402909992956,99.96402909992956,0.0003436984566169392,0.0005942724578490842,11,25,26,25,1,1,1,1,1,1,1,1
0.05,136,20260955,0.00019497124774179542,1.6,0.00029020105839190104,1.6,-7.100294289849458,32.04119982655924,-5.373010079805569,32.04119982655924,32.81511486477862,99.98781429701613,99.98781429701613,0.0004539892716549634,0.0021192243097213075,6,16,26,25,1,1,1,1,1,1,1,1
0.05,137,20260956,0.0004465160902897254,1.6,0.000703992840134407,1.6,-3.501628866116433,32.04119982655924,-1.5243175776972087,32.04119982655924,36.57377393149679,99.9720927443569,99.9720927443569,0.0005861486189491765,0.004861733498959939,12,22,26,25,1,1,1,1,1,1,1,1
0.05,138,20260957,0.00033114955793384646,1.6,0.00074915626494242,1.6,-4.799758203755688,32.04119982655924,-1.254275842714199,32.04119982655924,55.796998112363305,99.97930315262913,99.97930315262913,0.0009483555183122513,0.0006789324791098152,7,22,26,25,1,1,1,1,1,1,1,1
0.05,139,20260958,0.0005097729884859136,1.6,0.000596742395241725,1.6,-2.926231803659785,32.04119982655924,-2.242131068425307,32.04119982655924,14.574028500284843,99.96813918821964,99.96813918821964,0.00019456848311010926,0.002179150755793202,11,17,26,25,1,1,1,1,1,1,1,1
0.05,140,20260959,0.00038927395800667365,1.6,0.00047920768869709116,1.6,-4.097446491261756,32.04119982655924,-3.1947622248032297,32.04119982655924,18.7671718988768,99.97567037762458,99.97567037762458,0.0001731521060290792,0.0002190424855119076,11,25,26,25,1,1,1,1,1,1,1,1
0.05,141,20260960,0.0003457370604893708,1.6,0.0005002903651342934,1.6,-4.612540647637622,32.04119982655924,-3.0077786091691556,32.04119982655924,30.89272059105829,99.97839143371942,99.97839143371942,0.00012862912347262278,0.00014449058781986526,10,25,26,25,1,1,1,1,1,1,1,1
0.05,142,20260961,0.00046802503494137657,1.6,0.0011672277143529289,1.6,-3.2973091563079016,32.04119982655924,0.671555907836588,32.04119982655924,59.90285107299447,99.97074843531617,99.97074843531617,0.0005844913059877865,0.0003492602124259942,9,25,26,25,1,1,1,1,1,1,1,1
0.05,143,20260962,0.0008086527698186743,1.6,0.0009147948409349406,1.6,-0.9223792155628601,32.04119982655924,-0.3867629329988131,32.04119982655924,11.602827909237748,99.94945920188631,99.94945920188631,0.0008728206896470079,0.0008924024348877917,13,25,26,25,1,1,1,1,1,1,1,1
0.05,144,20260963,0.0007527377934029977,1.6,0.0012050479458464124,1.6,-1.2335627839335521,32.04119982655924,0.8100432674680553,32.04119982655924,37.53461876786297,99.95295388791232,99.95295388791232,0.000436286215936165,0.004828013485367388,10,25,26,25,1,1,1,1,1,1,1,1
0.05,145,20260964,0.0006468724991922907,1.6,0.0007546393625582025,1.6,-1.8918131184128826,32.04119982655924,-1.2226054541653577,32.04119982655924,14.28057807647161,99.95957046880048,99.95957046880048,0.00018209010202428744,0.0010131938067516595,20,18,26,25,1,1,1,1,1,1,1,1
0.05,146,20260965,0.00014033657463294948,1.6,0.0002333089379510013,1.6,-8.528291280363856,32.04119982655924,-6.320686232789204,32.04119982655924,39.84946489172975,99.99122896408545,99.99122896408545,0.00033837881001158994,0.0007144182009395584,9,11,26,25,1,1,1,1,1,1,1,1
0.05,147,20260966,0.0005905054431242231,1.6,0.0010105806168801872,1.6,-2.2877609481944288,32.04119982655924,0.04570964135038252,32.04119982655924,41.56770541006403,99.96309340980474,99.96309340980474,0.00031849601206984315,0.00019155538592358336,13,24,26,25,1,1,1,1,1,1,1,1
0.05,148,20260967,0.00034300194241985147,1.6,0.00044077540494590647,1.6,-4.647034205408026,32.04119982655924,-3.557826469019169,32.04119982655924,22.182150235459282,99.97856237859875,99.97856237859875,0.00012849014966427212,0.00016130089659094454,9,25,26,25,1,1,1,1,1,1,1,1
0.05,149,20260968,0.0004553610314310972,1.6,0.0007272738070554785,1.6,-3.4164413788110783,32.04119982655924,-1.3830205336918566,32.04119982655924,37.387951138413406,99.97153993553556,99.97153993553556,0.0004305031046500572,0.0013056577877663847,16,25,26,25,1,1,1,1,1,1,1,1
0.05,150,20260969,0.00030796669913319937,1.6,0.0004485248475318601,1.6,-5.114962418261294,32.04119982655924,-3.4821349276021363,32.04119982655924,31.33787329110601,99.98075208130417,99.98075208130417,0.0008307575629672207,0.004201210967398358,11,25,26,25,1,1,1,1,1,1,1,1
0.05,151,20260970,0.00036166680132785657,1.6,0.0006960153329634986,1.6,-4.416913548320704,32.04119982655924,-1.5738119293528527,32.04119982655924,48.03752385914412,99.97739582491701,99.97739582491701,0.00010529406982934982,0.0002304179328766915,5,21,26,25,1,1,1,1,1,1,1,1
0.05,152,20260971,0.00048482998056654527,1.6,0.0008144191337216899,1.6,-3.1441053242255865,32.04119982655924,-0.8915203170164974,32.04119982655924,40.46923009396959,99.96969812621458,99.96969812621458,0.00040600492894259685,0.0009602472939542355,5,17,26,25,1,1,1,1,1,1,1,1
0.05,153,20260972,0.00024154689803796304,1.6,0.00042457091645072226,1.6,-6.169985353815429,32.04119982655924,-3.7204975877474897,32.04119982655924,43.10799711454138,99.98490331887263,99.98490331887263,9.575851861541838e-05,0.0003129050238981766,7,15,26,25,1,1,1,1,1,1,1,1
0.05,154,20260973,0.0009840369759246503,1.6,0.0014761651010306229,1.6,-0.06988582322386946,32.04119982655924,1.6913493367715915,32.04119982655924,33.33828477332113,99.9384976890047,99.9384976890047,0.0007316344388473338,0.0010572285511669033,10,23,26,25,1,1,1,1,1,1,1,1
0.05,155,20260974,0.0004885624968307634,1.6,0.0005942857518199831,1.6,-3.1107987351601447,32.04119982655924,-2.260046819580724,32.04119982655924,17.789969667865208,99.96946484394807,99.96946484394807,0.00017935484480403907,0.0003944256775349709,9,20,26,25,1,1,1,1,1,1,1,1
0.05,156,20260975,0.00020230514411313707,1.6,0.00024924762925014523,1.6,-6.939930740678201,32.04119982655924,-6.033689638426917,32.04119982655924,18.83367367554643,99.98735592849293,99.98735592849293,0.00017607920946992892,0.00030517430488384426,15,25,26,25,1,1,1,1,1,1,1,1
0.05,157,20260976,0.0003553592243652475,1.6,0.0005140827396981715,1.6,-4.493324067195674,32.04119982655924,-2.8896697730331917,32.04119982655924,30.87509131820179,99.97779004847717,99.97779004847717,0.00037471232273954437,0.00022945479140357072,9,25,26,25,1,1,1,1,1,1,1,1
0.05,158,20260977,0.0007487463846283878,1.6,0.001229462993000907,1.6,-1.2566526161729925,32.04119982655924,0.8971546094998671,32.04119982655924,39.09972167597927,99.95320335096072,99.95320335096072,0.0012696621477887747,0.003069685115960133,12,25,26,25,1,1,1,1,1,1,1,1
0.05,159,20260978,0.0002912483019838261,1.6,0.0003508563474002881,1.6,-5.357365979528917,32.04119982655924,-4.548706621706967,32.04119982655924,16.98930227659693,99.98179698112601,99.98179698112601,0.001898962929841384,0.004696660058702722,8,18,26,25,1,1,1,1,1,1,1,1
0.05,160,20260979,0.00022732623088345957,1.6,0.00026056022393490687,1.6,-6.433504486979652,32.04119982655924,-5.840918811945935,32.04119982655924,12.754822109666984,99.98579211056979,99.98579211056979,4.7852446978998555e-05,6.714608281297273e-05,8,15,26,25,1,1,1,1,1,1,1,1
0.05,161,20260980,0.0002654495318423521,1.6,0.0004013598539855455,1.6,-5.760180362616541,32.04119982655924,-3.96466069976327,32.04119982655924,33.86246053101465,99.98340940425985,99.98340940425985,0.000406877858351667,0.00012041427854161451,6,21,26,25,1,1,1,1,1,1,1,1
0.05,162,20260981,0.0004295864865291744,1.6,0.0006543241565663926,1.6,-3.6694938866352307,32.04119982655924,-1.8420704597119664,32.04119982655924,34.34653417299208,99.97315084459193,99.97315084459193,0.00016446993431398486,0.00021832574395188074,10,17,26,25,1,1,1,1,1,1,1,1
0.05,163,20260982,0.00021639963538473093,1.6,0.00040135864590607904,1.6,-6.647434753146955,32.04119982655924,-3.9646737718986707,32.04119982655924,46.08322566561328,99.98647502278845,99.98647502278845,0.00031799276416155837,0.00037593825630153146,4,23,26,25,1,1,1,1,1,1,1,1
0.05,164,20260983,0.00028572610056060404,1.6,0.00045212992202365324,1.6,-5.440500857926218,32.04119982655924,-3.4473675034295415,32.04119982655924,36.80442575405212,99.98214211871496,99.98214211871496,0.0004868448030462325,0.000637874158517345,8,20,26,25,1,1,1,1,1,1,1,1
0.05,165,20260984,0.0003522277821190235,1.6,0.00034933253107476717,1.6,-4.531763918521762,32.04119982655924,-4.567609694484863,32.04119982655924,-0.828795141222239,99.97798576361755,99.97798576361755,0.0005993781609163765,0.004662803907459835,17,22,26,25,1,1,1,1,0,1,1,1
0.05,166,20260985,0.00047128543875521824,1.6,0.0008165801654459819,1.6,-3.2671597837308486,32.04119982655924,-0.8800117320309855,32.04119982655924,42.285465812432285,99.97054466007779,99.97054466007779,0.0006943584029936842,0.0019420165116336467,6,18,26,25,1,1,1,1,1,1,1,1
0.05,167,20260986,0.0003714872929231949,1.6,0.0005269551460006322,1.6,-4.300560371058856,32.04119982655924,-2.7822635001221157,32.04119982655924,29.503052443338465,99.9767820441923,99.9767820441923,7.248563625196582e-05,0.00027886800447245744,5,25,26,25,1,1,1,1,1,1,1,1
0.05,168,20260987,0.00019390006609383865,1.6,0.00022987969403136238,1.6,-7.124220428852733,32.04119982655924,-6.384993895815772,32.04119982655924,15.651503317476596,99.98788124586913,99.98788124586913,0.00039485774906386267,0.00035203892886759855,7,14,26,25,1,1,1,1,1,1,1,1
0.05,169,20260988,0.00028019071277083084,1.6,0.00044254641470165907,1.6,-5.525462639796704,32.04119982655924,-3.540411733465043,32.04119982655924,36.68670596739094,99.98248808045183,99.98248808045183,0.0004165961147385578,0.0017354323480765538,4,24,26,25,1,1,1,1,1,1,1,1
0.05,170,20260989,0.0007531169609474834,1.6,0.0009066569652125922,1.6,-1.231375715422577,32.04119982655924,-0.4255699771911723,32.04119982655924,16.934740497924352,99.95293018994079,99.95293018994079,0.00021414290698666422,0.0003069522834841545,22,21,26,25,1,1,1,1,1,1,1,1
0.05,171,20260990,0.0009619890867727353,1.6,0.0017138565092676044,1.6,-0.1682985476183829,32.04119982655924,2.339744582861692,32.04119982655924,43.86991667208887,99.93987568207672,99.93987568207672,0.0008191936900151916,0.00487665372551907,16,25,26,25,1,1,1,1,1,1,1,1
0.05,172,20260991,0.0005988302096476471,1.6,0.0008503499339898182,1.6,-2.2269629858894953,32.04119982655924,-0.7040231766635957,32.04119982655924,29.57837876955521,99.96257311189703,99.96257311189703,0.0003044125961053888,0.0008722575630664231,10,20,26,25,1,1,1,1,1,1,1,1
0.05,173,20260992,0.0003267112348749614,1.6,0.0005198691088238095,1.6,-4.858359308434899,32.04119982655924,-2.841059880404419,32.04119982655924,37.15509744094294,99.97958054782032,99.97958054782032,0.00031101669639322456,0.00031393816767403117,8,20,26,25,1,1,1,1,1,1,1,1
0.05,174,20260993,0.0003372864252853435,1.6,0.0006187639810412695,1.6,-4.720011374419969,32.04119982655924,-2.0847497501518037,32.04119982655924,45.49029426086655,99.97891959841967,99.97891959841967,0.00026392990023412914,0.00016328365215198738,6,25,26,25,1,1,1,1,1,1,1,1
0.05,175,20260994,0.00046170952817714496,1.6,0.0009130110412081802,1.6,-3.35631162936278,32.04119982655924,-0.3952397043197502,32.04119982655924,49.4300170164242,99.97114315448893,99.97114315448893,0.00022814006965501813,0.002382865599927204,7,24,26,25,1,1,1,1,1,1,1,1
0.05,176,20260995,0.00046899832532364984,1.6,0.000676050867794343,1.6,-3.2882870803970645,32.04119982655924,-1.7002062540266198,32.04119982655924,30.626769720186093,99.97068760466728,99.97068760466728,0.00018625052616013242,0.0011025630233925182,7,25,26,25,1,1,1,1,1,1,1,1
0.05,177,20260996,0.00040028275083522794,1.6,0.0006439913827508681,1.6,-3.9763312430529476,32.04119982655924,-1.9111994389606641,32.04119982655924,37.84346164301399,99.97498232807281,99.97498232807281,0.0006696141833841639,0.0007996972974263545,7,25,26,25,1,1,1,1,1,1,1,1
0.05,178,20260997,0.0003430946901200752,1.6,0.000690926181721647,1.6,-4.645860032186606,32.04119982655924,-1.605683499969591,32.04119982655924,50.34278636465139,99.97855658186748,99.97855658186748,0.0002770008205174312,0.0006737452918031307,8,25,26,25,1,1,1,1,1,1,1,1
0.05,179,20260998,0.0003090409692321611,1.6,0.0003861188679081312,1.6,-5.099839428016287,32.04119982655924,-4.132789758217539,32.04119982655924,19.962220207873685,99.980684939423,99.980684939423,6.472996225300506e-05,6.47726084602943e-05,5,22,26,25,1,1,1,1,1,1,1,1
0.05,180,20260999,0.00022951705435443474,1.6,0.00025488168825459295,1.6,-6.391850385064977,32.04119982655924,-5.936613649059948,32.04119982655924,9.95153244387738,99.98565518410284,99.98565518410284,0.00016471077230304854,0.0016617084841272344,10,24,26,25,1,1,1,1,1,1,1,1
0.05,181,20261000,0.0003378179270301989,1.6,0.0006069719621630606,1.6,-4.7131730738872655,32.04119982655924,-2.168313698128831,32.04119982655924,44.34373445746652,99.97888637956062,99.97888637956062,0.00031554154631312464,0.0008299808452517301,6,25,26,25,1,1,1,1,1,1,1,1
0.05,182,20261001,0.0003604804431184042,1.6,0.00044865261983466847,1.6,-4.4311829176605135,32.04119982655924,-3.4808979191296032,32.04119982655924,19.65266061496672,99.9774699723051,99.9774699723051,0.000270846354114275,0.0035414215660246745,7,24,26,25,1,1,1,1,1,1,1,1
0.05,183,20261002,0.00022269302772372288,1.6,0.0003160146279432987,1.6,-6.5229338004056885,32.04119982655924,-5.002928139384907,32.04119982655924,29.530784959840577,99.98608168576726,99.98608168576726,0.00025304811819209697,0.00024367704201574226,7,25,26,25,1,1,1,1,1,1,1,1
0.05,184,20261003,0.00022085439460669274,1.6,0.0002781291386554815,1.6,-6.558939546376559,32.04119982655924,-5.557535091783995,32.04119982655924,20.592859966296086,99.98619660033708,99.98619660033708,0.0001733385215971957,0.00017553720327596783,4,22,26,25,1,1,1,1,1,1,1,1
0.05,185,20261004,0.0005974347157313398,1.6,0.0006387046186777793,1.6,-2.2370954501862483,32.04119982655924,-1.9469994330808562,32.04119982655924,6.461500627923239,99.96266033026679,99.96266033026679,0.003641265950056239,0.0075098095393999345,12,23,26,25,1,1,1,1,1,1,1,1
0.05,186,20261005,0.0003136340123672746,1.6,0.0004653620488936924,1.6,-5.035768459160243,32.04119982655924,-3.322090370959148,32.04119982655924,32.604299574303845,99.98039787422705,99.98039787422705,0.0002282292337912828,0.00018910064899308425,7,12,26,25,1,1,1,1,1,1,1,1
0.05,187,20261006,0.00021172109091660113,1.6,0.0004918255780754061,1.6,-6.742358769241124,32.04119982655924,-3.0818888891949117,32.04119982655924,56.95199673325239,99.98676743181771,99.98676743181771,0.0010130806474182123,0.009394200699800096,11,25,26,25,1,1,1,1,1,1,1,1
0.05,188,20261007,0.00018999850347539184,1.6,0.00021693771493571867,1.6,-7.212498197573761,32.04119982655924,-6.636649386976774,32.04119982655924,12.417947459393705,99.98812509353279,99.98812509353279,0.00011028810684466269,0.0012973413967582838,8,25,26,25,1,1,1,1,1,1,1,1
0.05,189,20261008,0.000346590920994885,1.6,0.0004110277054270023,1.6,-4.601828178871492,32.04119982655924,-3.8612890340729775,32.04119982655924,15.676992957245107,99.9783380674378,99.9783380674378,0.0012471691854731657,0.0104023234371148,7,16,26,25,1,1,1,1,1,1,1,1
0.05,190,20261009,0.00035030597537543014,1.6,0.0003734861652362283,1.6,-4.555524546022515,32.04119982655924,-4.27725480790603,32.04119982655924,6.20643868994098,99.97810587653905,99.97810587653905,0.0005442742123784933,0.0010080457156817775,9,15,26,25,1,1,1,1,1,1,1,1
0.05,191,20261010,0.0004344579874880896,1.6,0.0005981579071824403,1.6,-3.6205221388564524,32.04119982655924,-2.231841518556725,32.04119982655924,27.36734192237663,99.972846375782,99.972846375782,0.0004556984244397084,0.0004828938990917448,12,21,26,25,1,1,1,1,1,1,1,1
0.05,192,20261011,0.0004577374559096673,1.6,0.0008002200572997504,1.6,-3.3938354850930024,32.04119982655924,-0.9679056734662933,32.04119982655924,42.79855250638816,99.97139140900565,99.97139140900565,0.000706220273972522,0.001929300885940733,7,25,26,25,1,1,1,1,1,1,1,1
0.05,193,20261012,0.00021646861867628754,1.6,0.00039623278729032185,1.6,-6.6460505415380355,32.04119982655924,-4.020495905084463,32.04119982655924,45.368322455940564,99.98647071133273,99.98647071133273,9.43545653062292e-05,9.439837860078176e-05,11,15,26,25,1,1,1,1,1,1,1,1
0.05,194,20261013,0.0002840600713199053,1.6,0.00044726556813447417,1.6,-5.465898082486447,32.04119982655924,-3.4943453385231593,32.04119982655924,36.48961790090216,99.9822462455425,99.9822462455425,0.0010796436982783788,0.0010873857068357056,5,25,26,25,1,1,1,1,1,1,1,1
0.05,195,20261014,0.0003794603446455987,1.6,0.00043121452356608894,1.6,-4.20833603171551,32.04119982655924,-3.653066202740345,32.04119982655924,12.001956356314206,99.97628372845963,99.97628372845963,0.00016270718868744693,0.0001338118074111424,5,16,26,25,1,1,1,1,1,1,1,1
0.05,196,20261015,0.0006025994053483981,1.6,0.0007335002532156566,1.6,-2.199713012289358,32.04119982655924,-1.3459973189548595,32.04119982655924,17.84605353486801,99.96233753716571,99.96233753716571,0.00036013663122723535,0.000515080304364461,6,18,26,25,1,1,1,1,1,1,1,1
0.05,197,20261016,0.00019611428026953108,1.6,0.000248587188008653,1.6,-7.0749078156701914,32.04119982655924,-6.045212583191867,32.04119982655924,21.108452193157845,99.98774285748316,99.98774285748316,8.011230061537964e-05,9.071036052709002e-05,10,22,26,25,1,1,1,1,1,1,1,1
0.05,198,20261017,0.00039172618854638137,1.6,0.0006399629583934028,1.6,-4.070173930653855,32.04119982655924,-1.938451626268952,32.04119982655924,38.789240313253174,99.97551711321586,99.97551711321586,0.0002301037840684681,0.00018197160286719777,19,25,26,25,1,1,1,1,1,1,1,1
0.05,199,20261018,0.0005545533705654596,1.6,0.0009513413430116541,1.6,-2.560566507291032,32.04119982655924,-0.21663629447215577,32.04119982655924,41.70826542553967,99.96534041433965,99.96534041433965,0.0004667848219692846,0.0013044391324217117,4,25,26,25,1,1,1,1,1,1,1,1
0.05,200,20261019,0.00033506635140916714,1.6,0.0004788665530722484,1.6,-4.74869183418275,32.04119982655924,-3.197854956436162,32.04119982655924,30.029284931367005,99.97905835303692,99.97905835303692,0.0022101830119973967,0.004747085797641533,5,25,26,25,1,1,1,1,1,1,1,1
0.05,201,20261020,0.0004278275683195719,1.6,0.0005913316841373898,1.6,-3.6873123382875694,32.04119982655924,-2.2816885044892095,32.04119982655924,27.650153070409367,99.97326077698003,99.97326077698003,0.0005594878232606181,0.0005751412154834411,11,25,26,25,1,1,1,1,1,1,1,1
0.05,202,20261021,0.00043389602351784167,1.6,0.0005167959993592308,1.6,-3.6261432998641885,32.04119982655924,-2.8668085697685615,32.04119982655924,16.041141174501316,99.97288149853014,99.97288149853014,0.00037968680416164657,0.0003557609788016927,22,17,26,25,1,1,1,1,1,1,1,1
0.05,203,20261022,0.00033497628041111746,1.6,0.000448489669148064,1.6,-4.7498594416098125,32.04119982655924,-3.482475563738758,32.04119982655924,25.31014570582479,99.97906398247432,99.97906398247432,0.00033026082833962847,0.0008404887415554532,8,25,26,25,1,1,1,1,1,1,1,1
0.05,204,20261023,0.0003041700427026682,1.6,0.0006417391795778891,1.6,-5.168835612547028,32.04119982655924,-1.9264144527316351,32.04119982655924,52.60223274777468,99.9809893723311,99.9809893723311,0.0006913864713418241,0.000693205710574474,9,25,26,25,1,1,1,1,1,1,1,1
0.05,205,20261024,0.0003650402036161299,1.6,0.000598368150921537,1.6,-4.376593019897869,32.04119982655924,-2.2303153052985056,32.04119982655924,38.99404521214282,99.97718498727399,99.97718498727399,0.0003002019391738134,0.00032701365028575257,6,16,26,25,1,1,1,1,1,1,1,1
0.05,206,20261025,0.0002488854173609101,1.6,0.00041320729083047604,1.6,-6.040005487317854,32.04119982655924,-3.8383202418167746,32.04119982655924,39.767418706312526,99.98444466141494,99.98444466141494,0.0004079567099601974,0.0006311746268976121,8,25,26,25,1,1,1,1,1,1,1,1
0.05,207,20261026,0.0007313933822739566,1.6,0.0009413197987320202,1.6,-1.3584897352341285,32.04119982655924,-0.2626280672189639,32.04119982655924,22.301285571687686,99.95428791360789,99.95428791360789,0.0009734903871068644,0.000978372592049469,25,16,26,25,1,1,1,1,1,1,1,1
0.05,208,20261027,0.00043617080801047975,1.6,0.0006478262950238467,1.6,-3.6034340419566826,32.04119982655924,-1.8854142811961674,32.04119982655924,32.671641864363636,99.97273932449936,99.97273932449936,0.00029521521359546405,0.0006165498979489852,10,25,26,25,1,1,1,1,1,1,1,1
0.05,209,20261028,0.0007358463769159965,1.6,0.0008394971317005599,1.6,-1.332128441156717,32.04119982655924,-0.7598078337196859,32.04119982655924,12.346766995451096,99.95400960144275,99.95400960144275,0.0003620353736595349,0.0027161868740442187,13,25,26,25,1,1,1,1,1,1,1,1
0.05,210,20261029,0.0003196662699010898,1.6,0.00048035454254932784,1.6,-4.953031865892728,32.04119982655924,-3.1843809796787967,32.04119982655924,33.45201479628704,99.9800208581312,99.9800208581312,0.0006852608155029113,0.0006910093252643346,6,25,26,25,1,1,1,1,1,1,1,1
0.05,211,20261030,0.0004086203053117368,1.6,0.0007919652433753421,1.6,-3.886800560449044,32.04119982655924,-1.0129387768010107,32.04119982655924,48.404262847419396,99.97446123091801,99.97446123091801,0.00034047897980933313,0.00014394746864741315,4,25,26,25,1,1,1,1,1,1,1,1
0.05,212,20261031,0.00036210786626977224,1.6,0.0006066384613308562,1.6,-4.411620406609002,32.04119982655924,-2.170700585584286,32.04119982655924,40.309115008077065,99.97736825835815,99.97736825835815,0.00013291909097586793,0.00021518593991325672,12,25,26,25,1,1,1,1,1,1,1,1
0.05,213,20261032,0.00023659855303353254,1.6,0.00038118702102410645,1.6,-6.259879157160086,32.04119982655924,-4.188618950053055,32.04119982655924,37.93110993184368,99.9852125904354,99.9852125904354,0.00016094978589866507,0.0006624471173618056,6,23,26,25,1,1,1,1,1,1,1,1
0.05,214,20261033,0.00036642750307026357,1.6,0.000524245267297679,1.6,-4.360119367962695,32.04119982655924,-2.8046548150311477,32.04119982655924,30.10380332871994,99.97709828105809,99.97709828105809,0.00017889030903063525,0.001108231223382662,14,14,26,25,1,1,1,1,1,1,1,1
0.05,215,20261034,0.0002494757958339413,1.6,0.0005107263529679589,1.6,-6.029715832897563,32.04119982655924,-2.9181173240628233,32.04119982655924,51.15274659625944,99.98440776276037,99.98440776276037,0.0004299533410628319,0.00156161560572332,15,25,26,25,1,1,1,1,1,1,1,1
0.05,216,20261035,0.00048699260337823605,1.6,0.0005100028729127238,1.6,-3.124776349586954,32.04119982655924,-2.9242737745769354,32.04119982655924,4.511792140124965,99.96956296228888,99.96956296228888,0.00015495891650353107,0.00023904598823850732,18,18,26,25,1,1,1,1,1,1,1,1
0.05,217,20261036,0.0005310611186703937,1.6,0.0008323034267183553,1.6,-2.748554940337518,32.04119982655924,-0.7971831730768703,32.04119982655924,36.19380845705679,99.96680868008309,99.96680868008309,0.0005555233881990364,0.0036312765664638317,11,25,26,25,1,1,1,1,1,1,1,1
0.05,218,20261037,0.000223970192709225,1.6,0.0002898445545609726,1.6,-6.498097763233115,32.04119982655924,-5.378348545008564,32.04119982655924,22.727479545554154,99.98600186295569,99.98600186295569,0.00016747435173552222,0.0002387915299689019,9,19,26,25,1,1,1,1,1,1,1,1
0.05,219,20261038,0.00024283935750040228,1.6,0.0004041225672446144,1.6,-6.146809248453704,32.04119982655924,-3.9348689675816635,32.04119982655924,39.909478662345464,99.98482254015622,99.98482254015622,0.0002010776572067496,0.0003221498755210278,13,22,26,25,1,1,1,1,1,1,1,1
0.05,220,20261039,0.00040628233592917,1.6,0.0007001940650081071,1.6,-3.9117205922725113,32.04119982655924,-1.5478157472658896,32.04119982655924,41.975752690153705,99.97460735400442,99.97460735400442,0.00037438626220683073,0.0008318030086287255,10,25,26,25,1,1,1,1,1,1,1,1
0.05,221,20261040,0.000542424735033966,1.6,0.0008688028539008085,1.6,-2.656605144879167,32.04119982655924,-0.6107876115378107,32.04119982655924,37.56641882579557,99.96609845406037,99.96609845406037,0.0008828503867502979,0.000921176880665081,8,18,26,25,1,1,1,1,1,1,1,1
0.05,222,20261041,0.0006790672586193151,1.6,0.0011529360840337377,1.6,-1.6808720863464122,32.04119982655924,0.6180523173453711,32.04119982655924,41.10104905004916,99.9575582963363,99.9575582963363,0.0005167985043955064,0.001000183417646434,8,16,26,25,1,1,1,1,1,1,1,1
0.05,223,20261042,0.00032515961859499147,1.6,0.0004257936661755514,1.6,-4.879033945364666,32.04119982655924,-3.7080080312659804,32.04119982655924,23.634463256451845,99.97967752383782,99.97967752383782,0.00015787937555661913,0.0014812118441292245,8,17,26,25,1,1,1,1,1,1,1,1
0.05,224,20261043,0.00032505413545275884,1.6,0.0003706356838442878,1.6,-4.880443043425792,32.04119982655924,-4.310527702555898,32.04119982655924,12.298208288729905,99.9796841165342,99.9796841165342,0.00029475085944159226,0.0005776622018006007,8,24,26,25,1,1,1,1,1,1,1,1
0.05,225,20261044,0.0004015943527551275,1.6,0.000953315389733779,1.6,-3.962124028962295,32.04119982655924,-0.2076339593986149,32.04119982655924,57.87392534727925,99.9749003529528,99.9749003529528,0.00034133031300891234,0.00034172399560116753,6,21,26,25,1,1,1,1,1,1,1,1
0.05,226,20261045,0.000551804004215471,1.6,0.0009496673748923803,1.6,-2.582151523483633,32.04119982655924,-0.22428481599801564,32.04119982655924,41.89502358359911,99.96551224973653,99.96551224973653,0.0008041080651742024,0.003490725530352298,14,21,26,25,1,1,1,1,1,1,1,1
0.05,227,20261046,0.0007210581257498762,1.6,0.0010284868743813604,1.6,-1.420297246357285,32.04119982655924,0.12198753570732204,32.04119982655924,29.891363350300796,99.95493386714062,99.95493386714062,0.0005321654645727969,0.0022862985953384456,7,22,26,25,1,1,1,1,1,1,1,1
0.05,228,20261047,0.00027012681208268905,1.6,0.00040256198863413876,1.6,-5.684323067357342,32.04119982655924,-3.951672351746302,32.04119982655924,32.89808285198309,99.98311707424484,99.98311707424484,0.0008599604742503856,0.005826929010336263,5,25,26,25,1,1,1,1,1,1,1,1
0.05,229,20261048,0.0003109901459597955,1.6,0.00044309269433294603,1.6,-5.072533718190968,32.04119982655924,-3.535054105123838,32.04119982655924,29.813750048852494,99.98056311587753,99.98056311587753,0.00026079773754300026,0.0024014777764332414,7,14,26,25,1,1,1,1,1,1,1,1
0.05,230,20261049,0.00020597056968677365,1.6,0.0003005182664325515,1.6,-6.861948298043158,32.04119982655924,-5.2212912509298945,32.04119982655924,31.4615473688679,99.98712683939456,99.98712683939456,0.00011976846281994044,0.0002777795579905478,6,21,26,25,1,1,1,1,1,1,1,1
0.05,231,20261050,0.00023428375768858002,1.6,0.0005364017957143135,1.6,-6.302578189179058,32.04119982655924,-2.7050977692873097,32.04119982655924,56.323084754667924,99.98535726514447,99.98535726514447,0.0002896149239163708,0.0016570427863623496,9,17,26,25,1,1,1,1,1,1,1,1
0.05,232,20261051,0.00024067050157226648,1.6,0.0004338301349214311,1.6,-6.185771369350449,32.04119982655924,-3.626802840979048,32.04119982655924,44.524254495171675,99.98495809365174,99.98495809365174,0.00022743987836958203,0.00023482087619881604,5,22,26,25,1,1,1,1,1,1,1,1
0.05,233,20261052,0.00028328096960171187,1.6,0.0007146710926673534,1.6,-5.477825997632451,32.04119982655924,-1.4589378407898177,32.04119982655924,60.362050108333385,99.98229493939989,99.98229493939989,0.0002542008613558897,0.0005316752518080695,5,25,26,25,1,1,1,1,1,1,1,1
0.05,234,20261053,0.0003331820160005834,1.6,0.0005410044319101191,1.6,-4.7731844832915495,32.04119982655924,-2.66799177137007,32.04119982655924,38.41417993116601,99.97917612399996,99.97917612399996,0.0003859821911016745,0.0003589531457441127,10,23,26,25,1,1,1,1,1,1,1,1
0.05,235,20261054,0.00043216916845626753,1.6,0.000671949713323663,1.6,-3.643462195141603,32.04119982655924,-1.726632270104854,32.04119982655924,35.68429900525883,99.97298942697147,99.97298942697147,0.00041290981495557355,0.0009915616709299045,6,25,26,25,1,1,1,1,1,1,1,1
0.05,236,20261055,0.0005121524096321532,1.6,0.0008886520886215085,1.6,-2.90600779624691,32.04119982655924,-0.512682340414835,32.04119982655924,42.367500601206906,99.96799047439801,99.96799047439801,0.0005677226640061114,0.0060173320784471206,6,25,26,25,1,1,1,1,1,1,1,1
0.05,237,20261056,0.00047681410440355556,1.6,0.0009712768705544668,1.6,-3.216509064263002,32.04119982655924,-0.12656953187573527,32.04119982655924,50.90852887999283,99.97019911847477,99.97019911847477,0.0003167898298571706,0.00046922476749983074,9,25,26,25,1,1,1,1,1,1,1,1
0.05,238,20261057,0.0004799894518453915,1.6,0.0005293994973580706,1.6,-3.1876830649040446,32.04119982655924,-2.762164753783048,32.04119982655924,9.333224863124407,99.97000065925967,99.97000065925967,0.00033009877413014055,0.00025797097488221814,8,25,26,25,1,1,1,1,1,1,1,1
0.05,239,20261058,0.0002626694810831248,1.6,0.00035382482797342656,1.6,-5.8059038388370094,32.04119982655924,-4.51211695808612,32.04119982655924,25.762846381472084,99.98358315743229,99.98358315743229,0.000295622478717299,0.002510782847561207,10,23,26,25,1,1,1,1,1,1,1,1
0.05,240,20261059,0.0006829548930304003,1.6,0.0008057116172602696,1.6,-1.6560797912212308,32.04119982655924,-0.9382037437797388,32.04119982655924,15.235814105211672,99.9573153191856,99.9573153191856,0.0001767119128086984,0.0007180250258409428,12,25,26,25,1,1,1,1,1,1,1,1
0.05,241,20261060,0.000675238944729768,1.6,0.0009923839389033417,1.6,-1.7054251751764786,32.04119982655924,-0.033202731201999944,32.04119982655924,31.95789268053275,99.9577975659544,99.9577975659544,0.0006644347407041497,0.0008713660881734659,13,25,26,25,1,1,1,1,1,1,1,1
0.05,242,20261061,0.0002864343126528727,1.6,0.0004593969050633958,1.6,-5.429749580708667,32.04119982655924,-3.3781193495382826,32.04119982655924,37.649925479287816,99.98209785545919,99.98209785545919,0.0005683974869008239,0.0005690951119342358,7,21,26,25,1,1,1,1,1,1,1,1
0.05,243,20261062,0.0009433889936278821,1.6,0.001494600462562905,1.6,-0.25309194906683596,32.04119982655924,1.7452511232968184,32.04119982655924,36.880188568242424,99.94103818789826,99.94103818789826,0.0007287990479233872,0.00046746782587784317,13,18,26,25,1,1,1,1,1,1,1,1
0.05,244,20261063,0.00025805043857532185,1.6,0.000367851282330875,1.6,-5.882953984786241,32.04119982655924,-4.343277256667389,32.04119982655924,29.849248603893532,99.98387184758904,99.98387184758904,9.574153574755818e-05,0.0005667593391152331,8,22,26,25,1,1,1,1,1,1,1,1
0.05,245,20261064,0.0003229410867264617,1.6,0.0006288342119222143,1.6,-4.90876697616986,32.04119982655924,-2.014638383985989,32.04119982655924,48.644478846133616,99.9798161820796,99.9798161820796,0.0001388568526310983,0.00013891708245839708,4,25,26,25,1,1,1,1,1,1,1,1
0.05,246,20261065,0.0004388677101601127,1.6,0.0008064285835999439,1.6,-3.576663713426696,32.04119982655924,-0.9343408719849268,32.04119982655924,45.57884987149366,99.972570768115,99.972570768115,0.0010276277209266965,0.004695846209987761,8,25,26,25,1,1,1,1,1,1,1,1
0.05,247,20261066,0.000681566106755329,1.6,0.0010373587370410126,1.6,-1.664920145076727,32.04119982655924,0.1592896909443013,32.04119982655924,34.29793547606831,99.95740211832778,99.95740211832778,0.0003480282141403374,0.0008531662339348585,7,25,26,25,1,1,1,1,1,1,1,1
0.05,248,20261067,0.000700458778647189,1.6,0.0012100204724421184,1.6,-1.5461741745574584,32.04119982655924,0.8279271824490322,32.04119982655924,42.11182417157859,99.95622132633454,99.95622132633454,0.00033467262927579456,0.0007093427803938068,9,25,26,25,1,1,1,1,1,1,1,1
0.05,249,20261068,0.000502588026283861,1.6,0.0008040517305421291,1.6,-2.9878786230291494,32.04119982655924,-0.9471600900494856,32.04119982655924,37.49307324480319,99.96858824835726,99.96858824835726,0.00043852959864514485,0.0005719586528402487,15,25,26,25,1,1,1,1,1,1,1,1
0.05,250,20261069,0.0004281031124043587,1.6,0.0009533589490058226,1.6,-3.68451614737228,32.04119982655924,-0.20743552434231682,32.04119982655924,55.09528568953055,99.97324355547472,99.97324355547472,0.00020443154696380328,0.0009299551327975912,14,25,26,25,1,1,1,1,1,1,1,1
0.05,251,20261070,0.00023156670124920614,1.6,0.0002689744676614299,1.6,-6.353238909870736,32.04119982655924,-5.7028894334340485,32.04119982655924,13.90755291290717,99.98552708117192,99.98552708117192,0.0003336237215087152,0.001368190751229537,8,17,26,25,1,1,1,1,1,1,1,1
0.05,252,20261071,0.00035850306963953446,1.6,0.000713636487388644,1.6,-4.455071213858495,32.04119982655924,-1.4652295310160866,32.04119982655924,49.76390978110191,99.97759355814753,99.97759355814753,0.00022218074747512237,0.0009302666883467682,6,25,26,25,1,1,1,1,1,1,1,1
0.05,253,20261072,0.0005899841540109182,1.6,0.001071020749410075,1.6,-2.2915965262571154,32.04119982655924,0.29797884713281453,32.04119982655924,44.91384463504698,99.96312599037432,99.96312599037432,0.0003729969819953257,0.0004124202165539658,10,25,26,25,1,1,1,1,1,1,1,1
0.05,254,20261073,0.0006066847652409405,1.6,0.0007341230652679073,1.6,-2.170369107010242,32.04119982655924,-1.3423113070145232,32.04119982655924,17.359255696517327,99.96208220217244,99.96208220217244,0.00043406977258802517,0.002901126516158584,9,17,26,25,1,1,1,1,1,1,1,1
0.05,255,20261074,0.0004694942714133969,1.6,0.0005598132281984723,1.6,-3.2836970245799577,32.04119982655924,-2.519568435159334,32.04119982655924,16.133766091188964,99.97065660803666,99.97065660803666,0.0006973361479521371,0.0023749650845086307,23,25,26,25,1,1,1,1,1,1,1,1
0.05,256,20261075,0.0003871393096672186,1.6,0.0007699791599328329,1.6,-4.121327286944903,32.04119982655924,-1.1352102917642002,32.04119982655924,49.720806768200106,99.9758037931458,99.9758037931458,0.00026568627760553275,0.0006839511331492796,21,25,26,25,1,1,1,1,1,1,1,1
0.05,257,20261076,0.00019437617584571113,1.6,0.0003302181061117899,1.6,-7.113569664303255,32.04119982655924,-4.811991177211433,32.04119982655924,41.13703269199046,99.98785148900966,99.98785148900966,0.0003510060925268495,0.0019113368008560941,10,22,26,25,1,1,1,1,1,1,1,1
0.05,258,20261077,0.00039275316821792085,1.6,0.0005506484516088286,1.6,-4.058803029550525,32.04119982655924,-2.5912557764924333,32.04119982655924,28.674426111539113,99.97545292698636,99.97545292698636,0.00010529902491432699,0.00010534871784542015,10,21,26,25,1,1,1,1,1,1,1,1
0.05,259,20261078,0.000360312646681104,1.6,0.0004114924444311226,1.6,-4.433204942265084,32.04119982655924,-3.8563813462424084,32.04119982655924,12.437603276233494,99.97748045958242,99.97748045958242,0.0002075589883510723,0.0006827963176773029,6,19,26,25,1,1,1,1,1,1,1,1
0.05,260,20261079,0.0005086308802890853,1.6,0.0008057083342749287,1.6,-2.9359727622474425,32.04119982655924,-0.938221439755469,32.04119982655924,36.87158756439931,99.96821056998193,99.96821056998193,0.0002793677535112465,0.0041217226482828375,7,21,26,25,1,1,1,1,1,1,1,1
0.05,261,20261080,0.00027703904896196087,1.6,0.0004452890724669326,1.6,-5.574590123309657,32.04119982655924,-3.513579624603845,32.04119982655924,37.784449228195705,99.98268505943987,99.98268505943987,7.362952130028081e-05,0.0003063514588619779,7,16,26,25,1,1,1,1,1,1,1,1
0.05,262,20261081,0.0002086623016572667,1.6,0.00037034798399733536,1.6,-6.805560064261201,32.04119982655924,-4.313900151036941,32.04119982655924,43.65777304764051,99.98695860614642,99.98695860614642,0.00016337778556374812,0.0001641076756806256,9,13,26,25,1,1,1,1,1,1,1,1
0.05,263,20261082,0.0001949738807754172,1.6,0.00033375293891047735,1.6,-7.100235639958024,32.04119982655924,-4.765749013667435,32.04119982655924,41.58137411107109,99.98781413245155,99.98781413245155,0.0007237086335755055,0.0008521171636372469,10,25,26,25,1,1,1,1,1,1,1,1
0.05,264,20261083,0.0003249096559246436,1.6,0.0004442634528436565,1.6,-4.882373817529653,32.04119982655924,-3.523594123525853,32.04119982655924,26.865544792183346,99.97969314650472,99.97969314650472,0.00014330443145257332,0.0025805195314849644,7,18,26,25,1,1,1,1,1,1,1,1
0.05,265,20261084,0.000392472326665902,1.6,0.0006744643250290816,1.6,-4.061909600652108,32.04119982655924,-1.710410168634752,32.04119982655924,41.80977227387388,99.97547047958338,99.97547047958338,0.0010129073711461006,0.003752392908450852,14,25,26,25,1,1,1,1,1,1,1,1
0.05,266,20261085,0.0004205586284416758,1.6,0.0007936017623182377,1.6,-3.7617345234207344,32.04119982655924,-1.003973764332172,32.04119982655924,47.00633889557444,99.9737150857224,99.9737150857224,0.002268609430704039,0.008637254501677159,12,25,26,25,1,1,1,1,1,1,1,1
0.05,267,20261086,0.0005568287725643422,1.6,0.0008968138044129343,1.6,-2.5427833186898017,32.04119982655924,-0.47297715383843836,32.04119982655924,37.91032544053563,99.96519820171473,99.96519820171473,0.0005849220425738134,0.0009621104995127423,15,21,21,25,1,1,1,1,1,1,1,1
0.05,268,20261087,0.0005000445736610395,1.6,0.0007367823110907672,1.6,-3.009912811995456,32.04119982655924,-1.326608093691449,32.04119982655924,32.13130036730252,99.9687472141462,99.9687472141462,0.0006312566687539972,0.0010598669072852073,8,20,26,25,1,1,1,1,1,1,1,1
0.05,269,20261088,0.00030224083587218457,1.6,0.000437288310094177,1.6,-5.196468583430484,32.04119982655924,-3.5923213237261713,32.04119982655924,30.88293720747024,99.981109947758,99.981109947758,0.00040480700569779453,0.0004060462858967781,7,23,26,25,1,1,1,1,1,1,1,1
0.05,270,20261089,0.0002410438979641803,1.6,0.00045436176811444696,1.6,-6.179038582238202,32.04119982655924,-3.4259821910044703,32.04119982655924,46.948903961597196,99.98493475637724,99.98493475637724,0.00011391772005616408,0.0008633592661921888,6,20,26,25,1,1,1,1,1,1,1,1
0.05,271,20261090,0.00020893553767689245,1.6,0.00029939470383306965,1.6,-6.799876849390936,32.04119982655924,-5.237558864125283,32.04119982655924,30.214016813942564,99.9869415288952,99.9869415288952,0.00024515070616489964,3.568356644881088e-05,5,25,26,25,1,1,1,1,1,1,1,1
0.05,272,20261091,0.0003612556995558511,1.6,0.00047374825404035263,1.6,-4.421852922876338,32.04119982655924,-3.244523775769852,32.04119982655924,23.745217744891082,99.97742151877776,99.97742151877776,0.0004059394946471898,0.00034091055555947043,5,23,26,25,1,1,1,1,1,1,1,1
0.05,273,20261092,0.0006044731873311236,1.6,0.0013312436106948768,1.6,-2.1862295841345647,32.04119982655924,1.2425753639098789,32.04119982655924,54.593345464726525,99.9622204257918,99.9622204257918,0.0003958813559310156,0.0009203877286676842,9,19,26,25,1,1,1,1,1,1,1,1
0.05,274,20261093,0.0003424688792769773,1.6,0.0004811752416502966,1.6,-4.653788874485008,32.04119982655924,-3.176967269084177,32.04119982655924,28.82657925158311,99.9785956950452,99.9785956950452,0.0005341838887480343,0.0022504241319492597,8,23,26,25,1,1,1,1,1,1,1,1
0.05,275,20261094,0.0006534761083127427,1.6,0.0010627647899240124,1.6,-1.8477028599868621,32.04119982655924,0.2643715752313335,32.04119982655924,38.51169002696577,99.95915774323045,99.95915774323045,0.00020569146402461044,0.0007385817328129673,8,19,26,25,1,1,1,1,1,1,1,1
0.05,276,20261095,0.0003175589839433022,1.6,0.0007325925387069215,1.6,-4.981755962871775,32.04119982655924,-1.351375088422535,32.04119982655924,56.652713866862925,99.98015256350354,99.98015256350354,0.0005250333976436862,0.004193064822413597,13,25,26,25,1,1,1,1,1,1,1,1
0.05,277,20261096,0.0006631220009386487,1.6,0.001123853326611914,1.6,-1.7840656290725678,32.04119982655924,0.507096354326917,32.04119982655924,40.9956810878724,99.95855487494134,99.95855487494134,0.0005096143832732454,0.0038312536382550167,11,13,26,25,1,1,1,1,1,1,1,1
0.05,278,20261097,0.0006872498594670681,1.6,0.0010310595909461574,1.6,-1.628853402915992,32.04119982655924,0.13283766419495777,32.04119982655924,33.34528231909375,99.95704688378332,99.95704688378332,0.0005618076291864075,0.0004219753530090685,13,21,26,25,1,1,1,1,1,1,1,1
0.05,279,20261098,0.0006691983501262726,1.6,0.0016695336363304974,1.6,-1.7444513843878076,32.04119982655924,2.2259517327093463,32.04119982655924,59.917048955232936,99.9581751031171,99.9581751031171,0.00022402967100223,0.0025481219882999015,8,25,26,25,1,1,1,1,1,1,1,1
0.05,280,20261099,0.00024834256111128203,1.6,0.0003541797056937037,1.6,-6.0494884439316765,32.04119982655924,-4.507763272728328,32.04119982655924,29.882328908463812,99.98447858993055,99.98447858993055,8.341025379767954e-05,5.880460864877503e-05,12,15,26,25,1,1,1,1,1,1,1,1
0.05,281,20261100,0.0003481395974405421,1.6,0.0006061585893423814,1.6,-4.582465771986296,32.04119982655924,-2.1741373645140283,32.04119982655924,42.56625187506835,99.97824127515997,99.97824127515997,0.00042415909202692337,0.0013444039974301737,9,20,26,25,1,1,1,1,1,1,1,1
0.05,282,20261101,0.00045656022399644846,1.6,0.0007240093571740708,1.6,-3.4050192738656087,32.04119982655924,-1.4025582089842668,32.04119982655924,36.940010585156095,99.97146498600021,99.97146498600021,0.00418723938546112,0.006845005989021179,16,25,26,25,1,1,1,1,1,1,1,1
0.05,283,20261102,0.0003715241548631207,1.6,0.0005722560176332827,1.6,-4.300129450723434,32.04119982655924,-2.424096317487662,32.04119982655924,35.07728299657593,99.97677974032105,99.97677974032105,0.00017639296493414971,0.00019754002672871216,7,25,26,25,1,1,1,1,1,1,1,1
0.05,284,20261103,0.00036076734011476145,1.6,0.00046121181382143505,1.6,-4.42772785570093,32.04119982655924,-3.3609957689392926,32.04119982655924,21.77838266423118,99.97745204124283,99.97745204124283,0.00016547305702299352,0.00014384197998765227,6,23,26,25,1,1,1,1,1,1,1,1
0.05,285,20261104,0.0005111193197543531,1.6,0.0009123913742737388,1.6,-2.9147770287546138,32.04119982655924,-0.3981882918564049,32.04119982655924,43.98025516613386,99.96805504251535,99.96805504251535,0.0005853234391281469,0.0005872147688290161,5,19,26,25,1,1,1,1,1,1,1,1
0.05,286,20261105,0.00040105548293675383,1.6,0.000581930649377715,1.6,-3.9679554192731956,32.04119982655924,-2.3512876859267227,32.04119982655924,31.081910986193847,99.97493403231645,99.97493403231645,0.00014425003845964374,0.0022675245784358625,12,25,26,25,1,1,1,1,1,1,1,1
0.05,287,20261106,0.00041878098542716223,1.6,0.000638407463408625,1.6,-3.7801304550210197,32.04119982655924,-1.9490204443578039,32.04119982655924,34.40224160425997,99.9738261884108,99.9738261884108,0.0003886043384063434,0.0003909844398156557,6,16,26,25,1,1,1,1,1,1,1,1
0.05,288,20261107,0.0007215696566045572,1.6,0.0014711777227327,1.6,-1.4172173800253187,32.04119982655924,1.6766513998783048,32.04119982655924,50.95292394284983,99.95490189646222,99.95490189646222,0.0010489363403960207,0.00047882983266733857,9,25,26,25,1,1,1,1,1,1,1,1
0.05,289,20261108,0.00028258761808299304,1.6,0.0003915667118436337,1.6,-5.488468712066336,32.04119982655924,-4.071942358605083,32.04119982655924,27.831552188777437,99.98233827386983,99.98233827386983,0.00021226455800143492,0.0001870952968746292,9,25,26,25,1,1,1,1,1,1,1,1
0.05,290,20261109,0.00026268114722745144,1.6,0.0004570578410771248,1.6,-5.80571095652817,32.04119982655924,-3.400288360984811,32.04119982655924,42.527810789023064,99.98358242829828,99.98358242829828,0.00010671397861293515,0.0008447155500997513,12,16,26,25,1,1,1,1,1,1,1,1
0.05,291,20261110,0.0002979150422964288,1.6,0.0003999394441355322,1.6,-5.259075678779238,32.04119982655924,-3.980057613437636,32.04119982655924,25.509962404340694,99.98138030985648,99.98138030985648,0.000293078469562784,0.00022690116860937868,7,16,26,25,1,1,1,1,1,1,1,1
0.05,292,20261111,0.0006981991312176618,1.6,0.0008056011131004696,1.6,-1.5602069592231294,32.04119982655924,-0.9387994238857723,32.04119982655924,13.331905844749413,99.95636255429889,99.95636255429889,0.0004642281060431944,0.0010815357091446462,12,21,26,25,1,1,1,1,1,1,1,1
0.05,293,20261112,0.00047595953161492583,1.6,0.0010179602854393278,1.6,-3.2242997153049897,32.04119982655924,0.0773083482687095,32.04119982655924,53.24380150945546,99.97025252927408,99.97025252927408,0.00042600740633610127,0.0044098900877834624,9,25,26,25,1,1,1,1,1,1,1,1
0.05,294,20261113,0.0005776507770529442,1.6,0.0008756248203910643,1.6,-2.3833463811042375,32.04119982655924,-0.5768193645300835,32.04119982655924,34.02987631221342,99.9638968264342,99.9638968264342,0.0006925731109503642,0.0014725437652617838,10,25,26,25,1,1,1,1,1,1,1,1
0.05,295,20261114,0.0004629228789986682,1.6,0.0007304912174359942,1.6,-3.344913545869658,32.04119982655924,-1.363850011424338,32.04119982655924,36.628549673257425,99.97106732006259,99.97106732006259,0.0018070923400426032,0.004881657262950596,9,25,26,25,1,1,1,1,1,1,1,1
0.05,296,20261115,0.000246672109343686,1.6,0.00039680722162760125,1.6,-6.078799524271227,32.04119982655924,-4.014204325751221,32.04119982655924,37.83578123102186,99.98458299316603,99.98458299316603,0.00011558896226992382,0.00013861567563195847,8,25,26,25,1,1,1,1,1,1,1,1
0.05,297,20261116,0.0003041959724700566,1.6,0.0005355240862928037,1.6,-5.168465402685866,32.04119982655924,-2.712209911088604,32.04119982655924,43.19658438225054,99.98098775172062,99.98098775172062,0.00024318667482863004,0.0018781203524034418,12,19,26,25,1,1,1,1,1,1,1,1
0.05,298,20261117,0.00028318289087257665,1.6,0.0005602727547641375,1.6,-5.479329890616745,32.04119982655924,-2.516004961176288,32.04119982655924,49.45624457648482,99.98230106932046,99.98230106932046,0.00012716382929758998,8.120995036947813e-05,6,25,26,25,1,1,1,1,1,1,1,1
0.05,299,20261118,0.0002196214074604363,1.6,0.0003165067434079445,1.6,-6.583253295734587,32.04119982655924,-4.996170325860857,32.04119982655924,30.61082835212551,99.98627366203374,99.98627366203374,9.309997976165146e-05,0.0005775280370677294,7,21,26,25,1,1,1,1,1,1,1,1
0.05,300,20261119,0.00030358989954444945,1.6,0.000438617841996114,1.6,-5.177126815416439,32.04119982655924,-3.579137061677144,32.04119982655924,30.784872279058096,99.98102563127847,99.98102563127847,0.00015138107208498926,7.756249998196085e-05,7,22,26,25,1,1,1,1,1,1,1,1
0.05,301,20261120,0.00047127335417902706,1.6,0.0006634644416784782,1.6,-3.2672711457975034,32.04119982655924,-1.7818234815243583,32.04119982655924,28.96780526974932,99.97054541536382,99.97054541536382,0.0002585405165967329,0.0011193174048461456,7,25,26,25,1,1,1,1,1,1,1,1
0.05,302,20261121,0.0003998367786027764,1.6,0.00048383236819375707,1.6,-3.9811726021891087,32.04119982655924,-3.153050808734517,32.04119982655924,17.360473402090268,99.97501020133734,99.97501020133734,8.712369871101148e-05,0.0003021315848139606,11,25,26,25,1,1,1,1,1,1,1,1
0.05,303,20261122,0.0006765088403348689,1.6,0.0010381536318308953,1.6,-1.6972652385044338,32.04119982655924,0.1626162761576294,32.04119982655924,34.83538278031422,99.95771819747908,99.95771819747908,0.000221180486172223,0.0005063240696008636,8,25,26,25,1,1,1,1,1,1,1,1
0.05,304,20261123,0.00034251839513153154,1.6,0.0005429508644846082,1.6,-4.653160995304169,32.04119982655924,-2.65239471053406,32.04119982655924,36.91539740770752,99.97859260030427,99.97859260030427,0.0001641859228312072,0.0004063803662071242,13,25,26,25,1,1,1,1,1,1,1,1
0.05,305,20261124,0.00027940314629823265,1.6,0.000731689660189283,1.6,-5.537687076983317,32.04119982655924,-1.356730821190832,32.04119982655924,61.81398186958758,99.98253730335635,99.98253730335635,0.00020662755308693337,0.0002018895235681437,10,25,26,25,1,1,1,1,1,1,1,1
0.05,306,20261125,0.000478003823599713,1.6,0.001036247798193884,1.6,-3.2056862940960746,32.04119982655924,0.1546362077592969,32.04119982655924,53.871668105558896,99.97012476102502,99.97012476102502,0.0002785534552943783,0.0004860920599250666,5,25,26,25,1,1,1,1,1,1,1,1
0.05,307,20261126,0.000496047844174663,1.6,0.0005723798770858727,1.6,-3.04476433471564,32.04119982655924,-2.423156429489225,32.04119982655924,13.335904347272816,99.96899700973908,99.96899700973908,0.0012109541312909362,0.0007227763524313742,6,17,26,25,1,1,1,1,1,1,1,1
0.05,308,20261127,0.0001968632836670123,1.6,0.00033516018858226204,1.6,-7.058352751656417,32.04119982655924,-4.747475738898331,32.04119982655924,41.26292728866454,99.9876960447708,99.9876960447708,0.0009537511214820322,0.001804130701109087,6,25,26,25,1,1,1,1,1,1,1,1
0.05,309,20261128,0.0001662614156530249,1.6,0.00029715733718452,1.6,-7.792085259652472,32.04119982655924,-5.270135420020695,32.04119982655924,44.04936548822795,99.98960866152169,99.98960866152169,0.00010194544498045274,0.00010444811833174031,4,20,26,25,1,1,1,1,1,1,1,1
0.05,310,20261129,0.00024831191047272827,1.6,0.00045597179656353334,1.6,-6.050024486752963,32.04119982655924,-3.410620191242261,32.04119982655924,45.54226547691104,99.98448050559546,99.98448050559546,0.0002365175078462377,0.00015513416196443538,24,25,26,25,1,1,1,1,1,1,1,1
0.05,311,20261130,0.0003669582990358407,1.6,0.0005355997232092294,1.6,-4.353832859594082,32.04119982655924,-2.7115965609754804,32.04119982655924,31.486465893394374,99.97706510631026,99.97706510631026,0.0001759680032315776,0.000263121931694827,6,20,26,25,1,1,1,1,1,1,1,1
0.05,312,20261131,0.00034802639310698856,1.6,0.000496619271160064,1.6,-4.583878194267497,32.04119982655924,-3.039764317889286,32.04119982655924,29.920884404258832,99.9782483504308,99.9782483504308,0.00020771170882668026,0.0017978256095224354,8,22,26,25,1,1,1,1,1,1,1,1
0.05,313,20261132,0.0005363402549431213,1.6,0.000816638448781215,1.6,-2.7055960590178896,32.04119982655924,-0.8797017658002687,32.04119982655924,34.32341377710325,99.96647873406604,99.96647873406604,0.002081439881575111,0.004701137543619017,11,19,26,25,1,1,1,1,1,1,1,1
0.05,314,20261133,0.00029899792634960354,1.6,0.0005174013851793376,1.6,-5.243318236422843,32.04119982655924,-2.8617241293115403,32.04119982655924,42.2116107698538,99.98131262960315,99.98131262960315,0.00044452779734184306,0.00028579148354001654,6,20,26,25,1,1,1,1,1,1,1,1
0.05,315,20261134,0.00031819496668239727,1.6,0.0003782553148773851,1.6,-4.973066944548346,32.04119982655924,-4.222149609764113,32.04119982655924,15.878256255158488,99.98011281458236,99.98011281458236,0.000146201253491844,0.00021708320620723824,12,15,26,25,1,1,1,1,1,1,1,1
0.05,316,20261135,0.00022109504982946362,1.6,0.0002935426815612538,1.6,-6.55420980875899,32.04119982655924,-5.323287427337159,32.04119982655924,24.680442158007775,99.98618155938567,99.98618155938567,8.26953981116557e-05,0.0005503264532091028,7,25,26,25,1,1,1,1,1,1,1,1
0.05,317,20261136,0.0006058074858130369,1.6,0.000844387108373053,1.6,-2.1766536450067346,32.04119982655924,-0.7345840587739048,32.04119982655924,28.254768481686813,99.9621370321367,99.9621370321367,0.000357635807365324,0.0007408763677548472,16,25,26,25,1,1,1,1,1,1,1,1
0.05,318,20261137,0.00021395608645191944,1.6,0.00031598643865720565,1.6,-6.696753545416506,32.04119982655924,-5.003315558079403,32.04119982655924,32.28947186432032,99.98662774459675,99.98662774459675,0.0002778814820900955,0.00014779462184126327,8,14,26,25,1,1,1,1,1,1,1,1
0.05,319,20261138,0.0011066014513007143,1.6,0.0014096822259929164,1.6,0.4399123545293798,32.04119982655924,1.4912122396630656,32.04119982655924,21.499935879430257,99.93083740929369,99.93083740929369,0.0012781540157959527,0.0019334828234206982,15,25,26,25,1,1,1,1,1,1,1,1
0.05,320,20261139,0.0005791169584115077,1.6,0.0009670323728992793,1.6,-2.372337173379023,32.04119982655924,-0.14558986996431586,32.04119982655924,40.11400500737681,99.96380519009928,99.96380519009928,0.0003454758519996115,0.001578976698858036,5,25,26,25,1,1,1,1,1,1,1,1
0.05,321,20261140,0.00037145720912028305,1.6,0.0006619033063349676,1.6,-4.30091208587929,32.04119982655924,-1.7920544952148745,32.04119982655924,43.88044211818747,99.97678392443,99.97678392443,0.0005611760442662258,0.0009364861645154561,7,23,26,25,1,1,1,1,1,1,1,1
0.05,322,20261141,0.001050711166969792,1.6,0.001671130782806442,1.6,0.21483347968566063,32.04119982655924,2.230104391385081,32.04119982655924,37.12573678971658,99.9343305520644,99.9343305520644,0.0009650687558277449,0.0007001967556518804,19,20,26,25,1,1,1,1,1,1,1,1
0.05,323,20261142,0.00032298311784967944,1.6,0.00040753044767758047,1.6,-4.90820177409884,32.04119982655924,-3.8983993842246996,32.04119982655924,20.74626087687834,99.9798135551344,99.9798135551344,0.00013312562909087488,0.0004390127190354699,8,25,26,25,1,1,1,1,1,1,1,1
0.05,324,20261143,0.0003545006353672202,1.6,0.0008674187890943774,1.6,-4.503829820994466,32.04119982655924,-0.6177117486464812,32.04119982655924,59.131547549559755,99.97784371028956,99.97784371028956,0.00031674005479089495,0.0005880983090925395,5,21,26,25,1,1,1,1,1,1,1,1
0.05,325,20261144,0.000188418790846492,1.6,0.0003083028589474596,1.6,-7.2487578756227435,32.04119982655924,-5.110224479645432,32.04119982655924,38.88516263204617,99.98822382557209,99.98822382557209,0.0002741610363468669,0.0008748835719507909,4,23,26,25,1,1,1,1,1,1,1,1
0.05,326,20261145,0.0005618222966265788,1.6,0.0006339795858070791,1.6,-2.5040102926804937,32.04119982655924,-1.9792472620986956,32.04119982655924,11.38164237396405,99.96488610646084,99.96488610646084,0.00022507029640812202,0.0016972732491198433,16,25,26,25,1,1,1,1,1,1,1,1
0.05,327,20261146,0.0005870664891868748,1.6,0.000699792125357276,1.6,-2.3131270922647227,32.04119982655924,-1.5503094886815063,32.04119982655924,16.108445934976693,99.96330834442583,99.96330834442583,0.00048770610678387295,0.00077331986499899,22,25,26,25,1,1,1,1,1,1,1,1
0.05,328,20261147,0.00031169773626768787,1.6,0.0007532572316060067,1.6,-5.062663518137013,32.04119982655924,-1.2305669021350576,32.04119982655924,58.62001409490321,99.98051889148329,99.98051889148329,0.00020503170058140257,0.003937080818944145,20,25,26,25,1,1,1,1,1,1,1,1
0.05,329,20261148,0.0007090311509381174,1.6,0.001540452753689964,1.6,-1.4933468388133662,32.04119982655924,1.8764838286951524,32.04119982655924,53.972548055127234,99.95568555306636,99.95568555306636,0.0014134008123888877,0.007617195787879907,12,25,26,25,1,1,1,1,1,1,1,1
0.05,330,20261149,0.0008796769457590242,1.6,0.002062113804063581,1.6,-0.556767897057426,32.04119982655924,3.1431262947949854,32.04119982655924,57.3410088218438,99.94502019089006,99.94502019089006,0.0008911194036435688,0.002089061071592106,14,25,26,25,1,1,1,1,1,1,1,1
0.05,331,20261150,0.00036390986371728594,1.6,0.000633947119124727,1.6,-4.390061727733894,32.04119982655924,-1.9794696740242346,32.04119982655924,42.596179911705235,99.97725563351767,99.97725563351767,9.359269985472031e-05,0.0004959770418286146,7,25,26,25,1,1,1,1,1,1,1,1
0.05,332,20261151,0.0007418385067766628,1.6,0.0008128793418774967,1.6,-1.296906274018768,32.04119982655924,-0.8997391325665527,32.04119982655924,8.739407122433663,99.95363509332645,99.95363509332645,0.000304677901794373,0.0011942039108172474,13,25,26,25,1,1,1,1,1,1,1,1
0.05,333,20261152,0.0003536809029653842,1.6,0.0007364680999896971,1.6,-4.5138838932480425,32.04119982655924,-1.3284605981725641,32.04119982655924,51.97607296631965,99.97789494356465,99.97789494356465,0.0001684651950231745,0.0006614136434875214,5,25,26,25,1,1,1,1,1,1,1,1
0.05,334,20261153,0.000317433503325462,1.6,0.0008643566779093252,1.6,-4.983472378159067,32.04119982655924,-0.6330700835105338,32.04119982655924,63.27517199343461,99.98016040604216,99.98016040604216,0.0001205840691725145,0.0001282381686625139,10,25,26,25,1,1,1,1,1,1,1,1
0.05,335,20261154,0.0004755171370000317,1.6,0.0005868759619891195,1.6,-3.228338270537185,32.04119982655924,-2.314536785070043,32.04119982655924,18.974848554310412,99.9702801789375,99.9702801789375,0.00010349819624404492,0.0002068138931161114,5,16,26,25,1,1,1,1,1,1,1,1
0.05,336,20261155,0.0005740596420587863,1.6,0.0007783777253418411,1.6,-2.41042984132662,32.04119982655924,-1.0880960066819791,32.04119982655924,26.24922022188189,99.96412127237133,99.96412127237133,0.0002244082559443381,0.0006272729509736106,6,25,26,25,1,1,1,1,1,1,1,1
0.05,337,20261156,0.0007837764362848223,1.6,0.0012377855389608323,1.6,-1.0580779743523991,32.04119982655924,0.9264540452725923,32.04119982655924,36.679140964691484,99.9510139727322,99.9510139727322,0.000621791591745786,0.0006224773385724744,10,25,26,25,1,1,1,1,1,1,1,1
0.05,338,20261157,0.000407691193774776,1.6,0.000931020318295504,1.6,-3.8966866930900554,32.04119982655924,-0.31040841008634956,32.04119982655924,56.21027965091351,99.97451930038908,99.97451930038908,0.00044156833753183607,0.005051612661022107,8,22,26,25,1,1,1,1,1,1,1,1
0.05,339,20261158,0.0003972160400041228,1.6,0.0005242122340534498,1.6,-4.009732225517084,32.04119982655924,-2.8049284771619316,32.04119982655924,24.226102673593502,99.97517399749975,99.97517399749975,0.00016044895913661084,0.0005925132666162531,4,25,26,25,1,1,1,1,1,1,1,1
0.05,340,20261159,0.00025568220502212403,1.6,0.00033624077083188066,1.6,-5.922994969624278,32.04119982655924,-4.733496273814901,32.04119982655924,23.958595387004888,99.98401986218612,99.98401986218612,0.0008981067895740834,0.0028918288382126355,8,19,26,25,1,1,1,1,1,1,1,1
0.05,341,20261160,0.00023286112300918368,1.6,0.00032490688417184416,1.6,-6.329030124182312,32.04119982655924,-4.882410866661885,32.04119982655924,28.32988946887848,99.98544617981193,99.98544617981193,0.00011149797856994148,0.0002611167857304475,16,25,26,25,1,1,1,1,1,1,1,1
0.05,342,20261161,0.00026157175953570966,1.6,0.0004034187772993898,1.6,-5.824091462034996,32.04119982655924,-3.9424389123053905,32.04119982655924,35.161233374719934,99.98365176502902,99.98365176502902,0.00030768093649945026,0.0003060362237354304,7,23,26,25,1,1,1,1,1,1,1,1
0.05,343,20261162,0.00038837947723614503,1.6,0.000521326667084212,1.6,-4.107437271640842,32.04119982655924,-2.828900593213799,32.04119982655924,25.50170521520463,99.97572628267274,99.97572628267274,0.00015134374194525536,0.00026597736845327595,13,18,26,25,1,1,1,1,1,1,1,1
0.05,344,20261163,0.0001289010702751974,1.6,0.000285718459109338,1.6,-8.897434766521622,32.04119982655924,-5.440617007080589,32.04119982655924,54.885284389039114,99.99194368310779,99.99194368310779,0.0002931701419051461,0.0002244917525596423,4,17,26,25,1,1,1,1,1,1,1,1
0.05,345,20261164,0.00032021599038590273,1.6,0.000608748486448716,1.6,-4.945569848371871,32.04119982655924,-2.1556210557655007,32.04119982655924,47.39765313356893,99.97998650060087,99.97998650060087,0.00023997442266055857,0.00024966149461702256,6,18,26,25,1,1,1,1,1,1,1,1
0.05,346,20261165,0.0004606710568736045,1.6,0.0005964111245260043,1.6,-3.3660907282425634,32.04119982655924,-2.2445426448933277,32.04119982655924,22.759479505061005,99.97120805894541,99.97120805894541,0.00047515692451781117,0.009160271418807216,5,24,26,25,1,1,1,1,1,1,1,1
0.05,347,20261166,0.0003022193565194155,1.6,0.0005020776689120868,1.6,-5.196777234504742,32.04119982655924,-2.9922909446697767,32.04119982655924,39.8062540454605,99.98111129021754,99.98111129021754,0.00016718741262895158,0.00017621860691446672,13,17,26,25,1,1,1,1,1,1,1,1
0.05,348,20261167,0.00027454397448396014,1.6,0.00039050537752442836,1.6,-5.613880834682922,32.04119982655924,-4.083729812153486,32.04119982655924,29.69521284843617,99.98284100159475,99.98284100159475,0.00010640856213257072,0.00020367685415722834,7,17,26,25,1,1,1,1,1,1,1,1
0.05,349,20261168,0.0005012604233663547,1.6,0.0010565669963601742,1.6,-2.9993658342228615,32.04119982655924,0.23897040647230403,32.04119982655924,52.55763003262696,99.96867122353962,99.96867122353962,0.00029349848309144933,0.0021795241457319816,12,25,26,25,1,1,1,1,1,1,1,1
0.05,350,20261169,0.00044092511884964936,1.6,0.000545026323029077,1.6,-3.5563515935681544,32.04119982655924,-2.635825221816925,32.04119982655924,19.10021585762453,99.9724421800719,99.9724421800719,9.79691156976483e-05,0.0001722272057689899,9,25,24,25,1,1,1,1,1,1,1,1
0.05,351,20261170,0.0006109951434894044,1.6,0.0014455160332476273,1.6,-2.1396224174457386,32.04119982655924,1.6002291310273666,32.04119982655924,57.73169377328266,99.96181280353191,99.96181280353191,0.00018834987877631602,0.0008352106287351453,10,19,26,25,1,1,1,1,1,1,1,1
0.05,352,20261171,0.00030009644263393116,1.6,0.0007705926991250804,1.6,-5.227391527044734,32.04119982655924,-1.131751099670757,32.04119982655924,61.05641242453292,99.98124397233539,99.98124397233539,0.00010655254782268075,0.00026344476788777306,8,10,26,25,1,1,1,1,1,1,1,1
0.05,353,20261172,0.00020366647025866022,1.6,0.00027081813452350343,1.6,-6.910804632935789,32.04119982655924,-5.673222577867585,32.04119982655924,24.79585216218796,99.98727084560883,99.98727084560883,0.00033989771161165185,0.0025512854701834286,11,12,26,25,1,1,1,1,1,1,1,1
0.05,354,20261173,0.00040352574337808967,1.6,0.0006626562650301307,1.6,-3.941287537537686,32.04119982655924,-1.787116916736664,32.04119982655924,39.1048172826463,99.97477964103888,99.97477964103888,0.00023908310680071895,0.0002112253534719379,9,16,26,25,1,1,1,1,1,1,1,1
0.05,355,20261174,0.0003539379658875888,1.6,0.0007232124955174486,1.6,-4.510728493683656,32.04119982655924,-1.4073407881671527,32.04119982655924,51.060308266057945,99.97787887713203,99.97787887713203,0.0018358314855986975,0.0008553687481947711,5,25,26,25,1,1,1,1,1,1,1,1
0.05,356,20261175,0.00044066154363774546,1.6,0.0007187593903481007,1.6,-3.5589484854762987,32.04119982655924,-1.4341646835487218,32.04119982655924,38.69136882867997,99.97245865352265,99.97245865352265,0.00040294228140419193,0.0004092507735808432,8,25,26,25,1,1,1,1,1,1,1,1
0.05,357,20261176,0.0005435251983311817,1.6,0.001086648304595946,1.6,-2.6478031681686582,32.04119982655924,0.36089006747019126,32.04119982655924,49.981498518668985,99.9660296751043,99.9660296751043,0.00032073765220518203,0.00017302319740488425,11,25,26,25,1,1,1,1,1,1,1,1
0.05,358,20261177,0.00034550413202640864,1.6,0.0004403939320179538,1.6,-4.615467543519026,32.04119982655924,-3.5615867359963667,32.04119982655924,21.54657298676784,99.97840599174836,99.97840599174836,0.00019617644851845352,0.003132745378814126,25,21,26,25,1,1,1,1,1,1,1,1
0.05,359,20261178,0.0003826586538802404,1.6,0.0006160169583493215,1.6,-4.171884605915847,32.04119982655924,-2.104073319651897,32.04119982655924,37.881798756707575,99.97608383413248,99.97608383413248,0.00026326757199671396,0.0020243163543611775,7,25,26,25,1,1,1,1,1,1,1,1
0.05,360,20261179,0.0003147272516081004,1.6,0.0004375360518788293,1.6,-5.020656507613524,32.04119982655924,-3.5898615638574616,32.04119982655924,28.06826997303971,99.98032954677448,99.98032954677448,0.00020618627021347805,0.0004953009973450205,7,25,26,25,1,1,1,1,1,1,1,1
0.05,361,20261180,0.0006010204305927937,1.6,0.0008448654232579674,1.6,-2.2111076469792326,32.04119982655924,-0.732124633474343,32.04119982655924,28.861992212305175,99.96243622308793,99.96243622308793,0.0006015479038090472,0.0012486480030402263,11,25,26,25,1,1,1,1,1,1,1,1
0.05,362,20261181,0.0004199359922107931,1.6,0.0007772307051793082,1.6,-3.768169009070632,32.04119982655924,-1.0945005054970136,32.04119982655924,45.97022616162427,99.97375400048684,99.97375400048684,0.0008522510239876837,0.0028992139272928244,10,25,26,25,1,1,1,1,1,1,1,1
0.05,363,20261182,0.0002975969199722453,1.6,0.00038189522724129917,1.6,-5.263715679043175,32.04119982655924,-4.180557692143217,32.04119982655924,22.073673944029228,99.98140019250174,99.98140019250174,8.902434181321881e-05,0.0003162088168064028,9,25,26,25,1,1,1,1,1,1,1,1
0.05,364,20261183,0.0003880563393836553,1.6,0.0008096469940166812,1.6,-4.111052174285177,32.04119982655924,-0.9170429219176017,32.04119982655924,52.07092198805098,99.97574647878852,99.97574647878852,0.0002978017266325915,0.0015202866343401915,14,25,26,25,1,1,1,1,1,1,1,1
0.05,365,20261184,0.0002839371958922891,1.6,0.0005022829135387719,1.6,-5.467777109872251,32.04119982655924,-2.9905159524686105,32.04119982655924,43.47066399455143,99.98225392525673,99.98225392525673,0.00012796374655429872,0.00020015570128737603,5,25,26,25,1,1,1,1,1,1,1,1
0.05,366,20261185,0.0007249001236439431,1.6,0.0009596924622467739,1.6,-1.3972182617150959,32.04119982655924,-0.17867916280411023,32.04119982655924,24.4653727979846,99.95469374227224,99.95469374227224,0.0007775846244953233,0.005719410188530927,11,25,26,25,1,1,1,1,1,1,1,1
0.05,367,20261186,0.0001619731934917606,1.6,0.00024148602641336258,1.6,-7.905568550988573,32.04119982655924,-6.171079946315037,32.04119982655924,32.92647367740287,99.98987667540676,99.98987667540676,0.0001561137525452462,0.00011661856014912214,9,24,26,25,1,1,1,1,1,1,1,1
0.05,368,20261187,0.00029600666639075375,1.6,0.0003292642938505866,1.6,-5.2869850804877405,32.04119982655924,-4.824553625903566,32.04119982655924,10.100587303561223,99.98149958335057,99.98149958335057,0.0002149567366758248,0.0002886118363290807,17,21,26,25,1,1,1,1,1,1,1,1
0.05,369,20261188,0.0010303920464853453,1.6,0.001598239437118019,1.6,0.13002497743941996,32.04119982655924,2.0364184283121625,32.04119982655924,35.52955692650338,99.93560049709467,99.93560049709467,0.0002370900443869187,0.0006918005228966261,14,25,26,25,1,1,1,1,1,1,1,1
0.05,370,20261189,0.000296308072635842,1.6,0.00036712340576810034,1.6,-5.282565164124813,32.04119982655924,-4.351879263870737,32.04119982655924,19.289244984012278,99.98148074546026,99.98148074546026,0.0009163125737425945,0.0013502957399728066,7,23,26,25,1,1,1,1,1,1,1,1
0.05,371,20261190,0.00030272702720421976,1.6,0.0005047269901586328,1.6,-5.189488038809904,32.04119982655924,-2.969434708487446,32.04119982655924,40.02162889900649,99.98107956079973,99.98107956079973,0.0005245698777728903,0.00047700846764483335,8,25,26,25,1,1,1,1,1,1,1,1
0.05,372,20261191,0.0004529297076625336,1.6,0.0007890205998873612,1.6,-3.439691930048716,32.04119982655924,-1.0291165800652333,32.04119982655924,42.5959591261378,99.9716918932711,99.9716918932711,0.0005405847282628583,0.000534438008955749,9,22,26,25,1,1,1,1,1,1,1,1
0.05,373,20261192,0.0003314413376338931,1.6,0.0005262486442662419,1.6,-4.795933269767,32.04119982655924,-2.7880900999418214,32.04119982655924,37.01811087874102,99.97928491639787,99.97928491639787,0.00025383585391066494,0.00023827820909625086,19,25,26,25,1,1,1,1,1,1,1,1
0.05,374,20261193,0.00029003679469833196,1.6,0.00035660239213388594,1.6,-5.3754690306382304,32.04119982655924,-4.47815747848656,32.04119982655924,18.666615509007016,99.98187270033137,99.98187270033137,0.00013789876613178414,0.00014053167179718347,11,25,26,25,1,1,1,1,1,1,1,1
0.05,375,20261194,0.0004019197472705144,1.6,0.000529930610326409,1.6,-3.958606553657388,32.04119982655924,-2.757809936543922,32.04119982655924,24.156155647820892,99.97488001579559,99.97488001579559,0.000691709071300774,0.0017679712972498804,6,24,26,25,1,1,1,1,1,1,1,1
0.05,376,20261195,0.0002040886855189914,1.6,0.00031416650821447577,1.6,-6.9018107148615275,32.04119982655924,-5.028401148813954,32.04119982655924,35.03805142091602,99.98724445715506,99.98724445715506,0.00017180508511939973,0.0001264627466055195,7,14,26,25,1,1,1,1,1,1,1,1
0.05,377,20261196,0.00033086778999048355,1.6,0.0004984256099264275,1.6,-4.803455093897695,32.04119982655924,-3.023996510118386,32.04119982655924,33.61741784509771,99.9793207631256,99.9793207631256,0.0002903599147580609,0.00041000836116984794,8,13,26,25,1,1,1,1,1,1,1,1
0.05,378,20261197,0.00020200111711300383,1.6,0.00029912456282736664,1.6,-6.9464622879757565,32.04119982655924,-5.241479231024545,32.04119982655924,32.469231144489974,99.98737493018044,99.98737493018044,0.0001812801070144364,0.0007726786520674696,4,16,26,25,1,1,1,1,1,1,1,1
0.05,379,20261198,0.0003067824242609582,1.6,0.0004061363041313284,1.6,-5.131695249874889,32.04119982655924,-3.9132818761116743,32.04119982655924,24.463186092874643,99.9808260984837,99.9808260984837,0.00020744878918396348,0.0038810731146351643,14,25,26,25,1,1,1,1,1,1,1,1
0.05,380,20261199,0.0015325807266726907,1.6,0.0018820091074493884,1.6,1.8542335968319557,32.04119982655924,2.746217207413142,32.04119982655924,18.566774166691676,99.90421370458296,99.90421370458296,0.0007062373420587266,0.0013664633403588677,6,22,26,25,1,1,1,1,1,1,1,1
0.05,381,20261200,0.0004882431451205319,1.6,0.0007353053397906092,1.6,-3.1136384544353994,32.04119982655924,-1.3353228016837164,32.04119982655924,33.59994566888804,99.96948480342996,99.96948480342996,0.00025029085315044495,0.00013865130657146803,17,25,26,25,1,1,1,1,1,1,1,1
0.05,382,20261201,0.00047848826841251254,1.6,0.0006376994001019323,1.6,-3.201287057997155,32.04119982655924,-1.953839915630712,32.04119982655924,24.966486037774356,99.9700944832242,99.9700944832242,0.0002366701387940372,0.00044783262771234446,9,25,26,25,1,1,1,1,1,1,1,1
0.05,383,20261202,0.0004617489336247284,1.6,0.0006572604135921407,1.6,-3.3559409885779323,32.04119982655924,-1.8226252423297176,32.04119982655924,29.74642560608189,99.97114069164846,99.97114069164846,0.0002649957817868966,0.0005325327129682938,8,23,26,25,1,1,1,1,1,1,1,1
0.05,384,20261203,0.0005716446473313981,1.6,0.0011324285753818433,1.6,-2.428738587256734,32.04119982655924,0.5401081969525069,32.04119982655924,49.52046780180857,99.96427220954179,99.96427220954179,0.0006249844701780573,0.00043295402340466687,8,25,26,25,1,1,1,1,1,1,1,1
0.05,385,20261204,0.0002373633442890838,1.6,0.0004687542636402008,1.6,-6.245863477324043,32.04119982655924,-3.2905476904131086,32.04119982655924,49.36294713443385,99.98516479098193,99.98516479098193,0.0003897076093766368,0.0003069855904345878,9,25,26,25,1,1,1,1,1,1,1,1
0.05,386,20261205,0.0002088223113110844,1.6,0.00040921553787623627,1.6,-6.802231016389814,32.04119982655924,-3.880478845253771,32.04119982655924,48.97009229052272,99.98694860554306,99.98694860554306,0.0002471161618033874,0.00021350253450158472,10,19,26,25,1,1,1,1,1,1,1,1
0.05,387,20261206,0.00038292805158052895,1.6,0.0005726847543234244,1.6,-4.168828180336165,32.04119982655924,-2.4208437826495004,32.04119982655924,33.13458256228175,99.97606699677621,99.97606699677621,0.00023912878309861839,0.00011341442702648525,6,18,26,25,1,1,1,1,1,1,1,1
0.05,388,20261207,0.00014956611205522324,1.6,0.0002712155115963938,1.6,-8.25166795606486,32.04119982655924,-5.666854755421687,32.04119982655924,44.85340783981475,99.99065211799655,99.99065211799655,6.091863852144507e-05,0.0001588021644665567,8,16,26,25,1,1,1,1,1,1,1,1
0.05,389,20261208,0.00042557617460799104,1.6,0.0005083984318979349,1.6,-3.7102269350885484,32.04119982655924,-2.937957976521054,32.04119982655924,16.290816826628433,99.97340148908701,99.97340148908701,0.00024369678666194222,0.0008792107459717395,7,23,26,25,1,1,1,1,1,1,1,1
0.05,390,20261209,0.0003520048256258657,1.6,0.00047554727803480204,1.6,-4.5345138274823285,32.04119982655924,-3.228062998223826,32.04119982655924,25.97900526725234,99.97799969839839,99.97799969839839,0.0010261218796133243,0.0013964007733394904,6,21,26,25,1,1,1,1,1,1,1,1
0.05,391,20261210,0.0003762986390936544,1.6,0.0005134993793283417,1.6,-4.244673523290462,32.04119982655924,-2.8946007700231973,32.04119982655924,26.718774307798803,99.97648133505665,99.97648133505665,0.00026860094180820914,0.002018352192284498,6,22,26,25,1,1,1,1,1,1,1,1
0.05,392,20261211,0.00040380251720027965,1.6,0.0007405766865959888,1.6,-3.9383097810465317,32.04119982655924,-1.304299636909521,32.04119982655924,45.474584265360704,99.97476234267498,99.97476234267498,0.0002925216136071086,0.00048663191675917027,7,21,26,25,1,1,1,1,1,1,1,1
0.05,393,20261212,0.0005329583312198114,1.6,0.0007660197043001203,1.6,-2.73306744498219,32.04119982655924,-1.1576005888077814,32.04119982655924,30.424984079652003,99.96669010429876,99.96669010429876,0.00018327970936958294,0.0006875174620160398,8,15,26,25,1,1,1,1,1,1,1,1
0.05,394,20261213,0.0005040869294042781,1.6,0.0010029463196140082,1.6,-2.974945633458012,32.04119982655924,0.012776890330788177,32.04119982655924,49.73939087804022,99.96849456691224,99.96849456691224,0.0004224453026719367,0.0012136985088618212,6,25,26,25,1,1,1,1,1,1,1,1
0.05,395,20261214,0.0002878384574407282,1.6,0.0006674652796960935,1.6,-5.4085118142617405,32.04119982655924,-1.7557132056799585,32.04119982655924,56.87589059736782,99.98201009640995,99.98201009640995,0.0001414941441339404,0.00034080803357420636,6,25,26,25,1,1,1,1,1,1,1,1
0.05,396,20261215,0.00031118067897860656,1.6,0.0004951965194125823,1.6,-5.069873759287079,32.04119982655924,-3.0522241650252155,32.04119982655924,37.160164342887775,99.98055120756383,99.98055120756383,0.00015754008868544393,0.00018152409345638658,4,15,26,25,1,1,1,1,1,1,1,1
0.05,397,20261216,0.0005624312568013784,1.6,0.0007221725790049051,1.6,-2.4993055164550193,32.04119982655924,-1.4135900581911234,32.04119982655924,22.119549654410473,99.96484804644993,99.96484804644993,0.000251272312330827,0.0015685081795631835,7,14,26,25,1,1,1,1,1,1,1,1
0.05,398,20261217,0.00028723058140554044,1.6,0.0004110390497312202,1.6,-5.417693226866355,32.04119982655924,-3.861169171088804,32.04119982655924,30.120853093310366,99.98204808866215,99.98204808866215,0.00017980124294773674,0.0007279186892611774,6,25,26,25,1,1,1,1,1,1,1,1
0.05,399,20261218,0.000208835165642713,1.6,0.00042834841189636684,1.6,-6.8019636889454524,32.04119982655924,-3.682028389088638,32.04119982655924,51.24642467607938,99.98694780214734,99.98694780214734,0.0001849276453229007,0.0008046901403169805,6,21,26,25,1,1,1,1,1,1,1,1
0.05,400,20261219,0.0005278295533287494,1.6,0.0005997192793167968,1.6,-2.775062971620517,32.04119982655924,-2.2205198957089918,32.04119982655924,11.98722943673655,99.96701065291697,99.96701065291697,0.00016944870233406395,0.002769908255597347,10,18,26,25,1,1,1,1,1,1,1,1
0.05,401,20261220,0.0006215791303640591,1.6,0.0005931625809670851,1.6,-2.06503575481084,32.04119982655924,-2.2682625378675576,32.04119982655924,-4.790684764815062,99.96115130435224,99.96115130435224,0.001332084682893131,0.0018942369663474267,6,15,26,25,1,1,1,1,0,1,1,1
0.05,402,20261221,0.00031500899281696046,1.6,0.000653313790345261,1.6,-5.016770478769551,32.04119982655924,-1.8487817449403803,32.04119982655924,51.78289552858121,99.98031193794894,99.98031193794894,0.000501849784710012,0.0005213437903780599,17,18,26,25,1,1,1,1,1,1,1,1
0.05,403,20261222,0.00031775398815201425,1.6,0.0006216065614146904,1.6,-4.979089898800335,32.04119982655924,-2.0648440995496395,32.04119982655924,48.88181562484633,99.98014037574049,99.98014037574049,0.00015796129713620364,0.00018137850979124825,8,23,26,25,1,1,1,1,1,1,1,1
0.05,404,20261223,0.0004219096000996933,1.6,0.0008654138304693506,1.6,-3.747805926013176,32.04119982655924,-0.6277616847572193,32.04119982655924,51.24764762877966,99.97363064999378,99.97363064999378,0.0003001743967497334,0.00029846561164481946,16,25,26,25,1,1,1,1,1,1,1,1
0.05,405,20261224,0.00035441303506373754,1.6,0.000524163567304206,1.6,-4.504903134437161,32.04119982655924,-2.805331685641879,32.04119982655924,32.385030709689,99.97784918530851,99.97784918530851,0.00021576232349789407,0.00037796222023693483,8,24,26,25,1,1,1,1,1,1,1,1
0.05,406,20261225,0.0006607369989014395,1.6,0.0008487255106119161,1.6,-1.7997137357788404,32.04119982655924,-0.7123274379780432,32.04119982655924,22.149506449374915,99.95870393756867,99.95870393756867,0.00022776279633638651,0.0008048722667162295,14,25,26,25,1,1,1,1,1,1,1,1
0.05,407,20261226,0.00058213642026248,1.6,0.0005957817458048937,1.6,-2.349752290534974,32.04119982655924,-2.2491280729360628,32.04119982655924,2.2903228637827873,99.9636164737336,99.9636164737336,0.00011528426219874449,0.00020158784328773568,7,23,26,25,1,1,1,1,1,1,1,1
0.05,408,20261227,0.0005946467728968254,1.6,0.0012151055317871752,1.6,-2.2574093365767225,32.04119982655924,0.8461399800225802,32.04119982655924,51.06212939198623,99.96283457669395,99.96283457669395,0.00030706856069684943,0.00396819566121352,7,24,26,25,1,1,1,1,1,1,1,1
0.05,409,20261228,0.00043981741694827236,1.6,0.0005687736651576723,1.6,-3.567275763968885,32.04119982655924,-2.450605201219526,32.04119982655924,22.67268266959079,99.97251141144073,99.97251141144073,0.00016322189424224263,0.0002660963190740255,9,18,26,25,1,1,1,1,1,1,1,1
0.05,410,20261229,0.0012309362526195283,1.6,0.0015436362961226701,1.6,0.9023556239318696,32.04119982655924,1.8854498175506353,32.04119982655924,20.257365306101356,99.92306648421129,99.92306648421129,0.0004230547923743608,0.0015045299982768675,10,21,26,25,1,1,1,1,1,1,1,1
0.05,411,20261230,0.0005552610446680366,1.6,0.0006689477580001539,1.6,-2.555027941650308,32.04119982655924,-1.7460779747607578,32.04119982655924,16.994856769082883,99.96529618470825,99.96529618470825,0.0004850038808952812,0.0004885666619713014,15,25,26,25,1,1,1,1,1,1,1,1
0.05,412,20261231,0.0002431966797180997,1.6,0.00033353362456516305,1.6,-6.140423586342988,32.04119982655924,-4.76860376958836,32.04119982655924,27.084808904900704,99.98480020751761,99.98480020751761,0.00018543447040221937,0.0005193840970035866,8,25,26,25,1,1,1,1,1,1,1,1
0.05,413,20261232,0.0003356121101398455,1.6,0.0005256616422012631,1.6,-4.741623765917878,32.04119982655924,-2.7929371251573336,32.04119982655924,36.154346599376225,99.97902424311626,99.97902424311626,0.00016198259207897972,0.00020966774274034993,9,25,26,25,1,1,1,1,1,1,1,1
0.05,414,20261233,0.0003047794011879963,1.6,0.0005871373832662354,1.6,-5.16014388555175,32.04119982655924,-2.312602670429203,32.04119982655924,48.09061560813696,99.98095128742577,99.98095128742577,0.0007167925680130361,0.0006310350711732512,9,18,26,25,1,1,1,1,1,1,1,1
0.05,415,20261234,0.0007513213122604969,1.6,0.0009375865382491745,1.6,-1.241742916262976,32.04119982655924,-0.279886368273399,32.04119982655924,19.86645694983043,99.95304241798372,99.95304241798372,0.0005301037039751586,0.00029942444407166655,13,24,26,25,1,1,1,1,1,1,1,1
0.05,416,20261235,0.00022061153957051582,1.6,0.0003829423135381496,1.6,-6.5637177457612905,32.04119982655924,-4.168666432610216,32.04119982655924,42.3903988221615,99.98621177877685,99.98621177877685,0.00012691782232394824,0.00016427104636277477,9,25,26,25,1,1,1,1,1,1,1,1
0.05,417,20261236,0.0007027441251212122,1.6,0.0011393041146693006,1.6,-1.532027763688379,32.04119982655924,0.566396658646391,32.04119982655924,38.3181262954366,99.95607849217993,99.95607849217993,0.000261211785406682,0.000538069615789615,10,25,26,25,1,1,1,1,1,1,1,1
0.05,418,20261237,0.0005537789801929312,1.6,0.0012176432777291234,1.6,-2.5666353280761536,32.04119982655924,0.8552007548508067,32.04119982655924,54.520425618764456,99.96538881373795,99.96538881373795,0.0010603826338487364,0.0017018719162868743,10,25,26,25,1,1,1,1,1,1,1,1
0.05,419,20261238,0.0008399624742416669,1.6,0.0017492058893552008,1.6,-0.7574011583551299,32.04119982655924,2.428409308899243,32.04119982655924,51.98035409363405,99.9475023453599,99.9475023453599,0.00030684109506981,0.0004605248343643241,7,25,26,25,1,1,1,1,1,1,1,1
0.05,420,20261239,0.0007558760210732275,1.6,0.0013398663826170117,1.6,-1.2154943171999386,32.04119982655924,1.2706149076369542,32.04119982655924,43.58571639084943,99.95275774868291,99.95275774868291,0.007409258502056826,0.007737261266066762,12,25,26,25,1,1,1,1,1,1,1,1
0.05,421,20261240,0.00033613907606329623,1.6,0.0006339027717214945,1.6,-4.734809979969996,32.04119982655924,-1.979773492838393,32.04119982655924,46.973086243109364,99.97899130774606,99.97899130774606,0.00027075765434793716,0.003997583489470846,12,20,26,25,1,1,1,1,1,1,1,1
0.05,422,20261241,0.0005283516875266426,1.6,0.0008885677280236422,1.6,-2.7707690112535035,32.04119982655924,-0.5130946399157501,32.04119982655924,40.53895152125255,99.96697801952958,99.96697801952958,0.00010794608041112428,0.00017952802940713404,11,16,26,25,1,1,1,1,1,1,1,1
0.05,423,20261242,0.00043475174868458854,1.6,0.0005965595503185032,1.6,-3.6175866247639417,32.04119982655924,-2.2434619728475482,32.04119982655924,27.123495306969012,99.97282801570721,99.97282801570721,0.0005914846971711463,0.0006847364742852394,8,13,26,25,1,1,1,1,1,1,1,1
0.05,424,20261243,0.000574596664994859,1.6,0.0007597618897086081,1.6,-2.406368990167707,32.04119982655924,-1.1932249480914334,32.04119982655924,24.371481015554174,99.96408770843782,99.96408770843782,0.0002942893100010567,0.002916754172344465,10,25,26,25,1,1,1,1,1,1,1,1
0.05,425,20261244,0.00031525277741907505,1.6,0.000789205281623925,1.6,-5.01341078545635,32.04119982655924,-1.0281001696717191,32.04119982655924,60.05440095758248,99.9802967014113,99.9802967014113,0.0006647852651870359,0.001694280077927852,10,25,26,25,1,1,1,1,1,1,1,1
0.05,426,20261245,0.000433873685083776,1.6,0.0006956724345050951,1.6,-3.626366895100461,32.04119982655924,-1.575952048923238,32.04119982655924,37.632474198516164,99.97288289468226,99.97288289468226,0.000281700898384415,0.0014931227554294438,4,25,26,25,1,1,1,1,1,1,1,1
0.05,427,20261246,0.00019345635946236027,1.6,0.0003398965670272831,1.6,-7.134169892096526,32.04119982655924,-4.686532217912759,32.04119982655924,43.08375599250117,99.9879089775336,99.9879089775336,0.0003028258781070627,0.00035237560804225813,5,22,26,25,1,1,1,1,1,1,1,1
0.05,428,20261247,0.0005818131797017819,1.6,0.000944682547797915,1.6,-2.3521644498836554,32.04119982655924,-0.24714107788785294,32.04119982655924,38.41177853258675,99.96363667626864,99.96363667626864,0.0001797048164593084,0.0003266846494000517,13,25,26,25,1,1,1,1,1,1,1,1
0.05,429,20261248,0.0005071634934523989,1.6,0.0007706065789141441,1.6,-2.948520153053142,32.04119982655924,-1.1316728759668346,32.04119982655924,34.18645683416834,99.96830228165922,99.96830228165922,0.0005686760017726451,0.0005690956563726188,12,22,26,25,1,1,1,1,1,1,1,1
0.05,430,20261249,0.0005128026683516218,1.6,0.0010176305379468226,1.6,-2.900497236464736,32.04119982655924,0.07590131188375489,32.04119982655924,49.60816826642649,99.96794983322802,99.96794983322802,0.00039300334730581925,0.0017953104573520176,14,25,26,25,1,1,1,1,1,1,1,1
0.05,431,20261250,0.0009257209497084339,1.6,0.0013792864752842048,1.6,-0.33519907773558155,32.04119982655924,1.3965447771601713,32.04119982655924,32.88406967684598,99.94214244064321,99.94214244064321,0.0006861793186877009,0.0007439624701821951,20,25,26,25,1,1,1,1,1,1,1,1
0.05,432,20261251,0.0002820798898294335,1.6,0.0005127920876476857,1.6,-5.496278746649973,32.04119982655924,-2.9005868457632893,32.04119982655924,44.99137240525506,99.98237000688565,99.98237000688565,0.0005921071832032102,0.0016546180563261105,9,25,26,25,1,1,1,1,1,1,1,1
0.05,433,20261252,0.0005249583900093812,1.6,0.0009498338316587407,1.6,-2.7987511889020116,32.04119982655924,-0.22352365559399473,32.04119982655924,44.73155487706508,99.96719010062442,99.96719010062442,0.0002802323519923249,0.0018198075860663514,16,25,26,25,1,1,1,1,1,1,1,1
0.05,434,20261253,0.00021223729704790008,1.6,0.0003546821484856289,1.6,-6.7317829395607385,32.04119982655924,-4.501606694623263,32.04119982655924,40.16126891243878,99.9867351689345,99.9867351689345,8.520675887521448e-05,0.00019857305084999542,14,25,26,25,1,1,1,1,1,1,1,1
0.05,435,20261254,0.0008055762388715725,1.6,0.000915773009896141,1.6,-0.9389335213560381,32.04119982655924,-0.38212160356152136,32.04119982655924,12.033197073264487,99.94965148507052,99.94965148507052,0.0002796357809824833,0.0003064022927622663,11,19,26,25,1,1,1,1,1,1,1,1
0.05,436,20261255,0.0004689365355605233,1.6,0.0009039439990471601,1.6,-3.2888592939765333,32.04119982655924,-0.43858474013736204,32.04119982655924,48.12327577208041,99.97069146652746,99.97069146652746,0.00021952114438304423,0.002153916839857742,9,25,26,25,1,1,1,1,1,1,1,1
0.05,437,20261256,0.0007931494289420778,1.6,0.0012576122794645457,1.6,-1.0064498411821574,32.04119982655924,0.9954676921509833,32.04119982655924,36.93211795929843,99.95042816069112,99.95042816069112,0.0004271888449051742,0.001238883233874266,13,23,26,25,1,1,1,1,1,1,1,1
0.05,438,20261257,0.0004917176482838906,1.6,0.0006904202845035067,1.6,-3.0828420412642887,32.04119982655924,-1.6088645756148918,32.04119982655924,28.779953410915013,99.96926764698226,99.96926764698226,0.0007631199717787922,0.0018396403908181634,10,21,26,25,1,1,1,1,1,1,1,1
0.05,439,20261258,0.00043127652822840483,1.6,0.00047843228327086487,1.6,-3.6524417723143965,32.04119982655924,-3.2017952305527784,32.04119982655924,9.856307086987014,99.97304521698574,99.97304521698574,0.0001464414834132134,0.0001490808064323508,7,20,26,25,1,1,1,1,1,1,1,1
0.05,440,20261259,0.0003513551529247429,1.6,0.0006174067994229558,1.6,-4.542536727789008,32.04119982655924,-2.09428591997413,32.04119982655924,43.09179081715194,99.9780403029422,99.9780403029422,0.0004366147025126009,0.002764825513332037,8,25,26,25,1,1,1,1,1,1,1,1
0.05,441,20261260,0.00028210792657312256,1.6,0.0003612932297003337,1.6,-5.49584711013707,32.04119982655924,-4.421401766310783,32.04119982655924,21.917184330547663,99.98236825458919,99.98236825458919,0.000912937176916866,0.0020233214048534023,9,23,26,25,1,1,1,1,1,1,1,1
0.05,442,20261261,0.00043294267017057053,1.6,0.0006280312569336693,1.6,-3.6356960867430836,32.04119982655924,-2.0201874101439086,32.04119982655924,31.063515487367436,99.97294108311434,99.97294108311434,0.0010435375904421329,0.0032272513677472007,9,21,26,25,1,1,1,1,1,1,1,1
0.05,443,20261262,0.00019589742845466758,1.6,0.0002906861765232994,1.6,-7.07971264951042,32.04119982655924,-5.365756204565956,32.04119982655924,32.60861909648952,99.98775641072159,99.98775641072159,0.00011232043528385441,8.488669298241912e-05,6,11,26,25,1,1,1,1,1,1,1,1
0.05,444,20261263,0.00020023620089585752,1.6,0.0003034841895911165,1.6,-6.984574032401114,32.04119982655924,-5.178639291428851,32.04119982655924,34.020878924323775,99.987485237444,99.987485237444,0.00013608800674898424,0.0008332701773108592,5,18,26,25,1,1,1,1,1,1,1,1
0.05,445,20261264,0.00038888187682623824,1.6,0.0006120754352275778,1.6,-4.101822959313751,32.04119982655924,-2.1319504993912117,32.04119982655924,36.46504099913,99.97569488269835,99.97569488269835,0.00031623795658380373,0.0006501834876444168,9,25,26,25,1,1,1,1,1,1,1,1
0.05,446,20261265,0.0002585836057440015,1.6,0.000357981158298512,1.6,-5.873990129460075,32.04119982655924,-4.4613983107212265,32.04119982655924,27.766140829016823,99.98383852464099,99.98383852464099,0.00027170596894350303,0.00019421093037104287,8,23,26,25,1,1,1,1,1,1,1,1
0.05,447,20261266,0.0002675167328283498,1.6,0.0004612287811664872,1.6,-5.726490482306248,32.04119982655924,-3.360836000941883,32.04119982655924,41.999124132761835,99.98328020419822,99.98328020419822,0.00011889919893986793,0.0001227708579706697,8,21,26,25,1,1,1,1,1,1,1,1
0.05,448,20261267,0.0006168026800227092,1.6,0.0007761235349884651,1.6,-2.0985374793286895,32.04119982655924,-1.100691469198705,32.04119982655924,20.527770101459907,99.96144983249859,99.96144983249859,0.0011625096857286925,0.001169569256593963,20,25,26,25,1,1,1,1,1,1,1,1
0.05,449,20261268,0.0005593375190634035,1.6,0.0006936176470316489,1.6,-2.523260482281662,32.04119982655924,-1.5887986606389293,32.04119982655924,19.359387487169617,99.96504140505853,99.96504140505853,0.0003619325730012106,0.0004219330258137528,10,16,26,25,1,1,1,1,1,1,1,1
0.05,450,20261269,0.0005537569318934951,1.6,0.000739615989473665,1.6,-2.5668082426458243,32.04119982655924,-1.3099370856597519,32.04119982655924,25.129129200199326,99.96539019175667,99.96539019175667,0.0002749651154224201,0.005849407836384398,6,14,26,25,1,1,1,1,1,1,1,1
0.05,451,20261270,0.0002774352324391745,1.6,0.0003531874992284853,1.6,-5.568383872342649,32.04119982655924,-4.51994676306714,32.04119982655924,21.448173266264128,99.98266029797254,99.98266029797254,0.0001259141454158819,0.0002616579792587545,7,21,26,25,1,1,1,1,1,1,1,1
0.05,452,20261271,0.0004790867776943515,1.6,0.0007293488440860171,1.6,-3.1958581506049857,32.04119982655924,-1.370647010034175,32.04119982655924,34.31308192519059,99.97005707639411,99.97005707639411,0.00028860174336715314,0.00026223655565745625,5,17,26,25,1,1,1,1,1,1,1,1
0.05,453,20261272,0.0003510558567858732,1.6,0.0005304848840348405,1.6,-4.546237770843165,32.04119982655924,-2.7532698664254056,32.04119982655924,33.82358906897391,99.9780590089509,99.9780590089509,9.811751078410827e-05,0.00011600069284678507,6,25,26,25,1,1,1,1,1,1,1,1
0.05,454,20261273,0.00025915290230717783,1.6,0.0003767714853712137,1.6,-5.864439230431109,32.04119982655924,-4.2392197269055565,32.04119982655924,31.217485300978197,99.9838029436058,99.9838029436058,0.0005190122123096244,0.0017161986310864504,6,15,26,25,1,1,1,1,1,1,1,1
0.05,455,20261274,0.000584928504117148,1.6,0.0010363593471604338,1.6,-2.328972145416882,32.04119982655924,0.1551036875785181,32.04119982655924,43.5592967130736,99.96344196849267,99.96344196849267,0.00031180063280748473,0.0007516440240418135,6,25,26,25,1,1,1,1,1,1,1,1
0.05,456,20261275,0.00018817728181874297,1.6,0.00020662319530005859,1.6,-7.254328090506684,32.04119982655924,-6.848209266432371,32.04119982655924,8.927319827054474,99.98823891988633,99.98823891988633,0.0003473808688848611,0.000349289297905658,6,25,26,25,1,1,1,1,1,1,1,1
0.05,457,20261276,0.0002774226974115065,1.6,0.0004097512193481902,1.6,-5.568580098910019,32.04119982655924,-3.874797453708798,32.04119982655924,32.29484518610698,99.98266108141178,99.98266108141178,0.00031628593625457476,0.0021246124108394897,10,25,26,25,1,1,1,1,1,1,1,1
0.05,458,20261277,0.000362301759796053,1.6,0.0005627872938367342,1.6,-4.40929556476479,32.04119982655924,-2.496557162815083,32.04119982655924,35.62367811716134,99.97735614001274,99.97735614001274,0.0004185990201374407,0.001053355545844617,6,18,26,25,1,1,1,1,1,1,1,1
0.05,459,20261278,0.00041975468658952346,1.6,0.0005745350374373557,1.6,-3.770044462355205,32.04119982655924,-2.4068348115896714,32.04119982655924,26.940106479530183,99.97376533208815,99.97376533208815,0.0004154031069794622,0.0004355909916986825,10,20,26,25,1,1,1,1,1,1,1,1
0.05,460,20261279,0.0004877039726324539,1.6,0.0008059452868415606,1.6,-3.118437068129311,32.04119982655924,-0.9369444011715679,32.04119982655924,39.486714471185834,99.96951850171047,99.96951850171047,0.0009029753779640803,0.001113984048082157,5,25,26,25,1,1,1,1,1,1,1,1
0.05,461,20261280,0.00033643443953062884,1.6,0.0008140031735992816,1.6,-4.730995535027088,32.04119982655924,-0.8937390189953464,32.04119982655924,58.66914891215779,99.97897284752933,99.97897284752933,0.00022595099905295862,0.00019503224583625265,5,25,26,22,1,1,1,1,1,1,1,1
0.05,462,20261281,0.0005117913945213825,1.6,0.0006902808189664466,1.6,-2.9090702079994295,32.04119982655924,-1.6097419431090534,32.04119982655924,25.857508935611918,99.96801303784241,99.96801303784241,0.0007705617211077204,0.0009988826398728214,11,25,26,25,1,1,1,1,1,1,1,1
0.05,463,20261282,0.0003480270321261855,1.6,0.0006282934897406931,1.6,-4.583870220094797,32.04119982655924,-2.018374403387178,32.04119982655924,44.60756990020351,99.97824831049212,99.97824831049212,0.00017010825858325141,0.0008104383893387712,7,21,26,25,1,1,1,1,1,1,1,1
0.05,464,20261283,0.00047445278861188303,1.6,0.00044411065950907393,1.6,-3.23806996440981,32.04119982655924,-3.5250880279927315,32.04119982655924,-6.832110072825029,99.97034670071176,99.97034670071176,0.001161414867066586,0.0032518843102850004,9,15,26,25,1,1,1,1,0,1,1,1
0.05,465,20261284,0.000542857361144113,1.6,0.0013942492007187244,1.6,-2.6531426876438013,32.04119982655924,1.4434040419566103,32.04119982655924,61.064538472442784,99.96607141492849,99.96607141492849,0.0007820721800408736,0.0032643958947801894,15,25,26,25,1,1,1,1,1,1,1,1
0.05,466,20261285,0.0005494563158068927,1.6,0.0005759834154243233,1.6,-2.6006683018892347,32.04119982655924,-2.3959002125281916,32.04119982655924,4.605531844677891,99.96565898026208,99.96565898026208,0.00037925682562187985,0.0043066963984111925,12,25,26,25,1,1,1,1,1,1,1,1
0.05,467,20261286,0.00029209364296531315,1.6,0.0005299153846481674,1.6,-5.344778947728673,32.04119982655924,-2.7579347174663456,32.04119982655924,44.87919176771097,99.98174414731467,99.98174414731467,8.50333425242085e-05,0.0002530763839380569,9,22,26,25,1,1,1,1,1,1,1,1
0.05,468,20261287,0.0004454382778287053,1.6,0.0006686802543759036,1.6,-3.5121246548900986,32.04119982655924,-1.747815009995889,32.04119982655924,33.38545965523623,99.9721601076357,99.9721601076357,0.0003084505489827227,0.0005727407674231543,8,17,26,25,1,1,1,1,1,1,1,1
0.05,469,20261288,0.0005088176220834923,1.6,0.0005823925814010197,1.6,-2.9343785600529677,32.04119982655924,-2.3478416576425127,32.04119982655924,12.633223991372528,99.96819889861978,99.96819889861978,0.0001763802519979354,0.00046888940109798247,10,18,26,25,1,1,1,1,1,1,1,1
0.05,470,20261289,0.0006554552565340432,1.6,0.0007983069447897678,1.6,-1.8345694928829945,32.04119982655924,-0.9783009261200643,32.04119982655924,17.8943311451893,99.95903404646663,99.95903404646663,0.00023290432348864113,0.0007229782975744229,15,25,26,25,1,1,1,1,1,1,1,1
0.05,471,20261290,0.0002963437552624987,1.6,0.00033383417803855826,1.6,-5.282042200484237,32.04119982655924,-4.764692021873598,32.04119982655924,11.23025299456587,99.98147851529609,99.98147851529609,0.00029529303553490306,0.0010557642812300313,10,19,26,25,1,1,1,1,1,1,1,1
0.05,472,20261291,0.0005422549993002651,1.6,0.0005775970066276008,1.6,-2.6579643533311446,32.04119982655924,-2.383750661456262,32.04119982655924,6.1188002918654485,99.96610906254375,99.96610906254375,0.000371941053100938,0.0024838100811428203,12,19,26,25,1,1,1,1,1,1,1,1
0.05,473,20261292,0.000452622357730992,1.6,0.0006583970443306456,1.6,-3.442639974440826,32.04119982655924,-1.815121274218075,32.04119982655924,31.25388978756017,99.9717111026418,99.9717111026418,0.00013496717178250114,0.00031547827578858696,9,21,26,25,1,1,1,1,1,1,1,1
0.05,474,20261293,0.0006132084191504805,1.6,0.0011095402946350373,1.6,-2.123918910559284,32.04119982655924,0.4514307891582199,32.04119982655924,44.73310954856453,99.96167447380309,99.96167447380309,0.000656935608406718,0.0012007887666848128,10,22,26,25,1,1,1,1,1,1,1,1
0.05,475,20261294,0.00025545576752805134,1.6,0.00034099203532488834,1.6,-5.9268428762908245,32.04119982655924,-4.672557648633603,32.04119982655924,25.084535395479328,99.9840340145295,99.9840340145295,5.0989887832193325e-05,0.00010541055490552212,12,22,26,25,1,1,1,1,1,1,1,1
0.05,476,20261295,0.00033819643971216753,1.6,0.000545937875969352,1.6,-4.708309686528197,32.04119982655924,-2.628567742526317,32.04119982655924,38.05221168953053,99.97886272251799,99.97886272251799,0.0003764123098727517,0.000376521415790326,10,25,26,25,1,1,1,1,1,1,1,1
0.05,477,20261296,0.00030172996176947996,1.6,0.00040266604467662415,1.6,-5.203815622642728,32.04119982655924,-3.9505499127987695,32.04119982655924,25.06694672708364,99.98114187738939,99.98114187738939,0.00044903435344817785,0.0030737057757917827,8,21,26,25,1,1,1,1,1,1,1,1
0.05,478,20261297,0.0001953761257214597,1.6,0.0006043517584654796,1.6,-7.091285066402698,32.04119982655924,-2.1871020989954424,32.04119982655924,67.67178667312184,99.98778899214241,99.98778899214241,0.00024833361498519,0.005400951528413961,8,19,26,25,1,1,1,1,1,1,1,1
0.05,479,20261298,0.0006398459304097087,1.6,0.0006869715470913097,1.6,-1.9392458793505318,32.04119982655924,-1.6306125012696189,32.04119982655924,6.859908082239289,99.96000962934939,99.96000962934939,0.0012561398494769713,0.002441654235713843,10,25,26,25,1,1,1,1,1,1,1,1
0.05,480,20261299,0.0005546836485142363,1.6,0.0007796637927052266,1.6,-2.5595463647325998,32.04119982655924,-1.0809263378425247,32.04119982655924,28.856046195292578,99.96533227196787,99.96533227196787,0.0006813889061158621,0.0002926861276760878,14,25,26,25,1,1,1,1,1,1,1,1
0.05,481,20261300,0.00028469991446833343,1.6,0.0003932936918203861,1.6,-5.456126633270049,32.04119982655924,-4.052830193404893,32.04119982655924,27.61137023312505,99.98220625534573,99.98220625534573,0.00014985687642968403,0.002929697126025855,12,25,26,25,1,1,1,1,1,1,1,1
0.05,482,20261301,0.0002292523783977564,1.6,0.0003094039553593121,1.6,-6.396861500105552,32.04119982655924,-5.094741386659235,32.04119982655924,25.905155888674834,99.98567172635015,99.98567172635015,0.00018382815450818232,0.0003155108082774908,7,25,26,25,1,1,1,1,1,1,1,1
0.05,483,20261302,0.0005513853217856014,1.6,0.0008045799107263327,1.6,-2.585447992610132,32.04119982655924,-0.9443081537601737,32.04119982655924,31.4691661530749,99.9655384173884,99.9655384173884,0.0004192031472166835,0.0034614414705547436,9,25,26,25,1,1,1,1,1,1,1,1
0.05,484,20261303,0.00029163262974489686,1.6,0.0005496959732553384,1.6,-5.35163885959831,32.04119982655924,-2.598774444048204,32.04119982655924,46.94655883727366,99.98177296064095,99.98177296064095,6.226366868566084e-05,0.00013580569998121442,7,18,26,25,1,1,1,1,1,1,1,1
0.05,485,20261304,0.00043695073276807167,1.6,0.0007715261978127105,1.6,-3.595675280025121,32.04119982655924,-1.126493225206922,32.04119982655924,43.365405606856356,99.972690579202,99.972690579202,0.00022716140696288408,0.00041887931726923794,12,25,26,25,1,1,1,1,1,1,1,1
0.05,486,20261305,0.0006658711361713979,1.6,0.0012024972416733379,1.6,-1.766098102661482,32.04119982655924,0.8008408884842859,32.04119982655924,44.62597392366545,99.9583830539893,99.9583830539893,0.000680494705175238,0.002562339967668285,8,20,26,25,1,1,1,1,1,1,1,1
0.05,487,20261306,0.0003220807307383501,1.6,0.00040995711525455586,1.6,-4.920352571248408,32.04119982655924,-3.8726157153004657,32.04119982655924,21.435506604548237,99.97986995432886,99.97986995432886,0.00025221185351443015,0.0002498154945842471,12,19,26,25,1,1,1,1,1,1,1,1
0.05,488,20261307,0.000468379881314882,1.6,0.0008168568949855614,1.6,-3.2940176778750563,32.04119982655924,-0.8785402077699033,32.04119982655924,42.66071766179301,99.97072625741781,99.97072625741781,0.0001333405532501851,9.544997119714744e-05,13,25,26,25,1,1,1,1,1,1,1,1
0.05,489,20261308,0.0004917300569398618,1.6,0.0011970556201395116,1.6,-3.0827324470115833,32.04119982655924,0.7811432998743097,32.04119982655924,58.921703497574086,99.96926687144126,99.96926687144126,0.0013602691812146584,0.0013716422302883142,12,25,26,25,1,1,1,1,1,1,1,1
0.05,490,20261309,0.0003459358736133196,1.6,0.0004447276218368009,1.6,-4.610043992331864,32.04119982655924,-3.519058958742912,32.04119982655924,22.213989725993304,99.97837900789918,99.97837900789918,0.00027644916223256983,0.000298772908078862,10,18,26,25,1,1,1,1,1,1,1,1
0.05,491,20261310,0.00019909479018402013,1.6,0.00031741477560348716,1.6,-7.00940104231429,32.04119982655924,-4.98372860776808,32.04119982655924,37.2761429251396,99.9875565756135,99.9875565756135,8.68805506815829e-05,0.00023014906379223085,9,25,26,25,1,1,1,1,1,1,1,1
0.05,492,20261311,0.0003985673947091338,1.6,0.0006641068832801598,1.6,-3.994982321711269,32.04119982655924,-1.7776201839826067,32.04119982655924,39.98445058413972,99.97508953783068,99.97508953783068,0.00018099348454279736,0.00100903659195449,6,25,26,25,1,1,1,1,1,1,1,1
0.05,493,20261312,0.00026886041596287785,1.6,0.0006652494256823552,1.6,-5.704731337913783,32.04119982655924,-1.7701549170794026,32.04119982655924,59.58502095855187,99.98319622400233,99.98319622400233,0.0002673315315578511,0.0021414573666254824,6,25,26,25,1,1,1,1,1,1,1,1
0.05,494,20261313,0.0005421968552232579,1.6,0.0007762510632533126,1.6,-2.658430056842434,32.04119982655924,-1.0999779194936625,32.04119982655924,30.15186955739811,99.96611269654854,99.96611269654854,0.00025390047972567747,0.00046147132859686855,15,20,26,25,1,1,1,1,1,1,1,1
0.05,495,20261314,0.0006745351359644956,1.6,0.0011454764095686779,1.6,-1.7099542337077753,32.04119982655924,0.5898614957112109,32.04119982655924,41.11313595550277,99.95784155400223,99.95784155400223,0.0012615179197840414,0.002507458545505354,12,25,26,25,1,1,1,1,1,1,1,1
0.05,496,20261315,0.0002697963699590659,1.6,0.00044263847303766793,1.6,-5.689638979456285,32.04119982655924,-3.5395084096952916,32.04119982655924,39.048142808836545,99.98313772687754,99.98313772687754,0.00020619207202760044,0.0010016513996849356,7,15,26,25,1,1,1,1,1,1,1,1
0.05,497,20261316,0.000888663851025455,1.6,0.0014990087748988747,1.6,-0.5126248565762673,32.04119982655924,1.7580417512913769,32.04119982655924,40.71656778090538,99.9444585093109,99.9444585093109,0.00052459534834947,0.008198449485193448,16,25,26,25,1,1,1,1,1,1,1,1
0.05,498,20261317,0.0003876516253994927,1.6,0.0005443326888337977,1.6,-4.115583907205265,32.04119982655924,-2.6413558419504133,32.04119982655924,28.784062880733,99.97577177341252,99.97577177341252,0.0002749523848439065,0.0004242490499323497,9,25,26,25,1,1,1,1,1,1,1,1
0.05,499,20261318,0.0005044333543290571,1.6,0.0007701184894440775,1.6,-2.9719620456894926,32.04119982655924,-1.1344244969402242,32.04119982655924,34.49925417409593,99.96847291535443,99.96847291535443,0.00041023502689100646,0.0013329730054374574,7,25,26,25,1,1,1,1,1,1,1,1
0.05,500,20261319,0.00021607019577013053,1.6,0.00029450716005098554,1.6,-6.654051345755677,32.04119982655924,-5.309041421915385,32.04119982655924,26.633296204844694,99.98649561276437,99.98649561276437,0.00044980555299449276,0.0016363471519606455,5,20,26,25,1,1,1,1,1,1,1,1
0.06,1,20260820,0.00019058152703786604,1.6,0.0003085173207496967,1.6,-7.199191975818731,32.04119982655924,-5.107204488273247,32.04119982655924,38.2266361659199,99.98808865456014,99.98808865456014,0.0003254203305218794,0.0008866586095728323,10,25,26,25,1,1,1,1,1,1,1,1
0.06,2,20260821,0.00020388676423538599,1.6,0.00031950867412694565,1.6,-6.906109665029333,32.04119982655924,-4.955173469755911,32.04119982655924,36.187408747977,99.9872570772353,99.9872570772353,0.0007486451873901609,0.00046016577763664806,6,13,26,25,1,1,1,1,1,1,1,1
0.06,3,20260822,0.0001584263328376863,1.6,0.00018734589192011958,1.6,-8.001726304762434,32.04119982655924,-7.273558255805062,32.04119982655924,15.436452214689604,99.99009835419766,99.99009835419766,0.00014245918719536863,0.0012565419856484118,7,18,26,25,1,1,1,1,1,1,1,1
0.06,4,20260823,0.00037231246322547336,1.6,0.0006024683178581747,1.6,-4.290924254537725,32.04119982655924,-2.2006578649773654,32.04119982655924,38.20215068751244,99.97673047104841,99.97673047104841,0.0004190831708551208,0.0006275606382036954,7,17,26,25,1,1,1,1,1,1,1,1
0.06,5,20260824,0.00023536101531381468,1.6,0.0003146028696752577,1.6,-6.282654711281188,32.04119982655924,-5.022373202427853,32.04119982655924,25.187899412118767,99.9852899365429,99.9852899365429,0.00023769571953589976,0.0010214485489309674,10,25,26,25,1,1,1,1,1,1,1,1
0.06,6,20260825,0.00027642724284139596,1.6,0.0003471437227914057,1.6,-5.584191579958948,32.04119982655924,-4.59490683444161,32.04119982655924,20.37095165696037,99.98272329732241,99.98272329732241,0.00017258989907278428,0.0018838346743160427,8,25,26,25,1,1,1,1,1,1,1,1
0.06,7,20260826,0.00025080365700498987,1.6,0.0002945651060455766,1.6,-6.00666135283473,32.04119982655924,-5.308187006346062,32.04119982655924,14.856290898832988,99.98432477143719,99.98432477143719,0.00031149223637355345,0.0030073951936268077,12,25,26,25,1,1,1,1,1,1,1,1
0.06,8,20260827,0.00025287532051878876,1.6,0.00029177997819477685,1.6,-5.970935537537021,32.04119982655924,-5.349445125037566,32.04119982655924,13.333559731098957,99.98419529246756,99.98419529246756,0.00012347436670147855,0.0006611223941103714,7,20,26,25,1,1,1,1,1,1,1,1
0.06,9,20260828,0.0002997775189331627,1.6,0.0005758607205579196,1.6,-5.232009390973344,32.04119982655924,-2.3968254367312576,32.04119982655924,47.94270415896315,99.9812639050667,99.9812639050667,0.0007851253958433333,0.0010810469688113042,5,13,26,25,1,1,1,1,1,1,1,1
0.06,10,20260829,0.000220963962137232,1.6,0.00034888005069134964,1.6,-6.5567855129753605,32.04119982655924,-4.573238632327846,32.04119982655924,36.664775845060745,99.98618975236641,99.98618975236641,0.00010289134390140277,0.0002659609879683469,11,25,26,25,1,1,1,1,1,1,1,1
0.06,11,20260830,0.00016905222840189749,1.6,0.0002786119406795955,1.6,-7.719791001051393,32.04119982655924,-5.550002746308936,32.04119982655924,39.32340875644378,99.98943423572487,99.98943423572487,0.00011508223497672305,0.00013455698421647587,6,18,26,25,1,1,1,1,1,1,1,1
0.06,12,20260831,0.00022164967395248307,1.6,0.00032442366162526294,1.6,-6.543329032130184,32.04119982655924,-4.888874783248315,32.04119982655924,31.67894325522181,99.98614689537797,99.98614689537797,0.00021641694818535592,0.0007756085285932644,6,25,26,25,1,1,1,1,1,1,1,1
0.06,13,20260832,0.00022447628493051206,1.6,0.0003702496042381083,1.6,-6.4882953380471005,32.04119982655924,-4.315053970263288,32.04119982655924,39.37163406496151,99.98597023219185,99.98597023219185,0.0002083245739180107,0.0002261968268147448,11,25,26,25,1,1,1,1,1,1,1,1
0.06,14,20260833,0.00021889842398404772,1.6,0.00038863476232635526,1.6,-6.597573652365243,32.04119982655924,-4.1045835553423595,32.04119982655924,43.6750272482758,99.986318848501,99.986318848501,0.00031385221784642974,0.007813843003242019,4,25,26,25,1,1,1,1,1,1,1,1
0.06,15,20260834,0.00018003869672613397,1.6,0.0002994161092616853,1.6,-7.446341395165906,32.04119982655924,-5.237248373421668,32.04119982655924,39.87007006066504,99.98874758145462,99.98874758145462,0.00014669447864150987,0.00018142494568803373,11,23,26,25,1,1,1,1,1,1,1,1
0.06,16,20260835,0.00017772232193461672,1.6,0.00031480856404309123,1.6,-7.502580213550695,32.04119982655924,-5.019534616177166,32.04119982655924,43.545906231988674,99.9888923548791,99.9888923548791,0.002380327046970206,0.002878581843233036,7,25,26,25,1,1,1,1,1,1,1,1
0.06,17,20260836,0.0003304960088786825,1.6,0.00041483399639447797,1.6,-4.808337807545306,32.04119982655924,-3.821256596081573,32.04119982655924,20.330539022553005,99.97934399944509,99.97934399944509,0.00021428694552004044,0.0008876072045811313,6,20,26,25,1,1,1,1,1,1,1,1
0.06,18,20260837,0.0001927052108556423,1.6,0.00024646248860415185,1.6,-7.151065416224186,32.04119982655924,-6.082491706338121,32.04119982655924,21.811545461934433,99.98795592432153,99.98795592432153,0.00013981144737435224,0.00044060971045655286,7,21,26,25,1,1,1,1,1,1,1,1
0.06,19,20260838,0.00035581909346541884,1.6,0.00042808408595358086,1.6,-4.487707511250955,32.04119982655924,-3.684709167837903,32.04119982655924,16.88102755027386,99.97776130665842,99.97776130665842,0.0001941503932591077,0.00019561745351166107,21,18,26,25,1,1,1,1,1,1,1,1
0.06,20,20260839,0.0003102984184597944,1.6,0.00031073624751788676,1.6,-5.082204379380212,32.04119982655924,-5.076080831505486,32.04119982655924,0.1409005423698287,99.98060634884627,99.98060634884627,0.0007573045782791898,0.001344842201510128,17,19,26,25,1,1,1,1,1,1,1,1
0.06,21,20260840,0.00024742028679358317,1.6,0.0004050120458859921,1.6,-6.065646940306637,32.04119982655924,-3.92532059787756,32.04119982655924,38.9103881460281,99.98453623207541,99.98453623207541,0.00020005081083177494,0.00019646482198081952,6,20,26,25,1,1,1,1,1,1,1,1
0.06,22,20260841,0.00047860622156713494,1.6,0.0006296414027360718,1.6,-3.2002166014231954,32.04119982655924,-2.009067222172581,32.04119982655924,23.98749200935991,99.97008711115204,99.97008711115204,0.00043211464697300337,0.000878320008837427,9,25,26,25,1,1,1,1,1,1,1,1
0.06,23,20260842,0.0002571495059218901,1.6,0.00047216520190946243,1.6,-5.898143057803903,32.04119982655924,-3.259060231352668,32.04119982655924,45.53823431248997,99.98392815587988,99.98392815587988,0.0003440084123977412,0.00017078908587619225,12,25,26,25,1,1,1,1,1,1,1,1
0.06,24,20260843,0.00022864649171994907,1.6,0.00036919589389379894,1.6,-6.408354579104851,32.04119982655924,-4.327431377360001,32.04119982655924,38.06905886506951,99.9857095942675,99.9857095942675,0.00016644416407231766,0.0026179958360562404,7,25,26,25,1,1,1,1,1,1,1,1
0.06,25,20260844,0.0002830066028025758,1.6,0.0003014835544480161,1.6,-5.482034318705081,32.04119982655924,-5.207363731001957,32.04119982655924,6.128676464382814,99.98231208732484,99.98231208732484,0.0004222314460704304,0.0055366830227234565,6,17,26,25,1,1,1,1,1,1,1,1
0.06,26,20260845,0.00028061040130029626,1.6,0.0004542962329823131,1.6,-5.518962351479907,32.04119982655924,-3.426608643339046,32.04119982655924,38.231845010429325,99.98246184991874,99.98246184991874,0.0006319993104081018,0.0009749758097544909,9,25,26,25,1,1,1,1,1,1,1,1
0.06,27,20260846,0.0002147377292499051,1.6,0.00031149363136926913,1.6,-6.680916436611576,32.04119982655924,-5.0655082826470945,32.04119982655924,31.061919851793682,99.9865788919219,99.9865788919219,0.0003842022119592269,0.0007211448292442216,7,21,26,25,1,1,1,1,1,1,1,1
0.06,28,20260847,0.0005293367877405503,1.6,0.0006988713239785415,1.6,-2.762679224501894,32.04119982655924,-1.5560277909032094,32.04119982655924,24.258333461568185,99.9669164507662,99.9669164507662,0.0009582234867516608,0.000451191756734751,10,24,26,25,1,1,1,1,1,1,1,1
0.06,29,20260848,0.0001323510725136548,1.6,0.00023256261382826387,1.6,-8.78272535020927,32.04119982655924,-6.3346010006798465,32.04119982655924,43.090133734311394,99.99172805796789,99.99172805796789,0.00013828201423868232,0.00012508882727734426,5,13,26,25,1,1,1,1,1,1,1,1
0.06,30,20260849,0.0001931459689335774,1.6,0.0002411587896982199,1.6,-7.1411435139786725,32.04119982655924,-6.176969043916224,32.04119982655924,19.909214515765548,99.98792837694165,99.98792837694165,0.00025831931481571773,0.0011981473126922832,4,16,26,25,1,1,1,1,1,1,1,1
0.06,31,20260850,0.00013911064600994754,1.6,0.00030171197243640817,1.6,-8.566396325783796,32.04119982655924,-5.204074559506266,32.04119982655924,53.892898287532205,99.99130558462437,99.99130558462437,0.0002444796229319053,0.000997499496881574,6,21,26,25,1,1,1,1,1,1,1,1
0.06,32,20260851,0.0005623339974166805,1.6,0.0007284142225431377,1.6,-2.500056592540175,32.04119982655924,-1.3762158304227257,32.04119982655924,22.800244694099405,99.96485412516145,99.96485412516145,0.0003322246513862923,0.0014051110683236713,10,25,26,25,1,1,1,1,1,1,1,1
0.06,33,20260852,0.0003121340621308899,1.6,0.00041775901937793976,1.6,-5.056588356656404,32.04119982655924,-3.790741649563315,32.04119982655924,25.283704802909998,99.98049162111681,99.98049162111681,0.00010904243160708089,0.0003437793718191112,5,25,26,25,1,1,1,1,1,1,1,1
0.06,34,20260853,0.00032871001304886886,1.6,0.0006121405747335302,1.6,-4.831870663910341,32.04119982655924,-2.131488330496416,32.04119982655924,46.30154794232371,99.97945562418445,99.97945562418445,0.0005090603049612708,0.0007790933365773966,6,21,26,25,1,1,1,1,1,1,1,1
0.06,35,20260854,0.0002642532656132548,1.6,0.0003551886412070429,1.6,-5.7797963702317245,32.04119982655924,-4.495409312379754,32.04119982655924,25.601994276833025,99.98348417089917,99.98348417089917,0.0002987213048847311,0.0009730311056366521,9,17,26,25,1,1,1,1,1,1,1,1
0.06,36,20260855,0.00031663688237114134,1.6,0.00040077331730712523,1.6,-4.9943849921042895,32.04119982655924,-3.971012006438725,32.04119982655924,20.993522099054182,99.98021019485181,99.98021019485181,0.00031650979268040566,0.000280252975178046,4,13,26,25,1,1,1,1,1,1,1,1
0.06,37,20260856,0.00019608857617326326,1.6,0.0002933561162405195,1.6,-7.075477069412433,32.04119982655924,-5.32604852660477,32.04119982655924,33.156813402693004,99.98774446398916,99.98774446398916,0.00015511984884691849,0.0005511343452155598,9,25,26,25,1,1,1,1,1,1,1,1
0.06,38,20260857,0.0002504930023186977,1.6,0.00040370918053332443,1.6,-6.012044019197864,32.04119982655924,-3.939313744201794,32.04119982655924,37.952116425051024,99.98434418735509,99.98434418735509,0.0009955129454454247,0.0020572983126932935,7,21,26,25,1,1,1,1,1,1,1,1
0.06,39,20260858,0.0002606448994016996,1.6,0.00027718723226095594,1.6,-5.839507694262793,32.04119982655924,-5.572267779791219,32.04119982655924,5.9679274273653045,99.98370969378738,99.98370969378738,0.00014955043190980198,0.00035695374454203146,5,14,26,25,1,1,1,1,1,1,1,1
0.06,40,20260859,0.00019360872717105385,1.6,0.00031888049380269997,1.6,-7.130750701846153,32.04119982655924,-4.96372046115923,32.04119982655924,39.28486347275765,99.98789945455181,99.98789945455181,0.00044359920747353887,0.0002215201296836009,9,25,26,25,1,1,1,1,1,1,1,1
0.06,41,20260860,0.00028097644530309437,1.6,0.0004110798802237944,1.6,-5.513300861577739,32.04119982655924,-3.860737786845312,32.04119982655924,31.649185761626413,99.98243897216855,99.98243897216855,0.00027111303176350753,0.0016745850517199635,10,25,26,25,1,1,1,1,1,1,1,1
0.06,42,20260861,0.00032378387599431687,1.6,0.0005677674681202523,1.6,-4.897447823307943,32.04119982655924,-2.4582949525612303,32.04119982655924,42.97245013591727,99.97976350775035,99.97976350775035,0.00023536998223423037,0.0013509464346899832,6,24,26,25,1,1,1,1,1,1,1,1
0.06,43,20260862,0.00016329732544268795,1.6,0.00024248638623688092,1.6,-7.870209282761564,32.04119982655924,-6.153126387036353,32.04119982655924,32.65711614706258,99.98979391715984,99.98979391715984,0.00027236983414526014,0.00016350663776840919,12,25,26,25,1,1,1,1,1,1,1,1
0.06,44,20260863,0.00030338871090792446,1.6,0.00043541705229604885,1.6,-5.180005833436501,32.04119982655924,-3.6109456662919106,32.04119982655924,30.322271645520132,99.98103820556825,99.98103820556825,0.0009453706402381399,0.002123238335892998,24,24,26,25,1,1,1,1,1,1,1,1
0.06,45,20260864,0.00045790239703691186,1.6,0.0006372313102863802,1.6,-3.392270830126412,32.04119982655924,-1.9570289333774384,32.04119982655924,28.141886683012412,99.9713811001852,99.9713811001852,0.0004501514354577371,0.0008758907549400179,8,14,26,25,1,1,1,1,1,1,1,1
0.06,46,20260865,0.0001932932417941366,1.6,0.000296083818335134,1.6,-7.13783330155737,32.04119982655924,-5.2858532715914155,32.04119982655924,34.71671539464204,99.98791917238786,99.98791917238786,0.00012293243964373195,9.443142390742411e-05,9,25,26,25,1,1,1,1,1,1,1,1
0.06,47,20260866,0.000297999278102696,1.6,0.0006832321248763115,1.6,-5.257847879921856,32.04119982655924,-1.6543172175624035,32.04119982655924,56.38388956657386,99.98137504511857,99.98137504511857,0.00013880178500277264,0.000648663811651307,5,20,26,25,1,1,1,1,1,1,1,1
0.06,48,20260867,0.00024257289494771414,1.6,0.00035575620899068976,1.6,-6.151577287468234,32.04119982655924,-4.48847511463317,32.04119982655924,31.81485275101345,99.98483919406577,99.98483919406577,0.00038802481948319094,0.0004893231434850586,5,24,26,25,1,1,1,1,1,1,1,1
0.06,49,20260868,0.00017161989825087602,1.6,0.00018823863986469126,1.6,-7.654323598465201,32.04119982655924,-7.252912238547365,32.04119982655924,8.828549561217098,99.98927375635932,99.98927375635932,0.00019588570592571418,0.00046410476898967593,9,25,26,25,1,1,1,1,1,1,1,1
0.06,50,20260869,0.00018500387672552244,1.6,0.00019871361138352643,1.6,-7.328191709328678,32.04119982655924,-7.017723837895523,32.04119982655924,6.899242866430306,99.98843725770466,99.98843725770466,0.00031912345358219235,0.000573464855206528,11,17,26,25,1,1,1,1,1,1,1,1
0.06,51,20260870,0.0001767705763419269,1.6,0.0002250527942974037,1.6,-7.525900221045067,32.04119982655924,-6.477155904108639,32.04119982655924,21.453729604295695,99.98895183897862,99.98895183897862,0.00037605741621608347,0.0006143131140203095,7,19,26,25,1,1,1,1,1,1,1,1
0.06,52,20260871,0.00040824316267599564,1.6,0.0007836810309820235,1.6,-3.890810801661921,32.04119982655924,-1.0586066521311106,32.04119982655924,47.90697407025026,99.97448480233275,99.97448480233275,0.0009122550444942869,0.008062204604527785,10,25,26,25,1,1,1,1,1,1,1,1
0.06,53,20260872,0.00017535233882618197,1.6,0.00026861440571557965,1.6,-7.560884371817885,32.04119982655924,-5.708706999509271,32.04119982655924,34.71968178361496,99.98904047882337,99.98904047882337,0.0004830066665204221,0.0021228021250459493,6,11,26,25,1,1,1,1,1,1,1,1
0.06,54,20260873,0.0002444807068130817,1.6,0.0004017132123646823,1.6,-6.11755407522854,32.04119982655924,-3.9608388406939676,32.04119982655924,39.140486474430965,99.98471995582418,99.98471995582418,0.00020723134367249408,0.0002072885392201418,8,25,26,25,1,1,1,1,1,1,1,1
0.06,55,20260874,0.00031627478453415917,1.6,0.0006335970391621768,1.6,-4.999354314614551,32.04119982655924,-1.9818686089857065,32.04119982655924,50.08266058939003,99.98023282596662,99.98023282596662,0.0002651950530356981,0.00026039998778102345,6,25,26,25,1,1,1,1,1,1,1,1
0.06,56,20260875,0.0004863682194930235,1.6,0.0010307312342131211,1.6,-3.130348106878993,32.04119982655924,0.13145436656147388,32.04119982655924,52.813284069699726,99.96960198628169,99.96960198628169,0.000294849971509181,0.00033660016071387417,5,22,26,25,1,1,1,1,1,1,1,1
0.06,57,20260876,0.00015351374742540686,1.6,0.00019879416677774897,1.6,-8.138527266124932,32.04119982655924,-7.015963632656817,32.04119982655924,22.777539243878024,99.99040539078592,99.99040539078592,0.00023953668582905874,0.002043410936849053,7,22,26,25,1,1,1,1,1,1,1,1
0.06,58,20260877,0.0003187230906456523,1.6,0.0003810931276564069,1.6,-4.9658647189895175,32.04119982655924,-4.189688828935669,32.04119982655924,16.366088098809108,99.98007980683464,99.98007980683464,0.0007485011979260843,0.007405941189718951,7,13,26,25,1,1,1,1,1,1,1,1
0.06,59,20260878,0.00017970512824963352,1.6,0.00025216523577395645,1.6,-7.454395292419502,32.04119982655924,-5.983147867249171,32.04119982655924,28.73516934319881,99.98876842948438,99.98876842948438,0.0001588945649264941,0.00015898490399430428,6,13,26,25,1,1,1,1,1,1,1,1
0.06,60,20260879,0.0002214773797367152,1.6,0.00041787185327467796,1.6,-6.5467062319792815,32.04119982655924,-3.789568807806827,32.04119982655924,46.998732266580205,99.98615766376646,99.98615766376646,0.0006738759478700862,0.0006779404701912045,6,22,26,25,1,1,1,1,1,1,1,1
0.06,61,20260880,0.00020964112085302376,1.6,0.00024360603422371446,1.6,-6.785235269937623,32.04119982655924,-6.133119582493246,32.04119982655924,13.942558310973194,99.98689742994668,99.98689742994668,0.00033058609946727606,0.00022611348338145317,11,25,26,25,1,1,1,1,1,1,1,1
0.06,62,20260881,0.00023385012979718281,1.6,0.00023917197894710414,1.6,-6.310623847027312,32.04119982655924,-6.212897030343632,32.04119982655924,2.225113984234049,99.98538436688769,99.98538436688769,0.0002688434419916962,0.0005548180637132083,7,18,26,25,1,1,1,1,1,1,1,1
0.06,63,20260882,0.00017953036002199972,1.6,0.0002891803422361201,1.6,-7.458620981993029,32.04119982655924,-5.388312326380319,32.04119982655924,37.91750897251153,99.98877935249863,99.98877935249863,0.00032076050629898447,0.0014911205035197986,13,25,26,25,1,1,1,1,1,1,1,1
0.06,64,20260883,0.000255247651195764,1.6,0.0003523829571715094,1.6,-5.930382456266042,32.04119982655924,-4.529851041911876,32.04119982655924,27.565267842527472,99.98404702180027,99.98404702180027,0.00019646186583073238,0.000236796442406199,12,25,26,25,1,1,1,1,1,1,1,1
0.06,65,20260884,0.00021245541226242587,1.6,0.0003658967183209219,1.6,-6.727322008617511,32.04119982655924,-4.366414856254621,32.04119982655924,41.935687962064534,99.98672153673361,99.98672153673361,0.00015177885565853877,0.00011395262286691811,9,25,26,25,1,1,1,1,1,1,1,1
0.06,66,20260885,0.0004712117299870666,1.6,0.0006187586176109622,1.6,-3.2678390708927214,32.04119982655924,-2.084787394849187,32.04119982655924,23.845629527323066,99.97054926687582,99.97054926687582,0.001985984332133226,0.006007729157832443,9,25,26,25,1,1,1,1,1,1,1,1
0.06,67,20260886,0.00021732828227259834,1.6,0.00036947142506431514,1.6,-6.6288375257653085,32.04119982655924,-4.324191443240101,32.04119982655924,41.1785952770861,99.98641698235797,99.98641698235797,0.00040031466106948347,0.0005063059161257201,6,13,26,25,1,1,1,1,1,1,1,1
0.06,68,20260887,0.00014357816625939292,1.6,0.0002110565134225401,1.6,-8.429115976564393,32.04119982655924,-6.756012405253607,32.04119982655924,31.97169614379725,99.99102636460879,99.99102636460879,8.264474867356369e-05,0.00021703047009823486,4,17,26,25,1,1,1,1,1,1,1,1
0.06,69,20260888,0.00027009179735777884,1.6,0.0003889341165325277,1.6,-5.684886050622614,32.04119982655924,-4.101239597274257,32.04119982655924,30.555899861463992,99.98311926266514,99.98311926266514,0.00015342356107100758,0.0004321400822942314,8,25,26,25,1,1,1,1,1,1,1,1
0.06,70,20260889,0.00029754381171047845,1.6,0.0004592745750013686,1.6,-5.26449077722961,32.04119982655924,-3.3792759604133598,32.04119982655924,35.21439506865979,99.9814035117681,99.9814035117681,0.0004741109340125448,0.0010483092969617407,12,25,26,25,1,1,1,1,1,1,1,1
0.06,71,20260890,0.0002728679573044284,1.6,0.0004132933853515418,1.6,-5.640474602367036,32.04119982655924,-3.8374154542797836,32.04119982655924,33.97717772029412,99.98294575266847,99.98294575266847,0.00045212733316802006,0.000862356805287785,6,25,26,25,1,1,1,1,1,1,1,1
0.06,72,20260891,0.0002292968041437043,1.6,0.0003724354081956427,1.6,-6.39601998267996,32.04119982655924,-4.28949036463602,32.04119982655924,38.4331352234766,99.98566894974101,99.98566894974101,0.00027804099063664743,0.0025242130017917694,7,18,26,25,1,1,1,1,1,1,1,1
0.06,73,20260892,0.00029590620690943834,1.6,0.000669297362542314,1.6,-5.28845925010888,32.04119982655924,-1.743808863898603,32.04119982655924,55.788529363772795,99.98150586206816,99.98150586206816,0.0005961093541745977,0.0032029061593185117,7,25,26,25,1,1,1,1,1,1,1,1
0.06,74,20260893,0.00017926677256408175,1.6,0.0002613731446067716,1.6,-7.465002002835729,32.04119982655924,-5.827390370624624,32.04119982655924,31.413469109925792,99.98879582671474,99.98879582671474,0.0033936642736210804,0.007616436057968728,14,25,26,25,1,1,1,1,1,1,1,1
0.06,75,20260894,0.0001271192512671686,1.6,0.00016938666154555797,1.6,-8.957886737891501,32.04119982655924,-7.71120791438811,32.04119982655924,24.953210537785573,99.99205504679581,99.99205504679581,0.0003610698804040911,0.0007464277483989808,10,11,26,25,1,1,1,1,1,1,1,1
0.06,76,20260895,0.0003521445270770081,1.6,0.0006248200563587786,1.6,-4.532790568917703,32.04119982655924,-2.0424503830786183,32.04119982655924,43.640649256815344,99.97799096705769,99.97799096705769,0.0004819028284726478,0.0008748990667671087,6,21,26,25,1,1,1,1,1,1,1,1
0.06,77,20260896,0.0002272477452229158,1.6,0.0003893952795909621,1.6,-6.435004172021605,32.04119982655924,-4.096093174796317,32.04119982655924,41.64085772646581,99.98579701592357,99.98579701592357,0.0003000598111128506,0.005323960375056123,7,17,26,25,1,1,1,1,1,1,1,1
0.06,78,20260897,0.0002489331547735839,1.6,0.00033793090934747553,1.6,-6.039172569619375,32.04119982655924,-4.711720830249935,32.04119982655924,26.336079983254866,99.98444167782667,99.98444167782667,0.00013718885519810108,0.0006705033827256711,8,10,26,25,1,1,1,1,1,1,1,1
0.06,79,20260898,0.00018255314206421365,1.6,0.0003520782996917799,1.6,-7.386106876695742,32.04119982655924,-4.533607417987258,32.04119982655924,48.149845581500976,99.98859042862098,99.98859042862098,0.00018992785153149243,0.0003128007356234847,7,17,26,25,1,1,1,1,1,1,1,1
0.06,80,20260899,0.00018866410586667123,1.6,0.00028447513276969505,1.6,-7.243107183133079,32.04119982655924,-5.459556912123642,32.04119982655924,33.679930463584796,99.98820849338334,99.98820849338334,0.00012087311544151258,5.730682415964113e-05,7,24,26,25,1,1,1,1,1,1,1,1
0.06,81,20260900,0.0001292856078357708,1.6,0.00014461663846449202,1.6,-8.884498183941306,32.04119982655924,-8.397817376250494,32.04119982655924,10.601152669224494,99.99191964951027,99.99191964951027,0.0001323272669286784,0.00043515468062668846,5,13,26,25,1,1,1,1,1,1,1,1
0.06,82,20260901,0.00021905832010323136,1.6,0.0003026221637977917,1.6,-6.594402471363368,32.04119982655924,-5.190992677781848,32.04119982655924,27.61325959931892,99.98630885499355,99.98630885499355,0.00022398299302669805,0.0003130973592878988,6,12,26,25,1,1,1,1,1,1,1,1
0.06,83,20260902,0.0002561546517928462,1.6,0.0002899912173651421,1.6,-5.914977528869178,32.04119982655924,-5.3761515488591884,32.04119982655924,11.668134600673312,99.98399033426296,99.98399033426296,0.0002474569202397826,0.00076596532181859,7,17,26,25,1,1,1,1,1,1,1,1
0.06,84,20260903,0.00023947678925657543,1.6,0.00030485290398181224,1.6,-6.207365732150938,32.04119982655924,-5.159096636000088,32.04119982655924,21.445134316036302,99.98503270067147,99.98503270067147,0.0003977449984216544,0.0020375219058130513,9,25,26,25,1,1,1,1,1,1,1,1
0.06,85,20260904,0.00016420496235740925,1.6,0.0003293361645408671,1.6,-7.846137224183121,32.04119982655924,-4.82360576612225,32.04119982655924,50.140622246472674,99.98973718985266,99.98973718985266,0.00016232363514641745,0.0010911583197384567,4,20,26,25,1,1,1,1,1,1,1,1
0.06,86,20260905,0.00024480099107152643,1.6,0.0003353624825562458,1.6,-6.11186828291085,32.04119982655924,-4.744855241096525,32.04119982655924,27.00406163337926,99.98469993805801,99.98469993805801,0.0002614196684826461,0.0009209973082462968,6,25,26,25,1,1,1,1,1,1,1,1
0.06,87,20260906,0.0001713982969931241,1.6,0.0002485290537565186,1.6,-7.659934975246245,32.04119982655924,-6.046228336969575,32.04119982655924,31.034905415508774,99.98928760643794,99.98928760643794,0.00011669027291748685,0.0004993337082722965,6,23,26,25,1,1,1,1,1,1,1,1
0.06,88,20260907,0.00016265487532331592,1.6,0.00018709911173607824,1.6,-7.887329148949986,32.04119982655924,-7.279282743334237,32.04119982655924,13.06485968102474,99.9898340702923,99.9898340702923,0.00016474052714255427,0.000174114787014224,3,13,26,25,1,1,1,1,1,1,1,1
0.06,89,20260908,0.00021882368468237768,1.6,0.0003540859673105916,1.6,-6.599056733341478,32.04119982655924,-4.508912843131567,32.04119982655924,38.20040756079065,99.98632351970735,99.98632351970735,8.349648403431781e-05,0.00043276987503792065,11,25,26,25,1,1,1,1,1,1,1,1
0.06,90,20260909,0.00022325288055976642,1.6,0.0004452810522934335,1.6,-6.512029288419217,32.04119982655924,-3.513657846789788,32.04119982655924,49.86247912191733,99.98604669496503,99.98604669496503,0.00043057695959768035,0.002329446849278835,7,19,26,25,1,1,1,1,1,1,1,1
0.06,91,20260910,0.0007436815861352997,1.6,0.001081978258972573,1.6,-1.2861297169099404,32.04119982655924,0.34218534242727444,32.04119982655924,31.26649450040832,99.95351990086655,99.95351990086655,0.0003548496474905682,0.00047813604682169853,11,22,26,25,1,1,1,1,1,1,1,1
0.06,92,20260911,0.00020536569516275337,1.6,0.00024337476881636707,1.6,-6.874721003968906,32.04119982655924,-6.137244480115063,32.04119982655924,15.617507861832872,99.98716464405231,99.98716464405231,0.0006915692072223356,0.0003802788451014176,4,25,26,25,1,1,1,1,1,1,1,1
0.06,93,20260912,0.0003756085868031448,1.6,0.0009544255412688887,1.6,-4.252644878686638,32.04119982655924,-0.20257947079000999,32.04119982655924,60.64558516489603,99.97652446332481,99.97652446332481,0.003492964361855016,0.005550136418587518,11,25,26,25,1,1,1,1,1,1,1,1
0.06,94,20260913,0.0002379492826701518,1.6,0.0006231681474213001,1.6,-6.2351560010188845,32.04119982655924,-2.053947532698589,32.04119982655924,61.816199423093515,99.98512816983312,99.98512816983312,0.00033578706263918186,0.0002095849900332416,5,22,26,25,1,1,1,1,1,1,1,1
0.06,95,20260914,0.00019180002479500386,1.6,0.0001933814706187791,1.6,-7.171513410218065,32.04119982655924,-7.1358514138816584,32.04119982655924,0.817785602061535,99.98801249845032,99.98801249845032,0.0001109956624767135,0.0009189810290549485,6,16,26,25,1,1,1,1,1,1,1,1
0.06,96,20260915,0.0002659586614093015,1.6,0.0004416574323009023,1.6,-5.751858615531663,32.04119982655924,-3.549144567699022,32.04119982655924,39.781685542177584,99.98337758366192,99.98337758366192,0.00012088408029539069,0.0022506854176352394,12,19,23,25,1,1,1,1,1,1,1,1
0.06,97,20260916,0.0001578381045034403,1.6,0.00027155047884038777,1.6,-8.01788143218608,32.04119982655924,-5.661494270545436,32.04119982655924,41.87522512298182,99.99013511846852,99.99013511846852,0.00022415933927472635,0.000501023368665147,7,19,26,25,1,1,1,1,1,1,1,1
0.06,98,20260917,0.0003576301013666195,1.6,0.0004471399794682485,1.6,-4.465659342071028,32.04119982655924,-3.4955649746319923,32.04119982655924,20.01831243273677,99.97764811866458,99.97764811866458,0.00025531784685031624,0.0007086723164854369,5,14,26,25,1,1,1,1,1,1,1,1
0.06,99,20260918,0.0005309006372697348,1.6,0.0006076589314652318,1.6,-2.7498675335056806,32.04119982655924,-2.1634011438615777,32.04119982655924,12.631805478512732,99.96681871017063,99.96681871017063,0.0006922498903131288,0.0007660301423621714,7,19,26,25,1,1,1,1,1,1,1,1
0.06,100,20260919,0.00038163920968457767,1.6,0.0005126447895176699,1.6,-4.183470121784742,32.04119982655924,-2.9018345240343764,32.04119982655924,25.55484470179653,99.97614754939472,99.97614754939472,0.00017110627548046708,0.00034384683481443115,9,25,26,25,1,1,1,1,1,1,1,1
0.06,101,20260920,0.00018352868377384513,1.6,0.00030307340087888266,1.6,-7.36296050043066,32.04119982655924,-5.184521776489789,32.04119982655924,39.444146783706444,99.98852945726414,99.98852945726414,0.00038351716221371023,0.0007459081552529973,9,18,26,25,1,1,1,1,1,1,1,1
0.06,102,20260921,0.00023033056640429705,1.6,0.0004449897348990787,1.6,-6.37648424433293,32.04119982655924,-3.516500072844746,32.04119982655924,48.23912815504951,99.98560433959975,99.98560433959975,0.0007069654749412404,0.0012385051380557671,6,20,26,25,1,1,1,1,1,1,1,1
0.06,103,20260922,0.00025115134912136406,1.6,0.00030459671113092777,1.6,-6.000644845783314,32.04119982655924,-5.162747902494869,32.04119982655924,17.546270217799815,99.9843030406799,99.9843030406799,0.00016523699247024775,0.00042927705199872004,5,11,26,25,1,1,1,1,1,1,1,1
0.06,104,20260923,0.0005927667198286841,1.6,0.0006291391583349707,1.6,-2.271161872832591,32.04119982655924,-2.012532829924803,32.04119982655924,5.781302598068607,99.96295208001072,99.96295208001072,0.0006404651455785089,0.0007760827744507247,11,22,26,25,1,1,1,1,1,1,1,1
0.06,105,20260924,0.00021949787932130113,1.6,0.0002562422407932692,1.6,-6.585696713376042,32.04119982655924,-5.913492764988677,32.04119982655924,14.339697217061358,99.98628138254242,99.98628138254242,0.0003872794901109652,0.000676858506120548,10,13,26,25,1,1,1,1,1,1,1,1
0.06,106,20260925,0.00015467841311992585,1.6,0.0002498639338638449,1.6,-8.105702920993265,32.04119982655924,-6.022964267639371,32.04119982655924,38.09494202384056,99.99033259918001,99.99033259918001,0.00041466026582672236,0.00021582630832404616,4,13,26,25,1,1,1,1,1,1,1,1
0.06,107,20260926,0.000292366007399676,1.6,0.00042479658302774074,1.6,-5.340731230169412,32.04119982655924,-3.7181898528385045,32.04119982655924,31.175056702237303,99.98172712453753,99.98172712453753,0.0001120136775717361,0.00018505641101361302,4,25,26,25,1,1,1,1,1,1,1,1
0.06,108,20260927,0.00025998829895621715,1.6,0.00040568884437002883,1.6,-5.850461974641792,32.04119982655924,-3.9180693435914327,32.04119982655924,35.914358364983336,99.98375073131523,99.98375073131523,0.0006247292900486831,0.00028615409412627844,8,14,26,25,1,1,1,1,1,1,1,1
0.06,109,20260928,0.0005023985126187599,1.6,0.0006073497615588102,1.6,-2.9895165502408734,32.04119982655924,-2.1656113467679163,32.04119982655924,17.280199249718127,99.96860009296132,99.96860009296132,0.0003716858708597942,0.0013750783352054624,7,23,26,25,1,1,1,1,1,1,1,1
0.06,110,20260929,0.00032848872201354714,1.6,0.0006522215169692182,1.6,-4.834795364584267,32.04119982655924,-1.8560487779799353,32.04119982655924,49.63540553829194,99.97946945487415,99.97946945487415,3.716672144612073,0.001285688206937515,8,25,26,25,1,1,1,1,1,1,1,1
0.06,111,20260930,0.00015879162690384053,1.6,0.0002267282112937555,1.6,-7.991724016906,32.04119982655924,-6.444944382019853,32.04119982655924,29.963886718046925,99.9900755233185,99.9900755233185,5.9653983525965666e-05,0.00020199287374948023,5,17,26,25,1,1,1,1,1,1,1,1
0.06,112,20260931,0.0003196520934464096,1.6,0.0005875208465367748,1.6,-4.953224469653063,32.04119982655924,-2.309767190557725,32.04119982655924,45.59306357712338,99.9800217441596,99.9800217441596,0.00018285950606505597,0.00016789167482265992,6,13,26,25,1,1,1,1,1,1,1,1
0.06,113,20260932,0.00024397544621391205,1.6,0.000468778869969583,1.6,-6.126538790316927,32.04119982655924,-3.290319722084525,32.04119982655924,47.9551102143869,99.98475153461162,99.98475153461162,0.0001817930102024738,0.0021413738033355246,8,25,26,25,1,1,1,1,1,1,1,1
0.06,114,20260933,0.00013083021547591166,1.6,0.0002778712413565816,1.6,-8.832919433281344,32.04119982655924,-5.561563987657775,32.04119982655924,52.916964405099336,99.99182311153277,99.99182311153277,0.00032505092170035554,0.0021479385350102733,7,17,26,25,1,1,1,1,1,1,1,1
0.06,115,20260934,0.0001708625711838252,1.6,0.0003035482250320096,1.6,-7.673530625490525,32.04119982655924,-5.177723022773032,32.04119982655924,43.71155648635155,99.98932108930101,99.98932108930101,0.00011466080377018533,0.00010522469419292753,10,16,26,25,1,1,1,1,1,1,1,1
0.06,116,20260935,0.00031903265559249177,1.6,0.0004903920170619703,1.6,-4.961648610877446,32.04119982655924,-3.0945660817592646,32.04119982655924,34.943342368443176,99.98006045902547,99.98006045902547,0.00019211788269286946,0.0006097118325486509,21,20,26,25,1,1,1,1,1,1,1,1
0.06,117,20260936,0.00023118829713104954,1.6,0.0003166789005847521,1.6,-6.360341539022205,32.04119982655924,-4.993808714713816,32.04119982655924,26.995989722031666,99.98555073142931,99.98555073142931,0.0003483315996572631,0.0002930617513087038,6,17,26,25,1,1,1,1,1,1,1,1
0.06,118,20260937,0.0005738443235322008,1.6,0.0007940574670057607,1.6,-2.412059100425767,32.04119982655924,-1.0014806596035468,32.04119982655924,27.732645636334315,99.96413472977923,99.96413472977923,0.0007106623526384641,0.0005627302858305189,5,19,26,25,1,1,1,1,1,1,1,1
0.06,119,20260938,0.0003409822378484167,1.6,0.00048738540672923917,1.6,-4.672682433105272,32.04119982655924,-3.1212747858142604,32.04119982655924,30.038480196464906,99.97868861013447,99.97868861013447,0.0009288660108358928,0.0019409029431700967,13,25,26,25,1,1,1,1,1,1,1,1
0.06,120,20260939,0.00021987963872072987,1.6,0.00034442748386054285,1.6,-6.578149852851789,32.04119982655924,-4.629022009676927,32.04119982655924,36.160832388811876,99.98625752257996,99.98625752257996,0.0007219883327778235,0.0007169090265034075,7,18,26,25,1,1,1,1,1,1,1,1
0.06,121,20260940,0.0001791096703146313,1.6,0.00020800637459727432,1.6,-7.468809655138617,32.04119982655924,-6.819233553737821,32.04119982655924,13.89222053342863,99.98880564560534,99.98880564560534,0.00024040233307529756,0.00014129928023505072,9,25,26,25,1,1,1,1,1,1,1,1
0.06,122,20260941,0.000460790651166536,1.6,0.0005677103534084365,1.6,-3.3649634075666053,32.04119982655924,-2.4587318541673673,32.04119982655924,18.83349521458836,99.9712005843021,99.9712005843021,0.00011377307814709316,0.0006590092509828621,12,24,26,25,1,1,1,1,1,1,1,1
0.06,123,20260942,0.0003760453718003611,1.6,0.0004694911934960038,1.6,-4.247597520570593,32.04119982655924,-3.2837254962142817,32.04119982655924,19.903636743388258,99.97649716426247,99.97649716426247,0.0001227795721180873,0.00022906519352798317,7,11,26,25,1,1,1,1,1,1,1,1
0.06,124,20260943,0.0003724599471209285,1.6,0.0005049697845674356,1.6,-4.2892042272672946,32.04119982655924,-2.9673460760058585,32.04119982655924,26.24114184574765,99.97672125330496,99.97672125330496,0.0007462555652208888,0.0005188122112812287,10,17,26,25,1,1,1,1,1,1,1,1
0.06,125,20260944,0.00032579300256804723,1.6,0.0005239896645922375,1.6,-4.870582477706642,32.04119982655924,-2.8067727915143914,32.04119982655924,37.824536516082716,99.97963793733949,99.97963793733949,0.00025354837791617294,0.00020206550088217306,16,17,26,25,1,1,1,1,1,1,1,1
0.06,126,20260945,0.0002581633471250215,1.6,0.0003340207228816061,1.6,-5.881054168770685,32.04119982655924,-4.762265884161395,32.04119982655924,22.710380093235212,99.98386479080469,99.98386479080469,8.597864028790581e-05,0.00016481479659386804,8,23,26,25,1,1,1,1,1,1,1,1
0.06,127,20260946,0.0002681732974769947,1.6,0.0005465702580293923,1.6,-5.715844678555255,32.04119982655924,-2.6235400441274477,32.04119982655924,50.93525607414711,99.98323916890769,99.98323916890769,0.00011860770309608115,0.00012732924159396082,11,17,26,25,1,1,1,1,1,1,1,1
0.06,128,20260947,0.0009773024342504646,1.6,0.0012399398000213582,1.6,-0.09971019494078831,32.04119982655924,0.9340060036127357,32.04119982655924,21.181461048864605,99.93891859785934,99.93891859785934,0.003023549877906708,0.008886871976923595,7,25,26,25,1,1,1,1,1,1,1,1
0.06,129,20260948,0.0003667301158514761,1.6,0.0003688284513625714,1.6,-4.3565342434245204,32.04119982655924,-4.331755849254178,32.04119982655924,0.5689191013717615,99.97707936775929,99.97707936775929,0.00022833078903001405,0.0005821920816382977,8,12,26,25,1,1,1,1,1,1,1,1
0.06,130,20260949,0.00013038305572831506,1.6,0.0001622482406828597,1.6,-8.847788448145145,32.04119982655924,-7.898200037163047,32.04119982655924,19.6397722529579,99.99185105901698,99.99185105901698,0.00011499302851761394,0.0006865230103642082,7,25,26,25,1,1,1,1,1,1,1,1
0.06,131,20260950,0.0002955644598775888,1.6,0.00045619178298002153,1.6,-5.293477888394412,32.04119982655924,-3.4085254159021936,32.04119982655924,35.21048144557817,99.98152722125764,99.98152722125764,0.00034119001717836307,0.0019090943596168895,9,25,26,25,1,1,1,1,1,1,1,1
0.06,132,20260951,0.0001575665396437749,1.6,0.00027908953341582214,1.6,-8.02536002524829,32.04119982655924,-5.5425645037982925,32.04119982655924,43.54265539259303,99.99015209127225,99.99015209127225,0.0001635144511381857,0.0011553075799657414,5,18,26,25,1,1,1,1,1,1,1,1
0.06,133,20260952,0.00027993607357108103,1.6,0.0006359357801773264,1.6,-5.5294113317586895,32.04119982655924,-1.965867392616756,32.04119982655924,55.98044923765372,99.9825039954018,99.9825039954018,0.0003063647490948235,0.000861645049104474,9,20,26,25,1,1,1,1,1,1,1,1
0.06,134,20260953,0.00020174821297336862,1.6,0.00023252095141334167,1.6,-6.951903034422847,32.04119982655924,-6.335379086955266,32.04119982655924,13.234393826846937,99.98739073668916,99.98739073668916,0.00035033273070225334,0.0012152774330909531,9,15,26,25,1,1,1,1,1,1,1,1
0.06,135,20260954,0.0003163470263800741,1.6,0.0006678588617412411,1.6,-4.998362434959488,32.04119982655924,-1.7531530705033462,32.04119982655924,52.632652720172885,99.98022831085125,99.98022831085125,0.0003436984566169392,0.0005942724578490842,9,24,26,25,1,1,1,1,1,1,1,1
0.06,136,20260955,0.00012673513006304519,1.6,0.00018641949365833692,1.6,-8.97102985133941,32.04119982655924,-7.295086759649055,32.04119982655924,32.01616012576407,99.99207905437106,99.99207905437106,0.0004539892716549634,0.0021192243097213075,5,13,26,25,1,1,1,1,1,1,1,1
0.06,137,20260956,0.00027776163709984625,1.6,0.00044245383259992855,1.6,-5.56327736806978,32.04119982655924,-3.541320386229239,32.04119982655924,37.222458789050364,99.98263989768127,99.98263989768127,0.0005861486189491765,0.004861733498959939,9,21,26,25,1,1,1,1,1,1,1,1
0.06,138,20260957,0.00020747709167581323,1.6,0.00046337677228694733,1.6,-6.830298483881037,32.04119982655924,-3.3406573990390753,32.04119982655924,55.22496938035287,99.98703268177026,99.98703268177026,0.0009483555183122513,0.0006789324791098152,5,16,26,25,1,1,1,1,1,1,1,1
0.06,139,20260958,0.00033071342848808145,1.6,0.0004061216226626132,1.6,-4.805481703724444,32.04119982655924,-3.9134388725690705,32.04119982655924,18.567884585937783,99.9793304107195,99.9793304107195,0.00019456848311010926,0.002179150755793202,7,15,26,25,1,1,1,1,1,1,1,1
0.06,140,20260959,0.0002555294541888969,1.6,0.0003233227640043084,1.6,-5.925590326938833,32.04119982655924,-4.903637171842371,32.04119982655924,20.967688441049003,99.9840294091132,99.9840294091132,0.0001731521060290792,0.0002190424855119076,20,25,26,25,1,1,1,1,1,1,1,1
0.06,141,20260960,0.00022974776706179153,1.6,0.00034544036640556575,1.6,-6.387487008665732,32.04119982655924,-4.616269143572537,32.04119982655924,33.49133760700821,99.98564076455864,99.98564076455864,0.00012862912347262278,0.00014449058781986526,8,25,26,25,1,1,1,1,1,1,1,1
0.06,142,20260961,0.00031095782697825996,1.6,0.0007753973727817566,1.6,-5.072985072836854,32.04119982655924,-1.1047567481232548,32.04119982655924,59.89697181166718,99.98056513581386,99.98056513581386,0.0005844913059877865,0.0003492602124259942,8,25,26,25,1,1,1,1,1,1,1,1
0.06,143,20260962,0.0005594389497523226,1.6,0.0006099908117768258,1.6,-2.5224730007812597,32.04119982655924,-2.1467670666903023,32.04119982655924,8.287315324841055,99.96503506564048,99.96503506564048,0.0008728206896470079,0.0008924024348877917,7,25,26,25,1,1,1,1,1,1,1,1
0.06,144,20260963,0.0004877073551898116,1.6,0.0007501448065713603,1.6,-3.1184069469700986,32.04119982655924,-1.2485489310891915,32.04119982655924,34.98490545859473,99.96951829030063,99.96951829030063,0.000436286215936165,0.004828013485367388,5,23,26,25,1,1,1,1,1,1,1,1
0.06,145,20260964,0.00043530191688935423,1.6,0.0004904044429097876,1.6,-3.612094203853631,32.04119982655924,-3.0944560390060416,32.04119982655924,11.236139235094518,99.9727936301944,99.9727936301944,0.00018209010202428744,0.0010131938067516595,17,15,26,25,1,1,1,1,1,1,1,1
0.06,146,20260965,9.909100602955559e-05,1.6,0.00016416219738815815,1.6,-10.039657623562388,32.04119982655924,-7.84726843293639,32.04119982655924,39.63835303979457,99.99380681212317,99.99380681212317,0.00033837881001158994,0.0007144182009395584,8,10,26,25,1,1,1,1,1,1,1,1
0.06,147,20260966,0.00038872562496203127,1.6,0.0006438443616830394,1.6,-4.103568295442054,32.04119982655924,-1.9121910318564952,32.04119982655924,39.62428684691993,99.97570464843989,99.97570464843989,0.00031849601206984315,0.00019155538592358336,13,24,26,25,1,1,1,1,1,1,1,1
0.06,148,20260967,0.000222300440633209,1.6,0.00030867252438521967,1.6,-6.530596764625859,32.04119982655924,-5.105020262967822,32.04119982655924,27.981785526274876,99.98610622246042,99.98610622246042,0.00012849014966427212,0.00016130089659094454,17,25,26,25,1,1,1,1,1,1,1,1
0.06,149,20260968,0.00032173937952862893,1.6,0.0004513977639059348,1.6,-4.92495780051354,32.04119982655924,-3.4544059662227733,32.04119982655924,28.723754246227266,99.97989128877944,99.97989128877944,0.0004305031046500572,0.0013056577877663847,9,24,26,25,1,1,1,1,1,1,1,1
0.06,150,20260969,0.00019327300289986087,1.6,0.00028980848845884283,1.6,-7.138288056220119,32.04119982655924,-5.378888982408059,32.04119982655924,33.31009594382238,99.98792043731876,99.98792043731876,0.0008307575629672207,0.004201210967398358,5,25,26,25,1,1,1,1,1,1,1,1
0.06,151,20260970,0.0002541450590896712,1.6,0.0004917713793017798,1.6,-5.949183291285013,32.04119982655924,-3.082367504509022,32.04119982655924,48.32048594399536,99.9841159338069,99.9841159338069,0.00010529406982934982,0.0002304179328766915,5,14,26,25,1,1,1,1,1,1,1,1
0.06,152,20260971,0.00030714959543459795,1.6,0.0005352512846919075,1.6,-5.126500523797015,32.04119982655924,-2.7144228165344604,32.04119982655924,42.6158135031111,99.98080315028534,99.98080315028534,0.00040600492894259685,0.0009602472939542355,5,15,26,25,1,1,1,1,1,1,1,1
0.06,153,20260972,0.00015813390776039926,1.6,0.00028708961961210514,1.6,-8.009749967703794,32.04119982655924,-5.419825101391017,32.04119982655924,44.91827744449332,99.99011663076497,99.99011663076497,9.575851861541838e-05,0.0003129050238981766,6,13,26,25,1,1,1,1,1,1,1,1
0.06,154,20260973,0.0005475919960984015,1.6,0.0008722119068086548,1.6,-2.6154290837534075,32.04119982655924,-0.5937798894670163,32.04119982655924,37.21800954288832,99.96577550024385,99.96577550024385,0.0007316344388473338,0.0010572285511669033,8,23,26,25,1,1,1,1,1,1,1,1
0.06,155,20260974,0.000276772494865025,1.6,0.0003580733994108416,1.6,-5.578770714474917,32.04119982655924,-4.460279406976263,32.04119982655924,22.705094731858217,99.98270171907092,99.98270171907092,0.00017935484480403907,0.0003944256775349709,22,16,26,25,1,1,1,1,1,1,1,1
0.06,156,20260975,0.0001278487115715254,1.6,0.00016531292612531612,1.6,-8.93303644330617,32.04119982655924,-7.816931868071558,32.04119982655924,22.662604450780105,99.9920094555268,99.9920094555268,0.00017607920946992892,0.00030517430488384426,6,21,26,25,1,1,1,1,1,1,1,1
0.06,157,20260976,0.0002137295248152167,1.6,0.0003244575410325085,1.6,-6.701354798077,32.04119982655924,-4.888421275285069,32.04119982655924,34.127120567124564,99.98664190469904,99.98664190469904,0.00037471232273954437,0.00022945479140357072,9,25,26,25,1,1,1,1,1,1,1,1
0.06,158,20260977,0.00036672245003338566,1.6,0.0007157086397569577,1.6,-4.35662502564142,32.04119982655924,-1.4526374011996288,32.04119982655924,48.76093012403508,99.97707984687291,99.97707984687291,0.0012696621477887747,0.003069685115960133,25,25,26,25,1,1,1,1,1,1,1,1
0.06,159,20260978,0.00019445559000128742,1.6,0.00021930434891919196,1.6,-7.1117956770388036,32.04119982655924,-6.5895275595184275,32.04119982655924,11.330718720521439,99.98784652562492,99.98784652562492,0.001898962929841384,0.004696660058702722,5,14,26,25,1,1,1,1,1,1,1,1
0.06,160,20260979,0.0001598453541837234,1.6,0.00018414630210681075,1.6,-7.962999817363254,32.04119982655924,-7.348369979099733,32.04119982655924,13.196544076672266,99.99000966536352,99.99000966536352,4.7852446978998555e-05,6.714608281297273e-05,8,13,26,25,1,1,1,1,1,1,1,1
0.06,161,20260980,0.00018150349924510542,1.6,0.0002747058877772872,1.6,-7.41114997690179,32.04119982655924,-5.6113203223657715,32.04119982655924,33.92806367795943,99.98865603129718,99.98865603129718,0.000406877858351667,0.00012041427854161451,6,18,26,25,1,1,1,1,1,1,1,1
0.06,162,20260981,0.0002814735003019606,1.6,0.0004412345317405763,1.6,-5.5056248612120795,32.04119982655924,-3.5533050630092062,32.04119982655924,36.207735330322514,99.98240790623112,99.98240790623112,0.00016446993431398486,0.00021832574395188074,12,16,26,25,1,1,1,1,1,1,1,1
0.06,163,20260982,0.0001447604005253409,1.6,0.00024961219094996176,1.6,-8.39350223949409,32.04119982655924,-6.027342077195582,32.04119982655924,42.00587720719132,99.99095247496716,99.99095247496716,0.00031799276416155837,0.00037593825630153146,4,15,26,25,1,1,1,1,1,1,1,1
0.06,164,20260983,0.000193313793785918,1.6,0.00029674467517435527,1.6,-7.1373715605226895,32.04119982655924,-5.276170653409963,32.04119982655924,34.855176871384614,99.98791788788837,99.98791788788837,0.0004868448030462325,0.000637874158517345,8,25,26,25,1,1,1,1,1,1,1,1
0.06,165,20260984,0.000224838000573391,1.6,0.00020622795334214743,1.6,-6.481302854312445,32.04119982655924,-6.856524682501447,32.04119982655924,-9.02401780633885,99.98594762496417,99.98594762496417,0.0005993781609163765,0.004662803907459835,7,18,26,25,1,1,1,1,0,1,1,1
0.06,166,20260985,0.00028770700874652553,1.6,0.0005092935817774054,1.6,-5.410495582596027,32.04119982655924,-2.930317968578295,32.04119982655924,43.50861290212129,99.98201831195334,99.98201831195334,0.0006943584029936842,0.0019420165116336467,5,15,26,25,1,1,1,1,1,1,1,1
0.06,167,20260986,0.0002524973992979185,1.6,0.0003599309949405673,1.6,-5.977430907191011,32.04119982655924,-4.437807530913115,32.04119982655924,29.84838681658647,99.98421891254388,99.98421891254388,7.248563625196582e-05,0.00027886800447245744,6,21,26,25,1,1,1,1,1,1,1,1
0.06,168,20260987,0.00013178339249500428,1.6,0.00015436554216684417,1.6,-8.801393166177737,32.04119982655924,-8.114496374000074,32.04119982655924,14.629009398633949,99.99176353796906,99.99176353796906,0.00039485774906386267,0.00035203892886759855,6,12,26,25,1,1,1,1,1,1,1,1
0.06,169,20260988,0.00019373450472294772,1.6,0.0002986166978124468,1.6,-7.1279302318259266,32.04119982655924,-5.248859113964843,32.04119982655924,35.12268197251742,99.98789159345482,99.98789159345482,0.0004165961147385578,0.0017354323480765538,7,19,26,25,1,1,1,1,1,1,1,1
0.06,170,20260989,0.0004704124823106339,1.6,0.0005679813643981711,1.6,-3.275211628530352,32.04119982655924,-2.4566591335907257,32.04119982655924,17.17818368757934,99.97059921985557,99.97059921985557,0.00021414290698666422,0.0003069522834841545,14,25,26,25,1,1,1,1,1,1,1,1
0.06,171,20260990,0.0005163587650950134,1.6,0.0009685379812074742,1.6,-2.8704844651158643,32.04119982655924,-0.13883343757062783,32.04119982655924,46.68678202466877,99.96772757718156,99.96772757718156,0.0008191936900151916,0.00487665372551907,10,25,26,25,1,1,1,1,1,1,1,1
0.06,172,20260991,0.00036249186326886275,1.6,0.0004995052415083072,1.6,-4.407017374435906,32.04119982655924,-3.0145995018836675,32.04119982655924,27.42981791857049,99.9773442585457,99.9773442585457,0.0003044125961053888,0.0008722575630664231,7,17,26,25,1,1,1,1,1,1,1,1
0.06,173,20260992,0.00017665413521440618,1.6,0.0003235254710307724,1.6,-7.528761919128141,32.04119982655924,-4.900915218186167,32.04119982655924,45.397147664579535,99.9889591165491,99.9889591165491,0.00031101669639322456,0.00031393816767403117,6,17,26,25,1,1,1,1,1,1,1,1
0.06,174,20260993,0.00022979920387748923,1.6,0.0004124158206212225,1.6,-6.386514802265512,32.04119982655924,-3.8466468316371385,32.04119982655924,44.279731186998994,99.98563754975766,99.98563754975766,0.00026392990023412914,0.00016328365215198738,6,22,26,25,1,1,1,1,1,1,1,1
0.06,175,20260994,0.00030467373828027387,1.6,0.0006138366999221471,1.6,-5.161649786998596,32.04119982655924,-2.1194714963309895,32.04119982655924,50.36566918874097,99.98095789135748,99.98095789135748,0.00022814006965501813,0.002382865599927204,5,21,26,25,1,1,1,1,1,1,1,1
0.06,176,20260995,0.00028627142773196394,1.6,0.00037587034352412526,1.6,-5.432219960146309,32.04119982655924,-4.2496193912236455,32.04119982655924,23.837718866588478,99.98210803576676,99.98210803576676,0.00018625052616013242,0.0011025630233925182,6,25,26,25,1,1,1,1,1,1,1,1
0.06,177,20260996,0.00021631018870352798,1.6,0.00039440962747840384,1.6,-6.649230238179269,32.04119982655924,-4.040524925398673,32.04119982655924,45.155956236039856,99.98648061320603,99.98648061320603,0.0006696141833841639,0.0007996972974263545,8,25,26,25,1,1,1,1,1,1,1,1
0.06,178,20260997,0.00022761988767601007,1.6,0.0005732445684065569,1.6,-6.4278979530589435,32.04119982655924,-2.416600515953821,32.04119982655924,60.292709216814195,99.98577375702024,99.98577375702024,0.0002770008205174312,0.0006737452918031307,4,25,26,25,1,1,1,1,1,1,1,1
0.06,179,20260998,0.00021469391611621936,1.6,0.0002635336736337522,1.6,-6.681802621990132,32.04119982655924,-5.791638839088956,32.04119982655924,18.532643985909846,99.98658163024274,99.98658163024274,6.472996225300506e-05,6.47726084602943e-05,5,18,26,25,1,1,1,1,1,1,1,1
0.06,180,20260999,0.00014091744151373254,1.6,0.00015359057015518822,1.6,-8.510352504365429,32.04119982655924,-8.136354474248375,32.04119982655924,8.251241354629217,99.9911926599054,99.9911926599054,0.00016471077230304854,0.0016617084841272344,8,19,26,25,1,1,1,1,1,1,1,1
0.06,181,20261000,0.0002233806550802599,1.6,0.00038727728967858423,1.6,-6.509544397954708,32.04119982655924,-4.119779697230691,32.04119982655924,42.32022867500137,99.98603870905748,99.98603870905748,0.00031554154631312464,0.0008299808452517301,5,25,26,25,1,1,1,1,1,1,1,1
0.06,182,20261001,0.000231562408111996,1.6,0.00028834500367470894,1.6,-6.353319426761718,32.04119982655924,-5.4008756946655,32.04119982655924,19.692588683371522,99.98552734949301,99.98552734949301,0.000270846354114275,0.0035414215660246745,8,22,26,25,1,1,1,1,1,1,1,1
0.06,183,20261002,0.00015231974111942846,1.6,0.00021700908975287315,1.6,-8.172438070800004,32.04119982655924,-6.635220746913907,32.04119982655924,29.80951107030217,99.99048001618003,99.99048001618003,0.00025304811819209697,0.00024367704201574226,4,23,26,25,1,1,1,1,1,1,1,1
0.06,184,20261003,0.0001416949842256175,1.6,0.00018559234973095063,1.6,-8.486455228061098,32.04119982655924,-7.314399297233515,32.04119982655924,23.652572732103575,99.9911440634859,99.9911440634859,0.0001733385215971957,0.00017553720327596783,6,20,26,25,1,1,1,1,1,1,1,1
0.06,185,20261004,0.00037598262318942847,1.6,0.00037503708837530625,1.6,-4.248322264216306,32.04119982655924,-4.2592578165823545,32.04119982655924,-0.25211768207201946,99.97650108605066,99.97650108605066,0.003641265950056239,0.0075098095393999345,5,18,26,25,1,1,1,1,0,1,1,1
0.06,186,20261005,0.00021412423660605641,1.6,0.00031699112827031546,1.6,-6.6933417236674,32.04119982655924,-4.989528923474321,32.04119982655924,32.451031745134166,99.98661723521212,99.98661723521212,0.0002282292337912828,0.00018910064899308425,6,25,26,25,1,1,1,1,1,1,1,1
0.06,187,20261006,0.0001238801413496265,1.6,0.0002982457343687692,1.6,-9.069983077766024,32.04119982655924,-5.254257590686958,32.04119982655924,58.46373407089419,99.99225749116565,99.99225749116565,0.0010130806474182123,0.009394200699800096,10,14,26,25,1,1,1,1,1,1,1,1
0.06,188,20261007,0.00012624187870007285,1.6,0.00013625782083107028,1.6,-8.987965510246763,32.04119982655924,-8.656385610050842,32.04119982655924,7.350728251712601,99.99210988258125,99.99210988258125,0.00011028810684466269,0.0012973413967582838,6,20,26,25,1,1,1,1,1,1,1,1
0.06,189,20261008,0.00021183020100319652,1.6,0.00025272893732026754,1.6,-6.740121216884157,32.04119982655924,-5.973450287606933,32.04119982655924,16.182846630357417,99.9867606124373,99.9867606124373,0.0012471691854731657,0.0104023234371148,6,14,26,25,1,1,1,1,1,1,1,1
0.06,190,20261009,0.0002322490724351786,1.6,0.00024298860698791598,1.6,-6.340460118320084,32.04119982655924,-6.144140886991166,32.04119982655924,4.419768764414326,99.98548443297281,99.98548443297281,0.0005442742123784933,0.0010080457156817775,5,12,26,25,1,1,1,1,1,1,1,1
0.06,191,20261010,0.0002849210005457565,1.6,0.00040154118505383114,1.6,-5.452755392301148,32.04119982655924,-3.962699036248991,32.04119982655924,29.043143978478913,99.9821924374659,99.9821924374659,0.0004556984244397084,0.0004828938990917448,11,20,26,25,1,1,1,1,1,1,1,1
0.06,192,20261011,0.00027160657121293554,1.6,0.0004714898019631943,1.6,-5.660597270020134,32.04119982655924,-3.2652769634978824,32.04119982655924,42.393966935866445,99.9830245892992,99.9830245892992,0.000706220273972522,0.001929300885940733,9,22,26,25,1,1,1,1,1,1,1,1
0.06,193,20261012,0.00015646597897836832,1.6,0.0002648310343693889,1.6,-8.055800782335453,32.04119982655924,-5.770311232141071,32.04119982655924,40.91856366043262,99.99022087631386,99.99022087631386,9.43545653062292e-05,9.439837860078176e-05,8,14,26,25,1,1,1,1,1,1,1,1
0.06,194,20261013,0.00018306212393471113,1.6,0.0002360324140531961,1.6,-7.374015031463851,32.04119982655924,-6.270283517850238,32.04119982655924,22.441955835161995,99.98855861725407,99.98855861725407,0.0010796436982783788,0.0010873857068357056,7,16,26,25,1,1,1,1,1,1,1,1
0.06,195,20261014,0.00024043195993197762,1.6,0.00030190630301647097,1.6,-6.190078033101334,32.04119982655924,-5.201278199457729,32.04119982655924,20.362060172403726,99.98497300250425,99.98497300250425,0.00016270718868744693,0.0001338118074111424,11,14,26,25,1,1,1,1,1,1,1,1
0.06,196,20261015,0.00037868039045761,1.6,0.0004617500043862157,1.6,-4.217271837530919,32.04119982655924,-3.355930917623084,32.04119982655924,17.990170685331464,99.97633247559641,99.97633247559641,0.00036013663122723535,0.000515080304364461,5,15,26,25,1,1,1,1,1,1,1,1
0.06,197,20261016,0.00013043713423662392,1.6,0.00016614559853001066,1.6,-8.845987514092624,32.04119982655924,-7.795111594075287,32.04119982655924,21.49227220541552,99.99184767911021,99.99184767911021,8.011230061537964e-05,9.071036052709002e-05,8,18,26,25,1,1,1,1,1,1,1,1
0.06,198,20261017,0.0002738240058258177,1.6,0.0004315418453508995,1.6,-5.625284804508494,32.04119982655924,-3.6497708564087077,32.04119982655924,36.547519371345494,99.9828859996359,99.9828859996359,0.0002301037840684681,0.00018197160286719777,17,18,26,25,1,1,1,1,1,1,1,1
0.06,199,20261018,0.0003436367316285824,1.6,0.0006096458112919458,1.6,-4.63900420245352,32.04119982655924,-2.1492240576989308,32.04119982655924,43.63338101177859,99.97852270427323,99.97852270427323,0.0004667848219692846,0.0013044391324217117,8,21,26,25,1,1,1,1,1,1,1,1
0.06,200,20261019,0.00020825000587879958,1.6,0.00029823955818450583,1.6,-6.814149776612459,32.04119982655924,-5.254347526944512,32.04119982655924,30.17358020964953,99.98698437463257,99.98698437463257,0.0022101830119973967,0.004747085797641533,5,25,26,25,1,1,1,1,1,1,1,1
0.06,201,20261020,0.00026895405625488775,1.6,0.00036446307408676026,1.6,-5.703219014812958,32.04119982655924,-4.383464660640296,32.04119982655924,26.205403132043116,99.98319037148407,99.98319037148407,0.0005594878232606181,0.0005751412154834411,10,23,26,25,1,1,1,1,1,1,1,1
0.06,202,20261021,0.0002851017470145398,1.6,0.00032935007231740744,1.6,-5.450001214613227,32.04119982655924,-4.823422368617644,32.04119982655924,13.435043445268722,99.98218114081159,99.98218114081159,0.00037968680416164657,0.0003557609788016927,7,17,26,25,1,1,1,1,1,1,1,1
0.06,203,20261022,0.0002160398105730912,1.6,0.00029645142221726363,1.6,-6.654662121865176,32.04119982655924,-5.280464617985991,32.04119982655924,27.124717784366137,99.98649751183919,99.98649751183919,0.00033026082833962847,0.0008404887415554532,6,24,26,25,1,1,1,1,1,1,1,1
0.06,204,20261023,0.00019511974280802969,1.6,0.0004101888608768431,1.6,-7.096987851478268,32.04119982655924,-3.8701613754494564,32.04119982655924,52.431730498256194,99.9878050160745,99.9878050160745,0.0006913864713418241,0.000693205710574474,8,25,26,25,1,1,1,1,1,1,1,1
0.06,205,20261024,0.0002294743762513361,1.6,0.00040954006675677926,1.6,-6.392658019521367,32.04119982655924,-3.877036032560422,32.04119982655924,43.967783648475574,99.98565785148429,99.98565785148429,0.0003002019391738134,0.00032701365028575257,13,15,26,25,1,1,1,1,1,1,1,1
0.06,206,20261025,0.00016459375637394805,1.6,0.0002754775945291372,1.6,-7.8358664314422635,32.04119982655924,-5.5991371793037645,32.04119982655924,40.25149063201253,99.98971289022664,99.98971289022664,0.0004079567099601974,0.0006311746268976121,6,25,26,25,1,1,1,1,1,1,1,1
0.06,207,20261026,0.00048054264569451005,1.6,0.0006070902867383824,1.6,-3.182680648779212,32.04119982655924,-2.1674671565228305,32.04119982655924,20.84494576972311,99.9699660846441,99.9699660846441,0.0009734903871068644,0.000978372592049469,9,14,26,25,1,1,1,1,1,1,1,1
0.06,208,20261027,0.00027431053581746174,1.6,0.0003876858689931379,1.6,-5.61757511536873,32.04119982655924,-4.1152002857790375,32.04119982655924,29.24412320472865,99.98285559151142,99.98285559151142,0.00029521521359546405,0.0006165498979489852,15,25,26,25,1,1,1,1,1,1,1,1
0.06,209,20261028,0.0004074404328423903,1.6,0.00046529970011869784,1.6,-3.899358754609726,32.04119982655924,-3.3226722736537155,32.04119982655924,12.434838720409157,99.97453497294735,99.97453497294735,0.0003620353736595349,0.0027161868740442187,11,25,26,25,1,1,1,1,1,1,1,1
0.06,210,20261029,0.00022214972835350044,1.6,0.00033208025570726326,1.6,-6.5335421348162,32.04119982655924,-4.787569452155083,32.04119982655924,33.10360235649458,99.9861156419779,99.9861156419779,0.0006852608155029113,0.0006910093252643346,4,19,26,25,1,1,1,1,1,1,1,1
0.06,211,20261030,0.00027208346499531895,1.6,0.0005146506975285912,1.6,-5.652978502801095,32.04119982655924,-2.8848743426944763,32.04119982655924,47.132401393431806,99.98299478343779,99.98299478343779,0.00034047897980933313,0.00014394746864741315,5,25,26,25,1,1,1,1,1,1,1,1
0.06,212,20261031,0.00026485832049069787,1.6,0.0004120791668679736,1.6,-5.769863792077617,32.04119982655924,-3.850193411730209,32.04119982655924,35.726350229310164,99.98344635496932,99.98344635496932,0.00013291909097586793,0.00021518593991325672,7,25,26,25,1,1,1,1,1,1,1,1
0.06,213,20261032,0.0001542440369236166,1.6,0.0002536903958874384,1.6,-8.117916168002465,32.04119982655924,-5.956959738190276,32.04119982655924,39.19989111765421,99.99035974769228,99.99035974769228,0.00016094978589866507,0.0006624471173618056,4,18,26,25,1,1,1,1,1,1,1,1
0.06,214,20261033,0.0002297380641758045,1.6,0.0003445319290588172,1.6,-6.387670427154698,32.04119982655924,-4.627705242019246,32.04119982655924,33.318788536262346,99.985641370989,99.985641370989,0.00017889030903063525,0.001108231223382662,10,25,26,25,1,1,1,1,1,1,1,1
0.06,215,20261034,0.00017673719361284532,1.6,0.0003546381285575613,1.6,-7.52672045393986,32.04119982655924,-4.502145734955165,32.04119982655924,50.164074480175614,99.98895392539922,99.98895392539922,0.0004299533410628319,0.00156161560572332,9,25,26,25,1,1,1,1,1,1,1,1
0.06,216,20261035,0.0003050987185045006,1.6,0.00029905362746093187,1.6,-5.155596165057174,32.04119982655924,-5.242509253143672,32.04119982655924,-2.021407028195452,99.98093133009348,99.98093133009348,0.00015495891650353107,0.00023904598823850732,12,14,26,25,1,1,1,1,0,1,1,1
0.06,217,20261036,0.00033063427783424216,1.6,0.0004789726304112667,1.6,-4.806521238360671,32.04119982655924,-3.196893024538337,32.04119982655924,30.97011043191649,99.97933535763536,99.97933535763536,0.0005555233881990364,0.0036312765664638317,12,20,26,25,1,1,1,1,1,1,1,1
0.06,218,20261037,0.00015247514121490078,1.6,0.0001949470106428033,1.6,-8.16800955748102,32.04119982655924,-7.10083419985043,32.04119982655924,21.786366093975502,99.99047030367407,99.99047030367407,0.00016747435173552222,0.0002387915299689019,6,16,26,25,1,1,1,1,1,1,1,1
0.06,219,20261038,0.00016658442512604564,1.6,0.00027324251137251425,1.6,-7.783656055583432,32.04119982655924,-5.6345173171736445,32.04119982655924,39.03422117982973,99.98958847342963,99.98958847342963,0.0002010776572067496,0.0003221498755210278,11,20,26,25,1,1,1,1,1,1,1,1
0.06,220,20261039,0.0002634289269078577,1.6,0.0004709656155908783,1.6,-5.79336537245606,32.04119982655924,-3.2701079882491895,32.04119982655924,44.066208192851384,99.98353569206824,99.98353569206824,0.00037438626220683073,0.0008318030086287255,8,25,26,25,1,1,1,1,1,1,1,1
0.06,221,20261040,0.00033809348401881985,1.6,0.0005431619046704526,1.6,-4.709631991896882,32.04119982655924,-2.6507069743812695,32.04119982655924,37.75456615943122,99.97886915724881,99.97886915724881,0.0008828503867502979,0.000921176880665081,6,16,26,25,1,1,1,1,1,1,1,1
0.06,222,20261041,0.00045854454823396654,1.6,0.000742978621514638,1.6,-3.386184656376604,32.04119982655924,-1.2902368245988223,32.04119982655924,38.2829418026623,99.9713409657354,99.9713409657354,0.0005167985043955064,0.001000183417646434,5,16,26,25,1,1,1,1,1,1,1,1
0.06,223,20261042,0.00022380882048662974,1.6,0.0002942243138180151,1.6,-6.501228015735993,32.04119982655924,-5.313214413274245,32.04119982655924,23.932588173164724,99.9860119487196,99.9860119487196,0.00015787937555661913,0.0014812118441292245,7,15,26,25,1,1,1,1,1,1,1,1
0.06,224,20261043,0.000162152855998911,1.6,0.00022209096612491565,1.6,-7.900753976931717,32.04119982655924,-6.534691066559048,32.04119982655924,26.988090137935774,99.98986544650006,99.98986544650006,0.00029475085944159226,0.0005776622018006007,8,18,26,25,1,1,1,1,1,1,1,1
0.06,225,20261044,0.00026204990277074833,1.6,0.0006226993549380585,1.6,-5.816159970990917,32.04119982655924,-2.057215841693769,32.04119982655924,57.91710707700748,99.98362188107681,99.98362188107681,0.00034133031300891234,0.00034172399560116753,7,18,26,25,1,1,1,1,1,1,1,1
0.06,226,20261045,0.0003186760908927695,1.6,0.0005920950189929687,1.6,-4.966505188383142,32.04119982655924,-2.2760859241059745,32.04119982655924,46.17821790921807,99.98008274431919,99.98008274431919,0.0008041080651742024,0.003490725530352298,14,20,26,25,1,1,1,1,1,1,1,1
0.06,227,20261046,0.0004598325545112929,1.6,0.0006414921879474971,1.6,-3.3740028547183982,32.04119982655924,-1.928086280684019,32.04119982655924,28.318292389099536,99.97126046534305,99.97126046534305,0.0005321654645727969,0.0022862985953384456,8,25,26,25,1,1,1,1,1,1,1,1
0.06,228,20261047,0.0001742712885570475,1.6,0.00025988898972147264,1.6,-7.5877415763094955,32.04119982655924,-5.852121191311398,32.04119982655924,32.94395089849057,99.98910804446518,99.98910804446518,0.0008599604742503856,0.005826929010336263,4,25,26,25,1,1,1,1,1,1,1,1
0.06,229,20261048,0.0002070655959654671,1.6,0.00029125404978920673,1.6,-6.838920533206992,32.04119982655924,-5.3572802720583015,32.04119982655924,28.905504965397217,99.98705840025217,99.98705840025217,0.00026079773754300026,0.0024014777764332414,5,12,26,25,1,1,1,1,1,1,1,1
0.06,230,20261049,0.00014031598848535367,1.6,0.0001961640380651409,1.6,-8.52892839910036,32.04119982655924,-7.073806070548379,32.04119982655924,28.470075417820247,99.99123025071967,99.99123025071967,0.00011976846281994044,0.0002777795579905478,6,18,26,25,1,1,1,1,1,1,1,1
0.06,231,20261050,0.00015328302998499768,1.6,0.00033401968346870005,1.6,-8.145059233701842,32.04119982655924,-4.762279398651993,32.04119982655924,54.10958168896015,99.99041981062592,99.99041981062592,0.0002896149239163708,0.0016570427863623496,9,14,26,25,1,1,1,1,1,1,1,1
0.06,232,20261051,0.0001640125680625227,1.6,0.00029542028994337,1.6,-7.851228712750602,32.04119982655924,-5.2955967995219355,32.04119982655924,44.48161698915035,99.9897492144961,99.9897492144961,0.00022743987836958203,0.00023482087619881604,4,20,26,25,1,1,1,1,1,1,1,1
0.06,233,20261052,0.000187350929957091,1.6,0.0004740494383898608,1.6,-7.273441468497101,32.04119982655924,-3.241763635995837,32.04119982655924,60.47860944768959,99.9882905668777,99.9882905668777,0.0002542008613558897,0.0005316752518080695,5,13,26,25,1,1,1,1,1,1,1,1
0.06,234,20261053,0.00021934802070892542,1.6,0.0003527854303223667,1.6,-6.588662801059476,32.04119982655924,-4.524893590880005,32.04119982655924,37.8239570413975,99.98629074870568,99.98629074870568,0.0003859821911016745,0.0003589531457441127,9,19,26,25,1,1,1,1,1,1,1,1
0.06,235,20261054,0.00028356504369154523,1.6,0.00043526435945140607,1.6,-5.4734730757770835,32.04119982655924,-3.6124689251932622,32.04119982655924,34.852225427107804,99.98227718476927,99.98227718476927,0.00041290981495557355,0.0009915616709299045,5,19,26,25,1,1,1,1,1,1,1,1
0.06,236,20261055,0.00025363395312922264,1.6,0.0005429076784712001,1.6,-5.957926093484877,32.04119982655924,-2.6527401597171063,32.04119982655924,53.2823050424627,99.98414787792943,99.98414787792943,0.0005677226640061114,0.0060173320784471206,8,24,26,25,1,1,1,1,1,1,1,1
0.06,237,20261056,0.00031909486641792435,1.6,0.00039026659698038495,1.6,-4.960801826579521,32.04119982655924,-4.086386185058334,32.04119982655924,18.236695405945216,99.98005657084889,99.98005657084889,0.0003167898298571706,0.00046922476749983074,11,25,26,25,1,1,1,1,1,1,1,1
0.06,238,20261057,0.0003286487370952513,1.6,0.0003604666224009492,1.6,-4.832680322520673,32.04119982655924,-4.431349428119172,32.04119982655924,8.826860332801264,99.97945945393155,99.97945945393155,0.00033009877413014055,0.00025797097488221814,7,25,26,25,1,1,1,1,1,1,1,1
0.06,239,20261058,0.00018347625128691924,1.6,0.0002307209515328509,1.6,-7.364201417798462,32.04119982655924,-6.369129658518996,32.04119982655924,20.476987430942,99.98853273429457,99.98853273429457,0.000295622478717299,0.002510782847561207,8,19,26,25,1,1,1,1,1,1,1,1
0.06,240,20261059,0.00047501834332386035,1.6,0.000553185134730213,1.6,-3.232896193214179,32.04119982655924,-2.571294988291437,32.04119982655924,14.130313072218467,99.97031135354227,99.97031135354227,0.0001767119128086984,0.0007180250258409428,13,25,26,25,1,1,1,1,1,1,1,1
0.06,241,20261060,0.0003975228355304537,1.6,0.0005041072148106637,1.6,-4.006379184288616,32.04119982655924,-2.9747708687044545,32.04119982655924,21.14319655596314,99.97515482277934,99.97515482277934,0.0006644347407041497,0.0008713660881734659,13,25,26,25,1,1,1,1,1,1,1,1
0.06,242,20261061,0.0001902392649647012,1.6,0.00030273659570930974,1.6,-7.206998407236541,32.04119982655924,-5.189350770481841,32.04119982655924,37.16013601891376,99.9881100459397,99.9881100459397,0.0005683974869008239,0.0005690951119342358,6,16,26,25,1,1,1,1,1,1,1,1
0.06,243,20261062,0.0006001213592388679,1.6,0.0009233523399034646,1.6,-2.2176091575265215,32.04119982655924,-0.3463254591127385,32.04119982655924,35.00624482073551,99.96249241504758,99.96249241504758,0.0007287990479233872,0.00046746782587784317,11,16,26,25,1,1,1,1,1,1,1,1
0.06,244,20261063,0.00017896278678626712,1.6,0.00024245959516695559,1.6,-7.47237266079091,32.04119982655924,-6.1536062431147975,32.04119982655924,26.188614369732456,99.98881482582586,99.98881482582586,9.574153574755818e-05,0.0005667593391152331,8,18,26,25,1,1,1,1,1,1,1,1
0.06,245,20261064,0.00020168349191521524,1.6,0.0003989692789005306,1.6,-6.953296479624079,32.04119982655924,-3.9906054420708466,32.04119982655924,49.44886672201692,99.9873947817553,99.9873947817553,0.0001388568526310983,0.00013891708245839708,6,25,26,25,1,1,1,1,1,1,1,1
0.06,246,20261065,0.00027745377454732476,1.6,0.00047358757623207804,1.6,-5.568093625639104,32.04119982655924,-3.2459969911584654,32.04119982655924,41.41447359012631,99.9826591390908,99.9826591390908,0.0010276277209266965,0.004695846209987761,8,25,26,25,1,1,1,1,1,1,1,1
0.06,247,20261066,0.0004327552564845424,1.6,0.0006483522549193784,1.6,-3.637576482397055,32.04119982655924,-1.8818897437336584,32.04119982655924,33.25306525873734,99.97295279646973,99.97295279646973,0.0003480282141403374,0.0008531662339348585,7,25,26,25,1,1,1,1,1,1,1,1
0.06,248,20261067,0.0004521001046612048,1.6,0.0008409432815543467,1.6,-3.447653924264922,32.04119982655924,-0.7523329473554258,32.04119982655924,46.23893018973035,99.97174374345869,99.97174374345869,0.00033467262927579456,0.0007093427803938068,7,25,26,25,1,1,1,1,1,1,1,1
0.06,249,20261068,0.000301691591484684,1.6,0.0004981080274331434,1.6,-5.2043679397712275,32.04119982655924,-3.026764591874605,32.04119982655924,39.43249759708451,99.98114427553222,99.98114427553222,0.00043852959864514485,0.0005719586528402487,10,24,26,25,1,1,1,1,1,1,1,1
0.06,250,20261069,0.0002917965965299843,1.6,0.0006624416654498722,1.6,-5.3491977795616314,32.04119982655924,-1.7885235963819348,32.04119982655924,55.95135213425598,99.98176271271689,99.98176271271689,0.00020443154696380328,0.0009299551327975912,13,25,26,25,1,1,1,1,1,1,1,1
0.06,251,20261070,0.00015449499637457147,1.6,0.00016777541784518312,1.6,-8.110855814954698,32.04119982655924,-7.752716708986091,32.04119982655924,7.915594335080913,99.99034406272659,99.99034406272659,0.0003336237215087152,0.001368190751229537,5,14,26,25,1,1,1,1,1,1,1,1
0.06,252,20261071,0.0001876938731167441,1.6,0.0004312198892417762,1.6,-7.26549903803897,32.04119982655924,-3.6530121630752284,32.04119982655924,56.47374395305129,99.9882691329302,99.9882691329302,0.00022218074747512237,0.0009302666883467682,8,25,26,25,1,1,1,1,1,1,1,1
0.06,253,20261072,0.0003835009751115879,1.6,0.0006457054401420544,1.6,-4.1623352745152316,32.04119982655924,-1.8996555459815259,32.04119982655924,40.60744245437701,99.97603118905553,99.97603118905553,0.0003729969819953257,0.0004124202165539658,10,25,26,25,1,1,1,1,1,1,1,1
0.06,254,20261073,0.00035205197847293834,1.6,0.0004524192365244971,1.6,-4.533932106768856,32.04119982655924,-3.4445893748038436,32.04119982655924,22.184569078579443,99.97799675134544,99.97799675134544,0.00043406977258802517,0.002901126516158584,8,14,26,25,1,1,1,1,1,1,1,1
0.06,255,20261074,0.00030019474168828137,1.6,0.0003700337785670604,1.6,-5.225969192738412,32.04119982655924,-4.317586295122172,32.04119982655924,18.873692328637578,99.98123782864448,99.98123782864448,0.0006973361479521371,0.0023749650845086307,9,25,26,25,1,1,1,1,1,1,1,1
0.06,256,20261075,0.0002875152083050771,1.6,0.0004579027663537803,1.6,-5.413391780759639,32.04119982655924,-3.3922673273665582,32.04119982655924,37.21042338430863,99.98203029948094,99.98203029948094,0.00026568627760553275,0.0006839511331492796,9,21,26,25,1,1,1,1,1,1,1,1
0.06,257,20261076,0.00013192499311070978,1.6,0.00022935726813907078,1.6,-8.79672919830246,32.04119982655924,-6.394874928867926,32.04119982655924,42.48057008129472,99.99175468793058,99.99175468793058,0.0003510060925268495,0.0019113368008560941,7,19,26,25,1,1,1,1,1,1,1,1
0.06,258,20261077,0.0002602737249978767,1.6,0.00037577202052711307,1.6,-5.845696723225643,32.04119982655924,-4.25075560007329,32.04119982655924,30.736268061475535,99.98373289218763,99.98373289218763,0.00010529902491432699,0.00010534871784542015,9,20,26,25,1,1,1,1,1,1,1,1
0.06,259,20261078,0.0002492245186914699,1.6,0.0002781951956847443,1.6,-6.034092340489813,32.04119982655924,-5.556503743641779,32.04119982655924,10.41379486154192,99.98442346758179,99.98442346758179,0.0002075589883510723,0.0006827963176773029,5,16,26,25,1,1,1,1,1,1,1,1
0.06,260,20261079,0.00030817607075281383,1.6,0.0004831708922138058,1.6,-5.112010863945971,32.04119982655924,-3.158992369111277,32.04119982655924,36.217997458248334,99.98073899557795,99.98073899557795,0.0002793677535112465,0.0041217226482828375,9,25,26,25,1,1,1,1,1,1,1,1
0.06,261,20261080,0.00018627284424847757,1.6,0.00030184251451343487,1.6,-7.298504540283935,32.04119982655924,-5.202195898811373,32.04119982655924,38.28806901216474,99.98835794723448,99.98835794723448,7.362952130028081e-05,0.0003063514588619779,9,25,26,25,1,1,1,1,1,1,1,1
0.06,262,20261081,0.00016094249754800748,1.6,0.0002601674582599047,1.6,-7.93329263460774,32.04119982655924,-5.847470259219224,32.04119982655924,38.13888230893676,99.98994109390325,99.98994109390325,0.00016337778556374812,0.0001641076756806256,6,11,26,25,1,1,1,1,1,1,1,1
0.06,263,20261082,0.00012870199697015788,1.6,0.00022412222301575397,1.6,-8.904147144290116,32.04119982655924,-6.495150785180195,32.04119982655924,42.575084595198234,99.99195612518936,99.99195612518936,0.0007237086335755055,0.0008521171636372469,7,25,26,25,1,1,1,1,1,1,1,1
0.06,264,20261083,0.00023199163711463635,1.6,0.00030073924977774255,1.6,-6.345276703695667,32.04119982655924,-5.218098879969269,32.04119982655924,22.859541185233795,99.98550052268033,99.98550052268033,0.00014330443145257332,0.0025805195314849644,4,15,26,25,1,1,1,1,1,1,1,1
0.06,265,20261084,0.0002497475510420807,1.6,0.00042059271448409836,1.6,-6.024987616570363,32.04119982655924,-3.761382544427498,32.04119982655924,40.62009577402628,99.98439077805986,99.98439077805986,0.0010129073711461006,0.003752392908450852,9,24,26,25,1,1,1,1,1,1,1,1
0.06,266,20261085,0.0002513935964082826,1.6,0.000415904839045075,1.6,-5.99645789020653,32.04119982655924,-3.810060265974424,32.04119982655924,39.55502008933418,99.98428790022447,99.98428790022447,0.002268609430704039,0.008637254501677159,12,25,26,25,1,1,1,1,1,1,1,1
0.06,267,20261086,0.0003688948537241498,1.6,0.0005942452586668793,1.6,-4.330974033657521,32.04119982655924,-2.26034274712152,32.04119982655924,37.92212081729978,99.97694407164225,99.97694407164225,0.0005849220425738134,0.0009621104995127423,12,17,21,25,1,1,1,1,1,1,1,1
0.06,268,20261087,0.0003055966115562412,1.6,0.0004680479910347163,1.6,-5.148514655105659,32.04119982655924,-3.297096145049403,32.04119982655924,34.70827406380763,99.98090021177774,99.98090021177774,0.0006312566687539972,0.0010598669072852073,5,21,26,25,1,1,1,1,1,1,1,1
0.06,269,20261088,0.00020523174983041935,1.6,0.00030406006088688515,1.6,-6.877554519933619,32.04119982655924,-5.170406218669382,32.04119982655924,32.50289129331964,99.9871730156356,99.9871730156356,0.00040480700569779453,0.0004060462858967781,6,20,26,25,1,1,1,1,1,1,1,1
0.06,270,20261089,0.00015151437582174612,1.6,0.0003041359412053054,1.6,-8.195461589513732,32.04119982655924,-5.169322541577372,32.04119982655924,50.18202215059248,99.99053035151114,99.99053035151114,0.00011391772005616408,0.0008633592661921888,5,25,26,25,1,1,1,1,1,1,1,1
0.06,271,20261090,0.00014834400618586664,1.6,0.0002103122120099475,1.6,-8.287299965867179,32.04119982655924,-6.771355087946573,32.04119982655924,29.46486332479345,99.99072849961338,99.99072849961338,0.00024515070616489964,3.568356644881088e-05,4,20,26,25,1,1,1,1,1,1,1,1
0.06,272,20261091,0.0002301969998309625,1.6,0.00030526415589931003,1.6,-6.379003408510945,32.04119982655924,-5.153241875422641,32.04119982655924,24.590884523339877,99.98561268751055,99.98561268751055,0.0004059394946471898,0.00034091055555947043,4,15,26,25,1,1,1,1,1,1,1,1
0.06,273,20261092,0.0003869882771376081,1.6,0.000865193197480884,1.6,-4.123021906698753,32.04119982655924,-0.6288690382856457,32.04119982655924,55.271460956423155,99.9758132326789,99.9758132326789,0.0003958813559310156,0.0009203877286676842,6,16,26,25,1,1,1,1,1,1,1,1
0.06,274,20261093,0.0002092669804940205,1.6,0.00028569670406263447,1.6,-6.79299292065168,32.04119982655924,-5.440947698226025,32.04119982655924,26.752049457265688,99.98692081371911,99.98692081371911,0.0005341838887480343,0.0022504241319492597,7,17,26,25,1,1,1,1,1,1,1,1
0.06,275,20261094,0.0003996013384770479,1.6,0.0007117048562768932,1.6,-3.9837306576081373,32.04119982655924,-1.4770007077970408,32.04119982655924,43.85294199516035,99.97502491634518,99.97502491634518,0.00020569146402461044,0.0007385817328129673,6,18,26,25,1,1,1,1,1,1,1,1
0.06,276,20261095,0.00020764078379574818,1.6,0.00044446743552154676,1.6,-6.826873404292608,32.04119982655924,-3.521600526721085,32.04119982655924,53.283240300361165,99.98702245101278,99.98702245101278,0.0005250333976436862,0.004193064822413597,7,20,26,25,1,1,1,1,1,1,1,1
0.06,277,20261096,0.00042484595899827915,1.6,0.0007411192578221685,1.6,-3.7176850826438192,32.04119982655924,-1.3011190153928176,32.04119982655924,42.67508845381793,99.97344712756261,99.97344712756261,0.0005096143832732454,0.0038312536382550167,10,15,26,25,1,1,1,1,1,1,1,1
0.06,278,20261097,0.00045640954699584436,1.6,0.0006572335432328294,1.6,-3.406452797572207,32.04119982655924,-1.8228027958090123,32.04119982655924,30.555956600931093,99.97147440331275,99.97147440331275,0.0005618076291864075,0.0004219753530090685,11,17,26,25,1,1,1,1,1,1,1,1
0.06,279,20261098,0.00044950603706761966,1.6,0.0009505984288494718,1.6,-3.4726447112197025,32.04119982655924,-0.22002907843246974,32.04119982655924,52.71336208585303,99.97190587268328,99.97190587268328,0.00022402967100223,0.0025481219882999015,7,22,26,25,1,1,1,1,1,1,1,1
0.06,280,20261099,0.00016641484576863263,1.6,0.00024429375557983375,1.6,-7.7880793316667525,32.04119982655924,-6.120876339347925,32.04119982655924,31.87920609200785,99.98959907213946,99.98959907213946,8.341025379767954e-05,5.880460864877503e-05,9,13,26,25,1,1,1,1,1,1,1,1
0.06,281,20261100,0.00023303217022568323,1.6,0.00041636164155458427,1.6,-6.325841202311705,32.04119982655924,-3.8052928787554148,32.04119982655924,44.031306689155436,99.98543548936088,99.98543548936088,0.00042415909202692337,0.0013444039974301737,8,19,26,25,1,1,1,1,1,1,1,1
0.06,282,20261101,0.00027926602113218825,1.6,0.0004470424427181621,1.6,-5.539819025822126,32.04119982655924,-3.4965124249835604,32.04119982655924,37.53031156635579,99.98254587367924,99.98254587367924,0.00418723938546112,0.006845005989021179,11,25,26,25,1,1,1,1,1,1,1,1
0.06,283,20261102,0.0002260096589423859,1.6,0.0004121056125265387,1.6,-6.458730000749835,32.04119982655924,-3.849914707151425,32.04119982655924,45.15734509006927,99.98587439631609,99.98587439631609,0.00017639296493414971,0.00019754002672871216,10,25,26,25,1,1,1,1,1,1,1,1
0.06,284,20261103,0.00023919748284524382,1.6,0.00030189467587102097,1.6,-6.212433948850176,32.04119982655924,-5.201445460038165,32.04119982655924,20.767902860454353,99.98505015732216,99.98505015732216,0.00016547305702299352,0.00014384197998765227,6,18,26,25,1,1,1,1,1,1,1,1
0.06,285,20261104,0.0003418848400066109,1.6,0.0006175032548513017,1.6,-4.661201564348923,32.04119982655924,-2.0936074890192535,32.04119982655924,44.634325840284234,99.97863219749959,99.97863219749959,0.0005853234391281469,0.0005872147688290161,8,15,26,25,1,1,1,1,1,1,1,1
0.06,286,20261105,0.00023188772309034472,1.6,0.0003664101678032412,1.6,-6.347222437520821,32.04119982655924,-4.360324832586329,32.04119982655924,36.713622200881105,99.98550701730686,99.98550701730686,0.00014425003845964374,0.0022675245784358625,9,21,26,25,1,1,1,1,1,1,1,1
0.06,287,20261106,0.0002851141026462841,1.6,0.00042880873432423383,1.6,-5.449813005790515,32.04119982655924,-3.6773637716280168,32.04119982655924,33.51019234820398,99.98218036858461,99.98218036858461,0.0003886043384063434,0.0003909844398156557,5,14,26,25,1,1,1,1,1,1,1,1
0.06,288,20261107,0.00044143880902824,1.6,0.0008492530379113326,1.6,-3.5512948856016244,32.04119982655924,-0.7096289091566945,32.04119982655924,48.02034384075656,99.97241007443574,99.97241007443574,0.0010489363403960207,0.00047882983266733857,6,25,26,25,1,1,1,1,1,1,1,1
0.06,289,20261108,0.00018696883675994576,1.6,0.0002702468688057546,1.6,-7.282307739502944,32.04119982655924,-5.682393292646076,32.04119982655924,30.81554003338577,99.98831444770249,99.98831444770249,0.00021226455800143492,0.0001870952968746292,7,25,26,25,1,1,1,1,1,1,1,1
0.06,290,20261109,0.00019647434084960942,1.6,0.00030691167487729477,1.6,-7.066941595636733,32.04119982655924,-5.129865907524479,32.04119982655924,35.98342554803068,99.9877203536969,99.9877203536969,0.00010671397861293515,0.0008447155500997513,6,15,26,25,1,1,1,1,1,1,1,1
0.06,291,20261110,0.0002005392539742478,1.6,0.0002707060300638623,1.6,-6.978006050098079,32.04119982655924,-5.675020700725185,32.04119982655924,25.91991618105494,99.9874662966266,99.9874662966266,0.000293078469562784,0.00022690116860937868,4,15,26,25,1,1,1,1,1,1,1,1
0.06,292,20261111,0.00044403657856725295,1.6,0.0004985555198262503,1.6,-3.525812523728176,32.04119982655924,-3.022864710302457,32.04119982655924,10.935380131383875,99.97224771383955,99.97224771383955,0.0004642281060431944,0.0010815357091446462,7,19,26,25,1,1,1,1,1,1,1,1
0.06,293,20261112,0.00030184706994103777,1.6,0.000742030804105053,1.6,-5.202130355289615,32.04119982655924,-1.2957806537439946,32.04119982655924,59.32149066168636,99.9811345581287,99.9811345581287,0.00042600740633610127,0.0044098900877834624,11,21,26,25,1,1,1,1,1,1,1,1
0.06,294,20261113,0.0003487526508867723,1.6,0.0005498391813543503,1.6,-4.574824826111864,32.04119982655924,-2.5976431571174374,32.04119982655924,36.5718808856558,99.97820295931959,99.97820295931959,0.0006925731109503642,0.0014725437652617838,10,25,26,25,1,1,1,1,1,1,1,1
0.06,295,20261114,0.00027770299740941776,1.6,0.0004565209751011877,1.6,-5.564194326323682,32.04119982655924,-3.405392637782419,32.04119982655924,39.16971781025724,99.9826435626619,99.9826435626619,0.0018070923400426032,0.004881657262950596,8,25,26,25,1,1,1,1,1,1,1,1
0.06,296,20261115,0.00017249622588429514,1.6,0.0002834591398571623,1.6,-7.632204025939279,32.04119982655924,-5.475095350549629,32.04119982655924,39.14599967698428,99.98921898588223,99.98921898588223,0.00011558896226992382,0.00013861567563195847,7,25,26,25,1,1,1,1,1,1,1,1
0.06,297,20261116,0.00019759661572000224,1.6,0.0003656380684228952,1.6,-7.042204979402669,32.04119982655924,-4.369485939959026,32.04119982655924,45.95841276257292,99.9876502115175,99.9876502115175,0.00024318667482863004,0.0018781203524034418,8,17,26,25,1,1,1,1,1,1,1,1
0.06,298,20261117,0.0001887015819519641,1.6,0.00038026037629809196,1.6,-7.242244589758804,32.04119982655924,-4.199189263676137,32.04119982655924,50.37569157507013,99.988206151128,99.988206151128,0.00012716382929758998,8.120995036947813e-05,5,21,26,25,1,1,1,1,1,1,1,1
0.06,299,20261118,0.00013907498541067194,1.6,0.0002075715038489352,1.6,-8.567509769457539,32.04119982655924,-6.828322682157544,32.04119982655924,32.99899898018426,99.99130781341184,99.99130781341184,9.309997976165146e-05,0.0005775280370677294,10,19,26,25,1,1,1,1,1,1,1,1
0.06,300,20261119,0.00020200615963283312,1.6,0.0003033383157181171,1.6,-6.946353877129571,32.04119982655924,-5.180727289773128,32.04119982655924,33.40565660008768,99.98737461502296,99.98737461502296,0.00015138107208498926,7.756249998196085e-05,6,19,26,25,1,1,1,1,1,1,1,1
0.06,301,20261120,0.00028304610075032715,1.6,0.00045054858001035544,1.6,-5.481428235890703,32.04119982655924,-3.462583747338664,32.04119982655924,37.17745137631516,99.9823096187031,99.9823096187031,0.0002585405165967329,0.0011193174048461456,12,25,26,25,1,1,1,1,1,1,1,1
0.06,302,20261121,0.00027249708292110197,1.6,0.0003133059629386594,1.6,-5.646381424810986,32.04119982655924,-5.040313394090327,32.04119982655924,13.025248429614857,99.98296893231743,99.98296893231743,8.712369871101148e-05,0.0003021315848139606,10,23,26,25,1,1,1,1,1,1,1,1
0.06,303,20261122,0.0004459213196198776,1.6,0.000688021683974224,1.6,-3.5074176341642085,32.04119982655924,-1.623978741453739,32.04119982655924,35.187897415660004,99.97212991752374,99.97212991752374,0.000221180486172223,0.0005063240696008636,10,20,26,25,1,1,1,1,1,1,1,1
0.06,304,20261123,0.00023369310271389488,1.6,0.00036168580740243564,1.6,-6.313541053120925,32.04119982655924,-4.416685326753114,32.04119982655924,35.38781507844115,99.9853941810804,99.9853941810804,0.0001641859228312072,0.0004063803662071242,8,23,26,25,1,1,1,1,1,1,1,1
0.06,305,20261124,0.000189228960848719,1.6,0.0004879030533900753,1.6,-7.230123955543836,32.04119982655924,-3.1166646398178703,32.04119982655924,61.215868698933576,99.98817318994696,99.98817318994696,0.00020662755308693337,0.0002018895235681437,9,25,26,25,1,1,1,1,1,1,1,1
0.06,306,20261125,0.00031211430950340083,1.6,0.0006692093973979407,1.6,-5.056863197809839,32.04119982655924,-1.7443796907035103,32.04119982655924,53.3607401932815,99.98049285565602,99.98049285565602,0.0002785534552943783,0.0004860920599250666,5,25,26,25,1,1,1,1,1,1,1,1
0.06,307,20261126,0.00033956747372368857,1.6,0.0003828403933238795,1.6,-4.6907391636342854,32.04119982655924,-4.169822462552303,32.04119982655924,11.303122751622093,99.97877703289228,99.97877703289228,0.0012109541312909362,0.0007227763524313742,8,15,26,25,1,1,1,1,1,1,1,1
0.06,308,20261127,0.00012877720337661465,1.6,0.00022787460177265672,1.6,-8.901610106097298,32.04119982655924,-6.423040772973133,32.04119982655924,43.487689117240194,99.99195142478897,99.99195142478897,0.0009537511214820322,0.001804130701109087,5,25,26,25,1,1,1,1,1,1,1,1
0.06,309,20261128,0.00011897568404947291,1.6,0.0002082544007046829,1.6,-9.245417895503657,32.04119982655924,-6.814058125787165,32.04119982655924,42.870026445113396,99.99256401974692,99.99256401974692,0.00010194544498045274,0.00010444811833174031,4,17,26,25,1,1,1,1,1,1,1,1
0.06,310,20261129,0.00016795954398198174,1.6,0.0003155416232250583,1.6,-7.747953131623299,32.04119982655924,-5.009433446776773,32.04119982655924,46.77103379727956,99.98950252850112,99.98950252850112,0.0002365175078462377,0.00015513416196443538,6,25,26,25,1,1,1,1,1,1,1,1
0.06,311,20261130,0.00024195341647515232,1.6,0.00035784820944828534,1.6,-6.162682411072044,32.04119982655924,-4.463011515076741,32.04119982655924,32.386578977666126,99.98487791147029,99.98487791147029,0.0001759680032315776,0.000263121931694827,5,20,26,25,1,1,1,1,1,1,1,1
0.06,312,20261131,0.00023827367582058808,1.6,0.00032617374990845903,1.6,-6.229239353176529,32.04119982655924,-4.865509934141788,32.04119982655924,26.94884984231263,99.98510789526122,99.98510789526122,0.00020771170882668026,0.0017978256095224354,6,23,26,25,1,1,1,1,1,1,1,1
0.06,313,20261132,0.0003142077137835865,1.6,0.00048146078753719845,1.6,-5.027831572574585,32.04119982655924,-3.1743907811305,32.04119982655924,34.738669915188,99.98036201788852,99.98036201788852,0.002081439881575111,0.004701137543619017,8,17,26,25,1,1,1,1,1,1,1,1
0.06,314,20261133,0.00020249924740374883,1.6,0.00035000365604334995,1.6,-6.935765865184798,32.04119982655924,-4.559274191035541,32.04119982655924,42.143676528148,99.98734379703727,99.98734379703727,0.00044452779734184306,0.00028579148354001654,4,17,26,25,1,1,1,1,1,1,1,1
0.06,315,20261134,0.0002007573376809298,1.6,0.00025161552893790043,1.6,-6.973285722953594,32.04119982655924,-5.9926255907763455,32.04119982655924,20.212659954514418,99.98745266639493,99.98745266639493,0.000146201253491844,0.00021708320620723824,6,13,26,25,1,1,1,1,1,1,1,1
0.06,316,20261135,0.00014855221551046493,1.6,0.00017501453876710122,1.6,-8.281208667361538,32.04119982655924,-7.569258722048113,32.04119982655924,15.120071419809731,99.99071548653059,99.99071548653059,8.26953981116557e-05,0.0005503264532091028,7,24,26,25,1,1,1,1,1,1,1,1
0.06,317,20261136,0.0004096206061798054,1.6,0.0005349467254824576,1.6,-3.8761820407059733,32.04119982655924,-2.716894665414575,32.04119982655924,23.427775763955406,99.97439871211377,99.97439871211377,0.000357635807365324,0.0007408763677548472,15,25,26,25,1,1,1,1,1,1,1,1
0.06,318,20261137,0.00014841215741244926,1.6,0.00021975230328572027,1.6,-8.285305216925744,32.04119982655924,-6.580665642676772,32.04119982655924,32.463889937260454,99.99072424016173,99.99072424016173,0.0002778814820900955,0.00014779462184126327,6,13,26,25,1,1,1,1,1,1,1,1
0.06,319,20261138,0.000671669032793946,1.6,0.000844431668300407,1.6,-1.728446743255949,32.04119982655924,-0.7343548792925343,32.04119982655924,20.4590426901186,99.95802068545039,99.95802068545039,0.0012781540157959527,0.0019334828234206982,18,25,26,25,1,1,1,1,1,1,1,1
0.06,320,20261139,0.0003888129218938443,1.6,0.0006319320666743634,1.6,-4.1025931006794,32.04119982655924,-1.9932960629705974,32.04119982655924,38.47235448265346,99.97569919238163,99.97569919238163,0.0003454758519996115,0.001578976698858036,4,25,26,25,1,1,1,1,1,1,1,1
0.06,321,20261140,0.0002353992641944528,1.6,0.00038157736088051527,1.6,-6.281948989980571,32.04119982655924,-4.184174000484743,32.04119982655924,38.308901856427426,99.98528754598784,99.98528754598784,0.0005611760442662258,0.0009364861645154561,7,19,26,25,1,1,1,1,1,1,1,1
0.06,322,20261141,0.0006028020694012247,1.6,0.0010705105437613062,1.6,-2.1982526543505996,32.04119982655924,0.2959094914078244,32.04119982655924,43.6902258539891,99.96232487066241,99.96232487066241,0.0009650687558277449,0.0007001967556518804,14,18,26,25,1,1,1,1,1,1,1,1
0.06,323,20261142,0.00020693889823428946,1.6,0.0002774435643261244,1.6,-6.841578674749355,32.04119982655924,-5.568253447732894,32.04119982655924,25.41225501592799,99.98706631886037,99.98706631886037,0.00013312562909087488,0.0004390127190354699,7,25,26,25,1,1,1,1,1,1,1,1
0.06,324,20261143,0.00022705495996944812,1.6,0.0005845620762148424,1.6,-6.438690065847114,32.04119982655924,-2.331693631572829,32.04119982655924,61.158109770022236,99.9858090650019,99.9858090650019,0.00031674005479089495,0.0005880983090925395,5,22,26,25,1,1,1,1,1,1,1,1
0.06,325,20261144,0.0001214429115550081,1.6,0.00020436333366976824,1.6,-9.156278292523169,32.04119982655924,-6.895970215183697,32.04119982655924,40.574999744695724,99.99240981802781,99.99240981802781,0.0002741610363468669,0.0008748835719507909,4,22,26,25,1,1,1,1,1,1,1,1
0.06,326,20261145,0.0003550643099035772,1.6,0.00040493455281592305,1.6,-4.4969297960184385,32.04119982655924,-3.9261516356984085,32.04119982655924,12.315630406332875,99.97780848063103,99.97780848063103,0.00022507029640812202,0.0016972732491198433,16,21,26,25,1,1,1,1,1,1,1,1
0.06,327,20261146,0.0003918825227400152,1.6,0.0004587604653349982,1.6,-4.0684410484755205,32.04119982655924,-3.384140154147328,32.04119982655924,14.577965550311111,99.97550734232875,99.97550734232875,0.00048770610678387295,0.00077331986499899,25,25,26,25,1,1,1,1,1,1,1,1
0.06,328,20261147,0.00021134261022937847,1.6,0.00046278809489985425,1.6,-6.750129330382335,32.04119982655924,-3.346178216861519,32.04119982655924,54.33274698323597,99.98679108686065,99.98679108686065,0.00020503170058140257,0.003937080818944145,6,25,26,25,1,1,1,1,1,1,1,1
0.06,329,20261148,0.00041818948381549604,1.6,0.0008652658480868378,1.6,-3.786268925569046,32.04119982655924,-0.6285043748470971,32.04119982655924,51.669248851073725,99.97386315726153,99.97386315726153,0.0014134008123888877,0.007617195787879907,10,22,26,25,1,1,1,1,1,1,1,1
0.06,330,20261149,0.00048334515862754517,1.6,0.0006424391682041622,1.6,-3.1574262711117185,32.04119982655924,-1.9216798887449635,32.04119982655924,24.764058209797405,99.96979092758579,99.96979092758579,0.0008911194036435688,0.002089061071592106,14,25,26,25,1,1,1,1,1,1,1,1
0.06,331,20261150,0.0002511482811467569,1.6,0.0004327518336887029,1.6,-6.000697897960231,32.04119982655924,-3.637610832233415,32.04119982655924,41.96482565862016,99.98430323242833,99.98430323242833,9.359269985472031e-05,0.0004959770418286146,6,25,26,25,1,1,1,1,1,1,1,1
0.06,332,20261151,0.0004734323100664729,1.6,0.0005104199087559332,1.6,-3.247421063462086,32.04119982655924,-2.920723944471236,32.04119982655924,7.246503918628801,99.97041048062084,99.97041048062084,0.000304677901794373,0.0011942039108172474,7,22,26,25,1,1,1,1,1,1,1,1
0.06,333,20261152,0.0002269547159577381,1.6,0.0003474964570281682,1.6,-6.440607884966191,32.04119982655924,-4.590496189902992,32.04119982655924,34.688624483057374,99.98581533025263,99.98581533025263,0.0001684651950231745,0.0006614136434875214,4,25,26,25,1,1,1,1,1,1,1,1
0.06,334,20261153,0.00021469684218147707,1.6,0.0005508767799272087,1.6,-6.681743432360612,32.04119982655924,-2.58945533239336,32.04119982655924,61.02634018993385,99.98658144736365,99.98658144736365,0.0001205840691725145,0.0001282381686625139,8,25,26,25,1,1,1,1,1,1,1,1
0.06,335,20261154,0.0003158583139375846,1.6,0.0003893994008157617,1.6,-5.005076872366211,32.04119982655924,-4.096047210815458,32.04119982655924,18.88577299402982,99.98025885537889,99.98025885537889,0.00010349819624404492,0.0002068138931161114,5,14,26,25,1,1,1,1,1,1,1,1
0.06,336,20261155,0.0003899027040410158,1.6,0.0005254548457182065,1.6,-4.090437528960875,32.04119982655924,-2.79464598566251,32.04119982655924,25.797105646996975,99.97563108099743,99.97563108099743,0.0002244082559443381,0.0006272729509736106,5,22,26,25,1,1,1,1,1,1,1,1
0.06,337,20261156,0.0004647463746149794,1.6,0.0006623052824479907,1.6,-3.327839893793028,32.04119982655924,-1.7894178107138992,32.04119982655924,29.828979636520597,99.97095335158656,99.97095335158656,0.000621791591745786,0.0006224773385724744,10,25,26,25,1,1,1,1,1,1,1,1
0.06,338,20261157,0.00025557725828319046,1.6,0.0005685273192560231,1.6,-5.924777930861145,32.04119982655924,-2.452486614651241,32.04119982655924,55.04573841453393,99.9840264213573,99.9840264213573,0.00044156833753183607,0.005051612661022107,7,21,26,25,1,1,1,1,1,1,1,1
0.06,339,20261158,0.00027283584852272737,1.6,0.000353946145545703,1.6,-5.64098567326596,32.04119982655924,-4.510628127526947,32.04119982655924,22.91599952244778,99.98294775946734,99.98294775946734,0.00016044895913661084,0.0005925132666162531,3,19,26,25,1,1,1,1,1,1,1,1
0.06,340,20261159,0.0001436034012053448,1.6,0.00022419796724148776,1.6,-8.428352738317386,32.04119982655924,-6.493683293851449,32.04119982655924,35.947946820290774,99.99102478742466,99.99102478742466,0.0008981067895740834,0.0028918288382126355,7,15,26,25,1,1,1,1,1,1,1,1
0.06,341,20261160,0.00014011902055394382,1.6,0.00019397881495123888,1.6,-8.535029071058739,32.04119982655924,-7.122456981737343,32.04119982655924,27.765812679510375,99.99124256121537,99.99124256121537,0.00011149797856994148,0.0002611167857304475,9,25,26,25,1,1,1,1,1,1,1,1
0.06,342,20261161,0.00017666777815069344,1.6,0.000273476286562357,1.6,-7.52842652798905,32.04119982655924,-5.630803258629259,32.04119982655924,35.399233194425314,99.98895826386558,99.98895826386558,0.00030768093649945026,0.0003060362237354304,6,18,26,25,1,1,1,1,1,1,1,1
0.06,343,20261162,0.0002491450435472078,1.6,0.00033477180620194693,1.6,-6.035477481939424,32.04119982655924,-4.752511245333282,32.04119982655924,25.577650527441914,99.9844284347783,99.9844284347783,0.00015134374194525536,0.00026597736845327595,13,25,26,25,1,1,1,1,1,1,1,1
0.06,344,20261163,8.684936876218036e-05,1.6,0.0001974530836311997,1.6,-10.612333337407524,32.04119982655924,-7.0453607948349175,32.04119982655924,56.01518742325823,99.99457191445235,99.99457191445235,0.0002931701419051461,0.0002244917525596423,4,15,26,25,1,1,1,1,1,1,1,1
0.06,345,20261164,0.00022440995223302836,1.6,0.000327871304545345,1.6,-6.489578867026676,32.04119982655924,-4.842965913298685,32.04119982655924,31.555476456161717,99.98597437798544,99.98597437798544,0.00023997442266055857,0.00024966149461702256,6,25,26,25,1,1,1,1,1,1,1,1
0.06,346,20261165,0.00022319187110634697,1.6,0.0003521327487778814,1.6,-6.513216269295575,32.04119982655924,-4.532935831316271,32.04119982655924,36.617121843690796,99.98605050805584,99.98605050805584,0.00047515692451781117,0.009160271418807216,6,25,26,25,1,1,1,1,1,1,1,1
0.06,347,20261166,0.00020184891601247886,1.6,0.0003364718853053723,1.6,-6.949735785353758,32.04119982655924,-4.730512184142776,32.04119982655924,40.01016880525202,99.98738444274922,99.98738444274922,0.00016718741262895158,0.00017621860691446672,4,15,26,25,1,1,1,1,1,1,1,1
0.06,348,20261167,0.0001860716798438766,1.6,0.0002639326872965862,1.6,-7.303197215681092,32.04119982655924,-5.785068203391085,32.04119982655924,29.500327621495295,99.98837052000975,99.98837052000975,0.00010640856213257072,0.00020367685415722834,6,14,26,25,1,1,1,1,1,1,1,1
0.06,349,20261168,0.0003189970631738611,1.6,0.0005227060459352044,1.6,-4.962133152288928,32.04119982655924,-2.8174247655977416,32.04119982655924,38.97199665959008,99.98006268355164,99.98006268355164,0.00029349848309144933,0.0021795241457319816,11,25,26,25,1,1,1,1,1,1,1,1
0.06,350,20261169,0.00029802828121483596,1.6,0.00037883730911634784,1.6,-5.257425218540735,32.04119982655924,-4.215472568454814,32.04119982655924,21.33079978051844,99.98137323242408,99.98137323242408,9.79691156976483e-05,0.0001722272057689899,7,25,24,25,1,1,1,1,1,1,1,1
0.06,351,20261170,0.00038677810217185426,1.6,0.0009119274500063489,1.6,-4.125381219084164,32.04119982655924,-0.4003971135931542,32.04119982655924,57.586746383260916,99.97582636861426,99.97582636861426,0.00018834987877631602,0.0008352106287351453,8,16,26,25,1,1,1,1,1,1,1,1
0.06,352,20261171,0.00020947990438019589,1.6,0.0005158777096231366,1.6,-6.78857633009824,32.04119982655924,-2.874532369974241,32.04119982655924,59.393495692375055,99.98690750597625,99.98690750597625,0.00010655254782268075,0.00026344476788777306,8,25,26,25,1,1,1,1,1,1,1,1
0.06,353,20261172,0.00014190149601649616,1.6,0.00018460198870655966,1.6,-8.480130259076827,32.04119982655924,-7.337636246555414,32.04119982655924,23.131111961063173,99.99113115649898,99.99113115649898,0.00033989771161165185,0.0025512854701834286,10,11,26,25,1,1,1,1,1,1,1,1
0.06,354,20261173,0.00028817270874365004,1.6,0.0004448006295566228,1.6,-5.403471512224431,32.04119982655924,-3.518346067390074,32.04119982655924,35.21306185404896,99.98198920570353,99.98198920570353,0.00023908310680071895,0.0002112253534719379,6,16,26,25,1,1,1,1,1,1,1,1
0.06,355,20261174,0.00022733638458222847,1.6,0.0004639508350083284,1.6,-6.433310510382634,32.04119982655924,-3.3352803930694854,32.04119982655924,50.99989752617914,99.98579147596361,99.98579147596361,0.0018358314855986975,0.0008553687481947711,5,25,26,25,1,1,1,1,1,1,1,1
0.06,356,20261175,0.00029137493076362314,1.6,0.0004776003152890309,1.6,-5.355478166682094,32.04119982655924,-3.2093539517801495,32.04119982655924,38.991888942265284,99.98178906682728,99.98178906682728,0.00040294228140419193,0.0004092507735808432,8,20,26,25,1,1,1,1,1,1,1,1
0.06,357,20261176,0.00039162666323238444,1.6,0.0007298265140089784,1.6,-4.0712774766437105,32.04119982655924,-1.3678036311630524,32.04119982655924,46.33975942020015,99.97552333354797,99.97552333354797,0.00032073765220518203,0.00017302319740488425,11,25,26,25,1,1,1,1,1,1,1,1
0.06,358,20261177,0.00024033152400299314,1.6,0.00028157335074036825,1.6,-6.19189259563925,32.04119982655924,-5.504084510003635,32.04119982655924,14.646921176643302,99.98497927974982,99.98497927974982,0.00019617644851845352,0.003132745378814126,12,19,26,25,1,1,1,1,1,1,1,1
0.06,359,20261178,0.0002281967186068994,1.6,0.0003834101899497169,1.6,-6.416906048834601,32.04119982655924,-4.163363489954507,32.04119982655924,40.48235425437527,99.98573770508708,99.98573770508708,0.00026326757199671396,0.0020243163543611775,5,19,26,25,1,1,1,1,1,1,1,1
0.06,360,20261179,0.00020518469074684703,1.6,0.000261700283514255,1.6,-6.878550459588459,32.04119982655924,-5.821958068648581,32.04119982655924,21.595541284283527,99.98717595682831,99.98717595682831,0.00020618627021347805,0.0004953009973450205,4,25,26,25,1,1,1,1,1,1,1,1
0.06,361,20261180,0.0003783450584817031,1.6,0.0005267238124647608,1.6,-4.221119339262101,32.04119982655924,-2.7841704733783463,32.04119982655924,28.170124545676327,99.97635343384489,99.97635343384489,0.0006015479038090472,0.0012486480030402263,9,24,26,25,1,1,1,1,1,1,1,1
0.06,362,20261181,0.0002626108352861095,1.6,0.0004820977305401364,1.6,-5.806873589476533,32.04119982655924,-3.1686491293975916,32.04119982655924,45.52746908974586,99.98358682279462,99.98358682279462,0.0008522510239876837,0.0028992139272928244,9,25,26,25,1,1,1,1,1,1,1,1
0.06,363,20261182,0.00020633871744210911,1.6,0.00025850869237981213,1.6,-6.8541927326873395,32.04119982655924,-5.875248491305105,32.04119982655924,20.18112987127436,99.98710383015987,99.98710383015987,8.902434181321881e-05,0.0003162088168064028,4,25,26,25,1,1,1,1,1,1,1,1
0.06,364,20261183,0.0002696057868854746,1.6,0.0004881757050553562,1.6,-5.692707902322047,32.04119982655924,-3.114238378294024,32.04119982655924,44.77279715202072,99.98314963831966,99.98314963831966,0.0002978017266325915,0.0015202866343401915,4,25,26,25,1,1,1,1,1,1,1,1
0.06,365,20261184,0.00019145284119003874,1.6,0.00034783143116594154,1.6,-7.179381842705893,32.04119982655924,-4.586311763150101,32.04119982655924,44.958153853927755,99.98803419742562,99.98803419742562,0.00012796374655429872,0.00020015570128737603,6,22,26,25,1,1,1,1,1,1,1,1
0.06,366,20261185,0.0004561274750958025,1.6,0.0006389077503785726,1.6,-3.4091376699801,32.04119982655924,-1.945618435532082,32.04119982655924,28.608241983990197,99.97149203280651,99.97149203280651,0.0007775846244953233,0.005719410188530927,5,25,26,25,1,1,1,1,1,1,1,1
0.06,367,20261186,0.00012295394410874894,1.6,0.00016054060726918408,1.6,-9.102575354312245,32.04119982655924,-7.944150985714245,32.04119982655924,23.412558230462064,99.9923153784932,99.9923153784932,0.0001561137525452462,0.00011661856014912214,5,21,26,25,1,1,1,1,1,1,1,1
0.06,368,20261187,0.00020015144163951855,1.6,0.00022553997493577417,1.6,-6.986412774358034,32.04119982655924,-6.467764721656262,32.04119982655924,11.256777563926473,99.98749053489755,99.98749053489755,0.0002149567366758248,0.0002886118363290807,13,17,26,25,1,1,1,1,1,1,1,1
0.06,369,20261188,0.000665434061788532,1.6,0.0010587798258844883,1.6,-1.7689497252611779,32.04119982655924,0.24805657609935006,32.04119982655924,37.15085558674688,99.95841037113823,99.95841037113823,0.0002370900443869187,0.0006918005228966261,8,25,26,25,1,1,1,1,1,1,1,1
0.06,370,20261189,0.00018546968638154157,1.6,0.00023208946704241805,1.6,-7.317270623994869,32.04119982655924,-6.343445687606049,32.04119982655924,20.086986822351562,99.98840814460117,99.98840814460117,0.0009163125737425945,0.0013502957399728066,5,20,26,25,1,1,1,1,1,1,1,1
0.06,371,20261190,0.0001819227859764358,1.6,0.0003222882703797239,1.6,-7.4011290179371825,32.04119982655924,-4.9175550026507535,32.04119982655924,43.55277473732066,99.98862982587647,99.98862982587647,0.0005245698777728903,0.00047700846764483335,7,25,26,25,1,1,1,1,1,1,1,1
0.06,372,20261191,0.0002772408341787806,1.6,0.0004969753513080732,1.6,-5.571428030918017,32.04119982655924,-3.036651506154617,32.04119982655924,44.21436929435962,99.98267244786383,99.98267244786383,0.0005405847282628583,0.000534438008955749,6,19,26,25,1,1,1,1,1,1,1,1
0.06,373,20261192,0.00022499301027973227,1.6,0.00035392092501574914,1.6,-6.4783097364016795,32.04119982655924,-4.510937596280327,32.04119982655924,36.42845212677936,99.98593793685751,99.98593793685751,0.00025383585391066494,0.00023827820909625086,7,25,26,25,1,1,1,1,1,1,1,1
0.06,374,20261193,0.00019146890071434193,1.6,0.00023597009822315225,1.6,-7.179017561338307,32.04119982655924,-6.271430266885534,32.04119982655924,18.858829082118028,99.98803319370535,99.98803319370535,0.00013789876613178414,0.00014053167179718347,13,25,26,25,1,1,1,1,1,1,1,1
0.06,375,20261194,0.00026263524389863295,1.6,0.0003534322984063739,1.6,-5.8064699491198475,32.04119982655924,-4.5169376501965255,32.04119982655924,25.690084046405733,99.98358529725633,99.98358529725633,0.000691709071300774,0.0017679712972498804,5,20,26,25,1,1,1,1,1,1,1,1
0.06,376,20261195,0.00012617057323200092,1.6,0.00018872144743537958,1.6,-8.990419238016523,32.04119982655924,-7.241787412047648,32.04119982655924,33.144549839676706,99.992114339173,99.992114339173,0.00017180508511939973,0.0001264627466055195,6,13,26,25,1,1,1,1,1,1,1,1
0.06,377,20261196,0.0002137980305509888,1.6,0.00033660789551403874,1.6,-6.699962997108583,32.04119982655924,-4.728757013787236,32.04119982655924,36.484546738128415,99.98663762309057,99.98663762309057,0.0002903599147580609,0.00041000836116984794,7,11,26,25,1,1,1,1,1,1,1,1
0.06,378,20261197,0.00014113932955936746,1.6,0.00020965124210006267,1.6,-8.503519498844463,32.04119982655924,-6.785025602310535,32.04119982655924,32.67899195560012,99.99117879190254,99.99117879190254,0.0001812801070144364,0.0007726786520674696,3,14,26,25,1,1,1,1,1,1,1,1
0.06,379,20261198,0.00020393979611337963,1.6,0.0002561435011152013,1.6,-6.904980192143225,32.04119982655924,-5.915166585876076,32.04119982655924,20.38064786907981,99.98725376274291,99.98725376274291,0.00020744878918396348,0.0038810731146351643,8,25,26,25,1,1,1,1,1,1,1,1
0.06,380,20261199,0.0009712948249442414,1.6,0.0012417380063801152,1.6,-0.12648925177669562,32.04119982655924,0.940299739516669,32.04119982655924,21.77940757602026,99.93929407344099,99.93929407344099,0.0007062373420587266,0.0013664633403588677,6,17,26,25,1,1,1,1,1,1,1,1
0.06,381,20261200,0.00033250427321061577,1.6,0.0004939367652126777,1.6,-4.7820276894774825,32.04119982655924,-3.0632864677883713,32.04119982655924,32.68282569177713,99.97921848292435,99.97921848292435,0.00025029085315044495,0.00013865130657146803,7,25,26,25,1,1,1,1,1,1,1,1
0.06,382,20261201,0.00028988826425187437,1.6,0.00039038976744642297,1.6,-5.377693661345459,32.04119982655924,-4.085015742015398,32.04119982655924,25.74388766691776,99.98188198348426,99.98188198348426,0.0002366701387940372,0.00044783262771234446,8,21,26,25,1,1,1,1,1,1,1,1
0.06,383,20261202,0.00027185225903007267,1.6,0.00041534148357106476,1.6,-5.656670537594978,32.04119982655924,-3.81594690160852,32.04119982655924,34.54728945138974,99.98300923381062,99.98300923381062,0.0002649957817868966,0.0005325327129682938,6,22,26,25,1,1,1,1,1,1,1,1
0.06,384,20261203,0.0003289562953776369,1.6,0.000686404521297174,1.6,-4.828617979075993,32.04119982655924,-1.634198644834379,32.04119982655924,52.07544746995954,99.97944023153889,99.97944023153889,0.0006249844701780573,0.00043295402340466687,13,25,26,25,1,1,1,1,1,1,1,1
0.06,385,20261204,0.00014671200540777673,1.6,0.0002575606195024052,1.6,-8.33534346490601,32.04119982655924,-5.891205389838871,32.04119982655924,43.03787368922419,99.99083049966202,99.99083049966202,0.0003897076093766368,0.0003069855904345878,9,25,26,25,1,1,1,1,1,1,1,1
0.06,386,20261205,0.00015818224092392348,1.6,0.00023907483110475667,1.6,-8.00842276221889,32.04119982655924,-6.214661423604763,32.04119982655924,33.83567806240049,99.99011360994226,99.99011360994226,0.0002471161618033874,0.00021350253450158472,6,16,26,25,1,1,1,1,1,1,1,1
0.06,387,20261206,0.0002642203840320504,1.6,0.00038585364252773124,1.6,-5.780336805475802,32.04119982655924,-4.135773955767151,32.04119982655924,31.523159325090226,99.983486225998,99.983486225998,0.00023912878309861839,0.00011341442702648525,5,16,26,25,1,1,1,1,1,1,1,1
0.06,388,20261207,0.00010424621790255093,1.6,0.0001895355030378992,1.6,-9.819396924582614,32.04119982655924,-7.223094277578163,32.04119982655924,44.99910769661659,99.99348461138108,99.99348461138108,6.091863852144507e-05,0.0001588021644665567,7,14,26,25,1,1,1,1,1,1,1,1
0.06,389,20261208,0.0002769082648270372,1.6,0.0003395169676714608,1.6,-5.576640817581813,32.04119982655924,-4.691385165765644,32.04119982655924,18.440522508733032,99.9826932334483,99.9826932334483,0.00024369678666194222,0.0008792107459717395,6,21,26,25,1,1,1,1,1,1,1,1
0.06,390,20261209,0.0002316854897167506,1.6,0.0003176000468901541,1.6,-6.351011648862367,32.04119982655924,-4.981194421261326,32.04119982655924,27.051178995297224,99.98551965689269,99.98551965689269,0.0010261218796133243,0.0013964007733394904,5,19,26,25,1,1,1,1,1,1,1,1
0.06,391,20261210,0.0002550224388552933,1.6,0.00033258776826336543,1.6,-5.934216052825233,32.04119982655924,-4.780937270750308,32.04119982655924,23.321762496884936,99.98406109757155,99.98406109757155,0.00026860094180820914,0.002018352192284498,6,22,26,25,1,1,1,1,1,1,1,1
0.06,392,20261211,0.0002594418182300088,1.6,0.000443614689871877,1.6,-5.859600206853278,32.04119982655924,-3.529940810425674,32.04119982655924,41.51640508006176,99.98378488636064,99.98378488636064,0.0002925216136071086,0.00048663191675917027,7,22,26,25,1,1,1,1,1,1,1,1
0.06,393,20261212,0.0003610600755935507,1.6,0.0005172634064808052,1.6,-4.424205312575006,32.04119982655924,-2.862882444318121,32.04119982655924,30.198024629266122,99.9774337452754,99.9774337452754,0.00018327970936958294,0.0006875174620160398,8,14,26,25,1,1,1,1,1,1,1,1
0.06,394,20261213,0.0003290300536173513,1.6,0.0006426138151309062,1.6,-4.827644317641042,32.04119982655924,-1.920499420732875,32.04119982655924,48.79816681962791,99.97943562164892,99.97943562164892,0.0004224453026719367,0.0012136985088618212,6,25,26,25,1,1,1,1,1,1,1,1
0.06,395,20261214,0.00017918076137388224,1.6,0.0002657857155996812,1.6,-7.467086223396107,32.04119982655924,-5.754683635096789,32.04119982655924,32.58450290693608,99.98880120241414,99.98880120241414,0.0001414941441339404,0.00034080803357420636,15,23,26,25,1,1,1,1,1,1,1,1
0.06,396,20261215,0.00021531186460529528,1.6,0.0002705726686566957,1.6,-6.669320380323499,32.04119982655924,-5.677160748894092,32.04119982655924,20.423646011902147,99.98654300846216,99.98654300846216,0.00015754008868544393,0.00018152409345638658,4,25,26,25,1,1,1,1,1,1,1,1
0.06,397,20261216,0.00036207503031802576,1.6,0.0004649024766555112,1.6,-4.412014242827131,32.04119982655924,-3.326381402119289,32.04119982655924,22.11806808972534,99.97737031060512,99.97737031060512,0.000251272312330827,0.0015685081795631835,9,13,26,25,1,1,1,1,1,1,1,1
0.06,398,20261217,0.00015882165660200287,1.6,0.00024686264972075103,1.6,-7.990902783480243,32.04119982655924,-6.075446137830632,32.04119982655924,35.663958569001586,99.99007364646236,99.99007364646236,0.00017980124294773674,0.0007279186892611774,6,17,26,25,1,1,1,1,1,1,1,1
0.06,399,20261218,0.00014542978674725974,1.6,0.0002932505789413755,1.6,-8.373466327129638,32.04119982655924,-5.327611218184125,32.04119982655924,50.40767275813871,99.99091063832829,99.99091063832829,0.0001849276453229007,0.0008046901403169805,6,21,26,25,1,1,1,1,1,1,1,1
0.06,400,20261219,0.00034848517318599966,1.6,0.0003772541093204307,1.6,-4.5781569487009035,32.04119982655924,-4.233660208818159,32.04119982655924,7.625877471886031,99.97821967667586,99.97821967667586,0.00016944870233406395,0.002769908255597347,8,14,26,25,1,1,1,1,1,1,1,1
0.06,401,20261220,0.000373468900308487,1.6,0.0003521173913005559,1.6,-4.277455571330651,32.04119982655924,-4.5331252432107085,32.04119982655924,-6.063747356831387,99.97665819373071,99.97665819373071,0.001332084682893131,0.0018942369663474267,5,12,26,25,1,1,1,1,0,1,1,1
0.06,402,20261221,0.00019967202984578342,1.6,0.0004017222343421688,1.6,-6.996827670491433,32.04119982655924,-3.9607413046677826,32.04119982655924,50.295997389153264,99.98752049813464,99.98752049813464,0.000501849784710012,0.0005213437903780599,12,15,26,25,1,1,1,1,1,1,1,1
0.06,403,20261222,0.00021111868334629073,1.6,0.00041668613648402795,1.6,-6.754733312818661,32.04119982655924,-3.801909486635398,32.04119982655924,49.33388350097337,99.98680508229087,99.98680508229087,0.00015796129713620364,0.00018137850979124825,7,20,26,25,1,1,1,1,1,1,1,1
0.06,404,20261223,0.00027543103862116565,1.6,0.0005705051110694616,1.6,-5.5998712020713715,32.04119982655924,-2.437404604494112,32.04119982655924,51.72154757652457,99.98278556008617,99.98278556008617,0.0003001743967497334,0.00029846561164481946,5,25,26,25,1,1,1,1,1,1,1,1
0.06,405,20261224,0.0002201828102014075,1.6,0.0003415589940091412,1.6,-6.572165896607318,32.04119982655924,-4.66534274237499,32.04119982655924,35.535935500643056,99.98623857436243,99.98623857436243,0.00021576232349789407,0.00037796222023693483,8,23,26,25,1,1,1,1,1,1,1,1
0.06,406,20261225,0.00042865248473720856,1.6,0.0005421999114882257,1.6,-3.6789465448820673,32.04119982655924,-2.658405576522103,32.04119982655924,20.941985482689052,99.97320921970393,99.97320921970393,0.00022776279633638651,0.0008048722667162295,10,22,26,25,1,1,1,1,1,1,1,1
0.06,407,20261226,0.00039535047592609117,1.6,0.0004072600093917296,1.6,-4.030177340589653,32.04119982655924,-3.901282330595373,32.04119982655924,2.924307123458085,99.97529059525463,99.97529059525463,0.00011528426219874449,0.00020158784328773568,7,20,26,25,1,1,1,1,1,1,1,1
0.06,408,20261227,0.00037901340852442174,1.6,0.0007451421084273358,1.6,-4.213454255328253,32.04119982655924,-1.2776089366736385,32.04119982655924,49.13541937331246,99.97631166196722,99.97631166196722,0.00030706856069684943,0.00396819566121352,6,20,26,25,1,1,1,1,1,1,1,1
0.06,409,20261228,0.0002881357574894231,1.6,0.00037948655073857926,1.6,-5.404028426681614,32.04119982655924,-4.208036111875336,32.04119982655924,24.0722083750699,99.98199151515692,99.98199151515692,0.00016322189424224263,0.0002660963190740255,13,18,26,25,1,1,1,1,1,1,1,1
0.06,410,20261229,0.0008287066568780305,1.6,0.0010216999413706126,1.6,-0.8159917251893573,32.04119982655924,0.0932336845939242,32.04119982655924,18.889428948550314,99.94820583394514,99.94820583394514,0.0004230547923743608,0.0015045299982768675,5,18,26,25,1,1,1,1,1,1,1,1
0.06,411,20261230,0.00029142829056225345,1.6,0.0003987997106958233,1.6,-5.354682911428953,32.04119982655924,-3.9924516541367447,32.04119982655924,26.92364544252774,99.98178573183986,99.98178573183986,0.0004850038808952812,0.0004885666619713014,10,15,26,25,1,1,1,1,1,1,1,1
0.06,412,20261231,0.00017725460048785888,1.6,0.00023275638070840648,1.6,-7.514024842658368,32.04119982655924,-6.330984045744689,32.04119982655924,23.84543875945526,99.9889215874695,99.9889215874695,0.00018543447040221937,0.0005193840970035866,5,23,26,25,1,1,1,1,1,1,1,1
0.06,413,20261232,0.0001995093005679693,1.6,0.00034427872269969533,1.6,-7.000368539060631,32.04119982655924,-4.630898169690208,32.04119982655924,42.050063679945836,99.98753066871451,99.98753066871451,0.00016198259207897972,0.00020966774274034993,6,17,26,25,1,1,1,1,1,1,1,1
0.06,414,20261233,0.0001980702418030305,1.6,0.00041431684574118224,1.6,-7.031807682349415,32.04119982655924,-3.8266740832925676,32.04119982655924,52.193534045496634,99.98762060988732,99.98762060988732,0.0007167925680130361,0.0006310350711732512,8,19,26,25,1,1,1,1,1,1,1,1
0.06,415,20261234,0.00048307865486384464,1.6,0.0005672180751674363,1.6,-3.1598215166613346,32.04119982655924,-2.462499382262572,32.04119982655924,14.833698710809708,99.969807584071,99.969807584071,0.0005301037039751586,0.00029942444407166655,8,21,26,25,1,1,1,1,1,1,1,1
0.06,416,20261235,0.00013922763666537207,1.6,0.00024466774384021854,1.6,-8.562745487775539,32.04119982655924,-6.114232827756634,32.04119982655924,43.09522192010101,99.99129827270842,99.99129827270842,0.00012691782232394824,0.00016427104636277477,7,25,26,25,1,1,1,1,1,1,1,1
0.06,417,20261236,0.00043409471746517505,1.6,0.0006106595117541733,1.6,-3.6241549909491884,32.04119982655924,-2.1420087385489115,32.04119982655924,28.91378761657217,99.97286908015842,99.97286908015842,0.000261211785406682,0.000538069615789615,9,25,26,25,1,1,1,1,1,1,1,1
0.06,418,20261237,0.00034672334781376537,1.6,0.0007797905950569287,1.6,-4.6001691264047375,32.04119982655924,-1.0802200708020766,32.04119982655924,55.536351680613336,99.97832979076165,99.97832979076165,0.0010603826338487364,0.0017018719162868743,9,21,26,25,1,1,1,1,1,1,1,1
0.06,419,20261238,0.000579114480900461,1.6,0.0008558763756408693,1.6,-2.372355752901904,32.04119982655924,-0.6758896108722627,32.04119982655924,32.336667142281215,99.96380534494372,99.96380534494372,0.00030684109506981,0.0004605248343643241,7,25,26,25,1,1,1,1,1,1,1,1
0.06,420,20261239,0.0004298706278329014,1.6,0.0006765563311350558,1.6,-3.6666222830910113,32.04119982655924,-1.6969603752516396,32.04119982655924,36.46196066014057,99.97313308576044,99.97313308576044,0.007409258502056826,0.007737261266066762,9,25,26,25,1,1,1,1,1,1,1,1
0.06,421,20261240,0.00020752884300124906,1.6,0.0003639467221838149,1.6,-6.829215351650558,32.04119982655924,-4.389621876561322,32.04119982655924,42.97823545270602,99.98702944731242,99.98702944731242,0.00027075765434793716,0.003997583489470846,6,17,26,25,1,1,1,1,1,1,1,1
0.06,422,20261241,0.000361055785790525,1.6,0.0006020432126044675,1.6,-4.4242569119895085,32.04119982655924,-2.2037233544958843,32.04119982655924,40.02826072424593,99.97743401338809,99.97743401338809,0.00010794608041112428,0.00017952802940713404,11,14,26,25,1,1,1,1,1,1,1,1
0.06,423,20261242,0.00028478837530954886,1.6,0.00039988040059758063,1.6,-5.454777420083299,32.04119982655924,-3.9806988149016878,32.04119982655924,28.781611980991926,99.98220072654314,99.98220072654314,0.0005914846971711463,0.0006847364742852394,7,12,26,25,1,1,1,1,1,1,1,1
0.06,424,20261243,0.0003177588358279466,1.6,0.0004788285367491481,1.6,-4.979023643051338,32.04119982655924,-3.1981997484170095,32.04119982655924,33.638283552340525,99.98014007276076,99.98014007276076,0.0002942893100010567,0.002916754172344465,7,25,26,25,1,1,1,1,1,1,1,1
0.06,425,20261244,0.0002179854362741226,1.6,0.000500980053463373,1.6,-6.615725208773508,32.04119982655924,-3.00179565237026,32.04119982655924,56.48820052472215,99.98637591023287,99.98637591023287,0.0006647852651870359,0.001694280077927852,5,20,26,25,1,1,1,1,1,1,1,1
0.06,426,20261245,0.0002953980807959229,1.6,0.0004603365025552722,1.6,-5.295923306301896,32.04119982655924,-3.3692458619708745,32.04119982655924,35.82996804376713,99.98153761995027,99.98153761995027,0.000281700898384415,0.0014931227554294438,3,25,26,25,1,1,1,1,1,1,1,1
0.06,427,20261246,0.0001227095140759968,1.6,0.00021824491386243896,1.6,-9.11121763674615,32.04119982655924,-6.610558686176525,32.04119982655924,43.7743991810314,99.99233065537027,99.99233065537027,0.0003028258781070627,0.00035237560804225813,5,19,26,25,1,1,1,1,1,1,1,1
0.06,428,20261247,0.00038940642918566055,1.6,0.0006203409854672525,1.6,-4.095968824595265,32.04119982655924,-2.0736952437389453,32.04119982655924,37.22703508098014,99.97566209817589,99.97566209817589,0.0001797048164593084,0.0003266846494000517,13,24,26,25,1,1,1,1,1,1,1,1
0.06,429,20261248,0.00029467717386556655,1.6,0.0004630942182660586,1.6,-5.306535039470407,32.04119982655924,-3.3433064114132858,32.04119982655924,36.367770910871634,99.9815826766334,99.9815826766334,0.0005686760017726451,0.0005690956563726188,9,20,26,25,1,1,1,1,1,1,1,1
0.06,430,20261249,0.0003666045322131124,1.6,0.0006628853026950975,1.6,-4.35802170298574,32.04119982655924,-1.785616099297892,32.04119982655924,44.69563124682268,99.97708721673669,99.97708721673669,0.00039300334730581925,0.0017953104573520176,8,25,26,25,1,1,1,1,1,1,1,1
0.06,431,20261250,0.0006512687910881798,1.6,0.0008254078724087012,1.6,-1.862397327931156,32.04119982655924,-0.8333139331254771,32.04119982655924,21.097337103455242,99.95929570055698,99.95929570055698,0.0006861793186877009,0.0007439624701821951,9,25,26,25,1,1,1,1,1,1,1,1
0.06,432,20261251,0.00017675971886603584,1.6,0.0003187519650326506,1.6,-7.5261669784874865,32.04119982655924,-4.965471292240075,32.04119982655924,44.546312413186264,99.98895251757087,99.98895251757087,0.0005921071832032102,0.0016546180563261105,8,25,26,25,1,1,1,1,1,1,1,1
0.06,433,20261252,0.00030365935558888084,1.6,0.0005466670752920365,1.6,-5.176133339452229,32.04119982655924,-2.622770820432872,32.04119982655924,44.45259842534652,99.98102129027569,99.98102129027569,0.0002802323519923249,0.0018198075860663514,10,25,26,25,1,1,1,1,1,1,1,1
0.06,434,20261253,0.0001430319176587354,1.6,0.00021473109206205293,1.6,-8.445670386445203,32.04119982655924,-6.681050671923511,32.04119982655924,33.390215508519795,99.99106050514634,99.99106050514634,8.520675887521448e-05,0.00019857305084999542,8,25,26,25,1,1,1,1,1,1,1,1
0.06,435,20261254,0.0005036764060357853,1.6,0.0005890500245139649,1.6,-2.978483925380745,32.04119982655924,-2.2984782160025743,32.04119982655924,14.493441121341576,99.96852022462278,99.96852022462278,0.0002796357809824833,0.0003064022927622663,8,17,26,25,1,1,1,1,1,1,1,1
0.06,436,20261255,0.00032278627504377073,1.6,0.0004665679953112621,1.6,-4.910849398715211,32.04119982655924,-3.310850553760136,32.04119982655924,30.816884508241955,99.97982585780977,99.97982585780977,0.00021952114438304423,0.002153916839857742,7,18,26,25,1,1,1,1,1,1,1,1
0.06,437,20261256,0.0004988224832324249,1.6,0.000776219498302349,1.6,-3.0205397996550394,32.04119982655924,-1.10015452167043,32.04119982655924,35.736929525296965,99.96882359479798,99.96882359479798,0.0004271888449051742,0.001238883233874266,11,21,26,25,1,1,1,1,1,1,1,1
0.06,438,20261257,0.00031200037645880857,1.6,0.000438732559038827,1.6,-5.058448819626964,32.04119982655924,-3.5780013471700167,32.04119982655924,28.885976198726315,99.98049997647132,99.98049997647132,0.0007631199717787922,0.0018396403908181634,9,18,26,25,1,1,1,1,1,1,1,1
0.06,439,20261258,0.0002921586179946453,1.6,0.00033629806220648753,1.6,-5.343812984951894,32.04119982655924,-4.732756351398816,32.04119982655924,13.12509620847608,99.98174008637534,99.98174008637534,0.0001464414834132134,0.0001490808064323508,8,18,26,25,1,1,1,1,1,1,1,1
0.06,440,20261259,0.0001795414750689623,1.6,0.0003167529782584814,1.6,-7.45835211080394,32.04119982655924,-4.992792929870834,32.04119982655924,43.318141456447414,99.9887786578082,99.9887786578082,0.0004366147025126009,0.002764825513332037,13,23,26,25,1,1,1,1,1,1,1,1
0.06,441,20261260,0.00018591025097993658,1.6,0.0002341884878530646,1.6,-7.30696662830148,32.04119982655924,-6.304344576187907,32.04119982655924,20.615119605460247,99.98838060931374,99.98838060931374,0.000912937176916866,0.0020233214048534023,5,21,26,25,1,1,1,1,1,1,1,1
0.06,442,20261261,0.0002592126097133923,1.6,0.00038139519409574726,1.6,-5.863438755030602,32.04119982655924,-4.186247837358642,32.04119982655924,32.03569061011338,99.98379921189292,99.98379921189292,0.0010435375904421329,0.0032272513677472007,7,17,26,25,1,1,1,1,1,1,1,1
0.06,443,20261262,0.00013230768482169248,1.6,0.00019483580360137595,1.6,-8.784149299717708,32.04119982655924,-7.103312328900053,32.04119982655924,32.09272506587793,99.99173076969865,99.99173076969865,0.00011232043528385441,8.488669298241912e-05,5,10,26,25,1,1,1,1,1,1,1,1
0.06,444,20261263,0.0001245673729234563,1.6,0.0002031971245150331,1.6,-9.045956945535382,32.04119982655924,-6.920824421365925,32.04119982655924,38.696291485049805,99.99221453919228,99.99221453919228,0.00013608800674898424,0.0008332701773108592,5,16,26,25,1,1,1,1,1,1,1,1
0.06,445,20261264,0.00024707257954683623,1.6,0.0003240681182353993,1.6,-6.071754505197723,32.04119982655924,-4.893636926811633,32.04119982655924,23.759060011153085,99.98455796377833,99.98455796377833,0.00031623795658380373,0.0006501834876444168,10,25,26,25,1,1,1,1,1,1,1,1
0.06,446,20261265,0.0001703144009811878,1.6,0.0002309280119895177,1.6,-7.687486285949986,32.04119982655924,-6.365233831737763,32.04119982655924,26.247838227213972,99.98935534993866,99.98935534993866,0.00027170596894350303,0.00019421093037104287,8,21,26,25,1,1,1,1,1,1,1,1
0.06,447,20261266,0.00018171645676866616,1.6,0.0003148291827001178,1.6,-7.406057399446811,32.04119982655924,-5.019250180594311,32.04119982655924,42.2809362174804,99.98864272145195,99.98864272145195,0.00011889919893986793,0.0001227708579706697,5,18,26,25,1,1,1,1,1,1,1,1
0.06,448,20261267,0.0003890731467273706,1.6,0.00047572359827942047,1.6,-4.099687425464757,32.04119982655924,-3.2264530485855225,32.04119982655924,18.214453070111308,99.97568292832955,99.97568292832955,0.0011625096857286925,0.001169569256593963,11,25,26,25,1,1,1,1,1,1,1,1
0.06,449,20261268,0.0003715368724443922,1.6,0.00047372347298792346,1.6,-4.29998079064931,32.04119982655924,-3.2447509545662463,32.04119982655924,21.57093882196889,99.97677894547223,99.97677894547223,0.0003619325730012106,0.0004219330258137528,7,15,26,25,1,1,1,1,1,1,1,1
0.06,450,20261269,0.00037259717506459044,1.6,0.0004937703646684148,1.6,-4.28760442135726,32.04119982655924,-3.0647497930323944,32.04119982655924,24.540393323361283,99.97671267655846,99.97671267655846,0.0002749651154224201,0.005849407836384398,5,13,26,25,1,1,1,1,1,1,1,1
0.06,451,20261270,0.00018920288032881155,1.6,0.0002445979282157291,1.6,-7.230722564046951,32.04119982655924,-6.115472258291165,32.04119982655924,22.647390470969373,99.98817481997946,99.98817481997946,0.0001259141454158819,0.0002616579792587545,6,17,26,25,1,1,1,1,1,1,1,1
0.06,452,20261271,0.00033081447129715524,1.6,0.0005053871594199654,1.6,-4.804155007306281,32.04119982655924,-2.9637579657498065,32.04119982655924,34.54236714742968,99.97932409554392,99.97932409554392,0.00028860174336715314,0.00026223655565745625,4,15,26,25,1,1,1,1,1,1,1,1
0.06,453,20261272,0.00024070571971867774,1.6,0.0003406263098732782,1.6,-6.185135897717241,32.04119982655924,-4.677218103032664,32.04119982655924,29.33437237768671,99.98495589251758,99.98495589251758,9.811751078410827e-05,0.00011600069284678507,12,25,26,25,1,1,1,1,1,1,1,1
0.06,454,20261273,0.00017635520265242178,1.6,0.00024575100524918146,1.6,-7.536117236919312,32.04119982655924,-6.095046970023191,32.04119982655924,28.238257876664708,99.98897779983423,99.98897779983423,0.0005190122123096244,0.0017161986310864504,5,14,26,25,1,1,1,1,1,1,1,1
0.06,455,20261274,0.0003394338228647271,1.6,0.0005695071237609348,1.6,-4.692448846122076,32.04119982655924,-2.445008391165496,32.04119982655924,40.39866953319918,99.97878538607094,99.97878538607094,0.00031180063280748473,0.0007516440240418135,7,25,26,25,1,1,1,1,1,1,1,1
0.06,456,20261275,0.00013199439182452267,1.6,0.00014472339276950185,1.6,-8.794445206987294,32.04119982655924,-8.3946126480633,32.04119982655924,8.795399763224468,99.99175035051097,99.99175035051097,0.0003473808688848611,0.000349289297905658,5,25,26,25,1,1,1,1,1,1,1,1
0.06,457,20261276,0.0001784365084709165,1.6,0.0002699921834684639,1.6,-7.485162833381197,32.04119982655924,-5.6864880889898615,32.04119982655924,33.91049097102526,99.98884771822057,99.98884771822057,0.00031628593625457476,0.0021246124108394897,9,21,26,25,1,1,1,1,1,1,1,1
0.06,458,20261277,0.00023484325106665666,1.6,0.0003578242681087008,1.6,-6.292219160710038,32.04119982655924,-4.463302083514145,32.04119982655924,34.36911020375081,99.98532229680833,99.98532229680833,0.0004185990201374407,0.001053355545844617,6,14,26,25,1,1,1,1,1,1,1,1
0.06,459,20261278,0.0002541734272045984,1.6,0.0003372541345329623,1.6,-5.948698551260016,32.04119982655924,-4.7204271743413315,32.04119982655924,24.634451833604963,99.9841141607997,99.9841141607997,0.0004154031069794622,0.0004355909916986825,10,16,26,25,1,1,1,1,1,1,1,1
0.06,460,20261279,0.00027973554378691174,1.6,0.0005106998582216538,1.6,-5.532523477515154,32.04119982655924,-2.918342627114503,32.04119982655924,45.2250594388258,99.98251652851332,99.98251652851332,0.0009029753779640803,0.001113984048082157,11,25,26,25,1,1,1,1,1,1,1,1
0.06,461,20261280,0.00022209404870355008,1.6,0.0004960758387836594,1.6,-6.534630787763216,32.04119982655924,-3.0445192462368094,32.04119982655924,55.22981944694021,99.98611912195602,99.98611912195602,0.00022595099905295862,0.00019503224583625265,5,25,26,22,1,1,1,1,1,1,1,1
0.06,462,20261281,0.00028684579468933326,1.6,0.000416426665516223,1.6,-5.423515127210723,32.04119982655924,-3.804614686049086,32.04119982655924,31.117332667987267,99.9820721378319,99.9820721378319,0.0007705617211077204,0.0009988826398728214,9,25,26,25,1,1,1,1,1,1,1,1
0.06,463,20261282,0.0002404795024520689,1.6,0.00042790942640585385,1.6,-6.189219353040087,32.04119982655924,-3.6864814634861065,32.04119982655924,43.801307563628114,99.98497003109676,99.98497003109676,0.00017010825858325141,0.0008104383893387712,7,19,26,25,1,1,1,1,1,1,1,1
0.06,464,20261283,0.0003150004309006276,1.6,0.000296079792278816,1.6,-5.016888521226636,32.04119982655924,-5.285912326015277,32.04119982655924,-6.390384995945341,99.98031247306871,99.98031247306871,0.001161414867066586,0.0032518843102850004,10,13,26,25,1,1,1,1,0,1,1,1
0.06,465,20261284,0.0003364681952364401,1.6,0.0007991700071687887,1.6,-4.730559813244427,32.04119982655924,-0.9736082353772502,32.04119982655924,57.89779493496727,99.97897073779772,99.97897073779772,0.0007820721800408736,0.0032643958947801894,13,25,26,25,1,1,1,1,1,1,1,1
0.06,466,20261285,0.00033449127077555673,1.6,0.00037089377048554257,1.6,-4.756152115388312,32.04119982655924,-4.307504609999796,32.04119982655924,9.814804832750571,99.97909429557653,99.97909429557653,0.00037925682562187985,0.0043066963984111925,13,21,26,25,1,1,1,1,1,1,1,1
0.06,467,20261286,0.00020140933495754284,1.6,0.0003626692901835085,1.6,-6.959204045540114,32.04119982655924,-4.404892176991378,32.04119982655924,44.46473952739949,99.98741191656515,99.98741191656515,8.50333425242085e-05,0.0002530763839380569,7,23,26,25,1,1,1,1,1,1,1,1
0.06,468,20261287,0.00028391151034332335,1.6,0.0004478501445791644,1.6,-5.46816999945941,32.04119982655924,-3.488672812464972,32.04119982655924,36.60568969780971,99.98225553060354,99.98225553060354,0.0003084505489827227,0.0005727407674231543,7,22,26,25,1,1,1,1,1,1,1,1
0.06,469,20261288,0.00034200757781739947,1.6,0.00038531004763234136,1.6,-4.659642712309351,32.04119982655924,-4.141896658523328,32.04119982655924,11.23834431025807,99.97862452638643,99.97862452638643,0.0001763802519979354,0.00046888940109798247,9,15,26,25,1,1,1,1,1,1,1,1
0.06,470,20261289,0.0004134263661268663,1.6,0.000534905083891996,1.6,-3.8360182984160835,32.04119982655924,-2.7172327442551367,32.04119982655924,22.710331500542964,99.97416085211707,99.97416085211707,0.00023290432348864113,0.0007229782975744229,9,25,26,25,1,1,1,1,1,1,1,1
0.06,471,20261290,0.0001813656411935799,1.6,0.00019164621124030597,1.6,-7.4144498438384785,32.04119982655924,-7.174997621320034,32.04119982655924,5.364348181052856,99.98866464742541,99.98866464742541,0.00029529303553490306,0.0010557642812300313,8,15,26,25,1,1,1,1,1,1,1,1
0.06,472,20261291,0.0003618816038159391,1.6,0.0003759689825698885,1.6,-4.414334936099303,32.04119982655924,-4.248479828765706,32.04119982655924,3.7469523835867804,99.97738239976151,99.97738239976151,0.000371941053100938,0.0024838100811428203,12,16,26,25,1,1,1,1,1,1,1,1
0.06,473,20261292,0.0002761099948169944,1.6,0.00046175078958338763,1.6,-5.589178721897711,32.04119982655924,-3.3559235325336245,32.04119982655924,40.203676735211815,99.98274312532395,99.98274312532395,0.00013496717178250114,0.00031547827578858696,8,24,26,25,1,1,1,1,1,1,1,1
0.06,474,20261293,0.0003708143062062064,1.6,0.0006547379457033857,1.6,-4.308435189003602,32.04119982655924,-1.8393248856931141,32.04119982655924,43.36446991661065,99.97682410586211,99.97682410586211,0.000656935608406718,0.0012007887666848128,8,19,26,25,1,1,1,1,1,1,1,1
0.06,475,20261294,0.00018036078086547933,1.6,0.00022930130278538797,1.6,-7.4385789309914045,32.04119982655924,-6.395934777999442,32.04119982655924,21.34332484177553,99.98872745119591,99.98872745119591,5.0989887832193325e-05,0.00010541055490552212,9,17,26,25,1,1,1,1,1,1,1,1
0.06,476,20261295,0.00023251402948639566,1.6,0.0003627908402591136,1.6,-6.335508374204634,32.04119982655924,-4.403436865379093,32.04119982655924,35.90961962536629,99.9854678731571,99.9854678731571,0.0003764123098727517,0.000376521415790326,6,20,26,25,1,1,1,1,1,1,1,1
0.06,477,20261296,0.00019634174532964652,1.6,0.0002526769218707596,1.6,-7.069873527747365,32.04119982655924,-5.974344223534423,32.04119982655924,22.295339093107863,99.98772864091688,99.98772864091688,0.00044903435344817785,0.0030737057757917827,6,16,26,25,1,1,1,1,1,1,1,1
0.06,478,20261297,0.0001358971092943592,1.6,0.00030125279737832836,1.6,-8.667897811693502,32.04119982655924,-5.210689116192953,32.04119982655924,54.88934526848798,99.99150643066909,99.99150643066909,0.00024833361498519,0.005400951528413961,6,25,26,25,1,1,1,1,1,1,1,1
0.06,479,20261298,0.0003573724045256837,1.6,0.0004388397371800397,1.6,-4.468789857557224,32.04119982655924,-3.576940537120718,32.04119982655924,18.564256094459605,99.97766422471715,99.97766422471715,0.0012561398494769713,0.002441654235713843,11,25,26,25,1,1,1,1,1,1,1,1
0.06,480,20261299,0.0003833255991617709,1.6,0.0004967262792749034,1.6,-4.164321768232254,32.04119982655924,-3.0388286307267864,32.04119982655924,22.829611567696652,99.9760421500524,99.9760421500524,0.0006813889061158621,0.0002926861276760878,7,20,26,25,1,1,1,1,1,1,1,1
0.06,481,20261300,0.00019687719361085725,1.6,0.00026735765114835797,1.6,-7.0580458991885315,32.04119982655924,-5.729073828972275,32.04119982655924,26.361862933330002,99.98769517539931,99.98769517539931,0.00014985687642968403,0.002929697126025855,10,25,26,25,1,1,1,1,1,1,1,1
0.06,482,20261301,0.00015502441395947008,1.6,0.0002047446190569739,1.6,-8.095999017462068,32.04119982655924,-6.8878750321624675,32.04119982655924,24.284010650198464,99.99031097412754,99.99031097412754,0.00018382815450818232,0.0003155108082774908,7,21,26,25,1,1,1,1,1,1,1,1
0.06,483,20261302,0.0003295551354779099,1.6,0.000472960801244066,1.6,-4.820719163335017,32.04119982655924,-3.251748518813053,32.04119982655924,30.320835339619038,99.97940280403265,99.97940280403265,0.0004192031472166835,0.0034614414705547436,6,23,26,25,1,1,1,1,1,1,1,1
0.06,484,20261303,0.0002029586531224178,1.6,0.00038536770488332165,1.6,-6.925924278490112,32.04119982655924,-4.141246835016489,32.04119982655924,47.333767061807144,99.98731508417984,99.98731508417984,6.226366868566084e-05,0.00013580569998121442,7,15,26,25,1,1,1,1,1,1,1,1
0.06,485,20261304,0.0002687723016104361,1.6,0.0004824596461628595,1.6,-5.706154896270027,32.04119982655924,-3.165390060128397,32.04119982655924,44.29123684269564,99.98320173114935,99.98320173114935,0.00022716140696288408,0.00041887931726923794,9,25,26,25,1,1,1,1,1,1,1,1
0.06,486,20261305,0.0004506782230310404,1.6,0.0007817844968748579,1.6,-3.46133426721448,32.04119982655924,-1.069129460660375,32.04119982655924,42.352627247968876,99.97183261106055,99.97183261106055,0.000680494705175238,0.002562339967668285,4,17,26,25,1,1,1,1,1,1,1,1
0.06,487,20261306,0.00021676271555334727,1.6,0.0002787201945980981,1.6,-6.6401541688438055,32.04119982655924,-5.548315634546829,32.04119982655924,22.229275181904455,99.98645233027791,99.98645233027791,0.00025221185351443015,0.0002498154945842471,11,16,26,25,1,1,1,1,1,1,1,1
0.06,488,20261307,0.00031513821562965147,1.6,0.0005413224030298183,1.6,-5.014989283692524,32.04119982655924,-2.6654399893721563,32.04119982655924,41.78363691105311,99.98030386152315,99.98030386152315,0.0001333405532501851,9.544997119714744e-05,12,25,26,25,1,1,1,1,1,1,1,1
0.06,489,20261308,0.0003171141188453645,1.6,0.0007131943469936453,1.6,-4.987844214855912,32.04119982655924,-1.467921078399189,32.04119982655924,55.536086316148264,99.98018036757216,99.98018036757216,0.0013602691812146584,0.0013716422302883142,11,20,26,25,1,1,1,1,1,1,1,1
0.06,490,20261309,0.00023827483309207424,1.6,0.0003025488921091188,1.6,-6.2292182599777846,32.04119982655924,-5.192044330530776,32.04119982655924,21.244189185086544,99.98510782293175,99.98510782293175,0.00027644916223256983,0.000298772908078862,8,15,26,25,1,1,1,1,1,1,1,1
0.06,491,20261310,0.00013518087621712922,1.6,0.00021865251138919242,1.6,-8.690847428678852,32.04119982655924,-6.602455300904277,32.04119982655924,38.17547515998439,99.99155119523644,99.99155119523644,8.68805506815829e-05,0.00023014906379223085,9,25,26,25,1,1,1,1,1,1,1,1
0.06,492,20261311,0.00026174724132278684,1.6,0.00044996814347718535,1.6,-5.821178868586886,32.04119982655924,-3.4681823200644226,32.04119982655924,41.829828374048404,99.98364079741731,99.98364079741731,0.00018099348454279736,0.00100903659195449,7,15,26,25,1,1,1,1,1,1,1,1
0.06,493,20261312,0.00016913333028948795,1.6,0.0003005269538965849,1.6,-7.717707996498271,32.04119982655924,-5.221165705710863,32.04119982655924,43.721077894500986,99.9894291668569,99.9894291668569,0.0002673315315578511,0.0021414573666254824,5,15,26,25,1,1,1,1,1,1,1,1
0.06,494,20261313,0.0003631258363618375,1.6,0.0004905260586130939,1.6,-4.399428499849398,32.04119982655924,-3.0933791629368947,32.04119982655924,25.972161929881135,99.97730463522738,99.97730463522738,0.00025390047972567747,0.00046147132859686855,8,18,26,25,1,1,1,1,1,1,1,1
0.06,495,20261314,0.00042411970489304436,1.6,0.0006665682443244374,1.6,-3.7251154945136404,32.04119982655924,-1.7615538020920254,32.04119982655924,36.37265073692688,99.97349251844419,99.97349251844419,0.0012615179197840414,0.002507458545505354,8,23,26,25,1,1,1,1,1,1,1,1
0.06,496,20261315,0.00018635932139703652,1.6,0.00030749872514679186,1.6,-7.296488796471855,32.04119982655924,-5.1215668041819455,32.04119982655924,39.39509137539564,99.98835254241268,99.98835254241268,0.00020619207202760044,0.0010016513996849356,7,13,26,25,1,1,1,1,1,1,1,1
0.06,497,20261316,0.0005042195007124545,1.6,0.0007932929955776414,1.6,-2.9738036197563873,32.04119982655924,-1.0056638032293483,32.04119982655924,36.439688296339504,99.96848628120547,99.96848628120547,0.00052459534834947,0.008198449485193448,15,25,26,25,1,1,1,1,1,1,1,1
0.06,498,20261317,0.00027741029842261275,1.6,0.00034392485215516117,1.6,-5.568774204613863,32.04119982655924,-4.635364407412853,32.04119982655924,19.339850934221083,99.98266185634859,99.98266185634859,0.0002749523848439065,0.0004242490499323497,4,19,26,25,1,1,1,1,1,1,1,1
0.06,499,20261318,0.0003347996294609764,1.6,0.0004977936678030211,1.6,-4.752150313333246,32.04119982655924,-3.0295063214626285,32.04119982655924,32.74329283082445,99.9790750231587,99.9790750231587,0.00041023502689100646,0.0013329730054374574,6,25,26,25,1,1,1,1,1,1,1,1
0.06,500,20261319,0.00014545507281703887,1.6,0.00020269533980219845,1.6,-8.372711279196363,32.04119982655924,-6.931562361193024,32.04119982655924,28.2395574762685,99.99090905794894,99.99090905794894,0.00044980555299449276,0.0016363471519606455,6,13,26,25,1,1,1,1,1,1,1,1
0.07,1,20260820,0.0001396484281756595,1.6,0.00019451958477833875,1.6,-8.549639481726382,32.04119982655924,-7.1103666614821925,32.04119982655924,28.2085511673319,99.99127197323902,99.99127197323902,0.0003254203305218794,0.0008866586095728323,7,18,26,25,1,1,1,1,1,1,1,1
0.07,2,20260821,0.00012539257287841853,1.6,0.0002056799253342972,1.6,-9.017281864195272,32.04119982655924,-6.868080940222776,32.04119982655924,39.035094127628376,99.99216296419512,99.99216296419512,0.0007486451873901609,0.00046016577763664806,5,11,26,25,1,1,1,1,1,1,1,1
0.07,3,20260822,9.19752262171461e-05,1.6,0.00010740774271088757,1.6,-10.363291353289913,32.04119982655924,-9.68964410485533,32.04119982655924,14.368160157021082,99.99425154836142,99.99425154836142,0.00014245918719536863,0.0012565419856484118,6,13,26,25,1,1,1,1,1,1,1,1
0.07,4,20260823,0.00024622819305498565,1.6,0.0003868231429518134,1.6,-6.086622219684341,32.04119982655924,-4.124875507327822,32.04119982655924,36.346054381327875,99.98461073793405,99.98461073793405,0.0004190831708551208,0.0006275606382036954,7,16,26,25,1,1,1,1,1,1,1,1
0.07,5,20260824,0.00013773888997240248,1.6,0.0001792122793037303,1.6,-8.60943421283927,32.04119982655924,-7.466322365759615,32.04119982655924,23.142046679200153,99.99139131937672,99.99139131937672,0.00023769571953589976,0.0010214485489309674,6,25,26,25,1,1,1,1,1,1,1,1
0.07,6,20260825,0.00016831028257809815,1.6,0.00022917269277743804,1.6,-7.738893508660388,32.04119982655924,-6.398371322657409,32.04119982655924,26.557444284361864,99.98948060733888,99.98948060733888,0.00017258989907278428,0.0018838346743160427,6,25,26,25,1,1,1,1,1,1,1,1
0.07,7,20260826,0.0001419837382353446,1.6,0.00016983632684712503,1.6,-8.477613936386167,32.04119982655924,-7.6996941148969755,32.04119982655924,16.3996649767699,99.9911260163603,99.9911260163603,0.00031149223637355345,0.0030073951936268077,10,23,26,25,1,1,1,1,1,1,1,1
0.07,8,20260827,0.00017700853536134004,1.6,0.0001935010852736459,1.6,-7.520057914293963,32.04119982655924,-7.133165948464444,32.04119982655924,8.523233804597206,99.98893696653991,99.98893696653991,0.00012347436670147855,0.0006611223941103714,5,17,26,25,1,1,1,1,1,1,1,1
0.07,9,20260828,0.0001976783643190245,1.6,0.00037230080320736764,1.6,-7.040408611417963,32.04119982655924,-4.29106026827132,32.04119982655924,46.9035890827988,99.98764510223006,99.98764510223006,0.0007851253958433333,0.0010810469688113042,4,14,26,25,1,1,1,1,1,1,1,1
0.07,10,20260829,0.00016739818008703895,1.6,0.00022952822549012384,1.6,-7.762492678627881,32.04119982655924,-6.391639008854378,32.04119982655924,27.068586127224783,99.98953761374456,99.98953761374456,0.00010289134390140277,0.0002659609879683469,7,25,26,25,1,1,1,1,1,1,1,1
0.07,11,20260830,0.00011456151250068371,1.6,0.00018922413267210018,1.6,-9.409612612166962,32.04119982655924,-7.230234767187299,32.04119982655924,39.457240002678034,99.99283990546871,99.99283990546871,0.00011508223497672305,0.00013455698421647587,5,17,26,25,1,1,1,1,1,1,1,1
0.07,12,20260831,0.00015011198873684167,1.6,0.00016682327932279411,1.6,-8.235846213187894,32.04119982655924,-7.777433459285294,32.04119982655924,10.017361278228437,99.99061800070395,99.99061800070395,0.00021641694818535592,0.0007756085285932644,7,17,26,25,1,1,1,1,1,1,1,1
0.07,13,20260832,0.0001466932721232901,1.6,0.0002408259859699858,1.6,-8.335898039940243,32.04119982655924,-6.182966529853349,32.04119982655924,39.08744044690737,99.9908316704923,99.9908316704923,0.0002083245739180107,0.0002261968268147448,7,25,26,25,1,1,1,1,1,1,1,1
0.07,14,20260833,0.0001439364854753,1.6,0.00023935853524629356,1.6,-8.418291057705073,32.04119982655924,-6.2095108147104074,32.04119982655924,39.86573934905092,99.9910039696578,99.9910039696578,0.00031385221784642974,0.007813843003242019,4,25,26,25,1,1,1,1,1,1,1,1
0.07,15,20260834,0.00011101774428205409,1.6,0.00018411135518517455,1.6,-9.546076011422329,32.04119982655924,-7.349194252809791,32.04119982655924,39.70076198157618,99.99306139098238,99.99306139098238,0.00014669447864150987,0.00018142494568803373,7,22,26,25,1,1,1,1,1,1,1,1
0.07,16,20260835,0.00011564956049568742,1.6,0.00020379522590273323,1.6,-9.368560133443815,32.04119982655924,-6.908059939723015,32.04119982655924,43.25207571305704,99.99277190246902,99.99277190246902,0.002380327046970206,0.002878581843233036,6,25,26,25,1,1,1,1,1,1,1,1
0.07,17,20260836,0.0001999304838512069,1.6,0.0002706209920540012,1.6,-6.99120982975293,32.04119982655924,-5.676385182350138,32.04119982655924,26.121590814613644,99.9875043447593,99.9875043447593,0.00021428694552004044,0.0008876072045811313,12,25,26,25,1,1,1,1,1,1,1,1
0.07,18,20260837,0.00012157970587878675,1.6,0.00015866409947302052,1.6,-9.151389115797603,32.04119982655924,-7.99521328850351,32.04119982655924,23.372895139734908,99.99240126838257,99.99240126838257,0.00013981144737435224,0.00044060971045655286,9,25,26,25,1,1,1,1,1,1,1,1
0.07,19,20260838,0.0002484887126253079,1.6,0.000294647433745796,1.6,-6.046933339160726,32.04119982655924,-5.306973370731368,32.04119982655924,15.665746866918607,99.98446945546092,99.98446945546092,0.0001941503932591077,0.00019561745351166107,5,16,26,25,1,1,1,1,1,1,1,1
0.07,20,20260839,0.00021723489362347552,1.6,0.00020444969095548217,1.6,-6.6307041439170735,32.04119982655924,-6.894135415852149,32.04119982655924,-6.253471261434807,99.98642281914852,99.98642281914852,0.0007573045782791898,0.001344842201510128,5,15,26,25,1,1,1,1,0,1,1,1
0.07,21,20260840,0.00015895265427738687,1.6,0.0002577886772389897,1.6,-7.987322156045215,32.04119982655924,-5.887361619268282,32.04119982655924,38.33993952727968,99.99006545910767,99.99006545910767,0.00020005081083177494,0.00019646482198081952,6,17,26,25,1,1,1,1,1,1,1,1
0.07,22,20260841,0.0003119078402416646,1.6,0.00041160135339794447,1.6,-5.059737085038471,32.04119982655924,-3.855232058914007,32.04119982655924,24.220890512936233,99.98050575998491,99.98050575998491,0.00043211464697300337,0.000878320008837427,9,22,26,25,1,1,1,1,1,1,1,1
0.07,23,20260842,0.00017184428832501658,1.6,0.0002679546185299112,1.6,-7.648648981508519,32.04119982655924,-5.719387529522648,32.04119982655924,35.86813719882422,99.9892597319797,99.9892597319797,0.0003440084123977412,0.00017078908587619225,5,25,26,25,1,1,1,1,1,1,1,1
0.07,24,20260843,0.00015119159397545938,1.6,0.0002346052576909099,1.6,-8.204723542816199,32.04119982655924,-6.296622592257611,32.04119982655924,35.55489955188779,99.99055052537653,99.99055052537653,0.00016644416407231766,0.0026179958360562404,6,25,26,25,1,1,1,1,1,1,1,1
0.07,25,20260844,0.00018664661950912567,1.6,0.00019851490243105878,1.6,-7.289798714854824,32.04119982655924,-7.02206885371179,32.04119982655924,5.978534999937746,99.98833458628067,99.98833458628067,0.0004222314460704304,0.0055366830227234565,4,13,26,25,1,1,1,1,1,1,1,1
0.07,26,20260845,0.00017537283176920806,1.6,0.00029146874286122427,1.6,-7.56037685351977,32.04119982655924,-5.354080121939758,32.04119982655924,39.83134175978947,99.98903919801442,99.98903919801442,0.0006319993104081018,0.0009749758097544909,11,25,26,25,1,1,1,1,1,1,1,1
0.07,27,20260846,0.00013965391469470819,1.6,0.0002033322260251004,1.6,-8.5494688591012,32.04119982655924,-6.917937847867549,32.04119982655924,31.31737284110165,99.99127163033158,99.99127163033158,0.0003842022119592269,0.0007211448292442216,6,17,26,25,1,1,1,1,1,1,1,1
0.07,28,20260847,0.00032327430416006033,1.6,0.0004063921369107492,1.6,-4.90428814426481,32.04119982655924,-3.9105470360137318,32.04119982655924,20.452618346044183,99.97979535599,99.97979535599,0.0009582234867516608,0.000451191756734751,9,22,26,25,1,1,1,1,1,1,1,1
0.07,29,20260848,8.653215901541122e-05,1.6,0.00015677869383898333,1.6,-10.628224603115248,32.04119982655924,-8.047129580857714,32.04119982655924,44.80617429796776,99.99459174006155,99.99459174006155,0.00013828201423868232,0.00012508882727734426,4,12,26,25,1,1,1,1,1,1,1,1
0.07,30,20260849,0.00013106454840494333,1.6,0.0001684687125513135,1.6,-8.825147645586366,32.04119982655924,-7.734807430300029,32.04119982655924,22.20243959837785,99.99180846572469,99.99180846572469,0.00025831931481571773,0.0011981473126922832,4,14,26,25,1,1,1,1,1,1,1,1
0.07,31,20260850,9.834504464121658e-05,1.6,0.0001890635026742655,1.6,-10.072475181970455,32.04119982655924,-7.233923004357229,32.04119982655924,47.983062172156146,99.99385343470992,99.99385343470992,0.0002444796229319053,0.000997499496881574,3,18,26,25,1,1,1,1,1,1,1,1
0.07,32,20260851,0.00036961951766854287,1.6,0.0004747516290976149,1.6,-4.322451040321628,32.04119982655924,-3.235335363183998,32.04119982655924,22.144655222964083,99.97689878014572,99.97689878014572,0.0003322246513862923,0.0014051110683236713,10,22,26,25,1,1,1,1,1,1,1,1
0.07,33,20260852,0.00019977270819471768,1.6,0.00027915257834471583,1.6,-6.994638428869191,32.04119982655924,-5.541583565088364,32.04119982655924,28.436015393694376,99.98751420573782,99.98751420573782,0.00010904243160708089,0.0003437793718191112,11,25,26,25,1,1,1,1,1,1,1,1
0.07,34,20260853,0.00018176274772796773,1.6,0.0003885005683980265,1.6,-7.404951206407614,32.04119982655924,-4.106083414655229,32.04119982655924,53.21429039924899,99.988639828267,99.988639828267,0.0005090603049612708,0.0007790933365773966,9,16,26,25,1,1,1,1,1,1,1,1
0.07,35,20260854,0.0001709663056549883,1.6,0.00022893698850590883,1.6,-7.67089472707206,32.04119982655924,-6.40284034296854,32.04119982655924,25.321676164803893,99.98931460589655,99.98931460589655,0.0002987213048847311,0.0009730311056366521,8,14,26,25,1,1,1,1,1,1,1,1
0.07,36,20260855,0.00020132088133083096,1.6,0.00024654356598243513,1.6,-6.961111770416436,32.04119982655924,-6.081063267154242,32.04119982655924,18.34267484182736,99.98741744491683,99.98741744491683,0.00031650979268040566,0.000280252975178046,4,11,26,25,1,1,1,1,1,1,1,1
0.07,37,20260856,0.0001274056912115731,1.6,0.00019483783072402527,1.6,-8.948111716350786,32.04119982655924,-7.103267144001554,32.04119982655924,34.60936680616471,99.99203714429927,99.99203714429927,0.00015511984884691849,0.0005511343452155598,8,25,26,25,1,1,1,1,1,1,1,1
0.07,38,20260857,0.00014428847372519895,1.6,0.0002405766045118431,1.6,-8.407683605037207,32.04119982655924,-6.1874660902209015,32.04119982655924,40.02389633107657,99.99098197039217,99.99098197039217,0.0009955129454454247,0.0020572983126932935,5,19,26,25,1,1,1,1,1,1,1,1
0.07,39,20260858,0.00018154016919906985,1.6,0.0001944899248288816,1.6,-7.410272641192793,32.04119982655924,-7.111028915339212,32.04119982655924,6.658316949428288,99.98865373942505,99.98865373942505,0.00014955043190980198,0.00035695374454203146,5,12,26,25,1,1,1,1,1,1,1,1
0.07,40,20260859,0.0001224830612800371,1.6,0.0001986104827177422,1.6,-9.11923967636272,32.04119982655924,-7.019978330494732,32.04119982655924,38.330011787894676,99.99234480867,99.99234480867,0.00044359920747353887,0.0002215201296836009,7,25,26,25,1,1,1,1,1,1,1,1
0.07,41,20260860,0.00017831837088513292,1.6,0.00024528830217399636,1.6,-7.488039122197718,32.04119982655924,-6.103231628511837,32.04119982655924,27.302537746524095,99.98885510181967,99.98885510181967,0.00027111303176350753,0.0016745850517199635,4,25,26,25,1,1,1,1,1,1,1,1
0.07,42,20260861,0.00020852486658971717,1.6,0.0003587286503197362,1.6,-6.808421479863544,32.04119982655924,-4.452339364579116,32.04119982655924,41.87114232335272,99.98696719583815,99.98696719583815,0.00023536998223423037,0.0013509464346899832,5,20,26,25,1,1,1,1,1,1,1,1
0.07,43,20260862,0.0001125324264862092,1.6,0.0001601120681566578,1.6,-9.487223165316447,32.04119982655924,-7.955759326883344,32.04119982655924,29.716461862134867,99.99296672334462,99.99296672334462,0.00027236983414526014,0.00016350663776840919,11,25,26,25,1,1,1,1,1,1,1,1
0.07,44,20260863,0.00019023700043888753,1.6,0.0002693438415750318,1.6,-7.207050104078339,32.04119982655924,-5.696929499511693,32.04119982655924,29.37020600640214,99.98811018747257,99.98811018747257,0.0009453706402381399,0.002123238335892998,6,23,26,25,1,1,1,1,1,1,1,1
0.07,45,20260864,0.0002868266854163873,1.6,0.0004240091914990934,1.6,-5.4238044578683535,32.04119982655924,-3.726247288457818,32.04119982655924,32.353663277367765,99.98207333216148,99.98207333216148,0.0004501514354577371,0.0008758907549400179,6,12,26,25,1,1,1,1,1,1,1,1
0.07,46,20260865,0.0001228367487928499,1.6,0.00018931781745181567,1.6,-9.106716868562122,32.04119982655924,-7.228085109339013,32.04119982655924,35.11611825753602,99.99232270320044,99.99232270320044,0.00012293243964373195,9.443142390742411e-05,6,25,26,25,1,1,1,1,1,1,1,1
0.07,47,20260866,0.00018316532405650377,1.6,0.00045947265257284173,1.6,-7.371567413468071,32.04119982655924,-3.3774033235219365,32.04119982655924,60.135750619572306,99.98855216724647,99.98855216724647,0.00013880178500277264,0.000648663811651307,10,18,26,25,1,1,1,1,1,1,1,1
0.07,48,20260867,0.0001632622297328032,1.6,0.00023853021573797778,1.6,-7.87114276475335,32.04119982655924,-6.224565990260087,32.04119982655924,31.55490627143667,99.98979611064169,99.98979611064169,0.00038802481948319094,0.0004893231434850586,4,25,26,25,1,1,1,1,1,1,1,1
0.07,49,20260868,0.00010983989241174588,1.6,0.00012062765088553954,1.6,-9.592399011628522,32.04119982655924,-9.185531295875341,32.04119982655924,8.94302292600383,99.99313500672426,99.99313500672426,0.00019588570592571418,0.00046410476898967593,9,18,26,25,1,1,1,1,1,1,1,1
0.07,50,20260869,0.0001355325327732359,1.6,0.0001319185869298865,1.6,-8.67956445689602,32.04119982655924,-8.79694009363535,32.04119982655924,-2.7395274066043394,99.99152921670168,99.99152921670168,0.00031912345358219235,0.000573464855206528,5,15,26,25,1,1,1,1,0,1,1,1
0.07,51,20260870,0.00012390873583814307,1.6,0.00014118216993441407,1.6,-9.068980738292867,32.04119982655924,-8.502201473921701,32.04119982655924,12.234855225908017,99.9922557040101,99.9922557040101,0.00037605741621608347,0.0006143131140203095,4,16,26,25,1,1,1,1,1,1,1,1
0.07,52,20260871,0.00021152516805579896,1.6,0.0003067442366563378,1.6,-6.746379512323852,32.04119982655924,-5.132235883788349,32.04119982655924,31.041844384257473,99.9867796769965,99.9867796769965,0.0009122550444942869,0.008062204604527785,10,25,26,25,1,1,1,1,1,1,1,1
0.07,53,20260872,0.00011344097469694663,1.6,0.0001781810689951113,1.6,-9.452300506404965,32.04119982655924,-7.491384398485367,32.04119982655924,36.33387916195571,99.99290993908143,99.99290993908143,0.0004830066665204221,0.0021228021250459493,6,9,26,25,1,1,1,1,1,1,1,1
0.07,54,20260873,0.00015271837219189426,1.6,0.00024710255723603067,1.6,-8.161087136861912,32.04119982655924,-6.071227601108696,32.04119982655924,38.196361097947396,99.99045510173801,99.99045510173801,0.00020723134367249408,0.0002072885392201418,4,25,26,25,1,1,1,1,1,1,1,1
0.07,55,20260874,0.00022115864978761813,1.6,0.00044223292945474725,1.6,-6.55296070169261,32.04119982655924,-3.54348922209513,32.04119982655924,49.99046089573282,99.98617758438827,99.98617758438827,0.0002651950530356981,0.00026039998778102345,5,25,26,25,1,1,1,1,1,1,1,1
0.07,56,20260875,0.0003254023561901769,1.6,0.00069530080423723,1.6,-4.875793067258735,32.04119982655924,-1.5782726827641624,32.04119982655924,53.19977278795831,99.9796623527381,99.9796623527381,0.000294849971509181,0.00033660016071387417,5,18,26,25,1,1,1,1,1,1,1,1
0.07,57,20260876,9.841838391975684e-05,1.6,0.00013542550031032377,1.6,-10.069237705810917,32.04119982655924,-8.682995512983636,32.04119982655924,27.326549509336235,99.99384885100501,99.99384885100501,0.00023953668582905874,0.002043410936849053,7,19,26,25,1,1,1,1,1,1,1,1
0.07,58,20260877,0.0002203204391129196,1.6,0.0002386656430387924,1.6,-6.569452115092291,32.04119982655924,-6.222100950803432,32.04119982655924,7.686570925037169,99.98622997255545,99.98622997255545,0.0007485011979260843,0.007405941189718951,4,11,26,25,1,1,1,1,1,1,1,1
0.07,59,20260878,0.0001172763311171864,1.6,0.00016835961075343758,1.6,-9.307896289962972,32.04119982655924,-7.737620870094844,32.04119982655924,30.34176629872504,99.99267022930518,99.99267022930518,0.0001588945649264941,0.00015898490399430428,5,12,26,25,1,1,1,1,1,1,1,1
0.07,60,20260879,0.00013846557224913845,1.6,0.00026545784500122896,1.6,-8.586581951255779,32.04119982655924,-5.760044355501737,32.04119982655924,47.83896017520318,99.99134590173443,99.99134590173443,0.0006738759478700862,0.0006779404701912045,5,17,26,25,1,1,1,1,1,1,1,1
0.07,61,20260880,0.000145144015792288,1.6,0.00017399175967798482,1.6,-8.38200865185135,32.04119982655924,-7.594713195974229,32.04119982655924,16.579948348753287,99.99092849901298,99.99092849901298,0.00033058609946727606,0.00022611348338145317,6,11,26,25,1,1,1,1,1,1,1,1
0.07,62,20260881,0.00014101046874884265,1.6,0.0001419125759289872,1.6,-8.507486437199272,32.04119982655924,-8.479791167725626,32.04119982655924,0.6356781097370631,99.9911868457032,99.9911868457032,0.0002688434419916962,0.0005548180637132083,6,15,26,25,1,1,1,1,1,1,1,1
0.07,63,20260882,0.00011720624095789544,1.6,0.00017873168158177323,1.6,-9.310492625379545,32.04119982655924,-7.477984585933315,32.04119982655924,34.42335465060161,99.99267460994014,99.99267460994014,0.00032076050629898447,0.0014911205035197986,7,20,26,25,1,1,1,1,1,1,1,1
0.07,64,20260883,0.00017046765777473154,1.6,0.00022918968762496525,1.6,-7.683580060106974,32.04119982655924,-6.398049273169021,32.04119982655924,25.62158466148946,99.98934577138908,99.98934577138908,0.00019646186583073238,0.000236796442406199,13,25,26,25,1,1,1,1,1,1,1,1
0.07,65,20260884,0.0001420718765179071,1.6,0.00024887920671221486,1.6,-8.474918832399364,32.04119982655924,-6.040113861851804,32.04119982655924,42.91532892814613,99.99112050771764,99.99112050771764,0.00015177885565853877,0.00011395262286691811,9,25,26,25,1,1,1,1,1,1,1,1
0.07,66,20260885,0.0002649804055772033,1.6,0.0003243436147279566,1.6,-5.767862395134671,32.04119982655924,-4.889946474970049,32.04119982655924,18.30256754107653,99.98343872465142,99.98343872465142,0.001985984332133226,0.006007729157832443,7,19,26,25,1,1,1,1,1,1,1,1
0.07,67,20260886,0.000149825021304467,1.6,0.00025257356630129565,1.6,-8.244156518766848,32.04119982655924,-5.976121035439372,32.04119982655924,40.680640694703435,99.99063593616847,99.99063593616847,0.00040031466106948347,0.0005063059161257201,5,12,26,25,1,1,1,1,1,1,1,1
0.07,68,20260887,9.847958658070373e-05,1.6,0.00014338601860191725,1.6,-10.066537832499321,32.04119982655924,-8.434931941359025,32.04119982655924,31.318557038596136,99.99384502583872,99.99384502583872,8.264474867356369e-05,0.00021703047009823486,4,13,26,25,1,1,1,1,1,1,1,1
0.07,69,20260888,0.00017739358463294858,1.6,0.0002551331452638852,1.6,-7.510620903041197,32.04119982655924,-5.932331169679221,32.04119982655924,30.470192553982066,99.98891290096043,99.98891290096043,0.00015342356107100758,0.0004321400822942314,7,25,26,25,1,1,1,1,1,1,1,1
0.07,70,20260889,0.0001818591266441807,1.6,0.00029266023003795497,1.6,-7.402648988889179,32.04119982655924,-5.3363629037303,32.04119982655924,37.859979601398024,99.98863380458474,99.98863380458474,0.0004741109340125448,0.0010483092969617407,14,25,26,25,1,1,1,1,1,1,1,1
0.07,71,20260890,0.00016760674003090718,1.6,0.0002428081349846482,1.6,-7.757085209123376,32.04119982655924,-6.147367668564242,32.04119982655924,30.971530240737486,99.98952457874807,99.98952457874807,0.00045212733316802006,0.000862356805287785,6,25,26,25,1,1,1,1,1,1,1,1
0.07,72,20260891,0.00014238641920872946,1.6,0.00022938837020012757,1.6,-8.465314316540628,32.04119982655924,-6.3942860424618395,32.04119982655924,37.92779508198002,99.99110084879946,99.99110084879946,0.00027804099063664743,0.0025242130017917694,4,16,26,25,1,1,1,1,1,1,1,1
0.07,73,20260892,0.0001771379542427298,1.6,0.0003543914197915928,1.6,-7.516883752742537,32.04119982655924,-4.505168014076557,32.04119982655924,50.0162971363981,99.98892887785982,99.98892887785982,0.0005961093541745977,0.0032029061593185117,6,25,26,25,1,1,1,1,1,1,1,1
0.07,74,20260893,9.52940411341879e-05,1.6,0.00013693307423112122,1.6,-10.209342555364,32.04119982655924,-8.634916415575725,32.04119982655924,30.408309556136352,99.99404412242912,99.99404412242912,0.0033936642736210804,0.007616436057968728,12,17,26,25,1,1,1,1,1,1,1,1
0.07,75,20260894,8.469628980937638e-05,1.6,0.00011383039810108918,1.6,-10.721356138795247,32.04119982655924,-9.437417452813383,32.04119982655924,25.594312923196238,99.99470648188692,99.99470648188692,0.0003610698804040911,0.0007464277483989808,6,10,26,25,1,1,1,1,1,1,1,1
0.07,76,20260895,0.00023319283799990375,1.6,0.0004242899967133758,1.6,-6.322847920986387,32.04119982655924,-3.723372072703721,32.04119982655924,45.039279783578195,99.985425447625,99.985425447625,0.0004819028284726478,0.0008748990667671087,6,20,26,25,1,1,1,1,1,1,1,1
0.07,77,20260896,0.00014047479480874768,1.6,0.00025370338333973765,1.6,-8.52401593605682,32.04119982655924,-5.9567374107160465,32.04119982655924,44.63030293110598,99.99122032532445,99.99122032532445,0.0003000598111128506,0.005323960375056123,7,14,26,25,1,1,1,1,1,1,1,1
0.07,78,20260897,0.00017053131228788072,1.6,0.00021501577255050056,1.6,-7.681958659073126,32.04119982655924,-6.675296811057791,32.04119982655924,20.688928879471767,99.989341792982,99.989341792982,0.00013718885519810108,0.0006705033827256711,4,9,26,25,1,1,1,1,1,1,1,1
0.07,79,20260898,0.00012469688969643397,1.6,0.00024964976592799866,1.6,-9.041443789554744,32.04119982655924,-6.026688368038493,32.04119982655924,50.051269131813356,99.99220644439397,99.99220644439397,0.00018992785153149243,0.0003128007356234847,6,16,26,25,1,1,1,1,1,1,1,1
0.07,80,20260899,0.00012999393253767408,1.6,0.00019382516085992852,1.6,-8.860769179001029,32.04119982655924,-7.1258984692739435,32.04119982655924,32.93237474384624,99.9918753792164,99.9918753792164,0.00012087311544151258,5.730682415964113e-05,11,20,26,25,1,1,1,1,1,1,1,1
0.07,81,20260900,8.586175074967877e-05,1.6,9.920296100853867e-05,1.6,-10.662002603572457,32.04119982655924,-10.034753648369755,32.04119982655924,13.448399244566488,99.99463364057813,99.99463364057813,0.0001323272669286784,0.00043515468062668846,5,12,26,25,1,1,1,1,1,1,1,1
0.07,82,20260901,0.00014773279380921172,1.6,0.00019580793786394971,1.6,-8.305230890514782,32.04119982655924,-7.081697062987953,32.04119982655924,24.55219363381546,99.99076670038691,99.99076670038691,0.00022398299302669805,0.0003130973592878988,7,11,26,25,1,1,1,1,1,1,1,1
0.07,83,20260902,0.00017300501881309526,1.6,0.0001920915489738151,1.6,-7.619412979624338,32.04119982655924,-7.164917414098988,32.04119982655924,9.936163388073686,99.98918718632419,99.98918718632419,0.0002474569202397826,0.00076596532181859,6,14,26,25,1,1,1,1,1,1,1,1
0.07,84,20260903,0.00016454994547886772,1.6,0.0001928988849405053,1.6,-7.837022572664828,32.04119982655924,-7.14670282804976,32.04119982655924,14.696269224356111,99.98971562840758,99.98971562840758,0.0003977449984216544,0.0020375219058130513,4,24,26,25,1,1,1,1,1,1,1,1
0.07,85,20260904,0.000111381364940359,1.6,0.0002184698967347629,1.6,-9.53187464283988,32.04119982655924,-6.606083966004638,32.04119982655924,49.01752296080249,99.99303866469123,99.99303866469123,0.00016232363514641745,0.0010911583197384567,8,16,26,25,1,1,1,1,1,1,1,1
0.07,86,20260905,0.00016023302583933056,1.6,0.00021400809247400866,1.6,-7.952479660198283,32.04119982655924,-6.69569803985588,32.04119982655924,25.12758560343184,99.98998543588506,99.98998543588506,0.0002614196684826461,0.0009209973082462968,5,25,26,25,1,1,1,1,1,1,1,1
0.07,87,20260906,0.00011411213200824626,1.6,0.0001645099020135205,1.6,-9.426681804359301,32.04119982655924,-7.838079563133581,32.04119982655924,30.63509818462613,99.99286799174948,99.99286799174948,0.00011669027291748685,0.0004993337082722965,5,25,26,25,1,1,1,1,1,1,1,1
0.07,88,20260907,0.00011404847224470755,1.6,0.00012736931154806464,1.6,-9.429105280123846,32.04119982655924,-8.949351986161517,32.04119982655924,10.458437076760271,99.99287197048471,99.99287197048471,0.00016474052714255427,0.000174114787014224,3,11,26,25,1,1,1,1,1,1,1,1
0.07,89,20260908,0.00015368920382650012,1.6,0.00023164689083412179,1.6,-8.133566392228088,32.04119982655924,-6.351735245246982,32.04119982655924,33.65367293595396,99.99039442476084,99.99039442476084,8.349648403431781e-05,0.00043276987503792065,7,25,26,25,1,1,1,1,1,1,1,1
0.07,90,20260909,0.00013937558729774176,1.6,0.00029233795136339246,1.6,-8.558132895835053,32.04119982655924,-5.341148007978721,32.04119982655924,52.323813364727975,99.99128902579389,99.99128902579389,0.00043057695959768035,0.002329446849278835,6,14,26,25,1,1,1,1,1,1,1,1
0.07,91,20260910,0.0004575228804487658,1.6,0.0006552582913762987,1.6,-3.3958718224415536,32.04119982655924,-1.8358747495794852,32.04119982655924,30.176712531513516,99.97140481997195,99.97140481997195,0.0003548496474905682,0.00047813604682169853,9,25,26,25,1,1,1,1,1,1,1,1
0.07,92,20260911,0.00012961839802975268,1.6,0.00017061465574571438,1.6,-8.873333503503718,32.04119982655924,-7.679836658055869,32.04119982655924,24.028567497192558,99.99189885012315,99.99189885012315,0.0006915692072223356,0.0003802788451014176,6,25,26,25,1,1,1,1,1,1,1,1
0.07,93,20260912,0.0001910324784514659,1.6,0.0004712881421779125,1.6,-7.1889278975157485,32.04119982655924,-3.2671348714782216,32.04119982655924,59.465884804852436,99.98806047009677,99.98806047009677,0.003492964361855016,0.005550136418587518,9,25,26,25,1,1,1,1,1,1,1,1
0.07,94,20260913,0.0001715538474608612,1.6,0.00040769087054554363,1.6,-7.655995375187135,32.04119982655924,-3.896690136302217,32.04119982655924,57.920606063290116,99.98927788453369,99.98927788453369,0.00033578706263918186,0.0002095849900332416,3,18,26,25,1,1,1,1,1,1,1,1
0.07,95,20260914,0.00013286740274435604,1.6,0.0001296608659746947,1.6,-8.765815543823392,32.04119982655924,-8.871910821718357,32.04119982655924,-2.473018165933844,99.99169578732848,99.99169578732848,0.0001109956624767135,0.0009189810290549485,5,13,26,25,1,1,1,1,0,1,1,1
0.07,96,20260915,0.00017632775200794753,1.6,0.00028049050774729825,1.6,-7.536793292469284,32.04119982655924,-5.5208183138722555,32.04119982655924,37.135928975248554,99.98897951549951,99.98897951549951,0.00012088408029539069,0.0022506854176352394,14,17,23,25,1,1,1,1,1,1,1,1
0.07,97,20260916,0.0001048027674743056,1.6,0.00018255773524081134,1.6,-9.796272490035268,32.04119982655924,-7.385997606259012,32.04119982655924,42.59198749586776,99.99344982703286,99.99344982703286,0.00022415933927472635,0.000501023368665147,6,16,26,25,1,1,1,1,1,1,1,1
0.07,98,20260917,0.00023191292480885336,1.6,0.00029319361668437324,1.6,-6.346750468913483,32.04119982655924,-5.328454892455444,32.04119982655924,20.901100292878937,99.98550544219945,99.98550544219945,0.00025531784685031624,0.0007086723164854369,5,12,26,25,1,1,1,1,1,1,1,1
0.07,99,20260918,0.00033042322218793205,1.6,0.00037250345702399416,1.6,-4.809294380051925,32.04119982655924,-4.288696924204461,32.04119982655924,11.296602499276023,99.97934854861325,99.97934854861325,0.0006922498903131288,0.0007660301423621714,6,15,26,25,1,1,1,1,1,1,1,1
0.07,100,20260919,0.0002484289627633229,1.6,0.0003263611065310763,1.6,-6.047977738938187,32.04119982655924,-4.863016030596753,32.04119982655924,23.879114946049068,99.9844731898273,99.9844731898273,0.00017110627548046708,0.00034384683481443115,16,25,26,25,1,1,1,1,1,1,1,1
0.07,101,20260920,0.00011157745206084898,1.6,0.00018701183158486504,1.6,-9.524235601917177,32.04119982655924,-7.281309163005513,32.04119982655924,40.33668826444509,99.9930264092462,99.9930264092462,0.00038351716221371023,0.0007459081552529973,9,16,26,25,1,1,1,1,1,1,1,1
0.07,102,20260921,0.00015342466617214765,1.6,0.0002974957493581036,1.6,-8.14104812999233,32.04119982655924,-5.265192351236944,32.04119982655924,48.42794678472321,99.99041095836425,99.99041095836425,0.0007069654749412404,0.0012385051380557671,5,17,26,25,1,1,1,1,1,1,1,1
0.07,103,20260922,0.00017516887977209297,1.6,0.00021143578563391957,1.6,-7.5654304739020874,32.04119982655924,-6.7482150620520525,32.04119982655924,17.152681015227575,99.98905194501422,99.98905194501422,0.00016523699247024775,0.00042927705199872004,6,10,26,25,1,1,1,1,1,1,1,1
0.07,104,20260923,0.00034263380988535335,1.6,0.00038436834327053136,1.6,-4.651697846216357,32.04119982655924,-4.152523881966953,32.04119982655924,10.857952824643482,99.97858538688216,99.97858538688216,0.0006404651455785089,0.0007760827744507247,10,25,26,25,1,1,1,1,1,1,1,1
0.07,105,20260924,0.00012692382108889512,1.6,0.0001529310743227066,1.6,-8.964568617777223,32.04119982655924,-8.155042605934991,32.04119982655924,17.005865779071446,99.99206726118196,99.99206726118196,0.0003872794901109652,0.000676858506120548,7,13,26,25,1,1,1,1,1,1,1,1
0.07,106,20260925,0.00010049110179660576,1.6,0.0001659215037602119,1.6,-9.978723920914582,32.04119982655924,-7.800973248906496,32.04119982655924,39.43455217122761,99.99371930613772,99.99371930613772,0.00041466026582672236,0.00021582630832404616,4,11,26,25,1,1,1,1,1,1,1,1
0.07,107,20260926,0.00019967892277868588,1.6,0.0002756683562933124,1.6,-6.996677749090003,32.04119982655924,-5.596130832809733,32.04119982655924,27.56552639424941,99.98752006732633,99.98752006732633,0.0001120136775717361,0.00018505641101361302,7,23,26,25,1,1,1,1,1,1,1,1
0.07,108,20260927,0.00015219210458273984,1.6,0.00025038835746698314,1.6,-8.176078772966548,32.04119982655924,-6.01385868773893,32.04119982655924,39.217579394517855,99.99048799346357,99.99048799346357,0.0006247292900486831,0.00028615409412627844,6,12,26,25,1,1,1,1,1,1,1,1
0.07,109,20260928,0.00031404909304678615,1.6,0.0003812466301062713,1.6,-5.030024564721192,32.04119982655924,-4.187939864195029,32.04119982655924,17.625739286076854,99.98037193168457,99.98037193168457,0.0003716858708597942,0.0013750783352054624,6,23,26,25,1,1,1,1,1,1,1,1
0.07,110,20260929,0.0001989153268890521,1.6,0.0002980503943062386,1.6,-7.013317521853253,32.04119982655924,-5.257102992835547,32.04119982655924,33.26117640204426,99.98756779206944,99.98756779206944,3.716672144612073,0.001285688206937515,6,25,26,25,1,1,1,1,1,1,1,1
0.07,111,20260930,0.00010975702902560873,1.6,0.0001510490404208575,1.6,-9.59567657242707,32.04119982655924,-8.208820293529667,32.04119982655924,27.33682470289099,99.9931401856859,99.9931401856859,5.9653983525965666e-05,0.00020199287374948023,4,25,26,25,1,1,1,1,1,1,1,1
0.07,112,20260931,0.00020108460536690545,1.6,0.0003972662971941605,1.6,-6.966211768429559,32.04119982655924,-4.009182775408087,32.04119982655924,49.38291851406991,99.98743221216458,99.98743221216458,0.00018285950606505597,0.00016789167482265992,13,12,26,25,1,1,1,1,1,1,1,1
0.07,113,20260932,0.00016102215046534082,1.6,0.0003113831765593833,1.6,-7.931143776129982,32.04119982655924,-5.06704855238664,32.04119982655924,48.288102059800075,99.98993611559592,99.98993611559592,0.0001817930102024738,0.0021413738033355246,8,25,26,25,1,1,1,1,1,1,1,1
0.07,114,20260933,8.716242794074326e-05,1.6,0.00017475231033586573,1.6,-10.596706808284766,32.04119982655924,-7.575770738971008,32.04119982655924,50.12230294797181,99.9945523482537,99.9945523482537,0.00032505092170035554,0.0021479385350102733,7,14,26,25,1,1,1,1,1,1,1,1
0.07,115,20260934,0.0001144010508242322,1.6,0.00020085957688944334,1.6,-9.415699863378414,32.04119982655924,-6.971074564835503,32.04119982655924,43.04426376084594,99.99284993432349,99.99284993432349,0.00011466080377018533,0.00010522469419292753,8,21,26,25,1,1,1,1,1,1,1,1
0.07,116,20260935,0.00021054985454191488,1.6,0.00031761236856347926,1.6,-6.766450542753738,32.04119982655924,-4.981025934795904,32.04119982655924,33.70854683833462,99.98684063409112,99.98684063409112,0.00019211788269286946,0.0006097118325486509,10,17,26,25,1,1,1,1,1,1,1,1
0.07,117,20260936,0.00014770304376799336,1.6,0.0001894663882365008,1.6,-8.306105549384007,32.04119982655924,-7.2246782368083915,32.04119982655924,22.04261392072164,99.9907685597645,99.9907685597645,0.0003483315996572631,0.0002930617513087038,5,12,26,25,1,1,1,1,1,1,1,1
0.07,118,20260937,0.0003366508124386128,1.6,0.0005021619505604254,1.6,-4.728203331129207,32.04119982655924,-2.9915619741297714,32.04119982655924,32.95971308401563,99.97895932422257,99.97895932422257,0.0007106623526384641,0.0005627302858305189,10,16,26,25,1,1,1,1,1,1,1,1
0.07,119,20260938,0.000208426383501302,1.6,0.00030084330942091236,1.6,-6.81047307043417,32.04119982655924,-5.21659642519969,32.04119982655924,30.71928908690107,99.98697335103117,99.98697335103117,0.0009288660108358928,0.0019409029431700967,12,21,26,25,1,1,1,1,1,1,1,1
0.07,120,20260939,0.00015418413730360967,1.6,0.00022622955669387187,1.6,-8.11960304857551,32.04119982655924,-6.454506555091973,32.04119982655924,31.846156816614485,99.99036349141853,99.99036349141853,0.0007219883327778235,0.0007169090265034075,5,16,26,25,1,1,1,1,1,1,1,1
0.07,121,20260940,0.00012041144897637313,1.6,0.000140026337199556,1.6,-9.193322174729632,32.04119982655924,-8.537902712882847,32.04119982655924,14.007999220338865,99.99247428443897,99.99247428443897,0.00024040233307529756,0.00014129928023505072,8,25,26,25,1,1,1,1,1,1,1,1
0.07,122,20260941,0.00031154634813477513,1.6,0.000369239264054026,1.6,-5.064773350662924,32.04119982655924,-4.3269212331426035,32.04119982655924,15.624805251158065,99.9805283532416,99.9805283532416,0.00011377307814709316,0.0006590092509828621,7,18,26,25,1,1,1,1,1,1,1,1
0.07,123,20260942,0.00024648770441749134,1.6,0.00031190356135658474,1.6,-6.082047398221211,32.04119982655924,-5.059796663820587,32.04119982655924,20.973103562708765,99.98459451847391,99.98459451847391,0.0001227795721180873,0.00022906519352798317,8,10,26,25,1,1,1,1,1,1,1,1
0.07,124,20260943,0.00022926752507442056,1.6,0.0003285239131833656,1.6,-6.396574571749901,32.04119982655924,-4.834330127538288,32.04119982655924,30.212835086237728,99.98567077968285,99.98567077968285,0.0007462555652208888,0.0005188122112812287,6,17,26,25,1,1,1,1,1,1,1,1
0.07,125,20260944,0.00022048641291423437,1.6,0.0003575355707697892,1.6,-6.566181680019589,32.04119982655924,-4.466807442949273,32.04119982655924,38.33161482659815,99.98621959919286,99.98621959919286,0.00025354837791617294,0.00020206550088217306,9,15,26,25,1,1,1,1,1,1,1,1
0.07,126,20260945,0.00017308815450131556,1.6,0.00021646126922440784,1.6,-7.6173265257950415,32.04119982655924,-6.6461979938847495,32.04119982655924,20.037355818202695,99.98918199034367,99.98918199034367,8.597864028790581e-05,0.00016481479659386804,9,18,26,25,1,1,1,1,1,1,1,1
0.07,127,20260946,0.00017559001714048667,1.6,0.00033923354290608086,1.6,-7.555001787718384,32.04119982655924,-4.695012119023877,32.04119982655924,48.23919367280848,99.98902562392873,99.98902562392873,0.00011860770309608115,0.00012732924159396082,10,25,26,25,1,1,1,1,1,1,1,1
0.07,128,20260947,0.0006093797324715311,1.6,0.0007614434336464207,1.6,-2.1511199419301303,32.04119982655924,-1.1836235413712917,32.04119982655924,19.970452755325887,99.96191376672053,99.96191376672053,0.003023549877906708,0.008886871976923595,9,25,26,25,1,1,1,1,1,1,1,1
0.07,129,20260948,0.00024504392983669496,1.6,0.00024561953545625516,1.6,-6.107560512459424,32.04119982655924,-6.097370943572167,32.04119982655924,0.2343484684518156,99.98468475438521,99.98468475438521,0.00022833078903001405,0.0005821920816382977,5,10,26,25,1,1,1,1,1,1,1,1
0.07,130,20260949,8.755472414061029e-05,1.6,0.0001086633540029491,1.6,-10.577204159672004,32.04119982655924,-9.639168941624787,32.04119982655924,19.425711690958785,99.99452782974122,99.99452782974122,0.00011499302851761394,0.0006865230103642082,6,21,26,25,1,1,1,1,1,1,1,1
0.07,131,20260950,0.00018660718711727267,1.6,0.0002149701855369796,1.6,-7.290716335516673,32.04119982655924,-6.67621768710597,32.04119982655924,13.193921914733549,99.98833705080517,99.98833705080517,0.00034119001717836307,0.0019090943596168895,8,23,26,25,1,1,1,1,1,1,1,1
0.07,132,20260951,0.00010228793600870994,1.6,0.00017742370413501794,1.6,-9.901755846045724,32.04119982655924,-7.509883580819766,32.04119982655924,42.34821299251554,99.99360700399947,99.99360700399947,0.0001635144511381857,0.0011553075799657414,4,16,26,25,1,1,1,1,1,1,1,1
0.07,133,20260952,0.00017910402376790393,1.6,0.0004126331332102553,1.6,-7.468946571405429,32.04119982655924,-3.844359024107433,32.04119982655924,56.59485161201481,99.9888059985145,99.9888059985145,0.0003063647490948235,0.000861645049104474,5,16,26,25,1,1,1,1,1,1,1,1
0.07,134,20260953,0.00012332868221968474,1.6,0.00014195041350498373,1.6,-9.089359089587314,32.04119982655924,-8.47863338025964,32.04119982655924,13.118476252022475,99.99229195736127,99.99229195736127,0.00035033273070225334,0.0012152774330909531,7,13,26,25,1,1,1,1,1,1,1,1
0.07,135,20260954,0.00019910224204616433,1.6,0.000424011639323814,1.6,-7.009238494512696,32.04119982655924,-3.726222216508399,32.04119982655924,53.04321306752816,99.98755610987212,99.98755610987212,0.0003436984566169392,0.0005942724578490842,5,21,26,25,1,1,1,1,1,1,1,1
0.07,136,20260955,8.342518240967708e-05,1.6,0.00012157491738819087,1.6,-10.78702835084562,32.04119982655924,-9.151560168686894,32.04119982655924,31.379610036419773,99.9947859260994,99.9947859260994,0.0004539892716549634,0.0021192243097213075,5,11,26,25,1,1,1,1,1,1,1,1
0.07,137,20260956,0.00016567232361847933,1.6,0.0002662339288652661,1.6,-7.807500365637214,32.04119982655924,-5.747365988237769,32.04119982655924,37.771896946192136,99.98964547977384,99.98964547977384,0.0005861486189491765,0.004861733498959939,8,21,26,25,1,1,1,1,1,1,1,1
0.07,138,20260957,0.0001271079716142341,1.6,0.000292478972252852,1.6,-8.958272116843048,32.04119982655924,-5.3390535201881235,32.04119982655924,56.541158964293835,99.9920557517741,99.9920557517741,0.0009483555183122513,0.0006789324791098152,6,11,26,25,1,1,1,1,1,1,1,1
0.07,139,20260958,0.00019718964821523687,1.6,0.00027521219187690325,1.6,-7.0511588777717815,32.04119982655924,-5.603323308014232,32.04119982655924,28.349959036903517,99.98767564698656,99.98767564698656,0.00019456848311010926,0.002179150755793202,9,13,26,25,1,1,1,1,1,1,1,1
0.07,140,20260959,0.00016732582067839074,1.6,0.00021172779923357699,1.6,-7.764370362469338,32.04119982655924,-6.74222116656399,32.04119982655924,20.971255884165792,99.98954213620759,99.98954213620759,0.0001731521060290792,0.0002190424855119076,7,25,26,25,1,1,1,1,1,1,1,1
0.07,141,20260960,0.00014821836205667754,1.6,0.00023692283450103677,1.6,-8.290979903789076,32.04119982655924,-6.253930801810375,32.04119982655924,37.440237717555696,99.99073635237146,99.99073635237146,0.00012862912347262278,0.00014449058781986526,12,25,26,25,1,1,1,1,1,1,1,1
0.07,142,20260961,0.00020789379420904907,1.6,0.0004099071295711831,1.6,-6.821584745020636,32.04119982655924,-3.873145278740435,32.04119982655924,49.28270839628152,99.98700663786192,99.98700663786192,0.0005844913059877865,0.0003492602124259942,4,25,26,25,1,1,1,1,1,1,1,1
0.07,143,20260962,0.00037459875210436215,1.6,0.00040454410425674826,1.6,-4.264336737175679,32.04119982655924,-3.9303412376449365,32.04119982655924,7.402246587526824,99.97658757799347,99.97658757799347,0.0008728206896470079,0.0008924024348877917,7,22,26,25,1,1,1,1,1,1,1,1
0.07,144,20260963,0.00031741740874698663,1.6,0.00047284450855541917,1.6,-4.983692580618857,32.04119982655924,-3.2528165033696266,32.04119982655924,32.87065768898866,99.98016141195332,99.98016141195332,0.000436286215936165,0.004828013485367388,4,16,26,25,1,1,1,1,1,1,1,1
0.07,145,20260964,0.00029348539630172273,1.6,0.0003134304861237974,1.6,-5.324135041723111,32.04119982655924,-5.038587637339878,32.04119982655924,6.363481124231439,99.98165716273115,99.98165716273115,0.00018209010202428744,0.0010131938067516595,5,12,26,25,1,1,1,1,1,1,1,1
0.07,146,20260965,7.007669727534624e-05,1.6,0.00011581313423556552,1.6,-11.544263747180084,32.04119982655924,-9.362421849732744,32.04119982655924,39.49158034803784,99.99562020642028,99.99562020642028,0.00033837881001158994,0.0007144182009395584,7,9,26,25,1,1,1,1,1,1,1,1
0.07,147,20260966,0.00024781697269939134,1.6,0.0003991158566033663,1.6,-6.058689526118435,32.04119982655924,-3.989010176468332,32.04119982655924,37.908512378232295,99.98451143920629,99.98451143920629,0.00031849601206984315,0.00019155538592358336,7,18,26,25,1,1,1,1,1,1,1,1
0.07,148,20260967,0.00014542906408301662,1.6,0.0002171447500964683,1.6,-8.373487907981804,32.04119982655924,-6.632506661023321,32.04119982655924,33.026672752434216,99.99091068349482,99.99091068349482,0.00012849014966427212,0.00016130089659094454,8,23,26,25,1,1,1,1,1,1,1,1
0.07,149,20260968,0.00019241964401477121,1.6,0.00027712538970517614,1.6,-7.157505931520232,32.04119982655924,-5.573236831541769,32.04119982655924,30.565855326543833,99.98797377224906,99.98797377224906,0.0004305031046500572,0.0013056577877663847,7,23,26,25,1,1,1,1,1,1,1,1
0.07,150,20260969,0.00011650084747211066,1.6,0.00019191712282253938,1.6,-9.336709154008588,32.04119982655924,-7.168862758346243,32.04119982655924,39.29627239158026,99.992718697033,99.992718697033,0.0008307575629672207,0.004201210967398358,9,18,26,25,1,1,1,1,1,1,1,1
0.07,151,20260970,0.00015457698371415545,1.6,0.0003224494832417544,1.6,-8.108551714143475,32.04119982655924,-4.915383147273663,32.04119982655924,52.06164321923804,99.99033893851788,99.99033893851788,0.00010529406982934982,0.0002304179328766915,9,25,26,25,1,1,1,1,1,1,1,1
0.07,152,20260971,0.00019685221666691305,1.6,0.00034636358056849153,1.6,-7.05859690445566,32.04119982655924,-4.604677794423905,32.04119982655924,43.166017528801184,99.98769673645832,99.98769673645832,0.00040600492894259685,0.0009602472939542355,5,12,26,25,1,1,1,1,1,1,1,1
0.07,153,20260972,0.00010267997258151208,1.6,0.00019286046434589967,1.6,-9.885142559696202,32.04119982655924,-7.147567919320506,32.04119982655924,46.75944967271612,99.99358250171365,99.99358250171365,9.575851861541838e-05,0.0003129050238981766,6,11,26,25,1,1,1,1,1,1,1,1
0.07,154,20260973,0.00029224532928302837,1.6,0.0005017738896227211,1.6,-5.342524210825188,32.04119982655924,-2.9949194144269526,32.04119982655924,41.75756544391643,99.9817346669198,99.9817346669198,0.0007316344388473338,0.0010572285511669033,6,24,26,25,1,1,1,1,1,1,1,1
0.07,155,20260974,0.00017729171120884116,1.6,0.00020691745217905896,1.6,-7.513115681802977,32.04119982655924,-6.84202877795276,32.04119982655924,14.317661781656168,99.98891926804946,99.98891926804946,0.00017935484480403907,0.0003944256775349709,9,14,26,25,1,1,1,1,1,1,1,1
0.07,156,20260975,8.699823165933143e-05,1.6,0.0001087723615356368,1.6,-10.604895748342491,32.04119982655924,-9.634814424816813,32.04119982655924,20.01807220961326,99.99456261052129,99.99456261052129,0.00017607920946992892,0.00030517430488384426,5,17,26,25,1,1,1,1,1,1,1,1
0.07,157,20260976,0.00013742716763875384,1.6,0.00020861304064894137,1.6,-8.619274041812226,32.04119982655924,-6.8065854679704065,32.04119982655924,34.123405127860956,99.99141080202259,99.99141080202259,0.00037471232273954437,0.00022945479140357072,5,23,26,25,1,1,1,1,1,1,1,1
0.07,158,20260977,0.0002207892982749604,1.6,0.00042477892219384484,1.6,-6.560219808195029,32.04119982655924,-3.7183704136635463,32.04119982655924,48.022539081116456,99.9862006688578,99.9862006688578,0.0012696621477887747,0.003069685115960133,25,23,26,25,1,1,1,1,1,1,1,1
0.07,159,20260978,0.0001254002662885011,1.6,0.00013624906405349739,1.6,-9.01701541276404,32.04119982655924,-8.656664723746047,32.04119982655924,7.962475074864779,99.99216248335696,99.99216248335696,0.001898962929841384,0.004696660058702722,4,12,26,25,1,1,1,1,1,1,1,1
0.07,160,20260979,0.00011204859769086763,1.6,0.00013029922900208537,1.6,-9.505935743714819,32.04119982655924,-8.850581540581791,32.04119982655924,14.006707062653183,99.99299696264433,99.99299696264433,4.7852446978998555e-05,6.714608281297273e-05,7,12,26,25,1,1,1,1,1,1,1,1
0.07,161,20260980,0.00013391684035959792,1.6,0.0001863771206665406,1.6,-8.731648059949261,32.04119982655924,-7.296074019505556,32.04119982655924,28.147382103194296,99.99163019747752,99.99163019747752,0.000406877858351667,0.00012041427854161451,4,16,26,25,1,1,1,1,1,1,1,1
0.07,162,20260981,0.00018375810659631528,1.6,0.000291907688271342,1.6,-7.357534926661467,32.04119982655924,-5.347544664033942,32.04119982655924,37.04924057173053,99.98851511833773,99.98851511833773,0.00016446993431398486,0.00021832574395188074,13,18,26,25,1,1,1,1,1,1,1,1
0.07,163,20260982,9.759906159129509e-05,1.6,0.00015753058395403044,1.6,-10.105543580267668,32.04119982655924,-8.026351170933058,32.04119982655924,38.04437262812672,99.99390005865055,99.99390005865055,0.00031799276416155837,0.00037593825630153146,4,12,26,25,1,1,1,1,1,1,1,1
0.07,164,20260983,0.00014104898326498702,1.6,0.00018764808590277155,1.6,-8.506300400580454,32.04119982655924,-7.266558612328006,32.04119982655924,24.833241657433966,99.99118443854594,99.99118443854594,0.0004868448030462325,0.000637874158517345,4,12,26,25,1,1,1,1,1,1,1,1
0.07,165,20260984,0.00013338796874986738,1.6,0.00012255674074813046,1.6,-8.748833408930937,32.04119982655924,-9.1166279710706,32.04119982655924,-8.837725232915961,99.99166325195313,99.99166325195313,0.0005993781609163765,0.004662803907459835,7,15,26,25,1,1,1,1,0,1,1,1
0.07,166,20260985,0.0001871525624748808,1.6,0.0003219613500736866,1.6,-7.2780422219058485,32.04119982655924,-4.921962601587969,32.04119982655924,41.87110892905388,99.98830296484532,99.98830296484532,0.0006943584029936842,0.0019420165116336467,3,13,26,25,1,1,1,1,1,1,1,1
0.07,167,20260986,0.00017177312155609924,1.6,0.00024203527483359917,1.6,-7.650447920362536,32.04119982655924,-6.161213342296328,32.04119982655924,29.02971615431082,99.98926417990276,99.98926417990276,7.248563625196582e-05,0.00027886800447245744,4,15,26,25,1,1,1,1,1,1,1,1
0.07,168,20260987,9.005900896265912e-05,1.6,0.00010374388761573155,1.6,-10.45472836458325,32.04119982655924,-9.840374816323386,32.04119982655924,13.191021627954957,99.99437131193983,99.99437131193983,0.00039485774906386267,0.00035203892886759855,5,10,26,25,1,1,1,1,1,1,1,1
0.07,169,20260988,0.0001339959878150658,1.6,0.00020031591603130973,1.6,-8.729082053356704,32.04119982655924,-6.982845426187585,32.04119982655924,33.10766789288875,99.99162525076156,99.99162525076156,0.0004165961147385578,0.0017354323480765538,5,15,26,25,1,1,1,1,1,1,1,1
0.07,170,20260989,0.00026434284853067724,1.6,0.0003431474819900489,1.6,-5.7783243440082686,32.04119982655924,-4.645191836065879,32.04119982655924,22.965237280003404,99.98347857196684,99.98347857196684,0.00021414290698666422,0.0003069522834841545,10,25,26,25,1,1,1,1,1,1,1,1
0.07,171,20260990,0.00029186656567065924,1.6,0.000580010566120124,1.6,-5.348156521047745,32.04119982655924,-2.3656409477177425,32.04119982655924,49.679095051138816,99.9817583396456,99.9817583396456,0.0008191936900151916,0.00487665372551907,7,18,26,25,1,1,1,1,1,1,1,1
0.07,172,20260991,0.0002053100305289852,1.6,0.00028094476042635045,1.6,-6.875898324269006,32.04119982655924,-5.513790630143292,32.04119982655924,26.9215662832028,99.98716812309193,99.98716812309193,0.0003044125961053888,0.0008722575630664231,7,17,26,25,1,1,1,1,1,1,1,1
0.07,173,20260992,0.00010539978170654041,1.6,0.0001924632230159104,1.6,-9.771602885897256,32.04119982655924,-7.156522457251891,32.04119982655924,45.236404101043604,99.99341251364332,99.99341251364332,0.00031101669639322456,0.00031393816767403117,7,15,26,25,1,1,1,1,1,1,1,1
0.07,174,20260993,0.00015643448004694542,1.6,0.0002786483148221427,1.6,-8.056675169812648,32.04119982655924,-5.549435790770345,32.04119982655924,43.85952768212672,99.99022284499706,99.99022284499706,0.00026392990023412914,0.00016328365215198738,5,18,26,25,1,1,1,1,1,1,1,1
0.07,175,20260994,0.0002005322133462999,1.6,0.00041147968791864,1.6,-6.978158526956514,32.04119982655924,-3.856515982222467,32.04119982655924,51.26558631347309,99.98746673666585,99.98746673666585,0.00022814006965501813,0.002382865599927204,4,18,26,25,1,1,1,1,1,1,1,1
0.07,176,20260995,0.00017691481498900501,1.6,0.0002368152967757803,1.6,-7.52235797397966,32.04119982655924,-6.255902483564242,32.04119982655924,25.294177615346282,99.98894282406319,99.98894282406319,0.00018625052616013242,0.0011025630233925182,5,18,26,25,1,1,1,1,1,1,1,1
0.07,177,20260996,0.0001277714091331374,1.6,0.0002374472163104676,1.6,-8.935663155425736,32.04119982655924,-6.244329174615783,32.04119982655924,46.189552727342395,99.99201428692918,99.99201428692918,0.0006696141833841639,0.0007996972974263545,6,21,26,25,1,1,1,1,1,1,1,1
0.07,178,20260997,0.00015003916859600823,1.6,0.00026326056984656276,1.6,-8.237953510473497,32.04119982655924,-5.796141829767273,32.04119982655924,43.00735249359364,99.99062255196274,99.99062255196274,0.0002770008205174312,0.0006737452918031307,6,25,26,25,1,1,1,1,1,1,1,1
0.07,179,20260998,0.00014866499940961898,1.6,0.00017728151392053414,1.6,-8.277912665317084,32.04119982655924,-7.5133654821674405,32.04119982655924,16.141849129144067,99.9907084375369,99.9907084375369,6.472996225300506e-05,6.47726084602943e-05,5,16,26,25,1,1,1,1,1,1,1,1
0.07,180,20260999,9.167980522845548e-05,1.6,9.359025720172172e-05,1.6,-10.377263180239025,32.04119982655924,-10.28769359208052,32.04119982655924,2.0412936457141138,99.99427001217323,99.99427001217323,0.00016471077230304854,0.0016617084841272344,4,15,26,25,1,1,1,1,1,1,1,1
0.07,181,20261000,0.0001474128252121707,1.6,0.00024378041307553393,1.6,-8.314647303401228,32.04119982655924,-6.130011913958065,32.04119982655924,39.530488379927505,99.99078669842423,99.99078669842423,0.00031554154631312464,0.0008299808452517301,5,12,26,25,1,1,1,1,1,1,1,1
0.07,182,20261001,0.000149395993119775,1.6,0.0001854980429275518,1.6,-8.256610503740822,32.04119982655924,-7.31660667990976,32.04119982655924,19.462226791188748,99.99066275043002,99.99066275043002,0.000270846354114275,0.0035414215660246745,6,19,26,25,1,1,1,1,1,1,1,1
0.07,183,20261002,0.00010383112522872849,1.6,0.00015154904545308206,1.6,-9.836724394661317,32.04119982655924,-8.194467947352551,32.04119982655924,31.486783754851512,99.9935105546732,99.9935105546732,0.00025304811819209697,0.00024367704201574226,3,20,26,25,1,1,1,1,1,1,1,1
0.07,184,20261003,9.108928828501462e-05,1.6,0.00012416729933250814,1.6,-10.40532691218321,32.04119982655924,-9.059927647823265,32.04119982655924,26.63987315928792,99.9943069194822,99.9943069194822,0.0001733385215971957,0.00017553720327596783,5,17,26,25,1,1,1,1,1,1,1,1
0.07,185,20261004,0.00022040538212211958,1.6,0.00022072166281384052,1.6,-6.567778045688995,32.04119982655924,-6.561550407449131,32.04119982655924,0.14329390585811905,99.98622466361735,99.98622466361735,0.003641265950056239,0.0075098095393999345,5,16,26,25,1,1,1,1,1,1,1,1
0.07,186,20261005,0.00014085222617113207,1.6,0.00021409736902006717,1.6,-8.51236284594444,32.04119982655924,-6.693886695906035,32.04119982655924,34.21113635547287,99.99119673586429,99.99119673586429,0.0002282292337912828,0.00018910064899308425,4,25,26,25,1,1,1,1,1,1,1,1
0.07,187,20261006,7.557953782096286e-05,1.6,0.00018456795856156152,1.6,-11.215957681800417,32.04119982655924,-7.338436913258773,32.04119982655924,59.050564133669084,99.9952762788862,99.9952762788862,0.0010130806474182123,0.009394200699800096,9,25,26,25,1,1,1,1,1,1,1,1
0.07,188,20261007,8.29238669087696e-05,1.6,8.428428819333277e-05,1.6,-10.813204540699319,32.04119982655924,-10.74253376584047,32.04119982655924,1.6140864611000953,99.99481725831821,99.99481725831821,0.00011028810684466269,0.0012973413967582838,5,17,26,25,1,1,1,1,1,1,1,1
0.07,189,20261008,0.0001298613152965785,1.6,0.00015568319637799925,1.6,-8.865202027018793,32.04119982655924,-8.077582603550361,32.04119982655924,16.586170943410714,99.99188366779396,99.99188366779396,0.0012471691854731657,0.0104023234371148,5,12,26,25,1,1,1,1,1,1,1,1
0.07,190,20261009,0.00015516529422962251,1.6,0.00015941475519311272,1.6,-8.09205410720052,32.04119982655924,-7.97471483426876,32.04119982655924,2.6656635129806325,99.99030216911066,99.99030216911066,0.0005442742123784933,0.0010080457156817775,4,10,26,25,1,1,1,1,1,1,1,1
0.07,191,20261010,0.000192676543238028,1.6,0.00026687165085275755,1.6,-7.15171153857066,32.04119982655924,-5.736975578427726,32.04119982655924,27.80179437480439,99.98795771604762,99.98795771604762,0.0004556984244397084,0.0004828938990917448,5,22,26,25,1,1,1,1,1,1,1,1
0.07,192,20261011,0.0001691174574463885,1.6,0.00027539399949077175,1.6,-7.718115592780391,32.04119982655924,-5.600455267386337,32.04119982655924,38.59072537560663,99.98943015890961,99.98943015890961,0.000706220273972522,0.001929300885940733,9,22,26,25,1,1,1,1,1,1,1,1
0.07,193,20261012,0.00011036235381576352,1.6,0.00017764331576175437,1.6,-9.57179045431923,32.04119982655924,-7.504511291957609,32.04119982655924,37.87418719217358,99.99310235288651,99.99310235288651,9.43545653062292e-05,9.439837860078176e-05,3,14,26,25,1,1,1,1,1,1,1,1
0.07,194,20261013,0.00010286889561781487,1.6,0.00015555396267047654,1.6,-9.877159226487558,32.04119982655924,-8.081189209487142,32.04119982655924,33.869318497702956,99.99357069402389,99.99357069402389,0.0010796436982783788,0.0010873857068357056,6,13,26,25,1,1,1,1,1,1,1,1
0.07,195,20261014,0.00016207793085736656,1.6,0.00021109078259044507,1.6,-7.902761163011935,32.04119982655924,-6.755307300154328,32.04119982655924,23.21884979135847,99.98987012932142,99.98987012932142,0.00016270718868744693,0.0001338118074111424,9,13,26,25,1,1,1,1,1,1,1,1
0.07,196,20261015,0.00023385328193352005,1.6,0.00029265307885894594,1.6,-6.310565307560498,32.04119982655924,-5.336469025273606,32.04119982655924,20.091979607624914,99.98538416987915,99.98538416987915,0.00036013663122723535,0.000515080304364461,7,12,26,25,1,1,1,1,1,1,1,1
0.07,197,20261016,8.626772868388944e-05,1.6,0.00011127336845000022,1.6,-10.641516362154977,32.04119982655924,-9.536087648581253,32.04119982655924,22.472259188726603,99.99460826695726,99.99460826695726,8.011230061537964e-05,9.071036052709002e-05,7,15,26,25,1,1,1,1,1,1,1,1
0.07,198,20261017,0.00019479178129088449,1.6,0.0002671292203059352,1.6,-7.104293709446491,32.04119982655924,-5.732786034667096,32.04119982655924,27.079568057812907,99.98782551366932,99.98782551366932,0.0002301037840684681,0.00018197160286719777,11,20,26,25,1,1,1,1,1,1,1,1
0.07,199,20261018,0.00021760152499226696,1.6,0.0003909799357746437,1.6,-6.62338065346074,32.04119982655924,-4.078455290643329,32.04119982655924,44.34458009689532,99.98639990468799,99.98639990468799,0.0004667848219692846,0.0013044391324217117,6,20,26,25,1,1,1,1,1,1,1,1
0.07,200,20261019,0.00013159547823719223,1.6,0.00018978192727970629,1.6,-8.807590332932962,32.04119982655924,-7.217451473165493,32.04119982655924,30.659636497819484,99.99177528261018,99.99177528261018,0.0022101830119973967,0.004747085797641533,8,25,26,25,1,1,1,1,1,1,1,1
0.07,201,20261020,0.00017053228045789658,1.6,0.00022383326713340277,1.6,-7.681934002621697,32.04119982655924,-6.500753661599118,32.04119982655924,23.812808238079835,99.98934173247137,99.98934173247137,0.0005594878232606181,0.0005751412154834411,10,22,26,25,1,1,1,1,1,1,1,1
0.07,202,20261021,0.00016381462588193832,1.6,0.00020716036318843995,1.6,-7.856473256754183,32.04119982655924,-6.836933362591006,32.04119982655924,20.923760047221442,99.98976158588238,99.98976158588238,0.00037968680416164657,0.0003557609788016927,8,18,26,25,1,1,1,1,1,1,1,1
0.07,203,20261022,0.00013935364964602073,1.6,0.00019626676222675953,1.6,-8.558816527104774,32.04119982655924,-7.071532419370393,32.04119982655924,28.997835361946535,99.99129039689713,99.99129039689713,0.00033026082833962847,0.0008404887415554532,6,21,26,25,1,1,1,1,1,1,1,1
0.07,204,20261023,0.0001257045016329623,1.6,0.00022603303168286938,1.6,-9.006491694154857,32.04119982655924,-6.4582808992628085,32.04119982655924,44.386667427737194,99.99214346864794,99.99214346864794,0.0006913864713418241,0.000693205710574474,7,25,26,25,1,1,1,1,1,1,1,1
0.07,205,20261024,0.0001688694709238573,1.6,0.00027685150754601834,1.6,-7.72448857283422,32.04119982655924,-5.577531072716635,32.04119982655924,39.00359350732892,99.98944565806725,99.98944565806725,0.0003002019391738134,0.00032701365028575257,7,14,26,25,1,1,1,1,1,1,1,1
0.07,206,20261025,0.00010852425056913917,1.6,0.00018082836371278625,1.6,-9.644732045660763,32.04119982655924,-7.427334475452961,32.04119982655924,39.98494022679391,99.99321723433944,99.99321723433944,0.0004079567099601974,0.0006311746268976121,5,25,26,25,1,1,1,1,1,1,1,1
0.07,207,20261026,0.0002957091859166898,1.6,0.0003938369857839497,1.6,-5.291351843309481,32.04119982655924,-4.046835010785044,32.04119982655924,24.915841683058847,99.98151817588021,99.98151817588021,0.0009734903871068644,0.000978372592049469,8,13,26,25,1,1,1,1,1,1,1,1
0.07,208,20261027,0.00017445470636316083,1.6,0.00023619735842865983,1.6,-7.583173098502644,32.04119982655924,-6.267249637346618,32.04119982655924,26.14028051636637,99.98909658085232,99.98909658085232,0.00029521521359546405,0.0006165498979489852,10,24,26,25,1,1,1,1,1,1,1,1
0.07,209,20261028,0.00022076811142340618,1.6,0.00025496115238408614,1.6,-6.560636575415955,32.04119982655924,-5.93525986587514,32.04119982655924,13.411078762763774,99.98620199303603,99.98620199303603,0.0003620353736595349,0.0027161868740442187,9,25,26,25,1,1,1,1,1,1,1,1
0.07,210,20261029,0.00015445752407719477,1.6,0.00022892807847613625,1.6,-8.111909310943723,32.04119982655924,-6.403009369917454,32.04119982655924,32.530109410193816,99.99034640474517,99.99034640474517,0.0006852608155029113,0.0006910093252643346,4,14,26,25,1,1,1,1,1,1,1,1
0.07,211,20261030,0.00018217324326573302,1.6,0.00035425523315138854,1.6,-7.395154097744987,32.04119982655924,-4.506837255209135,32.04119982655924,48.57570863663642,99.98861417229591,99.98861417229591,0.00034047897980933313,0.00014394746864741315,5,25,26,25,1,1,1,1,1,1,1,1
0.07,212,20261031,0.00017634615949478432,1.6,0.0002737217750171018,1.6,-7.536339940536779,32.04119982655924,-5.626906523757372,32.04119982655924,35.574669028882916,99.98897836503157,99.98897836503157,0.00013291909097586793,0.00021518593991325672,6,19,26,25,1,1,1,1,1,1,1,1
0.07,213,20261032,0.00010299513361510684,1.6,0.00016616575384322937,1.6,-9.871832946543798,32.04119982655924,-7.794584778409187,32.04119982655924,38.016630242427354,99.99356280414905,99.99356280414905,0.00016094978589866507,0.0006624471173618056,3,12,26,25,1,1,1,1,1,1,1,1
0.07,214,20261033,0.0001399788352381996,1.6,0.00021498850955006257,1.6,-8.539376245654758,32.04119982655924,-6.675847511186096,32.04119982655924,34.89008527425327,99.99125132279761,99.99125132279761,0.00017889030903063525,0.001108231223382662,7,25,26,25,1,1,1,1,1,1,1,1
0.07,215,20261034,0.0001153320739604591,1.6,0.00024372914654094158,1.6,-9.380498981957537,32.04119982655924,-6.13092532263786,32.04119982655924,52.68022901762976,99.99279174537747,99.99279174537747,0.0004299533410628319,0.00156161560572332,5,25,26,25,1,1,1,1,1,1,1,1
0.07,216,20261035,0.0001847178920726363,1.6,0.0001716367476335223,1.6,-7.334910360590792,32.04119982655924,-7.653897235625595,32.04119982655924,-7.621412441958384,99.98845513174545,99.98845513174545,0.00015495891650353107,0.00023904598823850732,7,11,26,25,1,1,1,1,0,1,1,1
0.07,217,20261036,0.0002272407733226328,1.6,0.00027583848673729005,1.6,-6.435137414455593,32.04119982655924,-5.59345138408482,32.04119982655924,17.61817721286369,99.98579745166734,99.98579745166734,0.0005555233881990364,0.0036312765664638317,6,17,26,25,1,1,1,1,1,1,1,1
0.07,218,20261037,0.00010079047916610397,1.6,0.00012982121533010728,1.6,-9.965804901217451,32.04119982655924,-8.866543295086334,32.04119982655924,22.362089347403213,99.99370059505212,99.99370059505212,0.00016747435173552222,0.0002387915299689019,5,15,26,25,1,1,1,1,1,1,1,1
0.07,219,20261038,0.00012378892430226358,1.6,0.00017808304823938704,1.6,-9.073182109668709,32.04119982655924,-7.493774191469722,32.04119982655924,30.488092198499945,99.99226319223112,99.99226319223112,0.0002010776572067496,0.0003221498755210278,4,25,26,25,1,1,1,1,1,1,1,1
0.07,220,20261039,0.0001625800443726463,1.6,0.00029583940405711497,1.6,-7.889327622518277,32.04119982655924,-5.2894398103268205,32.04119982655924,45.044493011059984,99.9898387472267,99.9898387472267,0.00037438626220683073,0.0008318030086287255,6,25,26,25,1,1,1,1,1,1,1,1
0.07,221,20261040,0.0002151446095356616,1.6,0.0003383663165387945,1.6,-6.6726953072595,32.04119982655924,-4.706128763346242,32.04119982655924,36.416658804454386,99.98655346190401,99.98655346190401,0.0008828503867502979,0.000921176880665081,4,14,26,25,1,1,1,1,1,1,1,1
0.07,222,20261041,0.00029506027991336195,1.6,0.0004780064858858353,1.6,-5.300892499222036,32.04119982655924,-3.2056621057340724,32.04119982655924,38.272745532613406,99.9815587325054,99.9815587325054,0.0005167985043955064,0.001000183417646434,5,13,26,25,1,1,1,1,1,1,1,1
0.07,223,20261042,0.0001538458446926374,1.6,0.00020276510314238422,1.6,-8.129142293575631,32.04119982655924,-6.930067870940868,32.04119982655924,24.12607381231429,99.99038463470671,99.99038463470671,0.00015787937555661913,0.0014812118441292245,7,13,26,25,1,1,1,1,1,1,1,1
0.07,224,20261043,8.422218281227032e-05,1.6,0.0001326914444572909,1.6,-10.745735070259492,32.04119982655924,-8.771570782265352,32.04119982655924,36.52779713361344,99.99473611357423,99.99473611357423,0.00029475085944159226,0.0005776622018006007,8,14,26,25,1,1,1,1,1,1,1,1
0.07,225,20261044,0.00016857568518589404,1.6,0.00039887555257894433,1.6,-7.732050664319949,32.04119982655924,-3.991625811517516,32.04119982655924,57.737273168044055,99.98946401967588,99.98946401967588,0.00034133031300891234,0.00034172399560116753,8,16,26,25,1,1,1,1,1,1,1,1
0.07,226,20261045,0.0001959875260535491,1.6,0.0003610357994407583,1.6,-7.07771569146106,32.04119982655924,-4.424497323638026,32.04119982655924,45.71520986086912,99.98775077962166,99.98775077962166,0.0008041080651742024,0.003490725530352298,8,25,26,25,1,1,1,1,1,1,1,1
0.07,227,20261046,0.0002917884057636798,1.6,0.0003954545585005217,1.6,-5.349319688267129,32.04119982655924,-4.02903413876289,32.04119982655924,26.214428562897744,99.98176322463978,99.98176322463978,0.0005321654645727969,0.0022862985953384456,8,25,26,25,1,1,1,1,1,1,1,1
0.07,228,20261047,0.00011450755546116415,1.6,0.00017016972532685144,1.6,-9.411658566705047,32.04119982655924,-7.691177021421667,32.04119982655924,32.70979591626821,99.99284327778369,99.99284327778369,0.0008599604742503856,0.005826929010336263,4,25,26,25,1,1,1,1,1,1,1,1
0.07,229,20261048,0.00013860022954049412,1.6,0.00019294900197594706,1.6,-8.582360504739421,32.04119982655924,-7.145574634644943,32.04119982655924,28.16742863600198,99.99133748565372,99.99133748565372,0.00026079773754300026,0.0024014777764332414,4,11,26,25,1,1,1,1,1,1,1,1
0.07,230,20261049,9.564070152372579e-05,1.6,0.00012930506692209533,1.6,-10.193572469982781,32.04119982655924,-8.88384456610783,32.04119982655924,26.034838540899482,99.99402245615475,99.99402245615475,0.00011976846281994044,0.0002777795579905478,6,16,26,25,1,1,1,1,1,1,1,1
0.07,231,20261050,0.00010067949568875292,1.6,0.00021037848534621496,1.6,-9.970589685322993,32.04119982655924,-6.76998675987765,32.04119982655924,52.14363506654826,99.99370753151945,99.99370753151945,0.0002896149239163708,0.0016570427863623496,8,12,26,25,1,1,1,1,1,1,1,1
0.07,232,20261051,0.00011279320235994281,1.6,0.00020299283874210201,1.6,-9.4771707292824,32.04119982655924,-6.9251928302101105,32.04119982655924,44.43488595021614,99.99295042485251,99.99295042485251,0.00022743987836958203,0.00023482087619881604,3,18,26,25,1,1,1,1,1,1,1,1
0.07,233,20261052,0.00012410679986238406,1.6,0.0003151726565946898,1.6,-9.062044226768732,32.04119982655924,-5.014514675947628,32.04119982655924,60.622599306898415,99.9922433250086,99.9922433250086,0.0002542008613558897,0.0005316752518080695,4,12,26,25,1,1,1,1,1,1,1,1
0.07,234,20261053,0.00014402951470749448,1.6,0.00022545656763094953,1.6,-8.415485026189016,32.04119982655924,-6.469371090185945,32.04119982655924,36.116514049279424,99.99099815533079,99.99099815533079,0.0003859821911016745,0.0003589531457441127,9,16,26,25,1,1,1,1,1,1,1,1
0.07,235,20261054,0.00018600000309386156,1.6,0.0002929637753672165,1.6,-7.304870485581752,32.04119982655924,-5.331860763377621,32.04119982655924,36.510920894325864,99.98837499980664,99.98837499980664,0.00041290981495557355,0.0009915616709299045,5,15,26,25,1,1,1,1,1,1,1,1
0.07,236,20261055,0.00014746639780797034,1.6,0.0002626746152114761,1.6,-8.3130692822199,32.04119982655924,-5.80581895262136,32.04119982655924,43.85966923783368,99.990783350137,99.990783350137,0.0005677226640061114,0.0060173320784471206,6,25,26,25,1,1,1,1,1,1,1,1
0.07,237,20261056,0.00021034340079641,1.6,0.00024244489855764758,1.6,-6.77071108760661,32.04119982655924,-6.153869497277615,32.04119982655924,13.240739628763368,99.98685353745022,99.98685353745022,0.0003167898298571706,0.00046922476749983074,10,24,26,25,1,1,1,1,1,1,1,1
0.07,238,20261057,0.00022256150225740523,1.6,0.00024270600997798117,1.6,-6.525499559182599,32.04119982655924,-6.1491946937075515,32.04119982655924,8.299962461746823,99.98608990610892,99.98608990610892,0.00033009877413014055,0.00025797097488221814,6,25,26,25,1,1,1,1,1,1,1,1
0.07,239,20261058,0.00012117388138192048,1.6,0.00015257764474526573,1.6,-9.165909807812021,32.04119982655924,-8.165090933469871,32.04119982655924,20.58215239576876,99.99242663241363,99.99242663241363,0.000295622478717299,0.002510782847561207,8,16,26,25,1,1,1,1,1,1,1,1
0.07,240,20261059,0.0003207697039959854,1.6,0.00037508348240615,1.6,-4.938066566244423,32.04119982655924,-4.258720605035326,32.04119982655924,14.480450608420078,99.97995189350024,99.97995189350024,0.0001767119128086984,0.0007180250258409428,12,23,26,25,1,1,1,1,1,1,1,1
0.07,241,20261060,0.0002074128051142656,1.6,0.0002566836325194717,1.6,-6.831644349344629,32.04119982655924,-5.906018233157111,32.04119982655924,19.1951574479407,99.98703669968037,99.98703669968037,0.0006644347407041497,0.0008713660881734659,11,21,26,25,1,1,1,1,1,1,1,1
0.07,242,20261061,0.00012749507938943043,1.6,0.00019836028423486413,1.6,-8.94506576290854,32.04119982655924,-7.0254527807025715,32.04119982655924,35.725500756757995,99.99203155753816,99.99203155753816,0.0005683974869008239,0.0005690951119342358,5,14,26,25,1,1,1,1,1,1,1,1
0.07,243,20261062,0.0003896885071955967,1.6,0.0005778820063072795,1.6,-4.0928240235494915,32.04119982655924,-2.3816082808616676,32.04119982655924,32.56607699455067,99.97564446830027,99.97564446830027,0.0007287990479233872,0.00046746782587784317,11,14,26,25,1,1,1,1,1,1,1,1
0.07,244,20261063,0.00012121323999278089,1.6,0.0001602299387536978,1.6,-9.164499400562217,32.04119982655924,-7.952563333159195,32.04119982655924,24.350442285878042,99.99242417250045,99.99242417250045,9.574153574755818e-05,0.0005667593391152331,10,15,26,25,1,1,1,1,1,1,1,1
0.07,245,20261064,0.00013152471987438514,1.6,0.00024308500360077182,1.6,-8.809926145042938,32.04119982655924,-6.1424183282398035,32.04119982655924,45.89352780873581,99.99177970500786,99.99177970500786,0.0001388568526310983,0.00013891708245839708,5,25,26,25,1,1,1,1,1,1,1,1
0.07,246,20261065,0.00016922504707738675,1.6,0.000274361050303656,1.6,-7.715353564125834,32.04119982655924,-5.61677543252649,32.04119982655924,38.320309355102445,99.98942343455768,99.98942343455768,0.0010276277209266965,0.004695846209987761,5,25,26,25,1,1,1,1,1,1,1,1
0.07,247,20261066,0.000279383281402136,1.6,0.0004154809258480825,1.6,-5.5379958609599615,32.04119982655924,-3.8144890927835555,32.04119982655924,32.75665282783875,99.98253854491236,99.98253854491236,0.0003480282141403374,0.0008531662339348585,6,23,26,25,1,1,1,1,1,1,1,1
0.07,248,20261067,0.00029480118157920656,1.6,0.0005638919201998186,1.6,-5.304707801335392,32.04119982655924,-2.4880412821315994,32.04119982655924,47.72026854459239,99.98157492615131,99.98157492615131,0.00033467262927579456,0.0007093427803938068,6,25,26,25,1,1,1,1,1,1,1,1
0.07,249,20261068,0.00018153440559679583,1.6,0.0002839773358500082,1.6,-7.410410524748265,32.04119982655924,-5.467163194883431,32.04119982655924,36.074333166968266,99.9886540996502,99.9886540996502,0.00043852959864514485,0.0005719586528402487,11,20,26,25,1,1,1,1,1,1,1,1
0.07,250,20261069,0.00019066323343784147,1.6,0.0004578045690613959,1.6,-7.197330460966985,32.04119982655924,-3.393198772179426,32.04119982655924,58.35270193376517,99.98808354791014,99.98808354791014,0.00020443154696380328,0.0009299551327975912,12,25,26,25,1,1,1,1,1,1,1,1
0.07,251,20261070,9.954327552925792e-05,1.6,0.00010535743629119484,1.6,-10.019880726448694,32.04119982655924,-9.773348057962124,32.04119982655924,5.518510099151714,99.99377854527943,99.99377854527943,0.0003336237215087152,0.001368190751229537,5,11,26,25,1,1,1,1,1,1,1,1
0.07,252,20261071,0.0001104181850268319,1.6,0.0002601253331485372,1.6,-9.569593957514853,32.04119982655924,-5.8481735056896165,32.04119982655924,57.55192941404876,99.99309886343582,99.99309886343582,0.00022218074747512237,0.0009302666883467682,7,25,26,25,1,1,1,1,1,1,1,1
0.07,253,20261072,0.0002462182928697945,1.6,0.0003897548038279338,1.6,-6.08679684153349,32.04119982655924,-4.092085233152422,32.04119982655924,36.82738725691417,99.98461135669565,99.98461135669565,0.0003729969819953257,0.0004124202165539658,6,25,26,25,1,1,1,1,1,1,1,1
0.07,254,20261073,0.0002129521933453036,1.6,0.00028221326512479724,1.6,-6.717178824610626,32.04119982655924,-5.494225765664158,32.04119982655924,24.542103557345456,99.98669048791592,99.98669048791592,0.00043406977258802517,0.002901126516158584,7,14,26,25,1,1,1,1,1,1,1,1
0.07,255,20261074,0.00018502568394195744,1.6,0.000241973507052545,1.6,-7.327679817589148,32.04119982655924,-6.1623218100605825,32.04119982655924,23.53473477500214,99.98843589475364,99.98843589475364,0.0006973361479521371,0.0023749650845086307,7,25,26,25,1,1,1,1,1,1,1,1
0.07,256,20261075,0.00018704047296826443,1.6,0.00027276122494258246,1.6,-7.280644079826647,32.04119982655924,-5.64217367851214,32.04119982655924,31.427029993857325,99.98830997043949,99.98830997043949,0.00026568627760553275,0.0006839511331492796,9,25,26,25,1,1,1,1,1,1,1,1
0.07,257,20261076,8.838842260183968e-05,1.6,0.00015916025146546714,1.6,-10.536046165413751,32.04119982655924,-7.981653833609189,32.04119982655924,44.46576843903942,99.99447572358737,99.99447572358737,0.0003510060925268495,0.0019113368008560941,8,17,26,25,1,1,1,1,1,1,1,1
0.07,258,20261077,0.00017159749622998148,1.6,0.00025397179617368023,1.6,-7.654890532089675,32.04119982655924,-5.952145095463337,32.04119982655924,32.43442822578873,99.98927515648563,99.98927515648563,0.00010529902491432699,0.00010534871784542015,9,25,26,25,1,1,1,1,1,1,1,1
0.07,259,20261078,0.00017235437699202183,1.6,0.00019048677390026084,1.6,-7.635776830750345,32.04119982655924,-7.201351733822833,32.04119982655924,9.51897947399391,99.989227851438,99.989227851438,0.0002075589883510723,0.0006827963176773029,6,14,26,25,1,1,1,1,1,1,1,1
0.07,260,20261079,0.00020282506583938796,1.6,0.0002759387849783259,1.6,-6.928783743730197,32.04119982655924,-5.591872523361877,32.04119982655924,26.496354669634716,99.98732343338504,99.98732343338504,0.0002793677535112465,0.0041217226482828375,9,25,26,25,1,1,1,1,1,1,1,1
0.07,261,20261080,0.0001260363761310557,1.6,0.00018799016499263776,1.6,-8.995040923983172,32.04119982655924,-7.258648709552277,32.04119982655924,32.95586706039029,99.99212272649181,99.99212272649181,7.362952130028081e-05,0.0003063514588619779,8,25,26,25,1,1,1,1,1,1,1,1
0.07,262,20261081,0.00011339132499729783,1.6,0.00018262605748585356,1.6,-9.45420169869187,32.04119982655924,-7.3843725629273935,32.04119982655924,37.91065384736717,99.99291304218767,99.99291304218767,0.00016337778556374812,0.0001641076756806256,4,10,26,25,1,1,1,1,1,1,1,1
0.07,263,20261082,8.457716255104274e-05,1.6,0.0001500121175940781,1.6,-10.727468889348668,32.04119982655924,-8.238736583330756,32.04119982655924,43.61977958347178,99.99471392734056,99.99471392734056,0.0007237086335755055,0.0008521171636372469,7,25,26,25,1,1,1,1,1,1,1,1
0.07,264,20261083,0.00015575721226072315,1.6,0.00020516441088356228,1.6,-8.07551834411878,32.04119982655924,-6.87897972494766,32.04119982655924,24.081758824574784,99.9902651742337,99.9902651742337,0.00014330443145257332,0.0025805195314849644,4,14,26,25,1,1,1,1,1,1,1,1
0.07,265,20261084,0.00015854479726137288,1.6,0.00025452689608603354,1.6,-7.998480050260434,32.04119982655924,-5.942663186138003,32.04119982655924,37.71000247935189,99.99009095017117,99.99009095017117,0.0010129073711461006,0.003752392908450852,8,21,26,25,1,1,1,1,1,1,1,1
0.07,266,20261085,0.0001465155387876407,1.6,0.0001730433748000563,1.6,-8.341163135224178,32.04119982655924,-7.618450236039291,32.04119982655924,15.33016565532619,99.99084277882577,99.99084277882577,0.002268609430704039,0.008637254501677159,7,18,26,25,1,1,1,1,1,1,1,1
0.07,267,20261086,0.00025578654695867646,1.6,0.0003828511970731253,1.6,-5.921223008865034,32.04119982655924,-4.169699906454248,32.04119982655924,33.18904344190395,99.9840133408151,99.9840133408151,0.0005849220425738134,0.0009621104995127423,6,14,21,25,1,1,1,1,1,1,1,1
0.07,268,20261087,0.00018390895355509463,1.6,0.0002899779402786041,1.6,-7.35397126743898,32.04119982655924,-5.376350392723356,32.04119982655924,36.57829510120695,99.9885056904028,99.9885056904028,0.0006312566687539972,0.0010598669072852073,5,15,26,25,1,1,1,1,1,1,1,1
0.07,269,20261088,0.00013982332641377824,1.6,0.00021144062689177874,1.6,-8.544203701660715,32.04119982655924,-6.748115622522604,32.04119982655924,33.87111622340027,99.99126104209914,99.99126104209914,0.00040480700569779453,0.0004060462858967781,5,18,26,25,1,1,1,1,1,1,1,1
0.07,270,20261089,9.649928946581772e-05,1.6,0.00014501082310929014,1.6,-10.154758843993228,32.04119982655924,-8.385995823082947,32.04119982655924,33.453733040954326,99.99396879440839,99.99396879440839,0.00011391772005616408,0.0008633592661921888,4,25,26,25,1,1,1,1,1,1,1,1
0.07,271,20261090,0.0001036581838412379,1.6,0.00014789926534569892,1.6,-9.843964045514586,32.04119982655924,-8.300339832519343,32.04119982655924,29.91298259734567,99.99352136350993,99.99352136350993,0.00024515070616489964,3.568356644881088e-05,4,16,26,25,1,1,1,1,1,1,1,1
0.07,272,20261091,0.00014175088433037033,1.6,0.0002008759347996447,1.6,-8.484742230269287,32.04119982655924,-6.970720891837566,32.04119982655924,29.43361559374754,99.99114056972935,99.99114056972935,0.0004059394946471898,0.00034091055555947043,7,13,26,25,1,1,1,1,1,1,1,1
0.07,273,20261092,0.00023548065183354348,1.6,0.0005654536904098632,1.6,-6.280447706884772,32.04119982655924,-2.4760295718061345,32.04119982655924,58.3554487613552,99.9852824592604,99.9852824592604,0.0003958813559310156,0.0009203877286676842,5,13,26,25,1,1,1,1,1,1,1,1
0.07,274,20261093,0.00013495018564888955,1.6,0.0001771437462761279,1.6,-8.698265136548315,32.04119982655924,-7.516741750028858,32.04119982655924,23.81882596152615,99.99156561339696,99.99156561339696,0.0005341838887480343,0.0022504241319492597,5,13,26,25,1,1,1,1,1,1,1,1
0.07,275,20261094,0.00024669923133452827,1.6,0.00047035474606551506,1.6,-6.078322036829144,32.04119982655924,-3.2757446941375723,32.04119982655924,47.55038970093312,99.98458129804159,99.98458129804159,0.00020569146402461044,0.0007385817328129673,5,18,26,25,1,1,1,1,1,1,1,1
0.07,276,20261095,0.00013097872741229264,1.6,0.00026970183444742285,1.6,-8.827992334865725,32.04119982655924,-5.691160995697873,32.04119982655924,51.43572987530926,99.99181382953674,99.99181382953674,0.0005250333976436862,0.004193064822413597,5,16,26,25,1,1,1,1,1,1,1,1
0.07,277,20261096,0.00025263258416733574,1.6,0.0004652497239979185,1.6,-5.975106355248019,32.04119982655924,-3.3231387583548995,32.04119982655924,45.69957355450984,99.98421046348953,99.98421046348953,0.0005096143832732454,0.0038312536382550167,6,25,26,25,1,1,1,1,1,1,1,1
0.07,278,20261097,0.000299541104112106,1.6,0.0004111801005061529,1.6,-5.2354357372807225,32.04119982655924,-3.8596791164286888,32.04119982655924,27.150875311480778,99.981278680993,99.981278680993,0.0005618076291864075,0.0004219753530090685,11,17,26,25,1,1,1,1,1,1,1,1
0.07,279,20261098,0.0002992612636888915,1.6,0.0006108253906979141,1.6,-5.239494945025992,32.04119982655924,-2.1408291855273593,32.04119982655924,51.0070687554486,99.98129617101945,99.98129617101945,0.00022402967100223,0.0025481219882999015,7,25,26,25,1,1,1,1,1,1,1,1
0.07,280,20261099,0.00011045323792700126,1.6,0.00016824018654115384,1.6,-9.568215483012132,32.04119982655924,-7.740702587849495,32.04119982655924,34.347886674517625,99.99309667262956,99.99309667262956,8.341025379767954e-05,5.880460864877503e-05,8,11,26,25,1,1,1,1,1,1,1,1
0.07,281,20261100,0.0001572551711871512,1.6,0.0002860056470050851,1.6,-8.033950642857556,32.04119982655924,-5.4362539190964085,32.04119982655924,45.01676004168014,99.9901715518008,99.9901715518008,0.00042415909202692337,0.0013444039974301737,5,19,26,25,1,1,1,1,1,1,1,1
0.07,282,20261101,0.0001719176379847044,1.6,0.00028390583898953506,1.6,-7.64679564345696,32.04119982655924,-5.468256754034915,32.04119982655924,39.44554342503629,99.98925514762597,99.98925514762597,0.00418723938546112,0.006845005989021179,11,25,26,25,1,1,1,1,1,1,1,1
0.07,283,20261102,0.00014453847869229337,1.6,0.0002844757703803264,1.6,-8.400165206642235,32.04119982655924,-5.459547178040182,32.04119982655924,49.1912866607042,99.99096634508173,99.99096634508173,0.00017639296493414971,0.00019754002672871216,8,25,26,25,1,1,1,1,1,1,1,1
0.07,284,20261103,0.00015908949188879945,1.6,0.00019746284712260026,1.6,-7.983585052397998,32.04119982655924,-7.045146053918685,32.04119982655924,19.433202646964595,99.99005690675695,99.99005690675695,0.00016547305702299352,0.00014384197998765227,6,15,26,25,1,1,1,1,1,1,1,1
0.07,285,20261104,0.00022618831457135572,1.6,0.00040636462739965056,1.6,-6.4552983552138485,32.04119982655924,-3.9108410287406876,32.04119982655924,44.3385818252078,99.98586323033929,99.98586323033929,0.0005853234391281469,0.0005872147688290161,7,25,26,25,1,1,1,1,1,1,1,1
0.07,286,20261105,0.00015787003244395928,1.6,0.0002408028211004272,1.6,-8.017003017802004,32.04119982655924,-6.18338429452537,32.04119982655924,34.44012336627928,99.99013312297225,99.99013312297225,0.00014425003845964374,0.0022675245784358625,4,13,26,25,1,1,1,1,1,1,1,1
0.07,287,20261106,0.00019345055314651537,1.6,0.00028539707287995094,1.6,-7.134300241327809,32.04119982655924,-5.445504854561449,32.04119982655924,32.21705072361125,99.98790934042835,99.98790934042835,0.0003886043384063434,0.0003909844398156557,7,12,26,25,1,1,1,1,1,1,1,1
0.07,288,20261107,0.0002569279787172574,1.6,0.00048323129666940875,1.6,-5.901885997395432,32.04119982655924,-3.1584494621914327,32.04119982655924,46.8312626917812,99.98394200133016,99.98394200133016,0.0010489363403960207,0.00047882983266733857,5,23,26,25,1,1,1,1,1,1,1,1
0.07,289,20261108,0.00012441471381688596,1.6,0.0002008485772669301,1.6,-9.05128255082464,32.04119982655924,-6.971312402943207,32.04119982655924,38.055466705379075,99.99222408038645,99.99222408038645,0.00021226455800143492,0.0001870952968746292,7,13,26,25,1,1,1,1,1,1,1,1
0.07,290,20261109,0.00012124608987461244,1.6,0.0002035365992303075,1.6,-9.163322582783689,32.04119982655924,-6.913574861213089,32.04119982655924,40.43032538957821,99.99242211938284,99.99242211938284,0.00010671397861293515,0.0008447155500997513,7,13,26,25,1,1,1,1,1,1,1,1
0.07,291,20261110,0.00013464477061630417,1.6,0.0001814932411500701,1.6,-8.708105092155979,32.04119982655924,-7.411395435528499,32.04119982655924,25.81279073363875,99.99158470183647,99.99158470183647,0.000293078469562784,0.00022690116860937868,4,15,26,25,1,1,1,1,1,1,1,1
0.07,292,20261111,0.00026990373876480865,1.6,0.00030825339397553175,1.6,-5.687910994609736,32.04119982655924,-5.110921329747917,32.04119982655924,12.44095148998333,99.9831310163272,99.9831310163272,0.0004642281060431944,0.0010815357091446462,7,23,26,25,1,1,1,1,1,1,1,1
0.07,293,20261112,0.00022136299647292779,1.6,0.0005065440851189705,1.6,-6.548949750143315,32.04119982655924,-2.9538275150659747,32.04119982655924,56.299362093836926,99.98616481272045,99.98616481272045,0.00042600740633610127,0.0044098900877834624,4,16,26,25,1,1,1,1,1,1,1,1
0.07,294,20261113,0.0002115623384277053,1.6,0.0003436972911465616,1.6,-6.7456164130971725,32.04119982655924,-4.638238907453369,32.04119982655924,38.44515395453334,99.98677735384827,99.98677735384827,0.0006925731109503642,0.0014725437652617838,8,25,26,25,1,1,1,1,1,1,1,1
0.07,295,20261114,0.0001697106239073418,1.6,0.00024282575615281325,1.6,-7.7029096993974155,32.04119982655924,-6.147052502088353,32.04119982655924,30.11012233787061,99.98939308600579,99.98939308600579,0.0018070923400426032,0.004881657262950596,9,14,26,25,1,1,1,1,1,1,1,1
0.07,296,20261115,0.00011598419166481972,1.6,0.00019625654041966866,1.6,-9.35601199916085,32.04119982655924,-7.0717586110072075,32.04119982655924,40.90174451419409,99.99275098802094,99.99275098802094,0.00011558896226992382,0.00013861567563195847,11,25,26,25,1,1,1,1,1,1,1,1
0.07,297,20261116,0.00012996912083393462,1.6,0.0002496606100840782,1.6,-8.861598188040091,32.04119982655924,-6.026499725567867,32.04119982655924,47.94167939020701,99.99187692994789,99.99187692994789,0.00024318667482863004,0.0018781203524034418,6,16,26,25,1,1,1,1,1,1,1,1
0.07,298,20261117,0.0001255419809655516,1.6,0.0002531430600534912,1.6,-9.012110227649622,32.04119982655924,-5.966339743477996,32.04119982655924,50.40670641374741,99.99215362618965,99.99215362618965,0.00012716382929758998,8.120995036947813e-05,5,17,26,25,1,1,1,1,1,1,1,1
0.07,299,20261118,8.484768741263496e-05,1.6,0.00013409379583008866,1.6,-10.713599902068653,32.04119982655924,-8.72591315355624,32.04119982655924,36.72512073552891,99.99469701953672,99.99469701953672,9.309997976165146e-05,0.0005775280370677294,10,16,26,25,1,1,1,1,1,1,1,1
0.07,300,20261119,0.0001336061835742395,1.6,0.00020856246764264832,1.6,-8.74173441336337,32.04119982655924,-6.807638433795935,32.04119982655924,35.939488497441054,99.99164961352662,99.99164961352662,0.00015138107208498926,7.756249998196085e-05,5,19,26,25,1,1,1,1,1,1,1,1
0.07,301,20261120,0.00018923436334723434,1.6,0.00030350055559264004,1.6,-7.229999965971063,32.04119982655924,-5.178405095620452,32.04119982655924,37.64941781483075,99.9881728522908,99.9881728522908,0.0002585405165967329,0.0011193174048461456,12,25,26,25,1,1,1,1,1,1,1,1
0.07,302,20261121,0.00019763926440730795,1.6,0.00020094810928161745,1.6,-7.041267711782978,32.04119982655924,-6.9691607572436425,32.04119982655924,1.6466165748652757,99.98764754597454,99.98764754597454,8.712369871101148e-05,0.0003021315848139606,6,14,26,25,1,1,1,1,1,1,1,1
0.07,303,20261122,0.0002899849279405233,1.6,0.0004501370300525207,1.6,-5.37624574109204,32.04119982655924,-3.466552588100795,32.04119982655924,35.57852196548045,99.98187594200371,99.98187594200371,0.000221180486172223,0.0005063240696008636,9,19,26,25,1,1,1,1,1,1,1,1
0.07,304,20261123,0.0001577025355364396,1.6,0.00024132593397430184,1.6,-8.021613240418514,32.04119982655924,-6.173960043376875,32.04119982655924,34.65164189389073,99.99014359152898,99.99014359152898,0.0001641859228312072,0.0004063803662071242,7,21,26,25,1,1,1,1,1,1,1,1
0.07,305,20261124,0.0001401556114791638,1.6,0.00031742966127474404,1.6,-8.533895094937835,32.04119982655924,-4.983524943231954,32.04119982655924,55.846718634823716,99.99124027428256,99.99124027428256,0.00020662755308693337,0.0002018895235681437,5,25,26,25,1,1,1,1,1,1,1,1
0.07,306,20261125,0.00020176518077674396,1.6,0.00040909207011288013,1.6,-6.951537791360564,32.04119982655924,-3.881789388335661,32.04119982655924,50.67976245027892,99.98738967620146,99.98738967620146,0.0002785534552943783,0.0004860920599250666,7,25,26,25,1,1,1,1,1,1,1,1
0.07,307,20261126,0.00023783748488567444,1.6,0.0002548504936344029,1.6,-6.237196964117986,32.04119982655924,-5.937145208647978,32.04119982655924,6.67568208564453,99.98513515719463,99.98513515719463,0.0012109541312909362,0.0007227763524313742,6,13,26,25,1,1,1,1,1,1,1,1
0.07,308,20261127,8.485222859060771e-05,1.6,0.00015609128264856015,1.6,-10.713367467241126,32.04119982655924,-8.06621350642529,32.04119982655924,45.63935464502993,99.99469673571309,99.99469673571309,0.0009537511214820322,0.001804130701109087,5,25,26,25,1,1,1,1,1,1,1,1
0.07,309,20261128,8.542541799776454e-05,1.6,0.00014620306784455644,1.6,-10.684128874641898,32.04119982655924,-8.35043514286616,32.04119982655924,41.57070760745656,99.99466091137514,99.99466091137514,0.00010194544498045274,0.00010444811833174031,4,16,26,25,1,1,1,1,1,1,1,1
0.07,310,20261129,0.00011205582480655298,1.6,0.00021760869586170484,1.6,-9.505655633538648,32.04119982655924,-6.623237537840822,32.04119982655924,48.505814823794104,99.9929965109496,99.9929965109496,0.0002365175078462377,0.00015513416196443538,7,25,26,25,1,1,1,1,1,1,1,1
0.07,311,20261130,0.00016262351995228758,1.6,0.00023847491195716811,1.6,-7.888166429559802,32.04119982655924,-6.225573028782197,32.04119982655924,31.806864454783405,99.98983603000298,99.98983603000298,0.0001759680032315776,0.000263121931694827,6,20,26,25,1,1,1,1,1,1,1,1
0.07,312,20261131,0.00015410016439693585,1.6,0.00021438807379920398,1.6,-8.121968979678623,32.04119982655924,-6.687993776884929,32.04119982655924,28.120924981458543,99.99036873972518,99.99036873972518,0.00020771170882668026,0.0017978256095224354,9,25,26,25,1,1,1,1,1,1,1,1
0.07,313,20261132,0.00018547625423159133,1.6,0.00028135223482936636,1.6,-7.317116834414092,32.04119982655924,-5.507496308202531,32.04119982655924,34.076850555646594,99.98840773411054,99.98840773411054,0.002081439881575111,0.004701137543619017,6,15,26,25,1,1,1,1,1,1,1,1
0.07,314,20261133,0.00013685307880814928,1.6,0.00023552668803885463,1.6,-8.637454277434493,32.04119982655924,-6.279598748989404,32.04119982655924,41.89487401717603,99.99144668257448,99.99144668257448,0.00044452779734184306,0.00028579148354001654,3,15,26,25,1,1,1,1,1,1,1,1
0.07,315,20261134,0.0001242910726581298,1.6,0.00016763508338668275,1.6,-9.055600639130395,32.04119982655924,-7.756350851881443,32.04119982655924,25.85616915796296,99.99223180795887,99.99223180795887,0.000146201253491844,0.00021708320620723824,4,12,26,25,1,1,1,1,1,1,1,1
0.07,316,20261135,9.241921779381789e-05,1.6,0.00011557531841662753,1.6,-10.34237711528915,32.04119982655924,-9.37134901382039,32.04119982655924,20.035506663573447,99.99422379888789,99.99422379888789,8.26953981116557e-05,0.0005503264532091028,6,21,26,25,1,1,1,1,1,1,1,1
0.07,317,20261136,0.00025550112204655525,1.6,0.00032833541512553255,1.6,-5.92607188298124,32.04119982655924,-4.836822705936293,32.04119982655924,22.182892774795718,99.98403117987209,99.98403117987209,0.000357635807365324,0.0007408763677548472,19,21,26,25,1,1,1,1,1,1,1,1
0.07,318,20261137,0.00010022761182185724,1.6,0.0001527157142459788,1.6,-9.990126176911511,32.04119982655924,-8.161162723137025,32.04119982655924,34.369811046150176,99.99373577426114,99.99373577426114,0.0002778814820900955,0.00014779462184126327,5,11,26,25,1,1,1,1,1,1,1,1
0.07,319,20261138,0.0003352620309445305,1.6,0.0004598642071235897,1.6,-4.746156284530347,32.04119982655924,-3.3737039180375876,32.04119982655924,27.095428226178964,99.97904612306598,99.97904612306598,0.0012781540157959527,0.0019334828234206982,15,25,26,25,1,1,1,1,1,1,1,1
0.07,320,20261139,0.00026130610052676627,1.6,0.00041021495804471854,1.6,-5.8285045099145,32.04119982655924,-3.8698850760041337,32.04119982655924,36.300201783894806,99.98366836871708,99.98366836871708,0.0003454758519996115,0.001578976698858036,4,25,26,25,1,1,1,1,1,1,1,1
0.07,321,20261140,0.00015262787230981164,1.6,0.00025679279871382933,1.6,-8.163661499655625,32.04119982655924,-5.904171594298912,32.04119982655924,40.56380355124343,99.99046075798064,99.99046075798064,0.0005611760442662258,0.0009364861645154561,7,14,26,25,1,1,1,1,1,1,1,1
0.07,322,20261141,0.0003314603084385645,1.6,0.0006627471473833519,1.6,-4.795684698479325,32.04119982655924,-1.7865213289450748,32.04119982655924,49.98691284493174,99.97928373072259,99.97928373072259,0.0009650687558277449,0.0007001967556518804,10,20,26,25,1,1,1,1,1,1,1,1
0.07,323,20261142,0.0001334109739362699,1.6,0.0001880484820492124,1.6,-8.748084453523997,32.04119982655924,-7.257301679066264,32.04119982655924,29.055011514872984,99.99166181412897,99.99166181412897,0.00013312562909087488,0.0004390127190354699,5,25,26,25,1,1,1,1,1,1,1,1
0.07,324,20261143,0.00014631936031403008,1.6,0.0003383638815899585,1.6,-8.34698206196854,32.04119982655924,-4.706160016121606,32.04119982655924,56.75680287550752,99.99085503998039,99.99085503998039,0.00031674005479089495,0.0005880983090925395,4,25,26,25,1,1,1,1,1,1,1,1
0.07,325,20261144,7.922596621504677e-05,1.6,0.00013409378850215789,1.6,-11.011324555860133,32.04119982655924,-8.725913390888621,32.04119982655924,40.91749729796631,99.99504837711157,99.99504837711157,0.0002741610363468669,0.0008748835719507909,4,17,26,25,1,1,1,1,1,1,1,1
0.07,326,20261145,0.00021464611842258638,1.6,0.00025120976934738583,1.6,-6.682769607270251,32.04119982655924,-5.999634752407278,32.04119982655924,14.555027465606779,99.9865846175986,99.9865846175986,0.00022507029640812202,0.0016972732491198433,17,17,26,25,1,1,1,1,1,1,1,1
0.07,327,20261146,0.00026236005161090473,1.6,0.00029545635842296236,1.6,-5.811022923365182,32.04119982655924,-5.295066592693814,32.04119982655924,11.201758184766632,99.98360249677432,99.98360249677432,0.00048770610678387295,0.00077331986499899,8,25,26,25,1,1,1,1,1,1,1,1
0.07,328,20261147,0.00014077239892718767,1.6,0.00028833883222915307,1.6,-8.51482488437357,32.04119982655924,-5.400968647669677,32.04119982655924,51.17813378140102,99.99120172506704,99.99120172506704,0.00020503170058140257,0.003937080818944145,7,25,26,25,1,1,1,1,1,1,1,1
0.07,329,20261148,0.0002405626277551856,1.6,0.0004697547617062241,1.6,-6.187718409212407,32.04119982655924,-3.2812880894482603,32.04119982655924,48.789741506520585,99.98496483576528,99.98496483576528,0.0014134008123888877,0.007617195787879907,7,18,26,25,1,1,1,1,1,1,1,1
0.07,330,20261149,0.00026369691025079423,1.6,0.0003625601717496734,1.6,-5.78894958825799,32.04119982655924,-4.4061990608545845,32.04119982655924,27.268097602054997,99.98351894310933,99.98351894310933,0.0008911194036435688,0.002089061071592106,12,25,26,25,1,1,1,1,1,1,1,1
0.07,331,20261150,0.0001733663200841543,1.6,0.00030399612371568137,1.6,-7.610352691568459,32.04119982655924,-5.1713195408737365,32.04119982655924,42.970878060833854,99.98916460499474,99.98916460499474,9.359269985472031e-05,0.0004959770418286146,6,25,26,25,1,1,1,1,1,1,1,1
0.07,332,20261151,0.0002907337162290646,1.6,0.00032055369845590575,1.6,-5.365046004169014,32.04119982655924,-4.940992079871583,32.04119982655924,9.302648002653783,99.98182914273568,99.98182914273568,0.000304677901794373,0.0011942039108172474,6,18,26,25,1,1,1,1,1,1,1,1
0.07,333,20261152,0.00014742669659452532,1.6,0.00021594959247592198,1.6,-8.31423865636636,32.04119982655924,-6.656476111840925,32.04119982655924,31.730967905872227,99.99078583146283,99.99078583146283,0.0001684651950231745,0.0006614136434875214,4,25,26,25,1,1,1,1,1,1,1,1
0.07,334,20261153,0.00014371236145190115,1.6,0.0003582519604451603,1.6,-8.425058743191109,32.04119982655924,-4.458114243550824,32.04119982655924,59.88511513703216,99.99101797740927,99.99101797740927,0.0001205840691725145,0.0001282381686625139,9,25,26,25,1,1,1,1,1,1,1,1
0.07,335,20261154,0.00020442163486575948,1.6,0.0002522653284773827,1.6,-6.894731427565368,32.04119982655924,-5.981424351172708,32.04119982655924,18.96562397234575,99.9872236478209,99.9872236478209,0.00010349819624404492,0.0002068138931161114,6,12,26,25,1,1,1,1,1,1,1,1
0.07,336,20261155,0.0002557239094870277,1.6,0.0003542512158314713,1.6,-5.922286647275181,32.04119982655924,-4.506886505286523,32.04119982655924,27.812835056384447,99.98401725565706,99.98401725565706,0.0002244082559443381,0.0006272729509736106,9,17,26,25,1,1,1,1,1,1,1,1
0.07,337,20261156,0.0002696186007349105,1.6,0.0003809983036215222,1.6,-5.692501495333389,32.04119982655924,-4.1907695799748375,32.04119982655924,29.233647978982756,99.98314883745408,99.98314883745408,0.000621791591745786,0.0006224773385724744,8,25,26,25,1,1,1,1,1,1,1,1
0.07,338,20261157,0.00016320650849049176,1.6,0.00034093199448029775,1.6,-7.872625260653408,32.04119982655924,-4.67332240853125,32.04119982655924,52.129306978279686,99.98979959321936,99.98979959321936,0.00044156833753183607,0.005051612661022107,6,25,26,25,1,1,1,1,1,1,1,1
0.07,339,20261158,0.0001878200694818393,1.6,0.00023814493549137341,1.6,-7.262580031267554,32.04119982655924,-6.231586499766091,32.04119982655924,21.13203285457107,99.98826124565738,99.98826124565738,0.00016044895913661084,0.0005925132666162531,6,17,26,25,1,1,1,1,1,1,1,1
0.07,340,20261159,8.638155985048156e-05,1.6,0.00014779531147868387,1.6,-10.63578957867355,32.04119982655924,-8.303393428778154,32.04119982655924,41.55324753793685,99.99460115250935,99.99460115250935,0.0008981067895740834,0.0028918288382126355,5,11,26,25,1,1,1,1,1,1,1,1
0.07,341,20261160,8.663274797598281e-05,1.6,0.00012023731253648283,1.6,-10.623179096356502,32.04119982655924,-9.199607393707442,32.04119982655924,27.948532657284407,99.9945854532515,99.9945854532515,0.00011149797856994148,0.0002611167857304475,10,25,26,25,1,1,1,1,1,1,1,1
0.07,342,20261161,0.00011860492809989586,1.6,0.0001858632801169137,1.6,-9.258972654226312,32.04119982655924,-7.308064026853197,32.04119982655924,36.1870036807218,99.99258719199376,99.99258719199376,0.00030768093649945026,0.0003060362237354304,6,16,26,25,1,1,1,1,1,1,1,1
0.07,343,20261162,0.00015338400159049792,1.6,0.00020330516807372684,1.6,-8.14219936236471,32.04119982655924,-6.918515813355279,32.04119982655924,24.55479462535131,99.9904134999006,99.9904134999006,0.00015134374194525536,0.00026597736845327595,10,23,26,25,1,1,1,1,1,1,1,1
0.07,344,20261163,5.876148590629344e-05,1.6,0.00013616221769083232,1.6,-12.309072307043703,32.04119982655924,-8.659433837940961,32.04119982655924,56.84449996274568,99.99632740713086,99.99632740713086,0.0002931701419051461,0.0002244917525596423,4,14,26,25,1,1,1,1,1,1,1,1
0.07,345,20261164,0.00015715163037187852,1.6,0.0002297481447307678,1.6,-8.036811090286005,32.04119982655924,-6.387479869557497,32.04119982655924,31.598302760599918,99.99017802310178,99.99017802310178,0.00023997442266055857,0.00024966149461702256,6,22,26,25,1,1,1,1,1,1,1,1
0.07,346,20261165,0.0001394052048030623,1.6,0.00021091511286411895,1.6,-8.557210112089448,32.04119982655924,-6.758923003063192,32.04119982655924,33.90459179998474,99.9912871746998,99.9912871746998,0.00047515692451781117,0.009160271418807216,6,23,26,25,1,1,1,1,1,1,1,1
0.07,347,20261166,0.00013329174167165682,1.6,0.00022115625326805027,1.6,-8.751967572442979,32.04119982655924,-6.553007762970307,32.04119982655924,39.729607595539306,99.99166926614552,99.99166926614552,0.00016718741262895158,0.00017621860691446672,11,15,26,25,1,1,1,1,1,1,1,1
0.07,348,20261167,0.00013943012695965116,1.6,0.0001765591719657675,1.6,-8.55643377179971,32.04119982655924,-7.531097166131734,32.04119982655924,21.029236030465277,99.99128561706502,99.99128561706502,0.00010640856213257072,0.00020367685415722834,4,12,26,25,1,1,1,1,1,1,1,1
0.07,349,20261168,0.00021787313983238324,1.6,0.00030617604670385635,1.6,-6.617963078061274,32.04119982655924,-5.140287887888104,32.04119982655924,28.84056666813084,99.98638292876048,99.98638292876048,0.00029349848309144933,0.0021795241457319816,6,22,26,25,1,1,1,1,1,1,1,1
0.07,350,20261169,0.0001984114299295928,1.6,0.0002613228422155166,1.6,-7.02433312966275,32.04119982655924,-5.828226269562698,32.04119982655924,24.074210946335825,99.9875992856294,99.9875992856294,9.79691156976483e-05,0.0001722272057689899,6,21,24,25,1,1,1,1,1,1,1,1
0.07,351,20261170,0.0002468471296955849,1.6,0.0005636760608899434,1.6,-6.075719183314917,32.04119982655924,-2.4897040911127637,32.04119982655924,56.20762582930034,99.98457205439402,99.98457205439402,0.00018834987877631602,0.0008352106287351453,7,15,26,25,1,1,1,1,1,1,1,1
0.07,352,20261171,0.00014612684201028984,1.6,0.00031921100022503556,1.6,-8.352700012715927,32.04119982655924,-4.959221509844768,32.04119982655924,54.222491735161334,99.99086707237436,99.99086707237436,0.00010655254782268075,0.00026344476788777306,8,25,26,25,1,1,1,1,1,1,1,1
0.07,353,20261172,9.730605981217214e-05,1.6,0.00012549256204936142,1.6,-10.11860112855604,32.04119982655924,-9.013820140765365,32.04119982655924,22.460695500106507,99.99391837126173,99.99391837126173,0.00033989771161165185,0.0025512854701834286,8,10,26,25,1,1,1,1,1,1,1,1
0.07,354,20261173,0.00019036257792848338,1.6,0.00029365189294174504,1.6,-7.204184225298559,32.04119982655924,-5.321671952586038,32.04119982655924,35.174067491454004,99.98810233887947,99.98810233887947,0.00023908310680071895,0.0002112253534719379,5,16,26,25,1,1,1,1,1,1,1,1
0.07,355,20261174,0.00014818527074029407,1.6,0.0003915771935705717,1.6,-8.29194962038994,32.04119982655924,-4.071826105228436,32.04119982655924,62.156817819476124,99.99073842057872,99.99073842057872,0.0018358314855986975,0.0008553687481947711,10,25,26,25,1,1,1,1,1,1,1,1
0.07,356,20261175,0.00019180517377777602,1.6,0.00031680257004456524,1.6,-7.171396822913522,32.04119982655924,-4.992113038765923,32.04119982655924,39.45592873479706,99.9880121766389,99.9880121766389,0.00040294228140419193,0.0004092507735808432,8,24,26,25,1,1,1,1,1,1,1,1
0.07,357,20261176,0.00024695013121489026,1.6,0.0004886206720249764,1.6,-6.0739073874362495,32.04119982655924,-3.1102816332151773,32.04119982655924,49.459745493070926,99.98456561679909,99.98456561679909,0.00032073765220518203,0.00017302319740488425,8,24,26,25,1,1,1,1,1,1,1,1
0.07,358,20261177,0.00015691845170397157,1.6,0.00018234980713813953,1.6,-8.043259856542708,32.04119982655924,-7.39094691680532,32.04119982655924,13.946466866785538,99.9901925967685,99.9901925967685,0.00019617644851845352,0.003132745378814126,11,18,26,25,1,1,1,1,1,1,1,1
0.07,359,20261178,0.0001416729693050045,1.6,0.0002415281848114699,1.6,-8.487130036799481,32.04119982655924,-6.170321825361869,32.04119982655924,41.343090283400905,99.99114543941845,99.99114543941845,0.00026326757199671396,0.0020243163543611775,4,14,26,25,1,1,1,1,1,1,1,1
0.07,360,20261179,0.00013002347529496202,1.6,0.00016421691913494628,1.6,-8.859782302265927,32.04119982655924,-7.845820999059242,32.04119982655924,20.822119925344346,99.99187353279406,99.99187353279406,0.00020618627021347805,0.0004953009973450205,7,25,26,25,1,1,1,1,1,1,1,1
0.07,361,20261180,0.00023795164065150255,1.6,0.0003258695078944688,1.6,-6.2351129644018535,32.04119982655924,-4.869562752289872,32.04119982655924,26.979470344134807,99.98512802245929,99.98512802245929,0.0006015479038090472,0.0012486480030402263,8,21,26,25,1,1,1,1,1,1,1,1
0.07,362,20261181,0.0001658754706120667,1.6,0.0002941456199835554,1.6,-7.802178319711629,32.04119982655924,-5.314376141510379,32.04119982655924,43.607703347294375,99.98963278308675,99.98963278308675,0.0008522510239876837,0.0028992139272928244,10,25,26,25,1,1,1,1,1,1,1,1
0.07,363,20261182,0.0001334977949215288,1.6,0.0001774800913142123,1.6,-8.745259077924493,32.04119982655924,-7.508503565091884,32.04119982655924,24.78153806829909,99.99165638781741,99.99165638781741,8.902434181321881e-05,0.0003162088168064028,4,25,26,25,1,1,1,1,1,1,1,1
0.07,364,20261183,0.00016321315949336128,1.6,0.0003109913084454156,1.6,-7.872448280273298,32.04119982655924,-5.07251748423137,32.04119982655924,47.51841769815633,99.98979917753168,99.98979917753168,0.0002978017266325915,0.0015202866343401915,5,14,26,25,1,1,1,1,1,1,1,1
0.07,365,20261184,0.00012843977656155822,1.6,0.00023945019317303518,1.6,-8.913004586191345,32.04119982655924,-6.2078480826034035,32.04119982655924,46.36054585734116,99.99197251396491,99.99197251396491,0.00012796374655429872,0.00020015570128737603,5,18,26,25,1,1,1,1,1,1,1,1
0.07,366,20261185,0.0002599277708898245,1.6,0.0003677234897113632,1.6,-5.851473176521401,32.04119982655924,-4.344786270628981,32.04119982655924,29.31434130197956,99.98375451431937,99.98375451431937,0.0007775846244953233,0.005719410188530927,11,25,26,25,1,1,1,1,1,1,1,1
0.07,367,20261186,8.079284837879627e-05,1.6,0.00010782277506419934,1.6,-10.926270804022186,32.04119982655924,-9.672894948078895,32.04119982655924,25.068847160823893,99.99495044697633,99.99495044697633,0.0001561137525452462,0.00011661856014912214,8,18,26,25,1,1,1,1,1,1,1,1
0.07,368,20261187,0.00013614426619325796,1.6,0.0001532571688901069,1.6,-8.66000644541167,32.04119982655924,-8.1457920139946,32.04119982655924,11.166135209713913,99.99149098336292,99.99149098336292,0.0002149567366758248,0.0002886118363290807,13,16,26,25,1,1,1,1,1,1,1,1
0.07,369,20261188,0.00043722121366909745,1.6,0.0006902650128388485,1.6,-3.5929877454501864,32.04119982655924,-1.609841389485092,32.04119982655924,36.65893453429712,99.97267367414568,99.97267367414568,0.0002370900443869187,0.0006918005228966261,7,23,26,25,1,1,1,1,1,1,1,1
0.07,370,20261189,0.00011817501562544518,1.6,0.00014761398766847318,1.6,-9.274743316013618,32.04119982655924,-8.308724875034526,32.04119982655924,19.94321304370227,99.99261406152343,99.99261406152343,0.0009163125737425945,0.0013502957399728066,3,17,26,25,1,1,1,1,1,1,1,1
0.07,371,20261190,0.00010970130430710484,1.6,0.0002095091897058259,1.6,-9.597882087971133,32.04119982655924,-6.787969228122456,32.04119982655924,47.63890573910499,99.9931436684808,99.9931436684808,0.0005245698777728903,0.00047700846764483335,4,25,26,25,1,1,1,1,1,1,1,1
0.07,372,20261191,0.0001669238932148425,1.6,0.0003076553039380429,1.6,-7.774814946648263,32.04119982655924,-5.119355933301585,32.04119982655924,45.74320966413164,99.98956725667406,99.98956725667406,0.0005405847282628583,0.000534438008955749,4,16,26,25,1,1,1,1,1,1,1,1
0.07,373,20261192,0.00014888406900234893,1.6,0.00023425496802054625,1.6,-8.271517704447348,32.04119982655924,-6.30311189934185,32.04119982655924,36.443581000471895,99.99069474568736,99.99069474568736,0.00025383585391066494,0.00023827820909625086,11,22,26,25,1,1,1,1,1,1,1,1
0.07,374,20261193,0.00012672503736662258,1.6,0.00015333540785315933,1.6,-8.971375720468323,32.04119982655924,-8.143575473005772,32.04119982655924,17.354354652397056,99.99207968516458,99.99207968516458,0.00013789876613178414,0.00014053167179718347,10,25,26,25,1,1,1,1,1,1,1,1
0.07,375,20261194,0.00016994701203626022,1.6,0.00023615497977166292,1.6,-7.696864666653392,32.04119982655924,-6.268028920752041,32.04119982655924,28.035812668197323,99.98937831174774,99.98937831174774,0.000691709071300774,0.0017679712972498804,4,18,26,25,1,1,1,1,1,1,1,1
0.07,376,20261195,7.773167108398522e-05,1.6,0.00011363152621148744,1.6,-11.094019956837771,32.04119982655924,-9.445011601726701,32.04119982655924,31.59321741458135,99.99514177055725,99.99514177055725,0.00017180508511939973,0.0001264627466055195,5,11,26,25,1,1,1,1,1,1,1,1
0.07,377,20261196,0.0001421622469849618,1.6,0.0002276217381039522,1.6,-8.47215720786198,32.04119982655924,-6.427862647383939,32.04119982655924,37.54452093673147,99.99111485956344,99.99111485956344,0.0002903599147580609,0.00041000836116984794,5,10,26,25,1,1,1,1,1,1,1,1
0.07,378,20261197,9.917252438870907e-05,1.6,0.00014754755499501592,1.6,-10.036086318696134,32.04119982655924,-8.310679827819188,32.04119982655924,32.78606047246322,99.99380171722571,99.99380171722571,0.0001812801070144364,0.0007726786520674696,3,12,26,25,1,1,1,1,1,1,1,1
0.07,379,20261198,0.0001300062868545501,1.6,0.00016863063660287395,1.6,-8.860356455376138,32.04119982655924,-7.730635204654082,32.04119982655924,22.90470493762317,99.99187460707158,99.99187460707158,0.00020744878918396348,0.0038810731146351643,7,25,26,25,1,1,1,1,1,1,1,1
0.07,380,20261199,0.0006131439397108259,1.6,0.0008174520614401436,1.6,-2.1243755992860045,32.04119982655924,-0.8753770663400146,32.04119982655924,24.99328478900384,99.96167850376808,99.96167850376808,0.0007062373420587266,0.0013664633403588677,5,14,26,25,1,1,1,1,1,1,1,1
0.07,381,20261200,0.00021925000803439443,1.6,0.00032575838790818354,1.6,-6.590603820472442,32.04119982655924,-4.871043928821799,32.04119982655924,32.695514168558866,99.98629687449785,99.98629687449785,0.00025029085315044495,0.00013865130657146803,7,25,26,25,1,1,1,1,1,1,1,1
0.07,382,20261201,0.00017539759869156598,1.6,0.00023953121340503076,1.6,-7.559763567062441,32.04119982655924,-6.206378854799127,32.04119982655924,26.774637760891416,99.98903765008177,99.98903765008177,0.0002366701387940372,0.00044783262771234446,6,17,26,25,1,1,1,1,1,1,1,1
0.07,383,20261202,0.00016590866007738575,1.6,0.00025948216999374326,1.6,-7.801309441404309,32.04119982655924,-5.858924788150041,32.04119982655924,36.06163379881315,99.98963070874517,99.98963070874517,0.0002649957817868966,0.0005325327129682938,4,21,26,25,1,1,1,1,1,1,1,1
0.07,384,20261203,0.00018158508304754703,1.6,0.0004516486449700749,1.6,-7.409198310144019,32.04119982655924,-3.4519928839381353,32.04119982655924,59.79505638512911,99.98865093230954,99.98865093230954,0.0006249844701780573,0.00043295402340466687,9,25,26,25,1,1,1,1,1,1,1,1
0.07,385,20261204,8.93775423336522e-05,1.6,0.00015512583760732445,1.6,-10.48771591559838,32.04119982655924,-8.093158604988098,32.04119982655924,42.38384545590867,99.99441390360414,99.99441390360414,0.0003897076093766368,0.0003069855904345878,7,20,26,25,1,1,1,1,1,1,1,1
0.07,386,20261205,0.00010687360555337581,1.6,0.00014605761545461652,1.6,-9.711295387379229,32.04119982655924,-8.354757939544307,32.04119982655924,26.82777599735365,99.99332039965292,99.99332039965292,0.0002471161618033874,0.00021350253450158472,5,13,26,25,1,1,1,1,1,1,1,1
0.07,387,20261206,0.00017746096318855498,1.6,0.00025727449736233685,1.6,-7.508971656304483,32.04119982655924,-5.896032616082954,32.04119982655924,31.022715034741726,99.98890868980071,99.98890868980071,0.00023912878309861839,0.00011341442702648525,5,14,26,25,1,1,1,1,1,1,1,1
0.07,388,20261207,7.18713624340857e-05,1.6,0.0001326552372208744,1.6,-11.434441223340542,32.04119982655924,-8.772755994228719,32.04119982655924,45.820938592557766,99.99550803984786,99.99550803984786,6.091863852144507e-05,0.0001588021644665567,9,13,26,25,1,1,1,1,1,1,1,1
0.07,389,20261208,0.0001798175072817276,1.6,0.00022101648207381954,1.6,-7.4516802703159595,32.04119982655924,-6.555753380488234,32.04119982655924,18.64067982872494,99.98876140579488,99.98876140579488,0.00024369678666194222,0.0008792107459717395,7,21,26,25,1,1,1,1,1,1,1,1
0.07,390,20261209,0.0001480517452717253,1.6,0.0002135810623982494,1.6,-8.29586468670412,32.04119982655924,-6.704372575449366,32.04119982655924,30.681239427649366,99.99074676592052,99.99074676592052,0.0010261218796133243,0.0013964007733394904,5,18,26,25,1,1,1,1,1,1,1,1
0.07,391,20261210,0.0001664020318242974,1.6,0.00021326614725090633,1.6,-7.788413751324747,32.04119982655924,-6.710780767068347,32.04119982655924,21.974474632147583,99.98959987301099,99.98959987301099,0.00026860094180820914,0.002018352192284498,9,22,26,25,1,1,1,1,1,1,1,1
0.07,392,20261211,0.0001590508018955036,1.6,0.0002622011916637956,1.6,-7.984641369438271,32.04119982655924,-5.813653388403103,32.04119982655924,39.340168179157395,99.99005932488153,99.99005932488153,0.0002925216136071086,0.00048663191675917027,6,21,26,25,1,1,1,1,1,1,1,1
0.07,393,20261212,0.0002686430731081508,1.6,0.0003490709959939816,1.6,-5.708243531213091,32.04119982655924,-4.5708623483823985,32.04119982655924,23.040563039851488,99.98320980793075,99.98320980793075,0.00018327970936958294,0.0006875174620160398,3,13,26,25,1,1,1,1,1,1,1,1
0.07,394,20261213,0.0002151731669881541,1.6,0.00041320932492534146,1.6,-6.6721188800362,32.04119982655924,-3.838298862861926,32.04119982655924,47.926352575167186,99.98655167706325,99.98655167706325,0.0004224453026719367,0.0012136985088618212,6,25,26,25,1,1,1,1,1,1,1,1
0.07,395,20261214,0.00012410057357913065,1.6,0.00017428628225641828,1.6,-9.062262112355512,32.04119982655924,-7.5873679404198,32.04119982655924,28.794984910775717,99.99224371415131,99.99224371415131,0.0001414941441339404,0.00034080803357420636,4,18,26,25,1,1,1,1,1,1,1,1
0.07,396,20261215,0.00014732408488180184,1.6,0.00018629469252614818,1.6,-8.317262478877808,32.04119982655924,-7.297995178329083,32.04119982655924,20.91879651315158,99.9907922446949,99.9907922446949,0.00015754008868544393,0.00018152409345638658,5,20,26,25,1,1,1,1,1,1,1,1
0.07,397,20261216,0.00021233806049937538,1.6,0.00029699014051159933,1.6,-6.729721538162991,32.04119982655924,-5.27257968165891,32.04119982655924,28.5033300655709,99.98672887121879,99.98672887121879,0.000251272312330827,0.0015685081795631835,14,11,26,25,1,1,1,1,1,1,1,1
0.07,398,20261217,9.878196027950218e-05,1.6,0.00014720687750574503,1.6,-10.053223597281907,32.04119982655924,-8.320718992850681,32.04119982655924,32.89582528122911,99.99382612748252,99.99382612748252,0.00017980124294773674,0.0007279186892611774,7,13,26,25,1,1,1,1,1,1,1,1
0.07,399,20261218,9.784523559841382e-05,1.6,0.00020139532968768567,1.6,-10.094603166967772,32.04119982655924,-6.959506048568025,32.04119982655924,51.41633336277084,99.9938846727751,99.9938846727751,0.0001849276453229007,0.0008046901403169805,5,20,26,25,1,1,1,1,1,1,1,1
0.07,400,20261219,0.00022578759204530964,1.6,0.00023997075993162676,1.6,-6.4629992801918545,32.04119982655924,-6.198416731799698,32.04119982655924,5.910373368137949,99.98588827549717,99.98588827549717,0.00016944870233406395,0.002769908255597347,7,12,26,25,1,1,1,1,1,1,1,1
0.07,401,20261220,0.0002254043944584721,1.6,0.00021217328407216202,1.6,-6.470376212514854,32.04119982655924,-6.733093014454287,32.04119982655924,-6.23599264354605,99.98591222534635,99.98591222534635,0.001332084682893131,0.0018942369663474267,4,10,26,25,1,1,1,1,0,1,1,1
0.07,402,20261221,0.00011801993833856723,1.6,0.0002465252316754902,1.6,-9.280446166011629,32.04119982655924,-6.081386243922482,32.04119982655924,52.126629174444496,99.99262375385385,99.99262375385385,0.000501849784710012,0.0005213437903780599,11,12,26,25,1,1,1,1,1,1,1,1
0.07,403,20261222,0.00013982455093239393,1.6,0.0002762974594325169,1.6,-8.544165667996177,32.04119982655924,-5.586231084222924,32.04119982655924,49.393472086360326,99.99126096556674,99.99126096556674,0.00015796129713620364,0.00018137850979124825,7,18,26,25,1,1,1,1,1,1,1,1
0.07,404,20261223,0.00018140328811391802,1.6,0.00037310865011572523,1.6,-7.413548451877849,32.04119982655924,-4.2816468220018,32.04119982655924,51.38057290881542,99.98866229449287,99.98866229449287,0.0003001743967497334,0.00029846561164481946,9,25,26,25,1,1,1,1,1,1,1,1
0.07,405,20261224,0.0001425268715669406,1.6,0.00022208310797399274,1.6,-8.461032474235804,32.04119982655924,-6.5348447338612665,32.04119982655924,35.82273191906547,99.99109207052707,99.99109207052707,0.00021576232349789407,0.00037796222023693483,5,23,26,25,1,1,1,1,1,1,1,1
0.07,406,20261225,0.00026755090675964336,1.6,0.00034037266158503255,1.6,-5.725935728151526,32.04119982655924,-4.6804532931471945,32.04119982655924,21.39471321999717,99.98327806832752,99.98327806832752,0.00022776279633638651,0.0008048722667162295,9,20,26,25,1,1,1,1,1,1,1,1
0.07,407,20261226,0.000266854964478843,1.6,0.0002753192124507009,1.6,-5.737247133186596,32.04119982655924,-5.601634814138295,32.04119982655924,3.0743397442245453,99.98332156472007,99.98332156472007,0.00011528426219874449,0.00020158784328773568,7,18,26,25,1,1,1,1,1,1,1,1
0.07,408,20261227,0.0002405184078627545,1.6,0.00045568775083545585,1.6,-6.1885167967565184,32.04119982655924,-3.4133264536108374,32.04119982655924,47.21859268286471,99.98496759950858,99.98496759950858,0.00030706856069684943,0.00396819566121352,8,17,26,25,1,1,1,1,1,1,1,1
0.07,409,20261228,0.0002044137516415184,1.6,0.000244703643973095,1.6,-6.894898910170882,32.04119982655924,-6.1135956335918715,32.04119982655924,16.46477006938501,99.98722414052241,99.98722414052241,0.00016322189424224263,0.0002660963190740255,7,21,26,25,1,1,1,1,1,1,1,1
0.07,410,20261229,0.0005164106187102091,1.6,0.0006593970574746792,1.6,-2.870048361193376,32.04119982655924,-1.808529952052422,32.04119982655924,21.684421721878984,99.96772433633062,99.96772433633062,0.0004230547923743608,0.0015045299982768675,6,16,26,25,1,1,1,1,1,1,1,1
0.07,411,20261230,0.00014861685296343417,1.6,0.00022936322978226023,1.6,-8.2793193933711,32.04119982655924,-6.394762044933062,32.04119982655924,35.204586583246346,99.99071144668979,99.99071144668979,0.0004850038808952812,0.0004885666619713014,8,20,26,25,1,1,1,1,1,1,1,1
0.07,412,20261231,0.00012001971891107025,1.6,0.00016274341016856063,1.6,-9.207473946963518,32.04119982655924,-7.8849658792335156,32.04119982655924,26.252178944289998,99.99249876756807,99.99249876756807,0.00018543447040221937,0.0005193840970035866,4,21,26,25,1,1,1,1,1,1,1,1
0.07,413,20261232,0.00011842631904243064,1.6,0.00020718406073122838,1.6,-9.265517693641284,32.04119982655924,-6.836436591717078,32.04119982655924,42.84004347416456,99.99259835505985,99.99259835505985,0.00016198259207897972,0.00020966774274034993,6,25,26,25,1,1,1,1,1,1,1,1
0.07,414,20261233,0.0001304637302674411,1.6,0.00025642101881637397,1.6,-8.845102081268443,32.04119982655924,-5.910463786000544,32.04119982655924,49.121280747711374,99.99184601685829,99.99184601685829,0.0007167925680130361,0.0006310350711732512,7,19,26,25,1,1,1,1,1,1,1,1
0.07,415,20261234,0.00028717377293550775,1.6,0.00032972129039923157,1.6,-5.418552259530522,32.04119982655924,-4.818530091675041,32.04119982655924,12.90408557245625,99.98205163919154,99.98205163919154,0.0005301037039751586,0.00029942444407166655,10,20,26,25,1,1,1,1,1,1,1,1
0.07,416,20261235,8.71588730479607e-05,1.6,0.00015931927249287415,1.6,-10.596883937563941,32.04119982655924,-7.977316853976059,32.04119982655924,45.29295063667891,99.99455257043451,99.99455257043451,0.00012691782232394824,0.00016427104636277477,5,25,26,25,1,1,1,1,1,1,1,1
0.07,417,20261236,0.0002715469762014981,1.6,0.0003600236290104801,1.6,-5.661550289100772,32.04119982655924,-4.436689947546524,32.04119982655924,24.575234978925916,99.9830283139874,99.9830283139874,0.000261211785406682,0.000538069615789615,7,21,26,25,1,1,1,1,1,1,1,1
0.07,418,20261237,0.00022969011547197183,1.6,0.00048591686474752584,1.6,-6.388576939140119,32.04119982655924,-3.134380275892148,32.04119982655924,52.73057345080729,99.985644367783,99.985644367783,0.0010603826338487364,0.0017018719162868743,5,19,26,25,1,1,1,1,1,1,1,1
0.07,419,20261238,0.000379500607173734,1.6,0.0005678931689884698,1.6,-4.207875249279441,32.04119982655924,-2.4573335527930875,32.04119982655924,33.17394399201883,99.97628121205163,99.97628121205163,0.00030684109506981,0.0004605248343643241,7,25,26,25,1,1,1,1,1,1,1,1
0.07,420,20261239,0.00023562978175240706,1.6,0.0003763467196430987,1.6,-6.27769819006684,32.04119982655924,-4.244118650611144,32.04119982655924,37.39023898604401,99.98527313864047,99.98527313864047,0.007409258502056826,0.007737261266066762,9,25,26,25,1,1,1,1,1,1,1,1
0.07,421,20261240,0.00012447020246909808,1.6,0.0002144372207604806,1.6,-9.049346040069159,32.04119982655924,-6.686998301363827,32.04119982655924,41.954945122084354,99.99222061234566,99.99222061234566,0.00027075765434793716,0.003997583489470846,5,15,26,25,1,1,1,1,1,1,1,1
0.07,422,20261241,0.00024506333680199624,1.6,0.00040275936443291243,1.6,-6.107216573957835,32.04119982655924,-3.9495435314521785,32.04119982655924,39.15390716065736,99.98468354144987,99.98468354144987,0.00010794608041112428,0.00017952802940713404,10,12,26,25,1,1,1,1,1,1,1,1
0.07,423,20261242,0.000187558291363607,1.6,0.00026847846702592493,1.6,-7.268637322924175,32.04119982655924,-5.710905406043825,32.04119982655924,30.140285200043277,99.98827760678978,99.98827760678978,0.0005914846971711463,0.0006847364742852394,6,13,26,25,1,1,1,1,1,1,1,1
0.07,424,20261243,0.00018546056373388672,1.6,0.00030176052398203656,1.6,-7.3174842445090444,32.04119982655924,-5.203375748258862,32.04119982655924,38.540481940266325,99.98840871476662,99.98840871476662,0.0002942893100010567,0.002916754172344465,6,25,26,25,1,1,1,1,1,1,1,1
0.07,425,20261244,0.00013740918817067963,1.6,0.0002712361085125793,1.6,-8.619842262400097,32.04119982655924,-5.6665249517409055,32.04119982655924,49.339640314037716,99.99141192573933,99.99141192573933,0.0006647852651870359,0.001694280077927852,5,25,26,25,1,1,1,1,1,1,1,1
0.07,426,20261245,0.00020049461405300276,1.6,0.00030635478974688887,1.6,-6.9789728947012435,32.04119982655924,-5.137753252410131,32.04119982655924,34.55476435715207,99.98746908662167,99.98746908662167,0.000281700898384415,0.0014931227554294438,3,25,26,25,1,1,1,1,1,1,1,1
0.07,427,20261246,7.891628454045314e-05,1.6,0.00014031220138955542,1.6,-11.028333699677859,32.04119982655924,-8.529045615749798,32.04119982655924,43.75664856019604,99.99506773221621,99.99506773221621,0.0003028258781070627,0.00035237560804225813,5,22,26,25,1,1,1,1,1,1,1,1
0.07,428,20261247,0.00023753343772836316,1.6,0.0003879400948977353,1.6,-6.242752458338739,32.04119982655924,-4.112353323025922,32.04119982655924,38.770588332464264,99.98515416014197,99.98515416014197,0.0001797048164593084,0.0003266846494000517,25,25,26,25,1,1,1,1,1,1,1,1
0.07,429,20261248,0.00016702733807823632,1.6,0.0002744804371291039,1.6,-7.772124402006993,32.04119982655924,-5.61488603307295,32.04119982655924,39.14781693542926,99.98956079137011,99.98956079137011,0.0005686760017726451,0.0005690956563726188,7,18,26,25,1,1,1,1,1,1,1,1
0.07,430,20261249,0.00022652560693127305,1.6,0.0004166395442615204,1.6,-6.448826973140238,32.04119982655924,-3.802395124978804,32.04119982655924,45.63031520860986,99.98584214956679,99.98584214956679,0.00039300334730581925,0.0017953104573520176,12,17,26,25,1,1,1,1,1,1,1,1
0.07,431,20261250,0.00032099369343367425,1.6,0.0004890569997043928,1.6,-4.935035000993663,32.04119982655924,-3.10640520805927,32.04119982655924,34.36476860004116,99.9799378941604,99.9799378941604,0.0006861793186877009,0.0007439624701821951,10,25,26,25,1,1,1,1,1,1,1,1
0.07,432,20261251,0.00011166966726230298,1.6,0.0002062973031719206,1.6,-9.520647779101077,32.04119982655924,-6.855064493182148,32.04119982655924,45.86954577431311,99.99302064579611,99.99302064579611,0.0005921071832032102,0.0016546180563261105,6,21,26,25,1,1,1,1,1,1,1,1
0.07,433,20261252,0.0001652803890394035,1.6,0.00030865417025004275,1.6,-7.8177867357453135,32.04119982655924,-5.105278508713521,32.04119982655924,46.451269747786405,99.98966997568503,99.98966997568503,0.0002802323519923249,0.0018198075860663514,8,18,26,25,1,1,1,1,1,1,1,1
0.07,434,20261253,9.128744036683844e-05,1.6,0.00013302931598900807,1.6,-10.395889700515639,32.04119982655924,-8.7605264197059,32.04119982655924,31.377952530116506,99.99429453497707,99.99429453497707,8.520675887521448e-05,0.00019857305084999542,4,23,26,25,1,1,1,1,1,1,1,1
0.07,435,20261254,0.00031214077896215214,1.6,0.0003752484654694145,1.6,-5.056494901576649,32.04119982655924,-4.2568107507277535,32.04119982655924,16.817573505148975,99.98049120131486,99.98049120131486,0.0002796357809824833,0.0003064022927622663,6,15,26,25,1,1,1,1,1,1,1,1
0.07,436,20261255,0.0001861982902506853,1.6,0.00028942447140714405,1.6,-7.30024311206996,32.04119982655924,-5.384647512136162,32.04119982655924,35.66601699385906,99.98836260685934,99.98836260685934,0.00021952114438304423,0.002153916839857742,8,16,26,25,1,1,1,1,1,1,1,1
0.07,437,20261256,0.00030775671871113635,1.6,0.0004692668814827071,1.6,-5.117924571055945,32.04119982655924,-3.285800950456431,32.04119982655924,34.417549830335204,99.98076520508054,99.98076520508054,0.0004271888449051742,0.001238883233874266,6,19,26,25,1,1,1,1,1,1,1,1
0.07,438,20261257,0.0001935987190922461,1.6,0.00027405891425968585,1.6,-7.130975204419311,32.04119982655924,-5.621560671519751,32.04119982655924,29.35872215096032,99.98790008005673,99.98790008005673,0.0007631199717787922,0.0018396403908181634,9,15,26,25,1,1,1,1,1,1,1,1
0.07,439,20261258,0.00020333658721107662,1.6,0.0002353260579524196,1.6,-6.917844698900013,32.04119982655924,-6.28329980183268,32.04119982655924,13.593679773368287,99.9872914632993,99.9872914632993,0.0001464414834132134,0.0001490808064323508,5,17,26,25,1,1,1,1,1,1,1,1
0.07,440,20261259,0.00010750947650891761,1.6,0.00017116462554218312,1.6,-9.68553252826152,32.04119982655924,-7.665859856824832,32.04119982655924,37.18943025267674,99.9932806577182,99.9932806577182,0.0004366147025126009,0.002764825513332037,13,16,26,25,1,1,1,1,1,1,1,1
0.07,441,20261260,0.00012464248091696172,1.6,0.0001522598729530734,1.6,-9.043339152730548,32.04119982655924,-8.174145369215474,32.04119982655924,18.138325942662107,99.99220984494269,99.99220984494269,0.000912937176916866,0.0020233214048534023,5,21,26,25,1,1,1,1,1,1,1,1
0.07,442,20261261,0.00015786302979426444,1.6,0.00023112191589597092,1.6,-8.017195662316336,32.04119982655924,-6.361588710444438,32.04119982655924,31.697074601389446,99.99013356063786,99.99013356063786,0.0010435375904421329,0.0032272513677472007,7,17,26,25,1,1,1,1,1,1,1,1
0.07,443,20261262,8.895362228004854e-05,1.6,0.0001303678553067914,1.6,-10.508363623163495,32.04119982655924,-8.848294790322175,32.04119982655924,31.767212039565877,99.9944403986075,99.9944403986075,0.00011232043528385441,8.488669298241912e-05,4,8,26,25,1,1,1,1,1,1,1,1
0.07,444,20261263,7.726539870221764e-05,1.6,0.0001368021055525624,1.6,-11.120149500267075,32.04119982655924,-8.639072182385483,32.04119982655924,43.52031469827738,99.9951709125811,99.9951709125811,0.00013608800674898424,0.0008332701773108592,5,14,26,25,1,1,1,1,1,1,1,1
0.07,445,20261264,0.00017006209356265094,1.6,0.00019118035713633965,1.6,-7.693924788105081,32.04119982655924,-7.185567314403066,32.04119982655924,11.046251764572386,99.98937111915234,99.98937111915234,0.00031623795658380373,0.0006501834876444168,4,25,26,25,1,1,1,1,1,1,1,1
0.07,446,20261265,0.00011290668801864762,1.6,0.00015180829753221528,1.6,-9.472803319141299,32.04119982655924,-8.18704490140336,32.04119982655924,25.625483024280893,99.99294333199884,99.99294333199884,0.00027170596894350303,0.00019421093037104287,5,19,26,25,1,1,1,1,1,1,1,1
0.07,447,20261266,0.00012294527413393908,1.6,0.00021343172642176924,1.6,-9.10288160353472,32.04119982655924,-6.707410226539782,32.04119982655924,42.395970741958486,99.99231592036662,99.99231592036662,0.00011889919893986793,0.0001227708579706697,5,16,26,25,1,1,1,1,1,1,1,1
0.07,448,20261267,0.0002348286996184376,1.6,0.0002794813641153758,1.6,-6.292488268271521,32.04119982655924,-5.536471456726872,32.04119982655924,15.976973863096166,99.98532320627386,99.98532320627386,0.0011625096857286925,0.001169569256593963,9,25,26,25,1,1,1,1,1,1,1,1
0.07,449,20261268,0.0002367644569367119,1.6,0.00031833646010552834,1.6,-6.256834933124427,32.04119982655924,-4.971136173770424,32.04119982655924,25.62446134563894,99.98520222144145,99.98520222144145,0.0003619325730012106,0.0004219330258137528,10,14,26,25,1,1,1,1,1,1,1,1
0.07,450,20261269,0.000251405205700811,1.6,0.0003276718464421363,1.6,-5.996257338746837,32.04119982655924,-4.845608715870477,32.04119982655924,23.275310823749166,99.98428717464371,99.98428717464371,0.0002749651154224201,0.005849407836384398,5,12,26,25,1,1,1,1,1,1,1,1
0.07,451,20261270,0.00012820749329051458,1.6,0.00016818908359066695,1.6,-8.920865910448244,32.04119982655924,-7.742021957568273,32.04119982655924,23.771810540009984,99.99198703166935,99.99198703166935,0.0001259141454158819,0.0002616579792587545,6,15,26,25,1,1,1,1,1,1,1,1
0.07,452,20261271,0.0002244411230449092,1.6,0.0003482120899950809,1.6,-6.488975668666969,32.04119982655924,-4.581561541635539,32.04119982655924,35.544706949124084,99.98597242980968,99.98597242980968,0.00028860174336715314,0.00026223655565745625,3,13,26,25,1,1,1,1,1,1,1,1
0.07,453,20261272,0.00015620365801092808,1.6,0.00021826730592119895,1.6,-8.063087999378546,32.04119982655924,-6.610113120296547,32.04119982655924,28.434697376380186,99.99023727137431,99.99023727137431,9.811751078410827e-05,0.00011600069284678507,20,25,26,25,1,1,1,1,1,1,1,1
0.07,454,20261273,0.00012073273010547596,1.6,0.00016067277570548758,1.6,-9.181749786409956,32.04119982655924,-7.940577035882131,32.04119982655924,24.858004366104637,99.99245420436843,99.99245420436843,0.0005190122123096244,0.0017161986310864504,4,12,26,25,1,1,1,1,1,1,1,1
0.07,455,20261274,0.00019360921425045608,1.6,0.00028195258479650986,1.6,-7.1307397759114775,32.04119982655924,-5.498239196685859,32.04119982655924,31.332704614079972,99.98789942410934,99.98789942410934,0.00031180063280748473,0.0007516440240418135,5,25,26,25,1,1,1,1,1,1,1,1
0.07,456,20261275,9.27117953198128e-05,1.6,0.00010184465274557752,1.6,-10.328650089361137,32.04119982655924,-9.920617682745442,32.04119982655924,8.967439310318918,99.99420551279252,99.99420551279252,0.0003473808688848611,0.000349289297905658,5,25,26,25,1,1,1,1,1,1,1,1
0.07,457,20261276,0.00011624768262862013,1.6,0.00018079065012863014,1.6,-9.346156959144311,32.04119982655924,-7.428240334986019,32.04119982655924,35.70039017730648,99.99273451983571,99.99273451983571,0.00031628593625457476,0.0021246124108394897,9,18,26,25,1,1,1,1,1,1,1,1
0.07,458,20261277,0.00015148922668230318,1.6,0.00022785414445692685,1.6,-8.196182513781267,32.04119982655924,-6.4234306759325355,32.04119982655924,33.514825002035266,99.99053192333236,99.99053192333236,0.0004185990201374407,0.001053355545844617,6,11,26,25,1,1,1,1,1,1,1,1
0.07,459,20261278,0.0001515374149211707,1.6,0.0001935938889981985,1.6,-8.19480125658893,32.04119982655924,-7.1310835578924,32.04119982655924,21.724071092667167,99.99052891156741,99.99052891156741,0.0004154031069794622,0.0004355909916986825,7,13,26,25,1,1,1,1,1,1,1,1
0.07,460,20261279,0.00017806363071133543,1.6,0.00032650222443781566,1.6,-7.494247756199749,32.04119982655924,-4.8611385555957245,32.04119982655924,45.463271799163884,99.98887102308055,99.98887102308055,0.0009029753779640803,0.001113984048082157,4,12,26,25,1,1,1,1,1,1,1,1
0.07,461,20261280,0.0001469554782779086,1.6,0.000327948324302312,1.6,-8.32814219448332,32.04119982655924,-4.841945838444845,32.04119982655924,55.18944071736104,99.99081528260763,99.99081528260763,0.00022595099905295862,0.00019503224583625265,5,22,26,22,1,1,1,1,1,1,1,1
0.07,462,20261281,0.00016175756821909393,1.6,0.00024228286393840852,1.6,-7.91135390666076,32.04119982655924,-6.156773013398565,32.04119982655924,33.236067301806855,99.98989015198632,99.98989015198632,0.0007705617211077204,0.0009988826398728214,6,25,26,25,1,1,1,1,1,1,1,1
0.07,463,20261282,0.00016565220884769735,1.6,0.0002892135508480544,1.6,-7.8080276875292025,32.04119982655924,-5.387813624125574,32.04119982655924,42.7232201389046,99.98964673694702,99.98964673694702,0.00017010825858325141,0.0008104383893387712,7,25,26,25,1,1,1,1,1,1,1,1
0.07,464,20261283,0.00020260083326972068,1.6,0.00019686473747248148,1.6,-6.9335877277782405,32.04119982655924,-7.058320679786542,32.04119982655924,-2.9137243525093033,99.98733744792065,99.98733744792065,0.001161414867066586,0.0032518843102850004,7,12,26,25,1,1,1,1,0,1,1,1
0.07,465,20261284,0.0002153964425421336,1.6,0.0003903562950014634,1.6,-6.667614737264276,32.04119982655924,-4.085388126811169,32.04119982655924,44.820553606974336,99.98653772234111,99.98653772234111,0.0007820721800408736,0.0032643958947801894,6,25,26,25,1,1,1,1,1,1,1,1
0.07,466,20261285,0.00020709314050337287,1.6,0.00024148993674342947,1.6,-6.838342859007062,32.04119982655924,-6.171009622534971,32.04119982655924,14.243573336391822,99.98705667871855,99.98705667871855,0.00037925682562187985,0.0043066963984111925,11,17,26,25,1,1,1,1,1,1,1,1
0.07,467,20261286,0.00013970264764255768,1.6,0.0002469889565745448,1.6,-8.547953630650825,32.04119982655924,-6.073224645782171,32.04119982655924,43.437694713126405,99.99126858452233,99.99126858452233,8.50333425242085e-05,0.0002530763839380569,6,25,26,25,1,1,1,1,1,1,1,1
0.07,468,20261287,0.00018346649364620645,1.6,0.00030203369011672164,1.6,-7.3644323905906734,32.04119982655924,-5.19944611295397,32.04119982655924,39.25628178257022,99.98853334414711,99.98853334414711,0.0003084505489827227,0.0005727407674231543,6,25,26,25,1,1,1,1,1,1,1,1
0.07,469,20261288,0.0002271537484383135,1.6,0.00025190691138132337,1.6,-6.436800921637139,32.04119982655924,-5.987599169258857,32.04119982655924,9.82631354069513,99.9858028907226,99.9858028907226,0.0001763802519979354,0.00046888940109798247,8,13,26,25,1,1,1,1,1,1,1,1
0.07,470,20261289,0.0002813290224382353,1.6,0.0003624886322267845,1.6,-5.507854628770544,32.04119982655924,-4.407056085097892,32.04119982655924,22.3895599952975,99.98241693609761,99.98241693609761,0.00023290432348864113,0.0007229782975744229,9,25,26,25,1,1,1,1,1,1,1,1
0.07,471,20261290,0.00011236421014113801,1.6,0.00011097426144058569,1.6,-9.493719967149488,32.04119982655924,-9.547777366233484,32.04119982655924,-1.2524964640530447,99.99297723686618,99.99297723686618,0.00029529303553490306,0.0010557642812300313,5,12,26,25,1,1,1,1,0,1,1,1
0.07,472,20261291,0.00023925596269102478,1.6,0.0002408862969162128,1.6,-6.211372300128083,32.04119982655924,-6.181879046215827,32.04119982655924,0.6768065456853692,99.98504650233181,99.98504650233181,0.000371941053100938,0.0024838100811428203,6,14,26,25,1,1,1,1,1,1,1,1
0.07,473,20261292,0.0001805093228565505,1.6,0.00025137240600662316,1.6,-7.435003629516929,32.04119982655924,-5.996823979976772,32.04119982655924,28.190478133946637,99.98871816732145,99.98871816732145,0.00013496717178250114,0.00031547827578858696,6,17,26,25,1,1,1,1,1,1,1,1
0.07,474,20261293,0.00022317936817915424,1.6,0.00037395683046305525,1.6,-6.51345956240279,32.04119982655924,-4.271785298150016,32.04119982655924,40.3194834273249,99.98605128948881,99.98605128948881,0.000656935608406718,0.0012007887666848128,8,15,26,25,1,1,1,1,1,1,1,1
0.07,475,20261294,0.00011817598882152375,1.6,0.00015445707336381948,1.6,-9.27470755109798,32.04119982655924,-8.111921983852898,32.04119982655924,23.489428973470584,99.99261400069865,99.99261400069865,5.0989887832193325e-05,0.00010541055490552212,8,13,26,25,1,1,1,1,1,1,1,1
0.07,476,20261295,0.00015443326511860263,1.6,0.00023964744846772916,1.6,-8.112591463487176,32.04119982655924,-6.204271905915952,32.04119982655924,35.55814338686833,99.99034792093009,99.99034792093009,0.0003764123098727517,0.000376521415790326,9,17,26,25,1,1,1,1,1,1,1,1
0.07,477,20261296,0.00011524529020566812,1.6,0.00015803136936811912,1.6,-9.383768141334093,32.04119982655924,-8.012566966453074,32.04119982655924,27.074421574355203,99.99279716936215,99.99279716936215,0.00044903435344817785,0.0030737057757917827,5,13,26,25,1,1,1,1,1,1,1,1
0.07,478,20261297,9.693021472059133e-05,1.6,0.00015936479404046706,1.6,-10.135408252089984,32.04119982655924,-7.97607614198962,32.04119982655924,39.1771468069804,99.99394186157996,99.99394186157996,0.00024833361498519,0.005400951528413961,6,25,26,25,1,1,1,1,1,1,1,1
0.07,479,20261298,0.0002114457913066767,1.6,0.0002692829815616008,1.6,-6.748009547851201,32.04119982655924,-5.697910927356679,32.04119982655924,21.47821964816345,99.98678463804333,99.98678463804333,0.0012561398494769713,0.002441654235713843,13,13,26,25,1,1,1,1,1,1,1,1
0.07,480,20261299,0.0002507398090663887,1.6,0.00031791057594596445,1.6,-6.007767091796196,32.04119982655924,-4.97695024150111,32.04119982655924,21.128824254966855,99.98432876193336,99.98432876193336,0.0006813889061158621,0.0002926861276760878,5,17,26,25,1,1,1,1,1,1,1,1
0.07,481,20261300,0.00013597263005167277,1.6,0.00018258124571345644,1.6,-8.665485020252062,32.04119982655924,-7.3854383414813025,32.04119982655924,25.527603056740762,99.99150171062178,99.99150171062178,0.00014985687642968403,0.002929697126025855,10,19,26,25,1,1,1,1,1,1,1,1
0.07,482,20261301,0.00010575959425578602,1.6,0.00013584255092864434,1.6,-9.756802240158784,32.04119982655924,-8.669641715948815,32.04119982655924,22.145459185804278,99.99339002535902,99.99339002535902,0.00018382815450818232,0.0003155108082774908,6,18,26,25,1,1,1,1,1,1,1,1
0.07,483,20261302,0.0001948730942616218,1.6,0.0002795034678876009,1.6,-7.102481189138578,32.04119982655924,-5.5361279931564145,32.04119982655924,30.278827760381215,99.98782043160865,99.98782043160865,0.0004192031472166835,0.0034614414705547436,5,16,26,25,1,1,1,1,1,1,1,1
0.07,484,20261303,0.00014074407578218434,1.6,0.0002688664754273325,1.6,-8.515698764713205,32.04119982655924,-5.704633459529117,32.04119982655924,47.65279845377237,99.99120349526362,99.99120349526362,6.226366868566084e-05,0.00013580569998121442,8,14,26,25,1,1,1,1,1,1,1,1
0.07,485,20261304,0.00016826586050134787,1.6,0.00030118416608319485,1.6,-7.740039891927059,32.04119982655924,-5.211678636912932,32.04119982655924,44.13190351618003,99.98948338371868,99.98948338371868,0.00022716140696288408,0.00041887931726923794,10,25,26,25,1,1,1,1,1,1,1,1
0.07,486,20261305,0.0002828644681148376,1.6,0.0004942149201557611,1.6,-5.484216028110009,32.04119982655924,-3.060841475549334,32.04119982655924,42.76488697959836,99.98232097074282,99.98232097074282,0.000680494705175238,0.002562339967668285,4,14,26,25,1,1,1,1,1,1,1,1
0.07,487,20261306,0.00014544694333508925,1.6,0.0001897212197233767,1.6,-8.372954013103751,32.04119982655924,-7.218840919190215,32.04119982655924,23.336491538923074,99.99090956604157,99.99090956604157,0.00025221185351443015,0.0002498154945842471,10,14,26,25,1,1,1,1,1,1,1,1
0.07,488,20261307,0.00021009323566887993,1.6,0.0002551797130228208,1.6,-6.775879302640673,32.04119982655924,-5.931538553131624,32.04119982655924,17.668519499396407,99.98686917277071,99.98686917277071,0.0001333405532501851,9.544997119714744e-05,12,24,26,25,1,1,1,1,1,1,1,1
0.07,489,20261308,0.00022035810270572322,1.6,0.0004451345764213019,1.6,-6.5687097557981176,32.04119982655924,-3.5150867000470996,32.04119982655924,50.49629609155251,99.98622761858088,99.98622761858088,0.0013602691812146584,0.0013716422302883142,6,13,26,25,1,1,1,1,1,1,1,1
0.07,490,20261309,0.00016123587343294391,1.6,0.00020449169191335333,1.6,-7.925383254298955,32.04119982655924,-6.893243318105801,32.04119982655924,21.15284883981382,99.98992275791043,99.98992275791043,0.00027644916223256983,0.000298772908078862,7,13,26,25,1,1,1,1,1,1,1,1
0.07,491,20261310,9.245536316501665e-05,1.6,0.00015174272932870053,1.6,-10.340678911525652,32.04119982655924,-8.188921087408204,32.04119982655924,39.070976531111,99.9942215398022,99.9942215398022,8.68805506815829e-05,0.00023014906379223085,7,23,26,25,1,1,1,1,1,1,1,1
0.07,492,20261311,0.00016845678859567264,1.6,0.00028921245834795194,1.6,-7.735114828114788,32.04119982655924,-5.387830029569259,32.04119982655924,41.75327385343753,99.98947145071277,99.98947145071277,0.00018099348454279736,0.00100903659195449,7,25,26,25,1,1,1,1,1,1,1,1
0.07,493,20261312,0.00010637073097049686,1.6,0.00018932660356512032,1.6,-9.73177856314264,32.04119982655924,-7.227883560851066,32.04119982655924,43.81627887075582,99.99335182931435,99.99335182931435,0.0002673315315578511,0.0021414573666254824,4,12,26,25,1,1,1,1,1,1,1,1
0.07,494,20261313,0.0002131122451546281,1.6,0.00029600044293794797,1.6,-6.713915955682977,32.04119982655924,-5.2870763905807925,32.04119982655924,28.00272761777459,99.98668048467785,99.98668048467785,0.00025390047972567747,0.00046147132859686855,13,15,26,25,1,1,1,1,1,1,1,1
0.07,495,20261314,0.00024803986591458225,1.6,0.0003860027104747876,1.6,-6.054785120959818,32.04119982655924,-4.13409645742466,32.04119982655924,35.74141860053509,99.98449750838034,99.98449750838034,0.0012615179197840414,0.002507458545505354,8,17,26,25,1,1,1,1,1,1,1,1
0.07,496,20261315,0.00013405518102963058,1.6,0.00021256063008277487,1.6,-8.727163965330432,32.04119982655924,-6.725171712386018,32.04119982655924,36.93320302192032,99.99162155118564,99.99162155118564,0.00020619207202760044,0.0010016513996849356,3,12,26,25,1,1,1,1,1,1,1,1
0.07,497,20261316,0.0003174334206881677,1.6,0.00039760612237646356,1.6,-4.9834735087557185,32.04119982655924,-4.005469369159641,32.04119982655924,20.163849894742402,99.980160411207,99.980160411207,0.00052459534834947,0.008198449485193448,4,21,26,25,1,1,1,1,1,1,1,1
0.07,498,20261317,0.0001804157086542108,1.6,0.00021713745091264997,1.6,-7.43725651467956,32.04119982655924,-6.632652648827914,32.04119982655924,16.911749725390116,99.98872401820911,99.98872401820911,0.0002749523848439065,0.0004242490499323497,3,12,26,25,1,1,1,1,1,1,1,1
0.07,499,20261318,0.00023097659761795144,1.6,0.0003187730172401097,1.6,-6.3643202028209895,32.04119982655924,-4.965184468733894,32.04119982655924,27.541985950469346,99.98556396264888,99.98556396264888,0.00041023502689100646,0.0013329730054374574,4,25,26,25,1,1,1,1,1,1,1,1
0.07,500,20261319,9.816567258851137e-05,1.6,0.0001395750726625437,1.6,-10.08040353472705,32.04119982655924,-8.551921373845108,32.04119982655924,29.6681916649612,99.99386464546322,99.99386464546322,0.00044980555299449276,0.0016363471519606455,5,11,26,25,1,1,1,1,1,1,1,1
0.08,1,20260820,8.753997794123575e-05,1.6,0.00012061966600850334,1.6,-10.577935671586005,32.04119982655924,-9.185818784091285,32.04119982655924,27.424788313487426,99.99452875137867,99.99452875137867,0.0003254203305218794,0.0008866586095728323,3,15,26,25,1,1,1,1,1,1,1,1
0.08,2,20260821,7.537855465541244e-05,1.6,0.00012778030622885166,1.6,-11.227521941774292,32.04119982655924,-8.935360754045275,32.04119982655924,41.0092549626457,99.99528884033404,99.99528884033404,0.0007486451873901609,0.00046016577763664806,5,10,26,25,1,1,1,1,1,1,1,1
0.08,3,20260822,5.250210302732573e-05,1.6,6.0419111433798365e-05,1.6,-12.79823300120322,32.04119982655924,-12.18825666057704,32.04119982655924,13.103483680238089,99.99671861856079,99.99671861856079,0.00014245918719536863,0.0012565419856484118,4,11,26,25,1,1,1,1,1,1,1,1
0.08,4,20260823,0.00015853127658710858,1.6,0.00024323926428941378,1.6,-7.998850431674388,32.04119982655924,-6.139663188407308,32.04119982655924,34.824964608311326,99.99009179521332,99.99009179521332,0.0004190831708551208,0.0006275606382036954,8,15,26,25,1,1,1,1,1,1,1,1
0.08,5,20260824,7.47288134310595e-05,1.6,9.481400506815998e-05,1.6,-11.265119135612329,32.04119982655924,-10.231275078667284,32.04119982655924,21.183781470534466,99.99532944916056,99.99532944916056,0.00023769571953589976,0.0010214485489309674,6,17,26,25,1,1,1,1,1,1,1,1
0.08,6,20260825,0.00010131643095547891,1.6,0.00014377651262343185,1.6,-9.943201173777574,32.04119982655924,-8.423120546427466,32.04119982655924,29.532001363227565,99.99366772306527,99.99366772306527,0.00017258989907278428,0.0018838346743160427,5,25,26,25,1,1,1,1,1,1,1,1
0.08,7,20260826,8.043885450268492e-05,1.6,9.416194846784798e-05,1.6,-10.945341226439826,32.04119982655924,-10.261245633328535,32.04119982655924,14.573927354369554,99.99497257159358,99.99497257159358,0.00031149223637355345,0.0030073951936268077,9,25,26,25,1,1,1,1,1,1,1,1
0.08,8,20260827,0.00011900687295296654,1.6,0.00012687552893681138,1.6,-9.244279562599594,32.04119982655924,-8.966221341901237,32.04119982655924,6.201870486596132,99.99256207044043,99.99256207044043,0.00012347436670147855,0.0006611223941103714,5,14,26,25,1,1,1,1,1,1,1,1
0.08,9,20260828,0.00012609530058466166,1.6,0.00022526856117823288,1.6,-8.993010987415941,32.04119982655924,-6.47299414843114,32.04119982655924,44.02445688597672,99.99211904371346,99.99211904371346,0.0007851253958433333,0.0010810469688113042,4,14,26,25,1,1,1,1,1,1,1,1
0.08,10,20260829,0.00010154567079640191,1.6,0.00014857083196021174,1.6,-9.933385871711526,32.04119982655924,-8.280664446946659,32.04119982655924,31.651677885470466,99.99365339557522,99.99365339557522,0.00010289134390140277,0.0002659609879683469,5,22,26,25,1,1,1,1,1,1,1,1
0.08,11,20260830,7.410075240813714e-05,1.6,0.00012488736630977048,1.6,-11.301773822360143,32.04119982655924,-9.034814929266224,32.04119982655924,40.6659339549705,99.99536870297449,99.99536870297449,0.00011508223497672305,0.00013455698421647587,6,16,26,25,1,1,1,1,1,1,1,1
0.08,12,20260831,9.665230505201561e-05,1.6,0.0001067990213880416,1.6,-10.14787784062396,32.04119982655924,-9.714327267805022,32.04119982655924,9.500757782376201,99.99395923093425,99.99395923093425,0.00021641694818535592,0.0007756085285932644,4,13,26,25,1,1,1,1,1,1,1,1
0.08,13,20260832,9.405719206475875e-05,1.6,0.00015493930993108827,1.6,-10.266079906014571,32.04119982655924,-8.098383826263486,32.04119982655924,39.29417130708005,99.99412142549596,99.99412142549596,0.0002083245739180107,0.0002261968268147448,7,20,26,25,1,1,1,1,1,1,1,1
0.08,14,20260833,9.250550747235481e-05,1.6,0.0001461497055390844,1.6,-10.338324100323227,32.04119982655924,-8.352020553176951,32.04119982655924,36.70496486384207,99.99421840578297,99.99421840578297,0.00031385221784642974,0.007813843003242019,11,25,26,25,1,1,1,1,1,1,1,1
0.08,15,20260834,6.548801824610827e-05,1.6,0.00010922274182878263,1.6,-11.838381516967438,32.04119982655924,-9.61686925528322,32.04119982655924,40.04177413091573,99.99590699885964,99.99590699885964,0.00014669447864150987,0.00018142494568803373,10,20,26,25,1,1,1,1,1,1,1,1
0.08,16,20260835,7.038830081745393e-05,1.6,0.00012845274670904755,1.6,-11.524995185943151,32.04119982655924,-8.912566047660356,32.04119982655924,45.20296169541064,99.9956007311989,99.9956007311989,0.002380327046970206,0.002878581843233036,4,25,26,25,1,1,1,1,1,1,1,1
0.08,17,20260836,0.00012466164590048398,1.6,0.0001626740930816829,1.6,-9.042671434412995,32.04119982655924,-7.886816058064539,32.04119982655924,23.367240880889298,99.9922086471312,99.9922086471312,0.00021428694552004044,0.0008876072045811313,12,25,26,25,1,1,1,1,1,1,1,1
0.08,18,20260837,7.382277190617666e-05,1.6,9.920017947104347e-05,1.6,-11.318096518936,32.04119982655924,-10.03487542127945,32.04119982655924,25.582017794911824,99.99538607675586,99.99538607675586,0.00013981144737435224,0.00044060971045655286,6,22,26,25,1,1,1,1,1,1,1,1
0.08,19,20260838,0.0001607906746091589,1.6,0.0001971824673090542,1.6,-7.937391426722984,32.04119982655924,-7.051317034386196,32.04119982655924,18.455896813004458,99.98995058283693,99.98995058283693,0.0001941503932591077,0.00019561745351166107,4,15,26,25,1,1,1,1,1,1,1,1
0.08,20,20260839,0.00013494949084367542,1.6,0.00013264666976481036,1.6,-8.698287496713723,32.04119982655924,-8.773036489679063,32.04119982655924,-1.7360564595764718,99.99156565682227,99.99156565682227,0.0007573045782791898,0.001344842201510128,4,12,26,25,1,1,1,1,0,1,1,1
0.08,21,20260840,0.00010039639396133376,1.6,0.00015837862212137542,1.6,-9.982818859043384,32.04119982655924,-8.003034396738506,32.04119982655924,36.60988293963453,99.99372522537742,99.99372522537742,0.00020005081083177494,0.00019646482198081952,6,15,26,25,1,1,1,1,1,1,1,1
0.08,22,20260841,0.00019623079195102373,1.6,0.00025720626269379126,1.6,-7.072328434129826,32.04119982655924,-5.897184610190349,32.04119982655924,23.706837502382253,99.98773557550305,99.98773557550305,0.00043211464697300337,0.000878320008837427,6,18,26,25,1,1,1,1,1,1,1,1
0.08,23,20260842,0.00011075167899956654,1.6,0.00016684218874347308,1.6,-9.556496811345124,32.04119982655924,-7.776941214336288,32.04119982655924,33.61890069072881,99.99307802006253,99.99307802006253,0.0003440084123977412,0.00017078908587619225,5,25,26,25,1,1,1,1,1,1,1,1
0.08,24,20260843,9.712084881311275e-05,1.6,0.00014398289669400075,1.6,-10.126875306217816,32.04119982655924,-8.416890934086936,32.04119982655924,32.54695450424326,99.99392994694918,99.99392994694918,0.00016644416407231766,0.0026179958360562404,6,23,26,25,1,1,1,1,1,1,1,1
0.08,25,20260844,0.00011564487115531021,1.6,0.00012611559059161334,1.6,-9.368736234064595,32.04119982655924,-8.992312219965035,32.04119982655924,8.302478216360534,99.99277219555279,99.99277219555279,0.0004222314460704304,0.0055366830227234565,4,10,26,25,1,1,1,1,1,1,1,1
0.08,26,20260845,0.00010910222787709497,1.6,0.00018461429885886687,1.6,-9.621663809895695,32.04119982655924,-7.337346647672566,32.04119982655924,40.90261233746527,99.99318111075767,99.99318111075767,0.0006319993104081018,0.0009749758097544909,3,25,26,25,1,1,1,1,1,1,1,1
0.08,27,20260846,8.887734475564886e-05,1.6,0.00012996416116864981,1.6,-10.512089285855861,32.04119982655924,-8.86176391943462,32.04119982655924,31.613958835685537,99.99444516595277,99.99444516595277,0.0003842022119592269,0.0007211448292442216,5,12,26,25,1,1,1,1,1,1,1,1
0.08,28,20260847,0.00018933139317225836,1.6,0.0002336011852746778,1.6,-7.227773693901547,32.04119982655924,-6.315249579768205,32.04119982655924,18.951013476393626,99.98816678792673,99.98816678792673,0.0009582234867516608,0.000451191756734751,7,20,26,25,1,1,1,1,1,1,1,1
0.08,29,20260848,5.5493153716103775e-05,1.6,0.00010501268769368641,1.6,-12.557605932146362,32.04119982655924,-9.787582260493936,32.04119982655924,47.15576285603426,99.99653167789276,99.99653167789276,0.00013828201423868232,0.00012508882727734426,3,11,26,25,1,1,1,1,1,1,1,1
0.08,30,20260849,8.789032848060136e-05,1.6,0.00011639264570839258,1.6,-10.560589123960735,32.04119982655924,-9.340744597992384,32.04119982655924,24.488074013885946,99.99450685446996,99.99450685446996,0.00025831931481571773,0.0011981473126922832,4,13,26,25,1,1,1,1,1,1,1,1
0.08,31,20260850,6.505776624279862e-05,1.6,0.00011885589642596384,1.6,-11.867008522911867,32.04119982655924,-9.249792681071272,32.04119982655924,45.26332458118849,99.99593388960983,99.99593388960983,0.0002444796229319053,0.000997499496881574,3,15,26,25,1,1,1,1,1,1,1,1
0.08,32,20260851,0.00023790023821834683,1.6,0.00029801596755947536,1.6,-6.2360512308731675,32.04119982655924,-5.257604660002907,32.04119982655924,20.17198267375763,99.98513123511135,99.98513123511135,0.0003322246513862923,0.0014051110683236713,7,17,26,25,1,1,1,1,1,1,1,1
0.08,33,20260852,0.00013266868675895435,1.6,0.00017589768292188097,1.6,-8.772315697696868,32.04119982655924,-7.54739881411607,32.04119982655924,24.576216948875512,99.99170820707756,99.99170820707756,0.00010904243160708089,0.0003437793718191112,8,25,26,25,1,1,1,1,1,1,1,1
0.08,34,20260853,0.0001188174653594032,1.6,0.00023211950532633002,1.6,-9.251197163269952,32.04119982655924,-6.342883636385865,32.04119982655924,48.811942713577125,99.99257390841503,99.99257390841503,0.0005090603049612708,0.0007790933365773966,7,14,26,25,1,1,1,1,1,1,1,1
0.08,35,20260854,0.0001026820196507518,1.6,0.00014449641851583243,1.6,-9.885055977864264,32.04119982655924,-8.401429171848529,32.04119982655924,28.93801749176159,99.99358237377183,99.99358237377183,0.0002987213048847311,0.0009730311056366521,4,13,26,25,1,1,1,1,1,1,1,1
0.08,36,20260855,0.0001260880935338293,1.6,0.00014907953724537505,1.6,-8.993259218067216,32.04119982655924,-8.265819640003821,32.04119982655924,15.422266621141533,99.99211949415414,99.99211949415414,0.00031650979268040566,0.000280252975178046,4,10,26,25,1,1,1,1,1,1,1,1
0.08,37,20260856,7.99201935806812e-05,1.6,0.00012541629713310658,1.6,-10.973434728436377,32.04119982655924,-9.01646025745317,32.04119982655924,36.276069850905856,99.99500498790121,99.99500498790121,0.00015511984884691849,0.0005511343452155598,6,24,26,25,1,1,1,1,1,1,1,1
0.08,38,20260857,7.706455068988947e-05,1.6,0.00013485448546156413,1.6,-11.131453493178931,32.04119982655924,-8.701346036878505,32.04119982655924,42.853550309341244,99.9951834655819,99.9951834655819,0.0009955129454454247,0.0020572983126932935,4,16,26,25,1,1,1,1,1,1,1,1
0.08,39,20260858,0.00012200294715165327,1.6,0.00013373211822587393,1.6,-9.136296782085227,32.04119982655924,-8.737642764096316,32.04119982655924,8.770646296359459,99.99237481580303,99.99237481580303,0.00014955043190980198,0.00035695374454203146,5,11,26,25,1,1,1,1,1,1,1,1
0.08,40,20260859,7.718007918173562e-05,1.6,0.00012710769202696687,1.6,-11.124947802065343,32.04119982655924,-8.958281669614554,32.04119982655924,39.279772961843044,99.99517624505114,99.99517624505114,0.00044359920747353887,0.0002215201296836009,6,25,26,25,1,1,1,1,1,1,1,1
0.08,41,20260860,0.000106114111563298,1.6,0.00014289921358239996,1.6,-9.742268576957404,32.04119982655924,-8.449701612563633,32.04119982655924,25.741990523895065,99.9933678680273,99.9933678680273,0.00027111303176350753,0.0016745850517199635,8,20,26,25,1,1,1,1,1,1,1,1
0.08,42,20260861,0.00013027494156045145,1.6,0.00021943491375897258,1.6,-8.85139112979694,32.04119982655924,-6.586942717178351,32.04119982655924,40.63162541966976,99.99185781615247,99.99185781615247,0.00023536998223423037,0.0013509464346899832,4,17,26,25,1,1,1,1,1,1,1,1
0.08,43,20260862,7.675369630865081e-05,1.6,0.00010642525609971991,1.6,-11.14900700570045,32.04119982655924,-9.729552960715555,32.04119982655924,27.88018641295728,99.99520289398072,99.99520289398072,0.00027236983414526014,0.00016350663776840919,5,25,26,25,1,1,1,1,1,1,1,1
0.08,44,20260863,0.00010504728140764733,1.6,0.0001616487917347775,1.6,-9.786151825244243,32.04119982655924,-7.914275372317009,32.04119982655924,35.01511500314715,99.993434544912,99.993434544912,0.0009453706402381399,0.002123238335892998,8,22,26,25,1,1,1,1,1,1,1,1
0.08,45,20260864,0.0001769958921723945,1.6,0.0002751527874096097,1.6,-7.520368128899655,32.04119982655924,-5.604260832508601,32.04119982655924,35.67359653569226,99.98893775673922,99.98893775673922,0.0004501514354577371,0.0008758907549400179,6,10,26,25,1,1,1,1,1,1,1,1
0.08,46,20260865,8.226599719525753e-05,1.6,0.00012611403199439152,1.6,-10.84779633583602,32.04119982655924,-8.992365892500878,32.04119982655924,34.76856151985052,99.99485837517528,99.99485837517528,0.00012293243964373195,9.443142390742411e-05,3,22,26,25,1,1,1,1,1,1,1,1
0.08,47,20260866,0.00012247916513143212,1.6,0.0002935875395898684,1.6,-9.119377826302387,32.04119982655924,-5.3226238064356135,32.04119982655924,58.28189258218136,99.99234505217929,99.99234505217929,0.00013880178500277264,0.000648663811651307,5,15,26,25,1,1,1,1,1,1,1,1
0.08,48,20260867,0.00010799423098782355,1.6,0.00015779497335892206,1.6,-9.665994437452095,32.04119982655924,-8.019068355832099,32.04119982655924,31.560411153162164,99.99325036056327,99.99325036056327,0.00038802481948319094,0.0004893231434850586,3,25,26,25,1,1,1,1,1,1,1,1
0.08,49,20260868,7.1354746349843e-05,1.6,7.759205518345947e-05,1.6,-11.465771333413791,32.04119982655924,-11.101827448065496,32.04119982655924,8.03859211986191,99.99554032835314,99.99554032835314,0.00019588570592571418,0.00046410476898967593,5,15,26,25,1,1,1,1,1,1,1,1
0.08,50,20260869,8.724509948591497e-05,1.6,8.657818398483428e-05,1.6,-10.592589577899439,32.04119982655924,-10.625915279434786,32.04119982655924,-0.7703043311667428,99.99454718128213,99.99454718128213,0.00031912345358219235,0.000573464855206528,5,13,26,25,1,1,1,1,0,1,1,1
0.08,51,20260870,7.556323083838429e-05,1.6,8.768067197775209e-05,1.6,-11.216894813313974,32.04119982655924,-10.57096130448308,32.04119982655924,13.819968376203198,99.9952772980726,99.9952772980726,0.00037605741621608347,0.0006143131140203095,8,14,26,25,1,1,1,1,1,1,1,1
0.08,52,20260871,0.00011386606377117924,1.6,0.0001578841763501064,1.6,-9.436056921893156,32.04119982655924,-8.01661394172794,32.04119982655924,27.8800026681062,99.9928833710143,99.9928833710143,0.0009122550444942869,0.008062204604527785,9,25,26,25,1,1,1,1,1,1,1,1
0.08,53,20260872,7.098528185640088e-05,1.6,0.00011737887606711135,1.6,-11.488316889029695,32.04119982655924,-9.304100532837547,32.04119982655924,39.52465363885828,99.99556341988398,99.99556341988398,0.0004830066665204221,0.0021228021250459493,7,8,26,25,1,1,1,1,1,1,1,1
0.08,54,20260873,8.998422134575047e-05,1.6,0.00014471795549655017,1.6,-10.458336370410581,32.04119982655924,-8.394775816017978,32.04119982655924,37.82096973592504,99.99437598616589,99.99437598616589,0.00020723134367249408,0.0002072885392201418,5,23,26,25,1,1,1,1,1,1,1,1
0.08,55,20260874,0.00015160879563796034,1.6,0.0002897257191892742,1.6,-8.192756022249249,32.04119982655924,-5.380129504082701,32.04119982655924,47.67161297857847,99.99052445027263,99.99052445027263,0.0002651950530356981,0.00026039998778102345,6,25,26,25,1,1,1,1,1,1,1,1
0.08,56,20260875,0.0002123659596347138,1.6,0.0004511350793364216,1.6,-6.729150955358481,32.04119982655924,-3.4569340174310206,32.04119982655924,52.92630314914002,99.98672712752283,99.98672712752283,0.000294849971509181,0.00033660016071387417,4,18,26,25,1,1,1,1,1,1,1,1
0.08,57,20260876,6.2237391681715e-05,1.6,9.071682495991507e-05,1.6,-12.059486165642351,32.04119982655924,-10.423121582584752,32.04119982655924,31.393772093307106,99.9961101630199,99.9961101630199,0.00023953668582905874,0.002043410936849053,7,17,26,25,1,1,1,1,1,1,1,1
0.08,58,20260877,0.00013124967980764768,1.6,0.00014373431178184848,1.6,-8.819017474110828,32.04119982655924,-8.424395461401597,32.04119982655924,8.685909313810365,99.99179689501202,99.99179689501202,0.0007485011979260843,0.007405941189718951,8,9,26,25,1,1,1,1,1,1,1,1
0.08,59,20260878,7.531194842390317e-05,1.6,0.00011141036373120847,1.6,-11.231361164565053,32.04119982655924,-9.530744078882769,32.04119982655924,32.401308189242854,99.99529300322351,99.99529300322351,0.0001588945649264941,0.00015898490399430428,5,11,26,25,1,1,1,1,1,1,1,1
0.08,60,20260879,8.39025890526952e-05,1.6,0.00015889081844384478,1.6,-10.762246375747534,32.04119982655924,-7.9890119791144185,32.04119982655924,47.1948159909894,99.99475608818422,99.99475608818422,0.0006738759478700862,0.0006779404701912045,4,11,26,25,1,1,1,1,1,1,1,1
0.08,61,20260880,8.391394162482601e-05,1.6,0.00010854630003662784,1.6,-10.761658786501176,32.04119982655924,-9.64384975535787,32.04119982655924,22.692950753263716,99.99475537864843,99.99475537864843,0.00033058609946727606,0.00022611348338145317,7,25,26,25,1,1,1,1,1,1,1,1
0.08,62,20260881,8.11315999072751e-05,1.6,8.315939128280722e-05,1.6,-10.908099596926748,32.04119982655924,-10.800886983146595,32.04119982655924,2.4384394164647487,99.9949292750058,99.9949292750058,0.0002688434419916962,0.0005548180637132083,4,13,26,25,1,1,1,1,1,1,1,1
0.08,63,20260882,6.356778013173524e-05,1.6,0.00010366397544759561,1.6,-11.96762954424052,32.04119982655924,-9.843721402596744,32.04119982655924,38.67900603149246,99.99602701374177,99.99602701374177,0.00032076050629898447,0.0014911205035197986,6,16,26,25,1,1,1,1,1,1,1,1
0.08,64,20260883,0.00011046481695807745,1.6,0.00013675528736719258,1.6,-9.567760227391727,32.04119982655924,-8.64055873550257,32.04119982655924,19.224463576698376,99.99309594894011,99.99309594894011,0.00019646186583073238,0.000236796442406199,12,25,26,25,1,1,1,1,1,1,1,1
0.08,65,20260884,9.395602155192021e-05,1.6,0.00016298384594733216,1.6,-10.270753811518627,32.04119982655924,-7.87855438317496,32.04119982655924,42.35255585864511,99.99412774865301,99.99412774865301,0.00015177885565853877,0.00011395262286691811,6,25,26,25,1,1,1,1,1,1,1,1
0.08,66,20260885,0.0001384876314127972,1.6,0.00017173502044999557,1.6,-8.585890125131655,32.04119982655924,-7.651411338586422,32.04119982655924,19.359702494040278,99.99134452303672,99.99134452303672,0.001985984332133226,0.006007729157832443,8,15,26,25,1,1,1,1,1,1,1,1
0.08,67,20260886,0.00010135796649094115,1.6,0.00017012228707773684,1.6,-9.941421111339103,32.04119982655924,-7.692387873819259,32.04119982655924,40.42052441687082,99.99366512709432,99.99366512709432,0.00040031466106948347,0.0005063059161257201,4,12,26,25,1,1,1,1,1,1,1,1
0.08,68,20260887,6.649509099441843e-05,1.6,9.661915092711766e-05,1.6,-11.77210415339446,32.04119982655924,-10.149367833397472,32.04119982655924,31.178145992426078,99.99584405681286,99.99584405681286,8.264474867356369e-05,0.00021703047009823486,4,10,26,25,1,1,1,1,1,1,1,1
0.08,69,20260888,0.00011348529414130119,1.6,0.0001612764263527336,1.6,-9.45060412365761,32.04119982655924,-7.9242910845185,32.04119982655924,29.633055054745988,99.99290716911617,99.99290716911617,0.00015342356107100758,0.0004321400822942314,7,25,26,25,1,1,1,1,1,1,1,1
0.08,70,20260889,0.00010220213252830324,1.6,0.00017915566331793185,1.6,-9.90540042209015,32.04119982655924,-7.467694587295085,32.04119982655924,42.953445827199964,99.99361236671697,99.99361236671697,0.0004741109340125448,0.0010483092969617407,11,25,26,25,1,1,1,1,1,1,1,1
0.08,71,20260890,0.00010628829045339492,1.6,0.00014087971514822355,1.6,-9.73514578106892,32.04119982655924,-8.511515351617316,32.04119982655924,24.553871832033455,99.99335698184666,99.99335698184666,0.00045212733316802006,0.000862356805287785,3,22,26,25,1,1,1,1,1,1,1,1
0.08,72,20260891,8.852284033504526e-05,1.6,0.00013527069090209278,1.6,-10.52944659791695,32.04119982655924,-8.687962917864368,32.04119982655924,34.558743106356296,99.99446732247905,99.99446732247905,0.00027804099063664743,0.0025242130017917694,4,15,26,25,1,1,1,1,1,1,1,1
0.08,73,20260892,0.00010232511411604973,1.6,0.00019328633949457132,1.6,-9.900177623441337,32.04119982655924,-7.137988386345033,32.04119982655924,47.060348711853145,99.99360468036774,99.99360468036774,0.0005961093541745977,0.0032029061593185117,6,20,26,25,1,1,1,1,1,1,1,1
0.08,74,20260893,5.36058060479023e-05,1.6,7.788440054039115e-05,1.6,-12.70788169299638,32.04119982655924,-11.085495184203939,32.04119982655924,31.172602374846402,99.996649637122,99.996649637122,0.0033936642736210804,0.007616436057968728,10,13,26,25,1,1,1,1,1,1,1,1
0.08,75,20260894,5.6405675032362546e-05,1.6,7.607163032089296e-05,1.6,-12.486771990086648,32.04119982655924,-11.187772761101662,32.04119982655924,25.851891441754976,99.99647464531049,99.99647464531049,0.0003610698804040911,0.0007464277483989808,7,10,26,25,1,1,1,1,1,1,1,1
0.08,76,20260895,0.0001514492743300622,1.6,0.00027734270674003274,1.6,-8.197328032502718,32.04119982655924,-5.569832502437908,32.04119982655924,45.392732294913664,99.99053442035436,99.99053442035436,0.0004819028284726478,0.0008748990667671087,6,20,26,25,1,1,1,1,1,1,1,1
0.08,77,20260896,8.916795965444584e-05,1.6,0.00016450340472960612,1.6,-10.497911707917273,32.04119982655924,-7.838251090211296,32.04119982655924,45.79567529255032,99.9944270025216,99.9944270025216,0.0003000598111128506,0.005323960375056123,7,12,26,25,1,1,1,1,1,1,1,1
0.08,78,20260897,0.0001051244939548775,1.6,0.00013612120088272748,1.6,-9.78296081782695,32.04119982655924,-8.660742281448337,32.04119982655924,22.77140278431321,99.99342971912782,99.99342971912782,0.00013718885519810108,0.0006705033827256711,4,9,26,25,1,1,1,1,1,1,1,1
0.08,79,20260898,8.324099268634691e-05,1.6,0.00017399549913645228,1.6,-10.796627492721349,32.04119982655924,-7.594619857719069,32.04119982655924,52.1591115290477,99.9947974379571,99.9947974379571,0.00018992785153149243,0.0003128007356234847,6,17,26,25,1,1,1,1,1,1,1,1
0.08,80,20260899,8.488351860433331e-05,1.6,0.00012860293228978653,1.6,-10.711766262936408,32.04119982655924,-8.907491289020363,32.04119982655924,33.99565850251251,99.99469478008723,99.99469478008723,0.00012087311544151258,5.730682415964113e-05,9,16,26,25,1,1,1,1,1,1,1,1
0.08,81,20260900,5.599931467623603e-05,1.6,6.669947035361125e-05,1.6,-12.518172878893395,32.04119982655924,-11.758776147103966,32.04119982655924,16.04233979767411,99.99650004283272,99.99650004283272,0.0001323272669286784,0.00043515468062668846,5,11,26,25,1,1,1,1,1,1,1,1
0.08,82,20260901,9.688499810229488e-05,1.6,0.00011897467670458929,1.6,-10.137434649077788,32.04119982655924,-9.245454666561532,32.04119982655924,18.566706137930886,99.99394468761861,99.99394468761861,0.00022398299302669805,0.0003130973592878988,6,11,26,25,1,1,1,1,1,1,1,1
0.08,83,20260902,0.00011287580533074344,1.6,0.00012511293641152046,1.6,-9.473991381229535,32.04119982655924,-9.02697782859151,32.04119982655924,9.780867935611989,99.99294526216683,99.99294526216683,0.0002474569202397826,0.00076596532181859,5,12,26,25,1,1,1,1,1,1,1,1
0.08,84,20260903,0.00010407926718930581,1.6,0.0001241012371631883,1.6,-9.826357742554745,32.04119982655924,-9.06223889005156,32.04119982655924,16.133578062202865,99.99349504580067,99.99349504580067,0.0003977449984216544,0.0020375219058130513,4,17,26,25,1,1,1,1,1,1,1,1
0.08,85,20260904,7.844391333783598e-05,1.6,0.00014078460947367604,1.6,-11.054407487799455,32.04119982655924,-8.514448195262235,32.04119982655924,44.28090284080132,99.99509725541638,99.99509725541638,0.00016232363514641745,0.0010911583197384567,3,13,26,25,1,1,1,1,1,1,1,1
0.08,86,20260905,0.00010096760355092905,1.6,0.00013490891205956258,1.6,-9.958179515243678,32.04119982655924,-8.699593599615524,32.04119982655924,25.158685212470147,99.99368952477806,99.99368952477806,0.0002614196684826461,0.0009209973082462968,6,22,26,25,1,1,1,1,1,1,1,1
0.08,87,20260906,7.450681299326019e-05,1.6,0.00010470869008438794,1.6,-11.2780401302226,32.04119982655924,-9.800172734397576,32.04119982655924,28.84371590054954,99.99534332418793,99.99534332418793,0.00011669027291748685,0.0004993337082722965,6,25,26,25,1,1,1,1,1,1,1,1
0.08,88,20260907,7.858867080953936e-05,1.6,8.539220293481862e-05,1.6,-11.046400564991167,32.04119982655924,-10.68581782437162,32.04119982655924,7.967392679250256,99.99508820807442,99.99508820807442,0.00016474052714255427,0.000174114787014224,3,10,26,25,1,1,1,1,1,1,1,1
0.08,89,20260908,0.00010005600989180561,1.6,0.00014439689822624748,1.6,-9.997568202265766,32.04119982655924,-8.404421356977716,32.04119982655924,30.70764599456049,99.99374649938177,99.99374649938177,8.349648403431781e-05,0.00043276987503792065,5,22,26,25,1,1,1,1,1,1,1,1
0.08,90,20260909,8.750455445989019e-05,1.6,0.0001890626128038786,1.6,-10.579693421168601,32.04119982655924,-7.233943445463137,32.04119982655924,53.71662690885279,99.99453096534626,99.99453096534626,0.00043057695959768035,0.002329446849278835,6,12,26,25,1,1,1,1,1,1,1,1
0.08,91,20260910,0.00025581267402760024,1.6,0.00034494484361528806,1.6,-5.9207794256301,32.04119982655924,-4.622503426906134,32.04119982655924,25.83954253483366,99.98401170787328,99.98401170787328,0.0003548496474905682,0.00047813604682169853,8,25,26,25,1,1,1,1,1,1,1,1
0.08,92,20260911,8.368067596559151e-05,1.6,0.00011385582600782464,1.6,-10.773748202676634,32.04119982655924,-9.436447416117426,32.04119982655924,26.502947719301925,99.99476995775214,99.99476995775214,0.0006915692072223356,0.0003802788451014176,8,25,26,25,1,1,1,1,1,1,1,1
0.08,93,20260912,9.601681975548773e-05,1.6,0.0002302347944781409,1.6,-10.176526827192358,32.04119982655924,-6.37829042530888,32.04119982655924,58.29612983861837,99.99399894876528,99.99399894876528,0.003492964361855016,0.005550136418587518,8,25,26,25,1,1,1,1,1,1,1,1
0.08,94,20260913,0.00010351111320770224,1.6,0.0002573448411982135,1.6,-9.85013020780158,32.04119982655924,-5.894845333069733,32.04119982655924,59.777272889657276,99.99353055542451,99.99353055542451,0.00033578706263918186,0.0002095849900332416,5,16,26,25,1,1,1,1,1,1,1,1
0.08,95,20260914,9.1233780315038e-05,1.6,8.655864328794695e-05,1.6,-10.398443295651582,32.04119982655924,-10.626895592751186,32.04119982655924,-5.401120962049615,99.99429788873032,99.99429788873032,0.0001109956624767135,0.0009189810290549485,4,11,26,25,1,1,1,1,0,1,1,1
0.08,96,20260915,0.00011610877621982124,1.6,0.00017270565838415524,1.6,-9.35134952356261,32.04119982655924,-7.626934333372402,32.04119982655924,32.770716775499956,99.99274320148626,99.99274320148626,0.00012088408029539069,0.0022506854176352394,7,16,23,25,1,1,1,1,1,1,1,1
0.08,97,20260916,6.891660472488172e-05,1.6,0.00012040589840568982,1.6,-11.616761268358882,32.04119982655924,-9.19352237477716,32.04119982655924,42.763099119382474,99.99569271220469,99.99569271220469,0.00022415933927472635,0.000501023368665147,6,11,26,25,1,1,1,1,1,1,1,1
0.08,98,20260917,0.00014370009738769477,1.6,0.0001872065607531267,1.6,-8.425429375378403,32.04119982655924,-7.276789352509484,32.04119982655924,23.23981765938472,99.99101874391329,99.99101874391329,0.00025531784685031624,0.0007086723164854369,4,10,26,25,1,1,1,1,1,1,1,1
0.08,99,20260918,0.0002021526886063074,1.6,0.00022697156572851364,1.6,-6.943204782278162,32.04119982655924,-6.440285464222217,32.04119982655924,10.934795749654702,99.98736545696211,99.98736545696211,0.0006922498903131288,0.0007660301423621714,4,12,26,25,1,1,1,1,1,1,1,1
0.08,100,20260919,0.0001544278307450275,1.6,0.00019407602615151685,1.6,-8.112744290663413,32.04119982655924,-7.120281088834005,32.04119982655924,20.429208178209333,99.99034826057844,99.99034826057844,0.00017110627548046708,0.00034384683481443115,13,18,26,25,1,1,1,1,1,1,1,1
0.08,101,20260920,6.715760918188745e-05,1.6,0.0001166444685503208,1.6,-11.729047731890727,32.04119982655924,-9.331358512554104,32.04119982655924,42.42538028889433,99.99580264942612,99.99580264942612,0.00038351716221371023,0.0007459081552529973,9,15,26,25,1,1,1,1,1,1,1,1
0.08,102,20260921,0.00010106774077848848,1.6,0.00019713684895891157,1.6,-9.953874422086074,32.04119982655924,-7.052321895016225,32.04119982655924,48.73219222472526,99.99368326620136,99.99368326620136,0.0007069654749412404,0.0012385051380557671,5,15,26,25,1,1,1,1,1,1,1,1
0.08,103,20260922,0.00012024931421238233,1.6,0.00014409515835849158,1.6,-9.199173917493688,32.04119982655924,-8.41350611368632,32.04119982655924,16.548678260780722,99.99248441786173,99.99248441786173,0.00016523699247024775,0.00042927705199872004,6,8,26,25,1,1,1,1,1,1,1,1
0.08,104,20260923,0.0001559069742105524,1.6,0.00022342341220676692,1.6,-8.071344570150565,32.04119982655924,-6.50871319763581,32.04119982655924,30.21905239444267,99.99025581411185,99.99025581411185,0.0006404651455785089,0.0007760827744507247,8,18,26,25,1,1,1,1,1,1,1,1
0.08,105,20260924,6.693630885849132e-05,1.6,8.380356041424311e-05,1.6,-11.743382400897966,32.04119982655924,-10.767375298731622,32.04119982655924,20.127130007814152,99.99581648069633,99.99581648069633,0.0003872794901109652,0.000676858506120548,5,13,26,25,1,1,1,1,1,1,1,1
0.08,106,20260925,6.54844922260973e-05,1.6,0.00010950773431900886,1.6,-11.838615357034898,32.04119982655924,-9.605552063631762,32.04119982655924,40.20103453575864,99.99590721923586,99.99590721923586,0.00041466026582672236,0.00021582630832404616,4,10,26,25,1,1,1,1,1,1,1,1
0.08,107,20260926,0.00013161418740528086,1.6,0.00017261851658011344,1.6,-8.806972932469666,32.04119982655924,-7.62912619876646,32.04119982655924,23.754305150572993,99.99177411328718,99.99177411328718,0.0001120136775717361,0.00018505641101361302,6,17,26,25,1,1,1,1,1,1,1,1
0.08,108,20260927,8.966941235196162e-05,1.6,0.00014970137119488667,1.6,-10.47355676378412,32.04119982655924,-8.24774221703403,32.04119982655924,40.101141601951845,99.99439566172799,99.99439566172799,0.0006247292900486831,0.00028615409412627844,4,10,26,25,1,1,1,1,1,1,1,1
0.08,109,20260928,0.00019303800630455226,1.6,0.00023275550204890643,1.6,-7.143571764670844,32.04119982655924,-6.33100044047,32.04119982655924,17.0640416208115,99.98793512460595,99.98793512460595,0.0003716858708597942,0.0013750783352054624,5,22,26,25,1,1,1,1,1,1,1,1
0.08,110,20260929,0.00011475753323637185,1.6,0.00016507649254149013,1.6,-9.402187956765257,32.04119982655924,-7.823147673573734,32.04119982655924,30.482207690759587,99.99282765417273,99.99282765417273,3.716672144612073,0.001285688206937515,5,21,26,25,1,1,1,1,1,1,1,1
0.08,111,20260930,7.379166379617105e-05,1.6,9.804678638501477e-05,1.6,-11.319926974155855,32.04119982655924,-10.085666363473143,32.04119982655924,24.7383147200741,99.99538802101274,99.99538802101274,5.9653983525965666e-05,0.00020199287374948023,5,25,26,25,1,1,1,1,1,1,1,1
0.08,112,20260931,0.00013541837873057592,1.6,0.00026186901935431017,1.6,-8.683223900111939,32.04119982655924,-5.8191587812812395,32.04119982655924,48.28774359621589,99.99153635132934,99.99153635132934,0.00018285950606505597,0.00016789167482265992,3,11,26,25,1,1,1,1,1,1,1,1
0.08,113,20260932,0.00010476684425772544,1.6,0.00019620377306447988,1.6,-9.797761375256444,32.04119982655924,-7.072926452469583,32.04119982655924,46.60304303969978,99.9934520722339,99.9934520722339,0.0001817930102024738,0.0021413738033355246,7,25,26,25,1,1,1,1,1,1,1,1
0.08,114,20260933,5.673572580907817e-05,1.6,0.00011046599696959844,1.6,-12.461433849210417,32.04119982655924,-9.567713835267147,32.04119982655924,48.63964716247253,99.99645401713694,99.99645401713694,0.00032505092170035554,0.0021479385350102733,7,12,26,25,1,1,1,1,1,1,1,1
0.08,115,20260934,7.411801303598437e-05,1.6,0.0001303027834390981,1.6,-11.300762318123192,32.04119982655924,-8.850463070861123,32.04119982655924,43.11862641781078,99.99536762418525,99.99536762418525,0.00011466080377018533,0.00010522469419292753,7,13,26,25,1,1,1,1,1,1,1,1
0.08,116,20260935,0.00013126583484325652,1.6,0.00020201797426086277,1.6,-8.81848295005894,32.04119982655924,-6.946099881027356,32.04119982655924,35.0226952212901,99.99179588532229,99.99179588532229,0.00019211788269286946,0.0006097118325486509,12,14,26,25,1,1,1,1,1,1,1,1
0.08,117,20260936,8.719150677722305e-05,1.6,0.00011012466969668025,1.6,-10.59525817125104,32.04119982655924,-9.58115381182613,32.04119982655924,20.824727994756046,99.99455053082643,99.99455053082643,0.0003483315996572631,0.0002930617513087038,6,9,26,25,1,1,1,1,1,1,1,1
0.08,118,20260937,0.0002059883894842736,1.6,0.0003065126689736212,1.6,-6.8615725790762365,32.04119982655924,-5.135515702430341,32.04119982655924,32.796125467165865,99.98712572565724,99.98712572565724,0.0007106623526384641,0.0005627302858305189,6,12,26,25,1,1,1,1,1,1,1,1
0.08,119,20260938,0.00012586555499363331,1.6,0.00018267759324356773,1.6,-9.000931048637275,32.04119982655924,-7.383147188075554,32.04119982655924,31.09962050692543,99.9921334028129,99.9921334028129,0.0009288660108358928,0.0019409029431700967,11,16,26,25,1,1,1,1,1,1,1,1
0.08,120,20260939,0.0001029378320561864,1.6,0.00014640840799527797,1.6,-9.874249825396074,32.04119982655924,-8.344339817400591,32.04119982655924,29.6913111305012,99.9935663854965,99.9935663854965,0.0007219883327778235,0.0007169090265034075,3,16,26,25,1,1,1,1,1,1,1,1
0.08,121,20260940,7.980713092269864e-05,1.6,9.374520740447847e-05,1.6,-10.979583018570796,32.04119982655924,-10.280509257441624,32.04119982655924,14.868041650003288,99.99501205431734,99.99501205431734,0.00024040233307529756,0.00014129928023505072,8,21,26,25,1,1,1,1,1,1,1,1
0.08,122,20260941,0.00019926108101605232,1.6,0.00023362314665083977,1.6,-7.00577517910208,32.04119982655924,-6.314841308886856,32.04119982655924,14.708330971221397,99.98754618243649,99.98754618243649,0.00011377307814709316,0.0006590092509828621,5,15,26,25,1,1,1,1,1,1,1,1
0.08,123,20260942,0.00016129379123577353,1.6,0.00019803603489714638,1.6,-7.9238234980843405,32.04119982655924,-7.032557777532412,32.04119982655924,18.55331211840088,99.98991913804775,99.98991913804775,0.0001227795721180873,0.00022906519352798317,4,9,26,25,1,1,1,1,1,1,1,1
0.08,124,20260943,0.00014578540829068143,1.6,0.00020888100682364065,1.6,-8.362859425198902,32.04119982655924,-6.8010104784492835,32.04119982655924,30.20647951310919,99.99088841198183,99.99088841198183,0.0007462555652208888,0.0005188122112812287,5,17,26,25,1,1,1,1,1,1,1,1
0.08,125,20260944,0.000142586335475725,1.6,0.00022737740038042176,1.6,-8.459220923792401,32.04119982655924,-6.4325270313915155,32.04119982655924,37.29089380159774,99.99108835403277,99.99108835403277,0.00025354837791617294,0.00020206550088217306,8,25,26,25,1,1,1,1,1,1,1,1
0.08,126,20260945,0.00010930702042627791,1.6,0.00013806401348499627,1.6,-9.613519438647563,32.04119982655924,-8.59919505936471,32.04119982655924,20.828739026801827,99.99316831122336,99.99316831122336,8.597864028790581e-05,0.00016481479659386804,9,15,26,25,1,1,1,1,1,1,1,1
0.08,127,20260946,0.00010954821776023422,1.6,0.00018749438141338657,1.6,-9.603946835819789,32.04119982655924,-7.270117421107857,32.04119982655924,41.57253303569512,99.99315323638999,99.99315323638999,0.00011860770309608115,0.00012732924159396082,6,25,26,25,1,1,1,1,1,1,1,1
0.08,128,20260947,0.0003499165377648474,1.6,0.0004498077938283364,1.6,-4.560355313945172,32.04119982655924,-3.4697302380631188,32.04119982655924,22.20754229563467,99.9781302163897,99.9781302163897,0.003023549877906708,0.008886871976923595,9,25,26,25,1,1,1,1,1,1,1,1
0.08,129,20260948,0.0001556360193756081,1.6,0.0001592541439274678,1.6,-8.078898854583464,32.04119982655924,-7.979092581359852,32.04119982655924,2.271918621789569,99.99027274878902,99.99027274878902,0.00022833078903001405,0.0005821920816382977,4,9,26,25,1,1,1,1,1,1,1,1
0.08,130,20260949,5.836197876545702e-05,1.6,7.194702994018821e-05,1.6,-12.338699917554475,32.04119982655924,-11.429871295551832,32.04119982655924,18.88201804303091,99.99635237632717,99.99635237632717,0.00011499302851761394,0.0006865230103642082,4,18,26,25,1,1,1,1,1,1,1,1
0.08,131,20260950,0.00010591580795834842,1.6,0.00013356635584636515,1.6,-9.750392165050654,32.04119982655924,-8.743029229260857,32.04119982655924,20.701731145395478,99.9933802620026,99.9933802620026,0.00034119001717836307,0.0019090943596168895,7,19,26,25,1,1,1,1,1,1,1,1
0.08,132,20260951,6.513103144759057e-05,1.6,0.00010807434567458526,1.6,-11.86212044066821,32.04119982655924,-9.66277385179249,32.04119982655924,39.734974992398435,99.99592931053452,99.99592931053452,0.0001635144511381857,0.0011553075799657414,4,14,26,25,1,1,1,1,1,1,1,1
0.08,133,20260952,0.00011430767999171521,1.6,0.0002347428929963435,1.6,-9.41924589674942,32.04119982655924,-6.294075474290245,32.04119982655924,51.30515836596777,99.99285577000053,99.99285577000053,0.0003063647490948235,0.000861645049104474,6,25,26,25,1,1,1,1,1,1,1,1
0.08,134,20260953,7.463585327471635e-05,1.6,8.37259298478277e-05,1.6,-11.270524977440887,32.04119982655924,-10.771400205508527,32.04119982655924,10.856943111450189,99.99533525917033,99.99533525917033,0.00035033273070225334,0.0012152774330909531,6,12,26,25,1,1,1,1,1,1,1,1
0.08,135,20260954,0.00012224546190218191,1.6,0.0002601018911497859,1.6,-9.12767254146448,32.04119982655924,-5.84856490122733,32.04119982655924,53.00093307211522,99.99235965863112,99.99235965863112,0.0003436984566169392,0.0005942724578490842,4,20,26,25,1,1,1,1,1,1,1,1
0.08,136,20260955,5.455890648336797e-05,1.6,7.864103372063229e-05,1.6,-12.631343427687034,32.04119982655924,-11.043507864244482,32.04119982655924,30.622851834342207,99.99659006834479,99.99659006834479,0.0004539892716549634,0.0021192243097213075,5,9,26,25,1,1,1,1,1,1,1,1
0.08,137,20260956,9.121545613351815e-05,1.6,0.0001487242179942387,1.6,-10.399315657860503,32.04119982655924,-8.276183059577448,32.04119982655924,38.668054629104404,99.99429903399165,99.99429903399165,0.0005861486189491765,0.004861733498959939,8,19,26,25,1,1,1,1,1,1,1,1
0.08,138,20260957,7.71280833570532e-05,1.6,0.000181782949347813,1.6,-11.127874607779924,32.04119982655924,-7.404468546202643,32.04119982655924,57.571332386361064,99.99517949479018,99.99517949479018,0.0009483555183122513,0.0006789324791098152,5,9,26,25,1,1,1,1,1,1,1,1
0.08,139,20260958,0.00011418903107991498,1.6,0.00018258405292294997,1.6,-9.423756121169562,32.04119982655924,-7.385371568674732,32.04119982655924,37.459471814823566,99.99286318555751,99.99286318555751,0.00019456848311010926,0.002179150755793202,7,11,26,25,1,1,1,1,1,1,1,1
0.08,140,20260959,0.00011049690312861193,1.6,0.00013934576010347758,1.6,-9.566498936802478,32.04119982655924,-8.559062410997763,32.04119982655924,20.703074821539325,99.99309394355446,99.99309394355446,0.0001731521060290792,0.0002190424855119076,6,24,26,25,1,1,1,1,1,1,1,1
0.08,141,20260960,9.960818746040722e-05,1.6,0.00015824427974788706,1.6,-10.017049625528525,32.04119982655924,-8.006719800077844,32.04119982655924,37.05416232479188,99.99377448828372,99.99377448828372,0.00012862912347262278,0.00014449058781986526,7,25,26,25,1,1,1,1,1,1,1,1
0.08,142,20260961,0.0001292963326431675,1.6,0.000251329348918696,1.6,-8.88413793258996,32.04119982655924,-5.997567938220644,32.04119982655924,48.55502025551567,99.99191897920981,99.99191897920981,0.0005844913059877865,0.0003492602124259942,4,22,26,25,1,1,1,1,1,1,1,1
0.08,143,20260962,0.000242200942712655,1.6,0.00025998709257161426,1.6,-6.158241707961569,32.04119982655924,-5.850482126602234,32.04119982655924,6.841166491394193,99.98486244108047,99.98486244108047,0.0008728206896470079,0.0008924024348877917,10,18,26,25,1,1,1,1,1,1,1,1
0.08,144,20260963,0.00020035973311257273,1.6,0.00029596304875311445,1.6,-6.98189555480298,32.04119982655924,-5.28762507604461,32.04119982655924,32.302449931948026,99.98747751668046,99.98747751668046,0.000436286215936165,0.004828013485367388,5,13,26,25,1,1,1,1,1,1,1,1
0.08,145,20260964,0.00018244984844996485,1.6,0.00019223344254963243,1.6,-7.3885649304129695,32.04119982655924,-7.16171056566841,32.04119982655924,5.089433955874541,99.98859688447187,99.98859688447187,0.00018209010202428744,0.0010131938067516595,4,10,26,25,1,1,1,1,1,1,1,1
0.08,146,20260965,4.87399467248983e-05,1.6,8.039744031949271e-05,1.6,-13.121149498557536,32.04119982655924,-10.94757778027866,32.04119982655924,39.37624564761039,99.9969537533297,99.9969537533297,0.00033837881001158994,0.0007144182009395584,7,9,26,25,1,1,1,1,1,1,1,1
0.08,147,20260966,0.0001596410639167546,1.6,0.00023672504746261193,1.6,-7.968553865530353,32.04119982655924,-6.257557877013017,32.04119982655924,32.562664733664015,99.9900224335052,99.9900224335052,0.00031849601206984315,0.00019155538592358336,5,25,26,25,1,1,1,1,1,1,1,1
0.08,148,20260967,9.453004405318596e-05,1.6,0.0001506420804097079,1.6,-10.244301397150217,32.04119982655924,-8.220536952204322,32.04119982655924,37.24858034615001,99.99409187224667,99.99409187224667,0.00012849014966427212,0.00016130089659094454,7,21,26,25,1,1,1,1,1,1,1,1
0.08,149,20260968,0.00011577326173465564,1.6,0.00016049151555248408,1.6,-9.363917309534983,32.04119982655924,-7.9454792180200196,32.04119982655924,27.863313312163616,99.99276417114157,99.99276417114157,0.0004305031046500572,0.0013056577877663847,4,25,26,25,1,1,1,1,1,1,1,1
0.08,150,20260969,7.448903225113415e-05,1.6,0.0001266700677320883,1.6,-11.279076679693286,32.04119982655924,-8.973259972282555,32.04119982655924,41.19444823485759,99.99534443548431,99.99534443548431,0.0008307575629672207,0.004201210967398358,8,14,26,25,1,1,1,1,1,1,1,1
0.08,151,20260970,0.00010550680307058226,1.6,0.00021689197235997258,1.6,-9.767195361884905,32.04119982655924,-6.637565218644821,32.04119982655924,51.35513688101185,99.99340582480808,99.99340582480808,0.00010529406982934982,0.0002304179328766915,9,25,26,25,1,1,1,1,1,1,1,1
0.08,152,20260971,0.00013089096249878091,1.6,0.00021540902348652052,1.6,-8.830903387235542,32.04119982655924,-6.667361080560415,32.04119982655924,39.236081952262516,99.99181931484382,99.99181931484382,0.00040600492894259685,0.0009602472939542355,3,11,26,25,1,1,1,1,1,1,1,1
0.08,153,20260972,6.521027660634416e-05,1.6,0.00012544664631699266,1.6,-11.856839576156634,32.04119982655924,-9.015409445964234,32.04119982655924,48.01752097735358,99.9959243577121,99.9959243577121,9.575851861541838e-05,0.0003129050238981766,6,13,26,25,1,1,1,1,1,1,1,1
0.08,154,20260973,0.0001452949149201095,1.6,0.0002679325251009819,1.6,-8.377495850191263,32.04119982655924,-5.719745629334886,32.04119982655924,45.77182637108024,99.9909190678175,99.9909190678175,0.0007316344388473338,0.0010572285511669033,5,20,26,25,1,1,1,1,1,1,1,1
0.08,155,20260974,0.00010164299364282979,1.6,0.00011372074817775105,1.6,-9.929225523641355,32.04119982655924,-9.441602917146248,32.04119982655924,10.620537350003316,99.99364731289732,99.99364731289732,0.00017935484480403907,0.0003944256775349709,8,12,26,25,1,1,1,1,1,1,1,1
0.08,156,20260975,5.783214925366299e-05,1.6,6.936569061527777e-05,1.6,-12.37830667429046,32.04119982655924,-11.588552854649969,32.04119982655924,16.627155672078793,99.99638549067164,99.99638549067164,0.00017607920946992892,0.00030517430488384426,4,14,26,25,1,1,1,1,1,1,1,1
0.08,157,20260976,8.557762895036036e-05,1.6,0.00013365869800502117,1.6,-10.676397504302562,32.04119982655924,-8.740027737374552,32.04119982655924,35.973019169208534,99.9946513981906,99.9946513981906,0.00037471232273954437,0.00022945479140357072,5,21,26,25,1,1,1,1,1,1,1,1
0.08,158,20260977,0.00013521415494491268,1.6,0.00023105826318747336,1.6,-8.689778417325206,32.04119982655924,-6.362784954744152,32.04119982655924,41.480493673059335,99.99154911531595,99.99154911531595,0.0012696621477887747,0.003069685115960133,23,25,26,25,1,1,1,1,1,1,1,1
0.08,159,20260978,8.00255180678273e-05,1.6,8.42341949237911e-05,1.6,-10.96771505646556,32.04119982655924,-10.74511570590791,32.04119982655924,4.9963994548431305,99.99499840512077,99.99499840512077,0.001898962929841384,0.004696660058702722,4,10,26,25,1,1,1,1,1,1,1,1
0.08,160,20260979,7.659489020935284e-05,1.6,9.067034720955468e-05,1.6,-11.158002020110265,32.04119982655924,-10.4253472119623,32.04119982655924,15.523770927744497,99.99521281936192,99.99521281936192,4.7852446978998555e-05,6.714608281297273e-05,5,12,26,25,1,1,1,1,1,1,1,1
0.08,161,20260980,8.721300549815089e-05,1.6,0.000122740479455489,1.6,-10.594187467770674,32.04119982655924,-9.110121845842158,32.04119982655924,28.945197309761117,99.99454918715637,99.99454918715637,0.000406877858351667,0.00012041427854161451,4,14,26,25,1,1,1,1,1,1,1,1
0.08,162,20260981,0.00011759415923107007,1.6,0.0001835683315035433,1.6,-9.296142486400731,32.04119982655924,-7.362022394721364,32.04119982655924,35.939844161627505,99.99265036504805,99.99265036504805,0.00016446993431398486,0.00021832574395188074,13,21,26,25,1,1,1,1,1,1,1,1
0.08,163,20260982,6.518435437591113e-05,1.6,9.904095404047692e-05,1.6,-11.858566316237752,32.04119982655924,-10.04185184837295,32.04119982655924,34.184444195407266,99.9959259778515,99.9959259778515,0.00031799276416155837,0.00037593825630153146,4,10,26,25,1,1,1,1,1,1,1,1
0.08,164,20260983,9.416209145250797e-05,1.6,0.00011538230462506422,1.6,-10.261239038583769,32.04119982655924,-9.37860790772638,32.04119982655924,18.391219729499692,99.99411486928423,99.99411486928423,0.0004868448030462325,0.000637874158517345,4,11,26,25,1,1,1,1,1,1,1,1
0.08,165,20260984,7.746023386425742e-05,1.6,7.068058147682521e-05,1.6,-11.109211961466931,32.04119982655924,-11.506998862855653,32.04119982655924,-9.591958987568786,99.9951587353835,99.9951587353835,0.0005993781609163765,0.004662803907459835,6,13,26,25,1,1,1,1,0,1,1,1
0.08,166,20260985,0.00011332892243873333,1.6,0.0002023095299194155,1.6,-9.456592405991467,32.04119982655924,-6.9398365902883254,32.04119982655924,43.98241027801566,99.99291694234759,99.99291694234759,0.0006943584029936842,0.0019420165116336467,3,12,26,25,1,1,1,1,1,1,1,1
0.08,167,20260986,0.00011503360680699984,1.6,0.00015557761031221386,1.6,-9.391752629625442,32.04119982655924,-8.080529036028189,32.04119982655924,26.060307407891226,99.99281039957457,99.99281039957457,7.248563625196582e-05,0.00027886800447245744,6,12,26,25,1,1,1,1,1,1,1,1
0.08,168,20260987,6.079714393372921e-05,1.6,6.82608462914099e-05,1.6,-12.161168220916633,32.04119982655924,-11.658283316827678,32.04119982655924,10.934089984495174,99.99620017850414,99.99620017850414,0.00039485774906386267,0.00035203892886759855,4,11,26,25,1,1,1,1,1,1,1,1
0.08,169,20260988,8.83274129013211e-05,1.6,0.0001311476925827607,1.6,-10.539044898068926,32.04119982655924,-8.822393459992083,32.04119982655924,32.6504255150489,99.99447953669367,99.99447953669367,0.0004165961147385578,0.0017354323480765538,8,13,26,25,1,1,1,1,1,1,1,1
0.08,170,20260989,0.00012691578821995893,1.6,0.00019000991287745434,1.6,-8.964843486672862,32.04119982655924,-7.212237411751877,32.04119982655924,33.205701587889024,99.99206776323625,99.99206776323625,0.00021414290698666422,0.0003069522834841545,6,15,26,25,1,1,1,1,1,1,1,1
0.08,171,20260990,0.00016315469765993386,1.6,0.00033635154193675505,1.6,-7.874004171968791,32.04119982655924,-4.732065770399297,32.04119982655924,51.49280520003913,99.98980283139626,99.98980283139626,0.0008191936900151916,0.00487665372551907,6,25,26,25,1,1,1,1,1,1,1,1
0.08,172,20260991,0.0001040050687388607,1.6,0.0001455174278953206,1.6,-9.829454946274197,32.04119982655924,-8.370849902828173,32.04119982655924,28.527414040277176,99.99349968320382,99.99349968320382,0.0003044125961053888,0.0008722575630664231,9,16,26,25,1,1,1,1,1,1,1,1
0.08,173,20260992,6.247532898871098e-05,1.6,0.00011246923396630313,1.6,-12.042914482450403,32.04119982655924,-9.48966262850611,32.04119982655924,44.451182972021314,99.99609529193822,99.99609529193822,0.00031101669639322456,0.00031393816767403117,4,13,26,25,1,1,1,1,1,1,1,1
0.08,174,20260993,0.0001085704760920685,1.6,0.00018413787212790715,1.6,-9.64288257744535,32.04119982655924,-7.348568798032349,32.04119982655924,41.03848663101064,99.99321434524425,99.99321434524425,0.00026392990023412914,0.00016328365215198738,3,15,26,25,1,1,1,1,1,1,1,1
0.08,175,20260994,0.00012443115131309887,1.6,0.00026793635761244853,1.6,-9.050708804991393,32.04119982655924,-5.719683508221475,32.04119982655924,53.559437613509715,99.99222305304293,99.99222305304293,0.00022814006965501813,0.002382865599927204,4,17,26,25,1,1,1,1,1,1,1,1
0.08,176,20260995,0.00011501130926862593,1.6,0.0001500375708238409,1.6,-9.392594525901295,32.04119982655924,-8.237999758885616,32.04119982655924,23.344993765821037,99.9928117931707,99.9928117931707,0.00018625052616013242,0.0011025630233925182,9,15,26,25,1,1,1,1,1,1,1,1
0.08,177,20260996,7.494840854502851e-05,1.6,0.00014060279287827357,1.6,-11.25237584529515,32.04119982655924,-8.520060525766773,32.04119982655924,46.69493613123684,99.99531572446594,99.99531572446594,0.0006696141833841639,0.0007996972974263545,4,16,26,25,1,1,1,1,1,1,1,1
0.08,178,20260997,9.899202085291479e-05,1.6,0.00016135957482498841,1.6,-10.043998098388547,32.04119982655924,-7.92205259139643,32.04119982655924,38.65128799435538,99.9938129986967,99.9938129986967,0.0002770008205174312,0.0006737452918031307,4,22,26,25,1,1,1,1,1,1,1,1
0.08,179,20260998,9.864377491552076e-05,1.6,0.0001144889520860038,1.6,-10.059303164446543,32.04119982655924,-9.412364196959517,32.04119982655924,13.839918072252237,99.99383476406778,99.99383476406778,6.472996225300506e-05,6.47726084602943e-05,9,14,26,25,1,1,1,1,1,1,1,1
0.08,180,20260999,5.027950175535401e-05,1.6,5.665903673206456e-05,1.6,-12.986090346052627,32.04119982655924,-12.467308132519578,32.04119982655924,11.25951894819319,99.9968575311403,99.9968575311403,0.00016471077230304854,0.0016617084841272344,6,10,26,25,1,1,1,1,1,1,1,1
0.08,181,20261000,9.13221032303587e-05,1.6,0.0001505731576954954,1.6,-10.394240948732126,32.04119982655924,-8.222524418387703,32.04119982655924,39.350343296220366,99.9942923685481,99.9942923685481,0.00031554154631312464,0.0008299808452517301,11,8,26,25,1,1,1,1,1,1,1,1
0.08,182,20261001,8.82559607082836e-05,1.6,0.00011572979687767102,1.6,-10.542559531889239,32.04119982655924,-9.365548091251657,32.04119982655924,23.739639151382836,99.99448400245574,99.99448400245574,0.000270846354114275,0.0035414215660246745,13,16,26,25,1,1,1,1,1,1,1,1
0.08,183,20261002,6.913882053188364e-05,1.6,0.00010361901793967882,1.6,-11.602780335420025,32.04119982655924,-9.845605281017782,32.04119982655924,33.27593533830597,99.99567882371676,99.99567882371676,0.00025304811819209697,0.00024367704201574226,3,17,26,25,1,1,1,1,1,1,1,1
0.08,184,20261003,6.339989076927558e-05,1.6,8.194241708137247e-05,1.6,-11.97911490357096,32.04119982655924,-10.864912296723544,32.04119982655924,22.62872755350057,99.99603750682691,99.99603750682691,0.0001733385215971957,0.00017553720327596783,3,15,26,25,1,1,1,1,1,1,1,1
0.08,185,20261004,0.00011829135570423633,1.6,0.00012900885229032665,1.6,-9.270469908506596,32.04119982655924,-8.893804883911567,32.04119982655924,8.307566803223116,99.99260679026848,99.99260679026848,0.003641265950056239,0.0075098095393999345,8,14,26,25,1,1,1,1,1,1,1,1
0.08,186,20261005,8.84128760830202e-05,1.6,0.0001378957284313604,1.6,-10.534844815413864,32.04119982655924,-8.604491866698483,32.04119982655924,35.8842532043848,99.99447419524482,99.99447419524482,0.0002282292337912828,0.00018910064899308425,4,25,26,25,1,1,1,1,1,1,1,1
0.08,187,20261006,4.7217570727544847e-05,1.6,0.00011381837211495136,1.6,-13.258963604754499,32.04119982655924,-9.437876301716365,32.04119982655924,58.514983257837095,99.99704890182952,99.99704890182952,0.0010130806474182123,0.009394200699800096,5,11,26,25,1,1,1,1,1,1,1,1
0.08,188,20261007,5.2719471185403806e-05,1.6,5.082408409403939e-05,1.6,-12.780289546813627,32.04119982655924,-12.939304390841937,32.04119982655924,-3.729308899807022,99.99670503305092,99.99670503305092,0.00011028810684466269,0.0012973413967582838,4,15,26,25,1,1,1,1,0,1,1,1
0.08,189,20261008,7.852202011282093e-05,1.6,9.409648005425481e-05,1.6,-11.050085359624347,32.04119982655924,-10.264266222858772,32.04119982655924,16.55158612995284,99.99509237374295,99.99509237374295,0.0012471691854731657,0.0104023234371148,4,10,26,25,1,1,1,1,1,1,1,1
0.08,190,20261009,0.00010351910599299255,1.6,0.00010451779607099356,1.6,-9.84979487293484,32.04119982655924,-9.808097566590012,32.04119982655924,0.9555215623975232,99.99353005587544,99.99353005587544,0.0005442742123784933,0.0010080457156817775,4,9,26,25,1,1,1,1,1,1,1,1
0.08,191,20261010,0.00011797022363952492,1.6,0.00016955013221467858,1.6,-9.282275972780011,32.04119982655924,-7.707018672242438,32.04119982655924,30.42162686717634,99.99262686102253,99.99262686102253,0.0004556984244397084,0.0004828938990917448,4,25,26,25,1,1,1,1,1,1,1,1
0.08,192,20261011,0.0001019496893668786,1.6,0.00015832218027438756,1.6,-9.916140931468128,32.04119982655924,-8.00458238037286,32.04119982655924,35.60618658093895,99.99362814441457,99.99362814441457,0.000706220273972522,0.001929300885940733,7,18,26,25,1,1,1,1,1,1,1,1
0.08,193,20261012,7.082120829734844e-05,1.6,0.0001153306551396369,1.6,-11.498366679140501,32.04119982655924,-9.380552409406027,32.04119982655924,38.59290211123706,99.99557367448142,99.99557367448142,9.43545653062292e-05,9.439837860078176e-05,3,25,26,25,1,1,1,1,1,1,1,1
0.08,194,20261013,6.706165605825999e-05,1.6,0.00010116368835920469,1.6,-11.735257260625287,32.04119982655924,-9.949753449578363,32.04119982655924,33.709755796820765,99.99580864649634,99.99580864649634,0.0010796436982783788,0.0010873857068357056,5,12,26,25,1,1,1,1,1,1,1,1
0.08,195,20261014,0.0001095821430471226,1.6,0.00014452712306977397,1.6,-9.602602105225996,32.04119982655924,-8.400506422212072,32.04119982655924,24.178838740034166,99.99315111605956,99.99315111605956,0.00016270718868744693,0.0001338118074111424,6,11,26,25,1,1,1,1,1,1,1,1
0.08,196,20261015,0.00013635471036498536,1.6,0.0001799842045237805,1.6,-8.653298547873572,32.04119982655924,-7.447656070587242,32.04119982655924,24.240735054631187,99.9914778306022,99.9914778306022,0.00036013663122723535,0.000515080304364461,5,10,26,25,1,1,1,1,1,1,1,1
0.08,197,20261016,5.58518747853652e-05,1.6,7.348762425748679e-05,1.6,-12.529622442981772,32.04119982655924,-11.337857924698769,32.04119982655924,23.998257734294477,99.99650925782592,99.99650925782592,8.011230061537964e-05,9.071036052709002e-05,5,14,26,25,1,1,1,1,1,1,1,1
0.08,198,20261017,0.00013718478284569264,1.6,0.00017628995574818436,1.6,-8.626940598586202,32.04119982655924,-7.537724312480675,32.04119982655924,22.182303431030544,99.99142595107213,99.99142595107213,0.0002301037840684681,0.00018197160286719777,4,16,26,25,1,1,1,1,1,1,1,1
0.08,199,20261018,0.00013197512495562982,1.6,0.0002448687055475845,1.6,-8.795079181315895,32.04119982655924,-6.110667145748901,32.04119982655924,46.103719272537454,99.99175155469028,99.99175155469028,0.0004667848219692846,0.0013044391324217117,5,18,26,25,1,1,1,1,1,1,1,1
0.08,200,20261019,8.103765876176057e-05,1.6,0.00012017492011594769,1.6,-10.91313114557153,32.04119982655924,-9.201861578884326,32.04119982655924,32.566912727236705,99.99493514632739,99.99493514632739,0.0022101830119973967,0.004747085797641533,7,22,26,25,1,1,1,1,1,1,1,1
0.08,201,20261020,0.00010589826461368553,1.6,0.00013130859495825298,1.6,-9.751111567468644,32.04119982655924,-8.817068457248903,32.04119982655924,19.35161240027446,99.99338135846166,99.99338135846166,0.0005594878232606181,0.0005751412154834411,9,14,26,25,1,1,1,1,1,1,1,1
0.08,202,20261021,8.999749815091772e-05,1.6,0.000126539136371219,1.6,-10.457695633868225,32.04119982655924,-8.977751339237637,32.04119982655924,28.877736381179055,99.99437515636558,99.99437515636558,0.00037968680416164657,0.0003557609788016927,8,17,26,25,1,1,1,1,1,1,1,1
0.08,203,20261022,8.852021220344596e-05,1.6,0.00012842696465044105,1.6,-10.529575536390956,32.04119982655924,-8.913437818012577,32.04119982655924,31.07349967790276,99.99446748673729,99.99446748673729,0.00033026082833962847,0.0008404887415554532,7,19,26,25,1,1,1,1,1,1,1,1
0.08,204,20261023,7.636713452647837e-05,1.6,0.00013500933665839686,1.6,-11.170935048365227,32.04119982655924,-8.696361965493661,32.04119982655924,43.435664216539394,99.99522705409208,99.99522705409208,0.0006913864713418241,0.000693205710574474,6,21,26,25,1,1,1,1,1,1,1,1
0.08,205,20261024,0.00011092911212050394,1.6,0.00018047563374571127,1.6,-9.549544631014465,32.04119982655924,-7.435814244735797,32.04119982655924,38.53513085494845,99.99306693049249,99.99306693049249,0.0003002019391738134,0.00032701365028575257,5,13,26,25,1,1,1,1,1,1,1,1
0.08,206,20261025,6.981115213211508e-05,1.6,9.386792085216343e-05,1.6,-11.560751945320536,32.04119982655924,-10.274828015272687,32.04119982655924,25.628317429056917,99.99563680299175,99.99563680299175,0.0004079567099601974,0.0006311746268976121,5,25,26,25,1,1,1,1,1,1,1,1
0.08,207,20261026,0.00017672749689666626,1.6,0.00024923652019770523,1.6,-7.526958736882586,32.04119982655924,-6.033883209282882,32.04119982655924,29.092455328585743,99.98895453144395,99.98895453144395,0.0009734903871068644,0.000978372592049469,7,11,26,25,1,1,1,1,1,1,1,1
0.08,208,20261027,0.00012024314469553899,1.6,0.00014174280699269303,1.6,-9.199396742536422,32.04119982655924,-8.484989709722273,32.04119982655924,15.168079956439955,99.99248480345652,99.99248480345652,0.00029521521359546405,0.0006165498979489852,3,18,26,25,1,1,1,1,1,1,1,1
0.08,209,20261028,0.00011374309512474555,1.6,0.00013584946669317727,1.6,-9.440749581015336,32.04119982655924,-8.669420621608118,32.04119982655924,16.272696615261697,99.99289105655471,99.99289105655471,0.0003620353736595349,0.0027161868740442187,5,19,26,25,1,1,1,1,1,1,1,1
0.08,210,20261029,0.00010547758302278888,1.6,0.00015464613349122332,1.6,-9.768398304513383,32.04119982655924,-8.106609338852945,32.04119982655924,31.794232004659147,99.99340765106108,99.99340765106108,0.0006852608155029113,0.0006910093252643346,4,10,26,25,1,1,1,1,1,1,1,1
0.08,211,20261030,0.0001198533501161774,1.6,0.00017240308440634103,1.6,-9.213498221506832,32.04119982655924,-7.634549686234223,32.04119982655924,30.480739060507688,99.99250916561773,99.99250916561773,0.00034047897980933313,0.00014394746864741315,10,25,26,25,1,1,1,1,1,1,1,1
0.08,212,20261031,0.00011391972474709462,1.6,0.00017741514983980598,1.6,-9.434010730485316,32.04119982655924,-7.510092976333603,32.04119982655924,35.789178742651615,99.99288001720332,99.99288001720332,0.00013291909097586793,0.00021518593991325672,4,13,26,25,1,1,1,1,1,1,1,1
0.08,213,20261032,6.863166503437825e-05,1.6,0.00010728360006752683,1.6,-11.634754648063847,32.04119982655924,-9.694666614872887,32.04119982655924,36.027813206137886,99.99571052093533,99.99571052093533,0.00016094978589866507,0.0006624471173618056,3,10,26,25,1,1,1,1,1,1,1,1
0.08,214,20261033,8.116256000474915e-05,1.6,0.00012003076287553007,1.6,-10.906442630383706,32.04119982655924,-9.207074336615651,32.04119982655924,32.38186773093045,99.99492733999969,99.99492733999969,0.00017889030903063525,0.001108231223382662,6,25,26,25,1,1,1,1,1,1,1,1
0.08,215,20261034,7.10675143645405e-05,1.6,0.00015434655042499207,1.6,-11.483288740417706,32.04119982655924,-8.115030723570204,32.04119982655924,53.95587775116668,99.99555828035223,99.99555828035223,0.0004299533410628319,0.00156161560572332,5,25,26,25,1,1,1,1,1,1,1,1
0.08,216,20261035,0.0001073729250539663,1.6,9.707452007713914e-05,1.6,-9.691052156759024,32.04119982655924,-10.12894747867832,32.04119982655924,-10.608762184601748,99.99328919218414,99.99328919218414,0.00015495891650353107,0.00023904598823850732,8,10,26,25,1,1,1,1,0,1,1,1
0.08,217,20261036,0.0001348752912556704,1.6,0.00015461372020503418,1.6,-8.700676044733044,32.04119982655924,-8.107519700234521,32.04119982655924,12.766285503762887,99.99157029429651,99.99157029429651,0.0005555233881990364,0.0036312765664638317,4,13,26,25,1,1,1,1,1,1,1,1
0.08,218,20261037,6.468699116636079e-05,1.6,8.370819590505367e-05,1.6,-11.891830490486633,32.04119982655924,-10.77232017967548,32.04119982655924,22.723228631360968,99.9959570630521,99.9959570630521,0.00016747435173552222,0.0002387915299689019,5,14,26,25,1,1,1,1,1,1,1,1
0.08,219,20261038,7.860856901713241e-05,1.6,0.00010543434409904122,1.6,-11.045301095075144,32.04119982655924,-9.770178993401524,32.04119982655924,25.443108989903372,99.99508696443642,99.99508696443642,0.0002010776572067496,0.0003221498755210278,4,24,26,25,1,1,1,1,1,1,1,1
0.08,220,20261039,9.515254959703265e-05,1.6,0.00018289100561427263,1.6,-10.215795703713109,32.04119982655924,-7.378076521405302,32.04119982655924,47.97308414514669,99.99405296565018,99.99405296565018,0.00037438626220683073,0.0008318030086287255,5,23,26,25,1,1,1,1,1,1,1,1
0.08,221,20261040,0.00013124063084333763,1.6,0.00020528093806438264,1.6,-8.819316907279129,32.04119982655924,-6.876513763858741,32.04119982655924,36.06779466188118,99.9917974605723,99.9917974605723,0.0008828503867502979,0.000921176880665081,5,12,26,25,1,1,1,1,1,1,1,1
0.08,222,20261041,0.00017838423370370625,1.6,0.0003007753040367799,1.6,-7.486435329086813,32.04119982655924,-5.217578255300475,32.04119982655924,40.691861562579355,99.98885098539351,99.98885098539351,0.0005167985043955064,0.001000183417646434,3,11,26,25,1,1,1,1,1,1,1,1
0.08,223,20261042,0.00010743570041449507,1.6,0.00013644461012727284,1.6,-9.688513804922007,32.04119982655924,-8.650436152759921,32.04119982655924,21.260575764567637,99.99328526872411,99.99328526872411,0.00015787937555661913,0.0014812118441292245,5,12,26,25,1,1,1,1,1,1,1,1
0.08,224,20261043,4.879781533899722e-05,1.6,7.695735426724868e-05,1.6,-13.115996207730358,32.04119982655924,-11.137498714131436,32.04119982655924,36.59109541430211,99.99695013654133,99.99695013654133,0.00029475085944159226,0.0005776622018006007,5,12,26,25,1,1,1,1,1,1,1,1
0.08,225,20261044,9.896087310699927e-05,1.6,0.00024358775933446913,1.6,-10.045364816905852,32.04119982655924,-6.133445394671698,32.04119982655924,59.37362641810067,99.99381494543081,99.99381494543081,0.00034133031300891234,0.00034172399560116753,11,15,26,25,1,1,1,1,1,1,1,1
0.08,226,20261045,0.00011480066311964687,1.6,0.00020975166740434803,1.6,-9.400556033285355,32.04119982655924,-6.782945780957857,32.04119982655924,45.26829534168122,99.992824958555,99.992824958555,0.0008041080651742024,0.003490725530352298,8,25,26,25,1,1,1,1,1,1,1,1
0.08,227,20261046,0.00018406267223134562,1.6,0.00024467593575030306,1.6,-7.3503427715405785,32.04119982655924,-6.114087420694291,32.04119982655924,24.772874918445005,99.98849608298553,99.98849608298553,0.0005321654645727969,0.0022862985953384456,5,24,26,25,1,1,1,1,1,1,1,1
0.08,228,20261047,7.498598565158486e-05,1.6,0.00010952165187915155,1.6,-11.25019895580259,32.04119982655924,-9.605000145034484,32.04119982655924,31.5331860276122,99.99531337589677,99.99531337589677,0.0008599604742503856,0.005826929010336263,4,23,26,25,1,1,1,1,1,1,1,1
0.08,229,20261048,9.149063509675097e-05,1.6,0.00012617759755287342,1.6,-10.386233576707241,32.04119982655924,-8.99017745906601,32.04119982655924,27.49058717938201,99.99428183530644,99.99428183530644,0.00026079773754300026,0.0024014777764332414,4,11,26,25,1,1,1,1,1,1,1,1
0.08,230,20261049,6.415319941807733e-05,1.6,8.457636378927888e-05,1.6,-11.927816798195636,32.04119982655924,-10.727509905085544,32.04119982655924,24.147602777160827,99.99599042503637,99.99599042503637,0.00011976846281994044,0.0002777795579905478,6,14,26,25,1,1,1,1,1,1,1,1
0.08,231,20261050,7.43246026270546e-05,1.6,0.00013097974337954342,1.6,-11.288674040515653,32.04119982655924,-8.827958647925234,32.04119982655924,43.25488758083588,99.99535471233581,99.99535471233581,0.0002896149239163708,0.0016570427863623496,3,11,26,25,1,1,1,1,1,1,1,1
0.08,232,20261051,7.435994682660231e-05,1.6,0.00013843390220120983,1.6,-11.286609294558335,32.04119982655924,-8.587575389552786,32.04119982655924,46.28487267625947,99.99535250332333,99.99535250332333,0.00022743987836958203,0.00023482087619881604,6,16,26,25,1,1,1,1,1,1,1,1
0.08,233,20261052,8.077851631583596e-05,1.6,0.00020257137983220792,1.6,-10.927041279147659,32.04119982655924,-6.934219136596209,32.04119982655924,60.12343087027117,99.99495134273026,99.99495134273026,0.0002542008613558897,0.0005316752518080695,4,12,26,25,1,1,1,1,1,1,1,1
0.08,234,20261053,8.937909665385347e-05,1.6,0.0001380116760577277,1.6,-10.48764039027072,32.04119982655924,-8.600841698818527,32.04119982655924,35.238018110534455,99.99441380645914,99.99441380645914,0.0003859821911016745,0.0003589531457441127,7,15,26,25,1,1,1,1,1,1,1,1
0.08,235,20261054,0.00011972300736927056,1.6,0.00019057472628216464,1.6,-9.218223824810686,32.04119982655924,-7.19934695324064,32.04119982655924,37.177919808732206,99.99251731203942,99.99251731203942,0.00041290981495557355,0.0009915616709299045,4,11,26,25,1,1,1,1,1,1,1,1
0.08,236,20261055,8.315780952784918e-05,1.6,0.00014490362588419516,1.6,-10.80096959005035,32.04119982655924,-8.389207471596318,32.04119982655924,42.6116434144252,99.99480263690451,99.99480263690451,0.0005677226640061114,0.0060173320784471206,4,25,26,25,1,1,1,1,1,1,1,1
0.08,237,20261056,0.00013420898840899753,1.6,0.00015434184893553548,1.6,-8.722183970902242,32.04119982655924,-8.115163014315959,32.04119982655924,13.04433027425175,99.99161193822442,99.99161193822442,0.0003167898298571706,0.00046922476749983074,5,20,26,25,1,1,1,1,1,1,1,1
0.08,238,20261057,0.0001399487229522099,1.6,0.0001572460337351703,1.6,-8.540310601655845,32.04119982655924,-8.034203000871642,32.04119982655924,11.000157124530135,99.99125320481548,99.99125320481548,0.00033009877413014055,0.00025797097488221814,12,25,26,25,1,1,1,1,1,1,1,1
0.08,239,20261058,7.900472612476636e-05,1.6,9.973371832834483e-05,1.6,-11.023469280954622,32.04119982655924,-10.011579890477634,32.04119982655924,20.78433708380768,99.9950622046172,99.9950622046172,0.000295622478717299,0.002510782847561207,8,14,26,25,1,1,1,1,1,1,1,1
0.08,240,20261059,0.0002112767796692847,1.6,0.0002437883955737238,1.6,-6.751482313700371,32.04119982655924,-6.129869708187127,32.04119982655924,13.335998142129498,99.98679520127067,99.98679520127067,0.0001767119128086984,0.0007180250258409428,10,20,26,25,1,1,1,1,1,1,1,1
0.08,241,20261060,9.972350097348577e-05,1.6,0.00012260134911404053,1.6,-10.012024832090113,32.04119982655924,-9.11504750783676,32.04119982655924,18.66035594704133,99.99376728118915,99.99376728118915,0.0006644347407041497,0.0008713660881734659,7,19,26,25,1,1,1,1,1,1,1,1
0.08,242,20261061,8.46894768551193e-05,1.6,0.00012709700122938346,1.6,-10.72170549854361,32.04119982655924,-8.958646962193606,32.04119982655924,33.36626668140459,99.99470690769655,99.99470690769655,0.0005683974869008239,0.0005690951119342358,5,12,26,25,1,1,1,1,1,1,1,1
0.08,243,20261062,0.0002524274199828414,1.6,0.00035685408553906404,1.6,-5.978634715339053,32.04119982655924,-4.47509326742518,32.04119982655924,29.263127364361157,99.98422328625107,99.98422328625107,0.0007287990479233872,0.00046746782587784317,10,12,26,25,1,1,1,1,1,1,1,1
0.08,244,20261063,7.999172833193362e-05,1.6,0.00010454884577720835,1.6,-10.9695491957714,32.04119982655924,-9.806807574456046,32.04119982655924,23.48865476487946,99.99500051697926,99.99500051697926,9.574153574755818e-05,0.0005667593391152331,9,13,26,25,1,1,1,1,1,1,1,1
0.08,245,20261064,8.471001208653698e-05,1.6,0.0001590591937612943,1.6,-10.72065256293103,32.04119982655924,-7.9844122322809135,32.04119982655924,46.743089736979144,99.99470562424459,99.99470562424459,0.0001388568526310983,0.00013891708245839708,4,25,26,25,1,1,1,1,1,1,1,1
0.08,246,20261065,9.732069655102398e-05,1.6,0.00015092397385471428,1.6,-10.117947913648987,32.04119982655924,-8.212417682705816,32.04119982655924,35.5167412668918,99.99391745646555,99.99391745646555,0.0010276277209266965,0.004695846209987761,6,25,26,25,1,1,1,1,1,1,1,1
0.08,247,20261066,0.00017909482980673426,1.6,0.0002672777069601944,1.6,-7.469169513861209,32.04119982655924,-5.730372632708761,32.04119982655924,32.99297878464409,99.98880657313707,99.98880657313707,0.0003480282141403374,0.0008531662339348585,6,21,26,25,1,1,1,1,1,1,1,1
0.08,248,20261067,0.00018804531458502396,1.6,0.0003137473190837522,1.6,-7.257374831680372,32.04119982655924,-5.03419976465829,32.04119982655924,40.06472624716617,99.98824716783844,99.98824716783844,0.00033467262927579456,0.0007093427803938068,4,25,26,25,1,1,1,1,1,1,1,1
0.08,249,20261068,0.00011048548310770398,1.6,0.00016651171196186223,1.6,-9.566947809869008,32.04119982655924,-7.785552140404125,32.04119982655924,33.647019896708805,99.99309465730576,99.99309465730576,0.00043852959864514485,0.0005719586528402487,9,13,26,25,1,1,1,1,1,1,1,1
0.08,250,20261069,0.0001222260921286969,1.6,0.00030858612289849164,1.6,-9.128360734885689,32.04119982655924,-5.106236080334639,32.04119982655924,60.391578538707414,99.99236086924195,99.99236086924195,0.00020443154696380328,0.0009299551327975912,7,13,26,25,1,1,1,1,1,1,1,1
0.08,251,20261070,6.336678227200914e-05,1.6,6.635683094659902e-05,1.6,-11.98138345533601,32.04119982655924,-11.781143630827122,32.04119982655924,4.506014877347199,99.99603957610799,99.99603957610799,0.0003336237215087152,0.001368190751229537,4,9,26,25,1,1,1,1,1,1,1,1
0.08,252,20261071,7.202658035726317e-05,1.6,0.00015839469307455252,1.6,-11.425072039547459,32.04119982655924,-8.002593732960662,32.04119982655924,54.52715052557851,99.99549833872766,99.99549833872766,0.00022218074747512237,0.0009302666883467682,6,25,26,25,1,1,1,1,1,1,1,1
0.08,253,20261072,0.0001495001756177563,1.6,0.0002308162284352905,1.6,-8.253582971738146,32.04119982655924,-6.367336596752099,32.04119982655924,35.22978144508207,99.99065623902389,99.99065623902389,0.0003729969819953257,0.0004124202165539658,6,25,26,25,1,1,1,1,1,1,1,1
0.08,254,20261073,0.00012891113124091042,1.6,0.0001722001948186136,1.6,-8.89709580491559,32.04119982655924,-7.639663615432177,32.04119982655924,25.138800582253428,99.99194305429744,99.99194305429744,0.00043406977258802517,0.002901126516158584,6,13,26,25,1,1,1,1,1,1,1,1
0.08,255,20261074,0.00011395348642652632,1.6,0.00015391183441953413,1.6,-9.432723829659306,32.04119982655924,-8.127279855908734,32.04119982655924,25.961842468909193,99.99287790709833,99.99287790709833,0.0006973361479521371,0.0023749650845086307,5,25,26,25,1,1,1,1,1,1,1,1
0.08,256,20261075,0.00011042213445369749,1.6,0.00016921625664262873,1.6,-9.569438622266414,32.04119982655924,-7.7155791652724925,32.04119982655924,34.74496088936641,99.99309861659664,99.99309861659664,0.00026568627760553275,0.0006839511331492796,7,25,26,25,1,1,1,1,1,1,1,1
0.08,257,20261076,5.738839572279248e-05,1.6,0.00010823216066248797,1.6,-12.4117591566909,32.04119982655924,-9.656436715501089,32.04119982655924,46.97657759808297,99.99641322526732,99.99641322526732,0.0003510060925268495,0.0019113368008560941,8,15,26,25,1,1,1,1,1,1,1,1
0.08,258,20261077,0.00011008306387922648,1.6,0.00016465868748416127,1.6,-9.582794914693576,32.04119982655924,-7.834153507285675,32.04119982655924,33.144697336534094,99.99311980850756,99.99311980850756,0.00010529902491432699,0.00010534871784542015,8,17,26,25,1,1,1,1,1,1,1,1
0.08,259,20261078,0.00011909801608689424,1.6,0.0001296959191465516,1.6,-9.240954728555145,32.04119982655924,-8.870736886808867,32.04119982655924,8.171346584684844,99.99255637399457,99.99255637399457,0.0002075589883510723,0.0006827963176773029,3,13,26,25,1,1,1,1,1,1,1,1
0.08,260,20261079,0.00012095986814250576,1.6,0.00016681371083020303,1.6,-9.173586952639447,32.04119982655924,-7.777682564969389,32.04119982655924,27.48805386529117,99.99244000824109,99.99244000824109,0.0002793677535112465,0.0041217226482828375,16,20,26,25,1,1,1,1,1,1,1,1
0.08,261,20261080,8.421442270370089e-05,1.6,0.00011447724761916073,1.6,-10.74613524127015,32.04119982655924,-9.412808208815813,32.04119982655924,26.435667824699316,99.99473659858101,99.99473659858101,7.362952130028081e-05,0.0003063514588619779,5,25,26,25,1,1,1,1,1,1,1,1
0.08,262,20261081,7.466053351001693e-05,1.6,0.00012574521338444138,1.6,-11.269089110126,32.04119982655924,-9.005085378051515,32.04119982655924,40.625546292758706,99.99533371665564,99.99533371665564,0.00016337778556374812,0.0001641076756806256,4,8,26,25,1,1,1,1,1,1,1,1
0.08,263,20261082,5.482574153165737e-05,1.6,9.707733667903553e-05,1.6,-12.61015485670885,32.04119982655924,-10.128821470647098,32.04119982655924,43.52364474838612,99.99657339115427,99.99657339115427,0.0007237086335755055,0.0008521171636372469,7,25,26,25,1,1,1,1,1,1,1,1
0.08,264,20261083,0.00010314974789217073,1.6,0.00013789501924892702,1.6,-9.865318291466988,32.04119982655924,-8.604514202039322,32.04119982655924,25.19690090766396,99.99355314075673,99.99355314075673,0.00014330443145257332,0.0025805195314849644,4,13,26,25,1,1,1,1,1,1,1,1
0.08,265,20261084,9.491287352333548e-05,1.6,0.00015130953379236737,1.6,-10.226748779734578,32.04119982655924,-8.201337068547286,32.04119982655924,37.27237726237496,99.9940679454048,99.9940679454048,0.0010129073711461006,0.003752392908450852,11,18,26,25,1,1,1,1,1,1,1,1
0.08,266,20261085,8.718078281955929e-05,1.6,9.676420867020783e-05,1.6,-10.595792356545523,32.04119982655924,-10.142852506605347,32.04119982655924,9.90389523394008,99.99455120107378,99.99455120107378,0.002268609430704039,0.008637254501677159,4,13,26,25,1,1,1,1,1,1,1,1
0.08,267,20261086,0.00015730246750441268,1.6,0.00023298643922132182,1.6,-8.032644648201618,32.04119982655924,-6.3266935598144824,32.04119982655924,32.48428190492852,99.99016859578099,99.99016859578099,0.0005849220425738134,0.0009621104995127423,7,24,21,25,1,1,1,1,1,1,1,1
0.08,268,20261087,0.00010854047832796937,1.6,0.0001713390821859739,1.6,-9.644082688562303,32.04119982655924,-7.661435638191721,32.04119982655924,36.65165183378421,99.99321622010451,99.99321622010451,0.0006312566687539972,0.0010598669072852073,4,13,26,25,1,1,1,1,1,1,1,1
0.08,269,20261088,9.393253050137229e-05,1.6,0.00014420727406387775,1.6,-10.271839778020443,32.04119982655924,-8.410128325005918,32.04119982655924,34.862834686297354,99.99412921684367,99.99412921684367,0.00040480700569779453,0.0004060462858967781,6,15,26,25,1,1,1,1,1,1,1,1
0.08,270,20261089,6.064705444664035e-05,1.6,8.790305037415767e-05,1.6,-12.171902874377256,32.04119982655924,-10.559960539628776,32.04119982655924,31.006882936943246,99.99620955909708,99.99620955909708,0.00011391772005616408,0.0008633592661921888,4,19,26,25,1,1,1,1,1,1,1,1
0.08,271,20261090,7.078501633527786e-05,1.6,0.0001022146721105392,1.6,-11.500586633778727,32.04119982655924,-9.904867601768757,32.04119982655924,30.748673479353336,99.99557593647904,99.99557593647904,0.00024515070616489964,3.568356644881088e-05,3,14,26,25,1,1,1,1,1,1,1,1
0.08,272,20261091,9.01597806782924e-05,1.6,0.00013177419664039112,1.6,-10.449871534207256,32.04119982655924,-8.801696227753737,32.04119982655924,31.58009460354636,99.99436501370761,99.99436501370761,0.0004059394946471898,0.00034091055555947043,4,11,26,25,1,1,1,1,1,1,1,1
0.08,273,20261092,0.00014120397768055274,1.6,0.0003584665020087926,1.6,-8.501530691455239,32.04119982655924,-4.455514220671873,32.04119982655924,60.60887784792532,99.99117475139496,99.99117475139496,0.0003958813559310156,0.0009203877286676842,5,25,26,25,1,1,1,1,1,1,1,1
0.08,274,20261093,8.558133611175859e-05,1.6,0.00011189524743302395,1.6,-10.676209375128208,32.04119982655924,-9.511883590252223,32.04119982655924,23.516558499962944,99.99465116649301,99.99465116649301,0.0005341838887480343,0.0022504241319492597,4,11,26,25,1,1,1,1,1,1,1,1
0.08,275,20261094,0.00015084500842599358,1.6,0.00029894481687017273,1.6,-8.21469056380036,32.04119982655924,-5.244089720120096,32.04119982655924,49.54085171795993,99.99057218697338,99.99057218697338,0.00020569146402461044,0.0007385817328129673,5,21,26,25,1,1,1,1,1,1,1,1
0.08,276,20261095,8.255010691317975e-05,1.6,0.00015984767294405412,1.6,-10.832823599326964,32.04119982655924,-7.9629368178774325,32.04119982655924,48.35701678180084,99.99484061831791,99.99484061831791,0.0005250333976436862,0.004193064822413597,6,14,26,25,1,1,1,1,1,1,1,1
0.08,277,20261096,0.00014032778592012454,1.6,0.00028213949569503893,1.6,-8.528563269972842,32.04119982655924,-5.495361142636996,32.04119982655924,50.26297698078999,99.99122951337998,99.99122951337998,0.0005096143832732454,0.0038312536382550167,5,25,26,25,1,1,1,1,1,1,1,1
0.08,278,20261097,0.0001920178265458223,1.6,0.00024926559630296494,1.6,-7.16658450405323,32.04119982655924,-6.033376587879848,32.04119982655924,22.96657485277751,99.9879988858409,99.9879988858409,0.0005618076291864075,0.0004219753530090685,12,16,26,25,1,1,1,1,1,1,1,1
0.08,279,20261098,0.00019395571468055003,1.6,0.0003822934973048529,1.6,-7.122974198913758,32.04119982655924,-4.176030891340929,32.04119982655924,49.26523311332088,99.98787776783246,99.98787776783246,0.00022402967100223,0.0025481219882999015,7,20,26,25,1,1,1,1,1,1,1,1
0.08,280,20261099,7.197542643026477e-05,1.6,0.00011341354378003861,1.6,-11.428157533930927,32.04119982655924,-9.453350791493818,32.04119982655924,36.53718592035316,99.9955015358481,99.9955015358481,8.341025379767954e-05,5.880460864877503e-05,7,10,26,25,1,1,1,1,1,1,1,1
0.08,281,20261100,0.0001050378411530465,1.6,0.00019262936967691223,1.6,-9.786542128987191,32.04119982655924,-7.152774964627721,32.04119982655924,45.47153358326339,99.99343513492792,99.99343513492792,0.00042415909202692337,0.0013444039974301737,5,19,26,25,1,1,1,1,1,1,1,1
0.08,282,20261101,0.00010571816264778571,1.6,0.0001804183467076797,1.6,-9.75850393391841,32.04119982655924,-7.43719301224416,32.04119982655924,41.40387351011808,99.9933926148345,99.9933926148345,0.00418723938546112,0.006845005989021179,10,23,26,25,1,1,1,1,1,1,1,1
0.08,283,20261102,8.702191144173864e-05,1.6,0.00018500290943860342,1.6,-10.603713816330217,32.04119982655924,-7.328214416337686,32.04119982655924,52.96186870476302,99.9945611305349,99.9945611305349,0.00017639296493414971,0.00019754002672871216,7,25,26,25,1,1,1,1,1,1,1,1
0.08,284,20261103,0.00010456822700052902,1.6,0.00012687547263909933,1.6,-9.806002555692825,32.04119982655924,-8.966223268970335,32.04119982655924,17.582000030867963,99.99346448581247,99.99346448581247,0.00016547305702299352,0.00014384197998765227,5,13,26,25,1,1,1,1,1,1,1,1
0.08,285,20261104,0.00013834089023585913,1.6,0.0002498839753335984,1.6,-8.590494339249593,32.04119982655924,-6.022615936027867,32.04119982655924,44.637950452336035,99.99135369436027,99.99135369436027,0.0005853234391281469,0.0005872147688290161,5,25,26,25,1,1,1,1,1,1,1,1
0.08,286,20261105,0.00010122380202606395,1.6,0.0001527164131898312,1.6,-9.947173543624492,32.04119982655924,-8.16114284654704,32.04119982655924,33.71779764088642,99.99367351237336,99.99367351237336,0.00014425003845964374,0.0022675245784358625,4,12,26,25,1,1,1,1,1,1,1,1
0.08,287,20261106,0.00012830306837048123,1.6,0.00018418942115971124,1.6,-8.917629573395375,32.04119982655924,-7.3473531693991125,32.04119982655924,30.34178208354907,99.99198105822686,99.99198105822686,0.0003886043384063434,0.0003909844398156557,5,11,26,25,1,1,1,1,1,1,1,1
0.08,288,20261107,0.00014259501767568264,1.6,0.00025956209396298205,1.6,-8.458956486339398,32.04119982655924,-5.857587309191235,32.04119982655924,45.06323496680563,99.99108781139527,99.99108781139527,0.0010489363403960207,0.00047882983266733857,6,18,26,25,1,1,1,1,1,1,1,1
0.08,289,20261108,8.181885817979915e-05,1.6,0.00013276384579764773,1.6,-10.871465855767394,32.04119982655924,-8.769201757835749,32.04119982655924,38.3726362487996,99.99488632136377,99.99488632136377,0.00021226455800143492,0.0001870952968746292,7,14,26,25,1,1,1,1,1,1,1,1
0.08,290,20261109,7.98836467309303e-05,1.6,0.00013091707457877646,1.6,-10.975421175748723,32.04119982655924,-8.830037078285116,32.04119982655924,38.98149115540915,99.99500727207932,99.99500727207932,0.00010671397861293515,0.0008447155500997513,7,25,26,25,1,1,1,1,1,1,1,1
0.08,291,20261110,8.842227015376496e-05,1.6,0.00011755464214444633,1.6,-10.534383392085108,32.04119982655924,-9.297602162378048,32.04119982655924,24.781983475297135,99.99447360811538,99.99447360811538,0.000293078469562784,0.00022690116860937868,4,14,26,25,1,1,1,1,1,1,1,1
0.08,292,20261111,0.00015347827281665525,1.6,0.00018356523828249422,1.6,-8.139530968233208,32.04119982655924,-7.362095576197727,32.04119982655924,16.390339340576677,99.99040760794895,99.99040760794895,0.0004642281060431944,0.0010815357091446462,7,20,26,25,1,1,1,1,1,1,1,1
0.08,293,20261112,0.00013256132643071162,1.6,0.0001717136255488884,1.6,-8.775831589440562,32.04119982655924,-7.651952420207327,32.04119982655924,22.800927412152138,99.9917149170981,99.9917149170981,0.00042600740633610127,0.0044098900877834624,5,20,26,25,1,1,1,1,1,1,1,1
0.08,294,20261113,0.0001263523130285681,1.6,0.0002035748219968119,1.6,-8.98416803397023,32.04119982655924,-6.912759362764302,32.04119982655924,37.93323172816192,99.99210298043572,99.99210298043572,0.0006925731109503642,0.0014725437652617838,8,25,26,25,1,1,1,1,1,1,1,1
0.08,295,20261114,9.915158013242979e-05,1.6,0.00013363829748369016,1.6,-10.037003602551813,32.04119982655924,-8.740690657946706,32.04119982655924,25.80601369563937,99.99380302624171,99.99380302624171,0.0018070923400426032,0.004881657262950596,9,15,26,25,1,1,1,1,1,1,1,1
0.08,296,20261115,8.259111845093951e-05,1.6,0.0001380148621075821,1.6,-10.830666526207239,32.04119982655924,-8.60074144151138,32.04119982655924,40.157808231869964,99.9948380550968,99.9948380550968,0.00011558896226992382,0.00013861567563195847,5,16,26,25,1,1,1,1,1,1,1,1
0.08,297,20261116,8.575675750461436e-05,1.6,0.00016690448861800288,1.6,-10.667316481792376,32.04119982655924,-7.7753198353754716,32.04119982655924,48.61926230103536,99.99464020265596,99.99464020265596,0.00024318667482863004,0.0018781203524034418,5,14,26,25,1,1,1,1,1,1,1,1
0.08,298,20261117,8.202817551743668e-05,1.6,0.00015980116069045822,1.6,-10.860369479823879,32.04119982655924,-7.964200705812856,32.04119982655924,48.66859842380694,99.99487323903016,99.99487323903016,0.00012716382929758998,8.120995036947813e-05,4,14,26,25,1,1,1,1,1,1,1,1
0.08,299,20261118,5.383227811563181e-05,1.6,8.413424317907156e-05,1.6,-12.689572409884509,32.04119982655924,-10.750272075685611,32.04119982655924,36.016209237117586,99.99663548261776,99.99663548261776,9.309997976165146e-05,0.0005775280370677294,6,14,26,25,1,1,1,1,1,1,1,1
0.08,300,20261119,8.667076021121956e-05,1.6,0.00013968244030341433,1.6,-10.621273941123864,32.04119982655924,-8.54858186288496,32.04119982655924,37.95157070355033,99.9945830774868,99.9945830774868,0.00015138107208498926,7.756249998196085e-05,5,18,26,25,1,1,1,1,1,1,1,1
0.08,301,20261120,0.00012219195340817894,1.6,0.00019873761694780468,1.6,-9.129573923380347,32.04119982655924,-7.017199220867292,32.04119982655924,38.51594112639947,99.99236300291199,99.99236300291199,0.0002585405165967329,0.0011193174048461456,12,25,26,25,1,1,1,1,1,1,1,1
0.08,302,20261121,0.00012876631770722033,1.6,0.0001252630325722909,1.6,-8.901977235204852,32.04119982655924,-9.021770783965714,32.04119982655924,-2.7967430318339566,99.9919521051433,99.9919521051433,8.712369871101148e-05,0.0003021315848139606,6,11,26,25,1,1,1,1,0,1,1,1
0.08,303,20261122,0.00017097286449272377,1.6,0.0002838162960031273,1.6,-7.6707281204188735,32.04119982655924,-5.469626720883679,32.04119982655924,39.759320764710466,99.98931419596921,99.98931419596921,0.000221180486172223,0.0005063240696008636,14,19,26,25,1,1,1,1,1,1,1,1
0.08,304,20261123,0.00010364693147692431,1.6,0.0001567468066566211,1.6,-9.844435509011959,32.04119982655924,-8.04801298124264,32.04119982655924,33.87620858906589,99.99352206678269,99.99352206678269,0.0001641859228312072,0.0004063803662071242,5,22,26,25,1,1,1,1,1,1,1,1
0.08,305,20261124,8.949445299765911e-05,1.6,0.00018472037892641456,1.6,-10.48203882082568,32.04119982655924,-7.334851891993573,32.04119982655924,51.55139161266542,99.99440659668765,99.99440659668765,0.00020662755308693337,0.0002018895235681437,5,25,26,25,1,1,1,1,1,1,1,1
0.08,306,20261125,0.0001254296265889376,1.6,0.0002422183680342689,1.6,-9.015998706471299,32.04119982655924,-6.157929262901774,32.04119982655924,48.216302666529444,99.9921606483382,99.9921606483382,0.0002785534552943783,0.0004860920599250666,6,22,26,25,1,1,1,1,1,1,1,1
0.08,307,20261126,0.00016208729322274128,1.6,0.0001653605361269991,1.6,-7.90251030182641,32.04119982655924,-7.815681283218671,32.04119982655924,1.9794583284030582,99.98986954417359,99.98986954417359,0.0012109541312909362,0.0007227763524313742,6,12,26,25,1,1,1,1,1,1,1,1
0.08,308,20261127,5.613862928895724e-05,1.6,0.00010197181568632826,1.6,-12.507381955403682,32.04119982655924,-9.915198476823432,32.04119982655924,44.9469160560569,99.99649133566943,99.99649133566943,0.0009537511214820322,0.001804130701109087,3,25,26,25,1,1,1,1,1,1,1,1
0.08,309,20261128,5.928721376207308e-05,1.6,0.00010104885664753168,1.6,-12.270389591033402,32.04119982655924,-9.954685960969904,32.04119982655924,41.32816963098088,99.99629454913988,99.99629454913988,0.00010194544498045274,0.00010444811833174031,4,14,26,25,1,1,1,1,1,1,1,1
0.08,310,20261129,7.171313611570966e-05,1.6,0.00014586400974619617,1.6,-11.444012847780778,32.04119982655924,-8.360518520186584,32.04119982655924,50.835619944569785,99.99551792899277,99.99551792899277,0.0002365175078462377,0.00015513416196443538,7,25,26,25,1,1,1,1,1,1,1,1
0.08,311,20261130,0.00010859638825810985,1.6,0.0001548132664246321,1.6,-9.641846184456668,32.04119982655924,-8.101918260294607,32.04119982655924,29.853306007868554,99.99321272573387,99.99321272573387,0.0001759680032315776,0.000263121931694827,6,19,26,25,1,1,1,1,1,1,1,1
0.08,312,20261131,0.00010221257357959862,1.6,0.00013855775398879602,1.6,-9.90495676604865,32.04119982655924,-8.58369165151916,32.04119982655924,26.231069256604957,99.99361171415127,99.99361171415127,0.00020771170882668026,0.0017978256095224354,9,25,26,25,1,1,1,1,1,1,1,1
0.08,313,20261132,0.00011428954850377623,1.6,0.00016192729148220848,1.6,-9.419934829439368,32.04119982655924,-7.906799483976636,32.04119982655924,29.419218059153657,99.99285690321851,99.99285690321851,0.002081439881575111,0.004701137543619017,3,14,26,25,1,1,1,1,1,1,1,1
0.08,314,20261133,9.047900231945726e-05,1.6,0.0001538766173889125,1.6,-10.434521968706568,32.04119982655924,-8.12827369190517,32.04119982655924,41.20029160065441,99.99434506235504,99.99434506235504,0.00044452779734184306,0.00028579148354001654,3,13,26,25,1,1,1,1,1,1,1,1
0.08,315,20261134,7.682756307306269e-05,1.6,0.0001099937216272915,1.6,-11.144829421692751,32.04119982655924,-9.586321033912228,32.04119982655924,30.1527742343429,99.99519827730794,99.99519827730794,0.000146201253491844,0.00021708320620723824,5,11,26,25,1,1,1,1,1,1,1,1
0.08,316,20261135,5.820057920004485e-05,1.6,7.469497443244325e-05,1.6,-12.350726933203566,32.04119982655924,-11.267086170558176,32.04119982655924,22.082336004166528,99.9963624638,99.9963624638,8.26953981116557e-05,0.0005503264532091028,6,18,26,25,1,1,1,1,1,1,1,1
0.08,317,20261136,0.0001504947976954073,1.6,0.00019116616377369094,1.6,-8.22478512503544,32.04119982655924,-7.185889749615299,32.04119982655924,21.275400037023186,99.99059407514405,99.99059407514405,0.000357635807365324,0.0007408763677548472,9,20,26,25,1,1,1,1,1,1,1,1
0.08,318,20261137,6.707508592747647e-05,1.6,0.00010410504966220342,1.6,-11.7343876229665,32.04119982655924,-9.82528204329595,32.04119982655924,35.569805552065475,99.99580780712954,99.99580780712954,0.0002778814820900955,0.00014779462184126327,5,10,26,25,1,1,1,1,1,1,1,1
0.08,319,20261138,0.00015043861975053152,1.6,0.0002144287249772601,1.6,-8.226406598114416,32.04119982655924,-6.687170367801335,32.04119982655924,29.842132966800346,99.9905975862656,99.9905975862656,0.0012781540157959527,0.0019334828234206982,14,25,26,25,1,1,1,1,1,1,1,1
0.08,320,20261139,0.00017228888575785437,1.6,0.00026216236196209444,1.6,-7.637427376983419,32.04119982655924,-5.814296588148662,32.04119982655924,34.281609126345415,99.98923194464014,99.98923194464014,0.0003454758519996115,0.001578976698858036,4,25,26,25,1,1,1,1,1,1,1,1
0.08,321,20261140,0.00010897772467437785,1.6,0.00017235360659489428,1.6,-9.626622638908747,32.04119982655924,-7.635796243078303,32.04119982655924,36.77084754569554,99.99318889220785,99.99318889220785,0.0005611760442662258,0.0009364861645154561,4,11,26,25,1,1,1,1,1,1,1,1
0.08,322,20261141,0.00016357990466290732,1.6,0.0003856629159049033,1.6,-7.862700492591415,32.04119982655924,-4.1379211947506365,32.04119982655924,57.58474618201486,99.98977625595857,99.98977625595857,0.0009650687558277449,0.0007001967556518804,8,14,26,25,1,1,1,1,1,1,1,1
0.08,323,20261142,8.294201282560448e-05,1.6,0.00012745349837665616,1.6,-10.812254294440773,32.04119982655924,-8.946482394036131,32.04119982655924,34.923706385453144,99.9948161241984,99.9948161241984,0.00013312562909087488,0.0004390127190354699,6,25,26,25,1,1,1,1,1,1,1,1
0.08,324,20261143,9.247731570053195e-05,1.6,0.000207598839097006,1.6,-10.339647848206681,32.04119982655924,-6.827750794130499,32.04119982655924,55.453837746501314,99.99422016776872,99.99422016776872,0.00031674005479089495,0.0005880983090925395,3,16,26,25,1,1,1,1,1,1,1,1
0.08,325,20261144,5.1530886329228445e-05,1.6,8.563160985798333e-05,1.6,-12.879323876265893,32.04119982655924,-10.673658912477869,32.04119982655924,39.822588393829804,99.99677931960443,99.99677931960443,0.0002741610363468669,0.0008748835719507909,4,13,26,25,1,1,1,1,1,1,1,1
0.08,326,20261145,0.00011752558094570776,1.6,0.0001482292481739645,1.6,-9.29867593354842,32.04119982655924,-8.29066094148302,32.04119982655924,20.71363621315975,99.99265465119089,99.99265465119089,0.00022507029640812202,0.0016972732491198433,8,15,26,25,1,1,1,1,1,1,1,1
0.08,327,20261146,0.00016624607709987734,1.6,0.00018296411908178193,1.6,-7.792485939284798,32.04119982655924,-7.376340709944895,32.04119982655924,9.137333629022587,99.98960962018126,99.98960962018126,0.00048770610678387295,0.00077331986499899,7,25,26,25,1,1,1,1,1,1,1,1
0.08,328,20261147,8.555127863109409e-05,1.6,0.0001717124678309882,1.6,-10.677734952020296,32.04119982655924,-7.651981701063112,32.04119982655924,50.17759647173679,99.99465304508556,99.99465304508556,0.00020503170058140257,0.003937080818944145,6,20,26,25,1,1,1,1,1,1,1,1
0.08,329,20261148,0.00012929905101376432,1.6,0.00023718716577923903,1.6,-8.88404662598322,32.04119982655924,-6.249088143889452,32.04119982655924,45.486489292549294,99.99191880931164,99.99191880931164,0.0014134008123888877,0.007617195787879907,5,15,26,25,1,1,1,1,1,1,1,1
0.08,330,20261149,0.0001300839426474057,1.6,0.00016693509100377694,1.6,-8.857763087421352,32.04119982655924,-7.774523617783356,32.04119982655924,22.075135991352152,99.99186975358452,99.99186975358452,0.0008911194036435688,0.002089061071592106,7,25,26,25,1,1,1,1,1,1,1,1
0.08,331,20261150,0.00011745661361351514,1.6,0.0001987684619816658,1.6,-9.301225244377616,32.04119982655924,-7.01652522724873,32.04119982655924,40.90782187349761,99.99265896164916,99.99265896164916,9.359269985472031e-05,0.0004959770418286146,6,25,26,25,1,1,1,1,1,1,1,1
0.08,332,20261151,0.0001772024818408724,1.6,0.00019701319698742472,1.6,-7.515301998177728,32.04119982655924,-7.055046815193565,32.04119982655924,10.055526964428086,99.98892484488495,99.98892484488495,0.000304677901794373,0.0011942039108172474,6,15,26,25,1,1,1,1,1,1,1,1
0.08,333,20261152,9.423933083873979e-05,1.6,0.00013698438747736306,1.6,-10.257678063226205,32.04119982655924,-8.633289278713908,32.04119982655924,31.204327314809493,99.99411004182258,99.99411004182258,0.0001684651950231745,0.0006614136434875214,4,19,26,25,1,1,1,1,1,1,1,1
0.08,334,20261153,9.137861567608365e-05,1.6,0.00023466014559027842,1.6,-10.391554254966843,32.04119982655924,-6.295606642146607,32.04119982655924,61.05916688740462,99.99428883652025,99.99428883652025,0.0001205840691725145,0.0001282381686625139,10,25,26,25,1,1,1,1,1,1,1,1
0.08,335,20261154,0.00012599389438251323,1.6,0.00015557481843432022,1.6,-8.996505001223635,32.04119982655924,-8.080606971923997,32.04119982655924,19.013953768035616,99.9921253816011,99.9921253816011,0.00010349819624404492,0.0002068138931161114,5,11,26,25,1,1,1,1,1,1,1,1
0.08,336,20261155,0.0001690553392250363,1.6,0.00023403145655238124,1.6,-7.7197110848677415,32.04119982655924,-6.30725764431944,32.04119982655924,27.763839222528567,99.98943404129842,99.98943404129842,0.0002244082559443381,0.0006272729509736106,8,14,26,25,1,1,1,1,1,1,1,1
0.08,337,20261156,0.00015024224310999804,1.6,0.00021878079143076583,1.6,-8.23207941032289,32.04119982655924,-6.599908109575607,32.04119982655924,31.327498119256564,99.99060985980563,99.99060985980563,0.000621791591745786,0.0006224773385724744,9,25,26,25,1,1,1,1,1,1,1,1
0.08,338,20261157,0.00010251574902803184,1.6,0.00018545908685115576,1.6,-9.892094107978323,32.04119982655924,-7.3175188289275015,32.04119982655924,44.7232536466072,99.99359276568576,99.99359276568576,0.00044156833753183607,0.005051612661022107,5,16,26,25,1,1,1,1,1,1,1,1
0.08,339,20261158,0.0001274983150080041,1.6,0.0001570715677277918,1.6,-8.944955547403115,32.04119982655924,-8.039024215573773,32.04119982655924,18.827884096145755,99.99203135531201,99.99203135531201,0.00016044895913661084,0.0005925132666162531,5,15,26,25,1,1,1,1,1,1,1,1
0.08,340,20261159,5.1601903533015614e-05,1.6,9.46252034685063e-05,1.6,-12.87334277468976,32.04119982655924,-10.239931736461163,32.04119982655924,45.46706200722722,99.99677488102918,99.99677488102918,0.0008981067895740834,0.0028918288382126355,4,11,26,25,1,1,1,1,1,1,1,1
0.08,341,20261160,5.360631692749651e-05,1.6,7.423191762118364e-05,1.6,-12.707840303611949,32.04119982655924,-11.294093202429316,32.04119982655924,27.78535346337487,99.99664960519205,99.99664960519205,0.00011149797856994148,0.0002611167857304475,10,20,26,25,1,1,1,1,1,1,1,1
0.08,342,20261161,7.453654487031157e-05,1.6,0.00012397076600690794,1.6,-11.276307427672629,32.04119982655924,-9.066807153113945,32.04119982655924,39.875708385831686,99.9953414659456,99.9953414659456,0.00030768093649945026,0.0003060362237354304,5,14,26,25,1,1,1,1,1,1,1,1
0.08,343,20261162,0.00010315854419186744,1.6,0.00012526379552571653,1.6,-9.864947954009082,32.04119982655924,-9.02174433199127,32.04119982655924,17.64695955529378,99.993552590988,99.993552590988,0.00015134374194525536,0.00026597736845327595,6,14,26,25,1,1,1,1,1,1,1,1
0.08,344,20261163,3.923511222348294e-05,1.6,9.17599920738212e-05,1.6,-14.06325100848311,32.04119982655924,-10.373466326209112,32.04119982655924,57.24159152943456,99.99754780548602,99.99754780548602,0.0002931701419051461,0.0002244917525596423,4,12,26,25,1,1,1,1,1,1,1,1
0.08,345,20261164,0.0001069450369840965,1.6,0.00015957397872580845,1.6,-9.708393650001948,32.04119982655924,-7.970379263759275,32.04119982655924,32.98090463241679,99.99331593518849,99.99331593518849,0.00023997442266055857,0.00024966149461702256,7,19,26,25,1,1,1,1,1,1,1,1
0.08,346,20261165,8.797422207492199e-05,1.6,0.0001261731946657351,1.6,-10.556445647890191,32.04119982655924,-8.990329006011592,32.04119982655924,30.275030042642502,99.99450161112031,99.99450161112031,0.00047515692451781117,0.009160271418807216,5,17,26,25,1,1,1,1,1,1,1,1
0.08,347,20261166,8.513488601975887e-05,1.6,0.00013870633384444847,1.6,-10.698924410757716,32.04119982655924,-8.579037069808791,32.04119982655924,38.62220732094833,99.99467906962376,99.99467906962376,0.00016718741262895158,0.00017621860691446672,10,14,26,25,1,1,1,1,1,1,1,1
0.08,348,20261167,8.928019860826084e-05,1.6,0.0001144566747084478,1.6,-10.492448522956563,32.04119982655924,-9.413588757328023,32.04119982655924,21.996511924113012,99.99441998758698,99.99441998758698,0.00010640856213257072,0.00020367685415722834,4,11,26,25,1,1,1,1,1,1,1,1
0.08,349,20261168,0.0001363382474842035,1.6,0.00018693390494528285,1.6,-8.653822927992874,32.04119982655924,-7.283119217606898,32.04119982655924,27.066067803959445,99.99147885953224,99.99147885953224,0.00029349848309144933,0.0021795241457319816,6,16,26,25,1,1,1,1,1,1,1,1
0.08,350,20261169,0.00012673777763925066,1.6,0.0001740654942925261,1.6,-8.970939125451036,32.04119982655924,-7.592873123035982,32.04119982655924,27.18960288231437,99.99207888889754,99.99207888889754,9.79691156976483e-05,0.0001722272057689899,5,18,24,25,1,1,1,1,1,1,1,1
0.08,351,20261170,0.00015226760952280423,1.6,0.0003363331644814324,1.6,-8.173924702790467,32.04119982655924,-4.7323030651486455,32.04119982655924,54.72714986118763,99.99048327440484,99.99048327440484,0.00018834987877631602,0.0008352106287351453,6,15,26,25,1,1,1,1,1,1,1,1
0.08,352,20261171,9.997480989927686e-05,1.6,0.00019843627614888072,1.6,-10.001094129986274,32.04119982655924,-7.023789315207899,32.04119982655924,49.61868271289832,99.9937515743813,99.9937515743813,0.00010655254782268075,0.00026344476788777306,7,25,26,25,1,1,1,1,1,1,1,1
0.08,353,20261172,6.646529257717205e-05,1.6,8.344355768686291e-05,1.6,-11.77405079164092,32.04119982655924,-10.786071876731548,32.04119982655924,20.34700530555622,99.99584591921392,99.99584591921392,0.00033989771161165185,0.0025512854701834286,7,9,26,25,1,1,1,1,1,1,1,1
0.08,354,20261173,0.0001238566463134626,1.6,0.00018530442796103023,1.6,-9.070806836294981,32.04119982655924,-7.321142028286188,32.04119982655924,33.160449711698305,99.9922589596054,99.9922589596054,0.00023908310680071895,0.0002112253534719379,5,17,26,25,1,1,1,1,1,1,1,1
0.08,355,20261174,9.547116374332023e-05,1.6,0.00015719389703055918,1.6,-10.201277835813002,32.04119982655924,-8.035643192215636,32.04119982655924,39.265349643465974,99.99403305226603,99.99403305226603,0.0018358314855986975,0.0008553687481947711,9,25,26,25,1,1,1,1,1,1,1,1
0.08,356,20261175,0.00012660587616720838,1.6,0.00020451876685488154,1.6,-8.975461369113205,32.04119982655924,-6.892668345145152,32.04119982655924,38.09571702676903,99.99208713273954,99.99208713273954,0.00040294228140419193,0.0004092507735808432,4,19,26,25,1,1,1,1,1,1,1,1
0.08,357,20261176,0.00015834661736897112,1.6,0.00031587439593307886,1.6,-8.003912096755943,32.04119982655924,-5.004855756005018,32.04119982655924,49.870385378586235,99.99010333641445,99.99010333641445,0.00032073765220518203,0.00017302319740488425,8,23,26,25,1,1,1,1,1,1,1,1
0.08,358,20261177,9.197123811944534e-05,1.6,0.00011731889963343626,1.6,-10.363479669910323,32.04119982655924,-9.306320190410235,32.04119982655924,21.605778432281475,99.99425179761752,99.99425179761752,0.00019617644851845352,0.003132745378814126,25,17,26,25,1,1,1,1,1,1,1,1
0.08,359,20261178,8.870419295092046e-05,1.6,0.0001494012351388503,1.6,-10.52055851054303,32.04119982655924,-8.256458120803941,32.04119982655924,40.62686773072479,99.99445598794057,99.99445598794057,0.00026326757199671396,0.0020243163543611775,4,11,26,25,1,1,1,1,1,1,1,1
0.08,360,20261179,8.224978169357438e-05,1.6,0.00010301295644810939,1.6,-10.848652460758828,32.04119982655924,-9.871081484983058,32.04119982655924,20.15588666751257,99.99485938864417,99.99485938864417,0.00020618627021347805,0.0004953009973450205,7,23,26,25,1,1,1,1,1,1,1,1
0.08,361,20261180,0.0001511507055822613,1.6,0.00019683679853876765,1.6,-8.205898211638525,32.04119982655924,-7.058937071832428,32.04119982655924,23.210138193498565,99.99055308090111,99.99055308090111,0.0006015479038090472,0.0012486480030402263,6,18,26,25,1,1,1,1,1,1,1,1
0.08,362,20261181,0.00012164100019725874,1.6,0.00018069061277700119,1.6,-9.149200175120848,32.04119982655924,-7.430644092821574,32.04119982655924,32.67995590485841,99.99239743748768,99.99239743748768,0.0008522510239876837,0.0028992139272928244,4,25,26,25,1,1,1,1,1,1,1,1
0.08,363,20261182,8.680168047389214e-05,1.6,0.00013740986213008538,1.6,-10.614718668341803,32.04119982655924,-8.619820961340317,32.04119982655924,36.83009419533706,99.9945748949704,99.9945748949704,8.902434181321881e-05,0.0003162088168064028,4,11,26,25,1,1,1,1,1,1,1,1
0.08,364,20261183,0.00010088133833850551,1.6,0.00019193499466736689,1.6,-9.961891648452406,32.04119982655924,-7.168458350333785,32.04119982655924,47.43984101839374,99.99369491635385,99.99369491635385,0.0002978017266325915,0.0015202866343401915,3,25,26,25,1,1,1,1,1,1,1,1
0.08,365,20261184,8.901056056612941e-05,1.6,0.00016066151748005174,1.6,-10.505584638774364,32.04119982655924,-7.940881353553073,32.04119982655924,44.59746057285856,99.99443683996462,99.99443683996462,0.00012796374655429872,0.00020015570128737603,3,15,26,25,1,1,1,1,1,1,1,1
0.08,366,20261185,0.00017200912244258267,1.6,0.0002103833688809183,1.6,-7.644485198284031,32.04119982655924,-6.769885947879004,32.04119982655924,18.240152081629756,99.98924942984733,99.98924942984733,0.0007775846244953233,0.005719410188530927,4,25,26,25,1,1,1,1,1,1,1,1
0.08,367,20261186,6.124319268516941e-05,1.6,7.200605783343309e-05,1.6,-12.129421770624573,32.04119982655924,-11.426309650553744,32.04119982655924,14.947166213654839,99.99617230045718,99.99617230045718,0.0001561137525452462,0.00011661856014912214,3,16,26,25,1,1,1,1,1,1,1,1
0.08,368,20261187,9.136038813463719e-05,1.6,0.00010101328173456388,1.6,-10.392420640416038,32.04119982655924,-9.956215192391431,32.04119982655924,9.556063751390568,99.99428997574158,99.99428997574158,0.0002149567366758248,0.0002886118363290807,5,14,26,25,1,1,1,1,1,1,1,1
0.08,369,20261188,0.0002792757719217716,1.6,0.00042996623294052,1.6,-5.539667391184812,32.04119982655924,-3.665656500563049,32.04119982655924,35.047045436145766,99.98254526425491,99.98254526425491,0.0002370900443869187,0.0006918005228966261,7,18,26,25,1,1,1,1,1,1,1,1
0.08,370,20261189,7.441845853829179e-05,1.6,9.094969512163897e-05,1.6,-11.283193299507007,32.04119982655924,-10.411987524247062,32.04119982655924,18.1762418898027,99.99534884634134,99.99534884634134,0.0009163125737425945,0.0013502957399728066,3,14,26,25,1,1,1,1,1,1,1,1
0.08,371,20261190,6.654319835676843e-05,1.6,0.0001350511067530578,1.6,-11.76896328875766,32.04119982655924,-8.695018523889603,32.04119982655924,50.72739501613764,99.99584105010268,99.99584105010268,0.0005245698777728903,0.00047700846764483335,4,23,26,25,1,1,1,1,1,1,1,1
0.08,372,20261191,9.512243062104853e-05,1.6,0.00018540620862985893,1.6,-10.217170609143633,32.04119982655924,-7.318757268876319,32.04119982655924,48.6951212022522,99.99405484808617,99.99405484808617,0.0005405847282628583,0.000534438008955749,4,14,26,25,1,1,1,1,1,1,1,1
0.08,373,20261192,9.149091314679031e-05,1.6,0.0001484720634921734,1.6,-10.386220378043339,32.04119982655924,-8.283552555222775,32.04119982655924,38.378364929498545,99.99428181792833,99.99428181792833,0.00025383585391066494,0.00023827820909625086,6,17,26,25,1,1,1,1,1,1,1,1
0.08,374,20261193,8.38780558819418e-05,1.6,9.705160160417391e-05,1.6,-10.763516441286008,32.04119982655924,-10.129972932265144,32.04119982655924,13.573754069469734,99.99475762150739,99.99475762150739,0.00013789876613178414,0.00014053167179718347,5,15,26,25,1,1,1,1,1,1,1,1
0.08,375,20261194,0.0001065318806942249,1.6,0.00015498445179702952,1.6,-9.72520405956152,32.04119982655924,-8.097118685229418,32.04119982655924,31.262859300401946,99.9933417574566,99.9933417574566,0.000691709071300774,0.0017679712972498804,3,17,26,25,1,1,1,1,1,1,1,1
0.08,376,20261195,4.796061444596609e-05,1.6,6.80756249134723e-05,1.6,-13.191152615868853,32.04119982655924,-11.67008363278824,32.04119982655924,29.54803645662225,99.99700246159713,99.99700246159713,0.00017180508511939973,0.0001264627466055195,6,9,26,25,1,1,1,1,1,1,1,1
0.08,377,20261196,8.960713499731562e-05,1.6,0.00015152823152431868,1.6,-10.47657408121444,32.04119982655924,-8.195064453597627,32.04119982655924,40.864395963774825,99.99439955406267,99.99439955406267,0.0002903599147580609,0.00041000836116984794,5,9,26,25,1,1,1,1,1,1,1,1
0.08,378,20261197,6.889828905587482e-05,1.6,0.00010250673128610972,1.6,-11.617915627486648,32.04119982655924,-9.892476149552742,32.04119982655924,32.78657099740049,99.995693856934,99.995693856934,0.0001812801070144364,0.0007726786520674696,3,11,26,25,1,1,1,1,1,1,1,1
0.08,379,20261198,8.890210587545507e-05,1.6,0.00011093494039388782,1.6,-10.51087951524076,32.04119982655924,-9.549316456423625,32.04119982655924,19.86104147187759,99.99444361838279,99.99444361838279,0.00020744878918396348,0.0038810731146351643,4,24,26,25,1,1,1,1,1,1,1,1
0.08,380,20261199,0.0003805090822896248,1.6,0.0005286000930304949,1.6,-4.196349726879082,32.04119982655924,-2.7687276477103744,32.04119982655924,28.015698955302074,99.97621818235689,99.97621818235689,0.0007062373420587266,0.0013664633403588677,5,12,26,25,1,1,1,1,1,1,1,1
0.08,381,20261200,0.00012595756673029713,1.6,0.00020297859507899854,1.6,-8.997757377291439,32.04119982655924,-6.925497577971905,32.04119982655924,37.9453943499437,99.99212765207936,99.99212765207936,0.00025029085315044495,0.00013865130657146803,9,22,26,25,1,1,1,1,1,1,1,1
0.08,382,20261201,0.00010483065844541315,1.6,0.00014230217240642406,1.6,-9.795116863744731,32.04119982655924,-8.467884698600527,32.04119982655924,26.332355527215622,99.99344808384716,99.99344808384716,0.0002366701387940372,0.00044783262771234446,5,14,26,25,1,1,1,1,1,1,1,1
0.08,383,20261202,8.943973104760216e-05,1.6,0.0001566251784592886,1.6,-10.484695154138002,32.04119982655924,-8.051384211608255,32.04119982655924,42.895687700141956,99.99441001680952,99.99441001680952,0.0002649957817868966,0.0005325327129682938,4,19,26,25,1,1,1,1,1,1,1,1
0.08,384,20261203,9.52957589018808e-05,1.6,0.00017687251715855118,1.6,-10.209264270268985,32.04119982655924,-7.52339643481649,32.04119982655924,46.12178283387223,99.99404401506865,99.99404401506865,0.0006249844701780573,0.00043295402340466687,5,19,26,25,1,1,1,1,1,1,1,1
0.08,385,20261204,5.463094888523024e-05,1.6,9.074641364934605e-05,1.6,-12.625612561568326,32.04119982655924,-10.421705295213382,32.04119982655924,39.798228174250355,99.99658556569467,99.99658556569467,0.0003897076093766368,0.0003069855904345878,3,15,26,25,1,1,1,1,1,1,1,1
0.08,386,20261205,7.001892325553822e-05,1.6,9.054518359490139e-05,1.6,-11.547845720596136,32.04119982655924,-10.43134646330478,32.04119982655924,22.6696324690196,99.99562381729653,99.99562381729653,0.0002471161618033874,0.00021350253450158472,5,11,26,25,1,1,1,1,1,1,1,1
0.08,387,20261206,0.00011439252123945267,1.6,0.00016646789716624923,1.6,-9.41602367943417,32.04119982655924,-7.786695064688293,32.04119982655924,31.282533637575533,99.99285046742253,99.99285046742253,0.00023912878309861839,0.00011341442702648525,5,13,26,25,1,1,1,1,1,1,1,1
0.08,388,20261207,4.7688037119053065e-05,1.6,9.122428253407561e-05,1.6,-13.215905531355984,32.04119982655924,-10.39889543613818,32.04119982655924,47.724404298559605,99.99701949768006,99.99701949768006,6.091863852144507e-05,0.0001588021644665567,7,12,26,25,1,1,1,1,1,1,1,1
0.08,389,20261208,0.00011440992361283263,1.6,0.00013723452587522062,1.6,-9.415363043596088,32.04119982655924,-8.625366137694623,32.04119982655924,16.631822143023307,99.99284937977421,99.99284937977421,0.00024369678666194222,0.0008792107459717395,6,17,26,25,1,1,1,1,1,1,1,1
0.08,390,20261209,9.729184080754569e-05,1.6,0.00014193377361621716,1.6,-10.119235794730624,32.04119982655924,-8.479142504205738,32.04119982655924,31.452649831872534,99.99391925994952,99.99391925994952,0.0010261218796133243,0.0013964007733394904,4,17,26,25,1,1,1,1,1,1,1,1
0.08,391,20261210,0.00010606103619463,1.6,0.0001333831164736231,1.6,-9.744441342284716,32.04119982655924,-8.748991395827906,32.04119982655924,20.48391205823724,99.99337118523783,99.99337118523783,0.00026860094180820914,0.002018352192284498,9,20,26,25,1,1,1,1,1,1,1,1
0.08,392,20261211,0.000102577666167815,1.6,0.0001505447167688781,1.6,-9.88947186162933,32.04119982655924,-8.22334481057125,32.04119982655924,31.86232744036041,99.9935888958645,99.9935888958645,0.0002925216136071086,0.00048663191675917027,4,20,26,25,1,1,1,1,1,1,1,1
0.08,393,20261212,0.00015907826424083602,1.6,0.0002299312666411173,1.6,-7.9838915640078865,32.04119982655924,-6.384019682417507,32.04119982655924,30.814861952146114,99.99005760848495,99.99005760848495,0.00018327970936958294,0.0006875174620160398,7,12,26,25,1,1,1,1,1,1,1,1
0.08,394,20261213,0.00013665009148190803,1.6,0.00025992301292118367,1.6,-8.643900732280015,32.04119982655924,-5.851552674700116,32.04119982655924,47.42670533626649,99.99145936928238,99.99145936928238,0.0004224453026719367,0.0012136985088618212,5,25,26,25,1,1,1,1,1,1,1,1
0.08,395,20261214,7.304575312262395e-05,1.6,0.0001099775628388515,1.6,-11.364050288607624,32.04119982655924,-9.586959087436657,32.04119982655924,33.58122217196538,99.99543464042983,99.99543464042983,0.0001414941441339404,0.00034080803357420636,7,18,26,25,1,1,1,1,1,1,1,1
0.08,396,20261215,9.826842395455266e-05,1.6,0.00012647133232164252,1.6,-10.07586009179784,32.04119982655924,-8.980079063101304,32.04119982655924,22.299842857165515,99.99385822350284,99.99385822350284,0.00015754008868544393,0.00018152409345638658,5,17,26,25,1,1,1,1,1,1,1,1
0.08,397,20261216,0.00012956352705935034,1.6,0.00018478667667720948,1.6,-8.875172378649832,32.04119982655924,-7.333293450973021,32.04119982655924,29.88481129206327,99.9919022795588,99.9919022795588,0.000251272312330827,0.0015685081795631835,5,9,26,25,1,1,1,1,1,1,1,1
0.08,398,20261217,6.057962564357398e-05,1.6,8.60292655017355e-05,1.6,-12.176734147508094,32.04119982655924,-10.6535378499078,32.04119982655924,29.58253765126952,99.99621377339726,99.99621377339726,0.00017980124294773674,0.0007279186892611774,6,12,26,25,1,1,1,1,1,1,1,1
0.08,399,20261218,7.039563003480839e-05,1.6,0.0001363621167382362,1.6,-11.524542998163295,32.04119982655924,-8.653062658723004,32.04119982655924,48.375962680352465,99.99560027312282,99.99560027312282,0.0001849276453229007,0.0008046901403169805,4,21,26,25,1,1,1,1,1,1,1,1
0.08,400,20261219,0.0001430382373169917,1.6,0.00014982874240012373,1.6,-8.445478503953378,32.04119982655924,-8.2440486575279,32.04119982655924,4.5321778547654885,99.99106011016768,99.99106011016768,0.00016944870233406395,0.002769908255597347,10,11,26,25,1,1,1,1,1,1,1,1
0.08,401,20261220,0.00012196912909942542,1.6,0.00012754436603274952,1.6,-9.137500771803314,32.04119982655924,-8.943387205502955,32.04119982655924,4.371213803275756,99.99237692943129,99.99237692943129,0.001332084682893131,0.0018942369663474267,6,9,26,25,1,1,1,1,1,1,1,1
0.08,402,20261221,6.682014031836005e-05,1.6,0.00015072515383970388,1.6,-11.750926167040907,32.04119982655924,-8.2181426419374,32.04119982655924,55.66755872120506,99.9958237412301,99.9958237412301,0.000501849784710012,0.0005213437903780599,7,10,26,25,1,1,1,1,1,1,1,1
0.08,403,20261222,9.398492554064449e-05,1.6,0.0001777788780481611,1.6,-10.269417983100059,32.04119982655924,-7.501198389340898,32.04119982655924,47.13380657336383,99.99412594215372,99.99412594215372,0.00015796129713620364,0.00018137850979124825,5,16,26,25,1,1,1,1,1,1,1,1
0.08,404,20261223,0.00011672335572049143,1.6,0.00018237463452114273,1.6,-9.328422352514895,32.04119982655924,-7.390355654239752,32.04119982655924,35.99803172904526,99.99270479026748,99.99270479026748,0.0003001743967497334,0.00029846561164481946,9,20,26,25,1,1,1,1,1,1,1,1
0.08,405,20261224,8.744480675615163e-05,1.6,0.00013973397103390418,1.6,-10.58265977656064,32.04119982655924,-8.546979987601631,32.04119982655924,37.42050976642282,99.99453469957774,99.99453469957774,0.00021576232349789407,0.00037796222023693483,4,24,26,25,1,1,1,1,1,1,1,1
0.08,406,20261225,0.00016414437414132222,1.6,0.00020505817411004055,1.6,-7.8477399762090085,32.04119982655924,-6.881229140130292,32.04119982655924,19.952289220503214,99.98974097661616,99.98974097661616,0.00022776279633638651,0.0008048722667162295,5,20,26,25,1,1,1,1,1,1,1,1
0.08,407,20261226,0.00016582684141994744,1.6,0.0001789263353342405,1.6,-7.803451713907692,32.04119982655924,-7.473257329452169,32.04119982655924,7.321165936709521,99.98963582241126,99.98963582241126,0.00011528426219874449,0.00020158784328773568,6,17,26,25,1,1,1,1,1,1,1,1
0.08,408,20261227,0.00014979497182382895,1.6,0.0002687950444531931,1.6,-8.24502764378976,32.04119982655924,-5.705787422643127,32.04119982655924,44.27167653758079,99.99063781426102,99.99063781426102,0.00030706856069684943,0.00396819566121352,5,16,26,25,1,1,1,1,1,1,1,1
0.08,409,20261228,0.00013313308104024864,1.6,0.00015373324642064303,1.6,-8.75714017191476,32.04119982655924,-8.132322016241854,32.04119982655924,13.399941691225642,99.99167918243498,99.99167918243498,0.00016322189424224263,0.0002660963190740255,8,17,26,25,1,1,1,1,1,1,1,1
0.08,410,20261229,0.00030094181578166205,1.6,0.0004020261961957528,1.6,-5.215174629695069,32.04119982655924,-3.9574564718270993,32.04119982655924,25.143729779457253,99.98119113651366,99.98119113651366,0.0004230547923743608,0.0015045299982768675,9,15,26,25,1,1,1,1,1,1,1,1
0.08,411,20261230,7.907751398891742e-05,1.6,0.00012779249192497287,1.6,-11.019469923409897,32.04119982655924,-8.934946611333231,32.04119982655924,38.120375620076395,99.9950576553757,99.9950576553757,0.0004850038808952812,0.0004885666619713014,7,17,26,25,1,1,1,1,1,1,1,1
0.08,412,20261231,7.965402324095436e-05,1.6,0.00011178270752008903,1.6,-10.98792283551253,32.04119982655924,-9.516253754251258,32.04119982655924,28.742088102813813,99.99502162354744,99.99502162354744,0.00018543447040221937,0.0005193840970035866,4,19,26,25,1,1,1,1,1,1,1,1
0.08,413,20261232,6.817438094680711e-05,1.6,0.00011103566207550326,1.6,-11.663787969522483,32.04119982655924,-9.545375135091055,32.04119982655924,38.60136493764576,99.99573910119084,99.99573910119084,0.00016198259207897972,0.00020966774274034993,5,25,26,25,1,1,1,1,1,1,1,1
0.08,414,20261233,9.046990869441922e-05,1.6,0.0001637020338358115,1.6,-10.434958479891488,32.04119982655924,-7.859459248752727,32.04119982655924,44.73501240359789,99.9943456307066,99.9943456307066,0.0007167925680130361,0.0006310350711732512,4,18,26,25,1,1,1,1,1,1,1,1
0.08,415,20261234,0.00016364897250584199,1.6,0.00018714064164279857,1.6,-7.8608671712923615,32.04119982655924,-7.278318858058352,32.04119982655924,12.55294891090301,99.98977193921839,99.98977193921839,0.0005301037039751586,0.00029942444407166655,7,18,26,25,1,1,1,1,1,1,1,1
0.08,416,20261235,5.350461758933889e-05,1.6,0.00010306822834388816,1.6,-12.71608735604347,32.04119982655924,-9.868751890465164,32.04119982655924,48.08815631251543,99.99665596140066,99.99665596140066,0.00012691782232394824,0.00016427104636277477,3,25,26,25,1,1,1,1,1,1,1,1
0.08,417,20261236,0.0001677764359502076,1.6,0.00020320851328403802,1.6,-7.752690354943392,32.04119982655924,-6.9205810153166105,32.04119982655924,17.436315418687535,99.9895139727531,99.9895139727531,0.000261211785406682,0.000538069615789615,8,18,26,25,1,1,1,1,1,1,1,1
0.08,418,20261237,0.00013289108639102633,1.6,0.0002816848770342838,1.6,-8.76504148184547,32.04119982655924,-5.5023646858704325,32.04119982655924,52.822782752780796,99.99169430710057,99.99169430710057,0.0010603826338487364,0.0017018719162868743,5,19,26,25,1,1,1,1,1,1,1,1
0.08,419,20261238,0.00024710792575876315,1.6,0.00036883768805853355,1.6,-6.071133247796534,32.04119982655924,-4.331647088776417,32.04119982655924,33.003612765421146,99.98455575464008,99.98455575464008,0.00030684109506981,0.0004605248343643241,8,25,26,25,1,1,1,1,1,1,1,1
0.08,420,20261239,0.00012646348231048498,1.6,0.0002035809792548252,1.6,-8.980348635839611,32.04119982655924,-6.912628009450862,32.04119982655924,37.88050201281877,99.9920960323556,99.9920960323556,0.007409258502056826,0.007737261266066762,8,19,26,25,1,1,1,1,1,1,1,1
0.08,421,20261240,7.41746538062951e-05,1.6,0.00012727417704399646,1.6,-11.297444719793251,32.04119982655924,-8.95259702433674,32.04119982655924,41.72057873086524,99.99536408413711,99.99536408413711,0.00027075765434793716,0.003997583489470846,5,14,26,25,1,1,1,1,1,1,1,1
0.08,422,20261241,0.00015121135212116846,1.6,0.0002588223290742298,1.6,-8.204156031568237,32.04119982655924,-5.869982590102689,32.04119982655924,41.57716118928777,99.99054929049244,99.99054929049244,0.00010794608041112428,0.00017952802940713404,13,11,26,25,1,1,1,1,1,1,1,1
0.08,423,20261242,0.00012157307925358875,1.6,0.000176798793942794,1.6,-9.151625831717288,32.04119982655924,-7.525207019121761,32.04119982655924,31.236477046938674,99.99240168254666,99.99240168254666,0.0005914846971711463,0.0006847364742852394,5,13,26,25,1,1,1,1,1,1,1,1
0.08,424,20261243,0.000102895086953587,1.6,0.00019513718825361198,1.6,-9.876053614852442,32.04119982655924,-7.096599570827612,32.04119982655924,47.270385581318116,99.99356905706541,99.99356905706541,0.0002942893100010567,0.002916754172344465,5,25,26,25,1,1,1,1,1,1,1,1
0.08,425,20261244,8.556556045002917e-05,1.6,0.00016215545162997754,1.6,-10.677010006982421,32.04119982655924,-7.900684458623197,32.04119982655924,47.23238744678089,99.99465215247187,99.99465215247187,0.0006647852651870359,0.001694280077927852,4,18,26,25,1,1,1,1,1,1,1,1
0.08,426,20261245,0.00013332392498938985,1.6,0.00019813391281174201,1.6,-8.750919094118826,32.04119982655924,-7.0304118379264535,32.04119982655924,32.71019428356605,99.99166725468815,99.99166725468815,0.000281700898384415,0.0014931227554294438,3,21,26,25,1,1,1,1,1,1,1,1
0.08,427,20261246,5.0087055596017715e-05,1.6,8.857809225580848e-05,1.6,-13.00274497877007,32.04119982655924,-10.526736775362151,32.04119982655924,43.454352740665094,99.99686955902526,99.99686955902526,0.0003028258781070627,0.00035237560804225813,5,13,26,25,1,1,1,1,1,1,1,1
0.08,428,20261247,0.0001500905619954965,1.6,0.0002634932923250297,1.6,-8.236466162320538,32.04119982655924,-5.792304360237486,32.04119982655924,43.03818489225385,99.99061933987528,99.99061933987528,0.0001797048164593084,0.0003266846494000517,5,18,26,25,1,1,1,1,1,1,1,1
0.08,429,20261248,9.170357555154487e-05,1.6,0.00015935007733716906,1.6,-10.37613730720029,32.04119982655924,-7.976477214146124,32.04119982655924,42.45150232496646,99.99426852652803,99.99426852652803,0.0005686760017726451,0.0005690956563726188,5,16,26,25,1,1,1,1,1,1,1,1
0.08,430,20261249,0.00013434158926116152,1.6,0.00024975962993226743,1.6,-8.717895183026963,32.04119982655924,-6.024777577733827,32.04119982655924,46.21164785614322,99.99160365067117,99.99160365067117,0.00039300334730581925,0.0017953104573520176,8,16,26,25,1,1,1,1,1,1,1,1
0.08,431,20261250,0.00018909815970128175,1.6,0.0002791838452959149,1.6,-7.233126976777918,32.04119982655924,-5.541097153533935,32.04119982655924,32.2675137234924,99.98818136501868,99.98818136501868,0.0006861793186877009,0.0007439624701821951,8,25,26,25,1,1,1,1,1,1,1,1
0.08,432,20261251,6.993043253783392e-05,1.6,0.00013041016160519986,1.6,-11.553337855276212,32.04119982655924,-8.846885669083559,32.04119982655924,46.37654636949275,99.99562934796639,99.99562934796639,0.0005921071832032102,0.0016546180563261105,5,19,26,25,1,1,1,1,1,1,1,1
0.08,433,20261252,8.778787821887065e-05,1.6,0.0001738940669667946,1.6,-10.565654474890598,32.04119982655924,-7.597152352919284,32.04119982655924,49.51646151582968,99.99451325761132,99.99451325761132,0.0002802323519923249,0.0018198075860663514,7,19,26,25,1,1,1,1,1,1,1,1
0.08,434,20261253,5.39784072042818e-05,1.6,8.358783043947513e-05,1.6,-12.677799347590703,32.04119982655924,-10.778569469353723,32.04119982655924,35.423126882845864,99.99662634954974,99.99662634954974,8.520675887521448e-05,0.00019857305084999542,6,20,26,25,1,1,1,1,1,1,1,1
0.08,435,20261254,0.00018470252760691142,1.6,0.0002328011622415185,1.6,-7.335271613100404,32.04119982655924,-6.330148558356451,32.04119982655924,20.66082238228148,99.98845609202456,99.98845609202456,0.0002796357809824833,0.0003064022927622663,9,15,26,25,1,1,1,1,1,1,1,1
0.08,436,20261255,0.00010411212978852293,1.6,0.00017296101994211817,1.6,-9.824986692086117,32.04119982655924,-7.620517623712937,32.04119982655924,39.80601535342223,99.99349299188823,99.99349299188823,0.00021952114438304423,0.002153916839857742,6,14,26,25,1,1,1,1,1,1,1,1
0.08,437,20261256,0.00017191079019865843,1.6,0.0002658780398779835,1.6,-7.646968634137755,32.04119982655924,-5.7531753161789645,32.04119982655924,35.342238013507405,99.98925557561259,99.98925557561259,0.0004271888449051742,0.001238883233874266,7,17,26,25,1,1,1,1,1,1,1,1
0.08,438,20261257,0.00011521698035886526,1.6,0.00016514414687935787,1.6,-9.384835110802173,32.04119982655924,-7.821368141799136,32.04119982655924,30.23247718065704,99.99279893872756,99.99279893872756,0.0007631199717787922,0.0018396403908181634,8,13,26,25,1,1,1,1,1,1,1,1
0.08,439,20261258,0.00013735715684791818,1.6,0.00016018430322510132,1.6,-8.621487072038628,32.04119982655924,-7.953800435371619,32.04119982655924,14.250551344662629,99.99141517769701,99.99141517769701,0.0001464414834132134,0.0001490808064323508,13,16,26,25,1,1,1,1,1,1,1,1
0.08,440,20261259,6.876081446731834e-05,1.6,9.478655437939334e-05,1.6,-11.62658987764986,32.04119982655924,-10.23253263642701,32.04119982655924,27.45720643869403,99.99570244909579,99.99570244909579,0.0004366147025126009,0.002764825513332037,6,12,26,25,1,1,1,1,1,1,1,1
0.08,441,20261260,8.065016654766754e-05,1.6,9.741316304158499e-05,1.6,-10.933947314286673,32.04119982655924,-10.113823547222552,32.04119982655924,17.208143099471524,99.99495936459078,99.99495936459078,0.000912937176916866,0.0020233214048534023,9,20,26,25,1,1,1,1,1,1,1,1
0.08,442,20261261,0.00010091439564094534,1.6,0.00013541390769016042,1.6,-9.960468763648894,32.04119982655924,-8.683367291301124,32.04119982655924,25.477081813600094,99.99369285027244,99.99369285027244,0.0010435375904421329,0.0032272513677472007,5,13,26,25,1,1,1,1,1,1,1,1
0.08,443,20261262,5.6749806092657733e-05,1.6,8.57145962213582e-05,1.6,-12.460356180649299,32.04119982655924,-10.669452163658676,32.04119982655924,33.79213273536144,99.9964531371192,99.9964531371192,0.00011232043528385441,8.488669298241912e-05,5,8,26,25,1,1,1,1,1,1,1,1
0.08,444,20261263,4.923835184947549e-05,1.6,9.055047271076413e-05,1.6,-13.076964925940453,32.04119982655924,-10.43109278147929,32.04119982655924,45.623307780233915,99.99692260300941,99.99692260300941,0.00013608800674898424,0.0008332701773108592,3,12,26,25,1,1,1,1,1,1,1,1
0.08,445,20261264,0.00010956846130021873,1.6,0.00012074986705140999,1.6,-9.603144372239912,32.04119982655924,-9.181133387451526,32.04119982655924,9.259973550472488,99.99315197116874,99.99315197116874,0.00031623795658380373,0.0006501834876444168,4,12,26,25,1,1,1,1,1,1,1,1
0.08,446,20261265,7.318992183224593e-05,1.6,9.900685140162854e-05,1.6,-11.355487166735205,32.04119982655924,-10.04334750625045,32.04119982655924,26.07590202485517,99.99542562988547,99.99542562988547,0.00027170596894350303,0.00019421093037104287,5,19,26,25,1,1,1,1,1,1,1,1
0.08,447,20261266,8.303908833038985e-05,1.6,0.00014106633191397105,1.6,-10.807174275020532,32.04119982655924,-8.505766262791658,32.04119982655924,41.13472208164381,99.99481005697935,99.99481005697935,0.00011889919893986793,0.0001227708579706697,3,14,26,25,1,1,1,1,1,1,1,1
0.08,448,20261267,0.00013521602928601796,1.6,0.00015364528537048917,1.6,-8.689718215761422,32.04119982655924,-8.134807615969617,32.04119982655924,11.994677246380993,99.99154899816962,99.99154899816962,0.0011625096857286925,0.001169569256593963,9,18,26,25,1,1,1,1,1,1,1,1
0.08,449,20261268,0.00014176094100770974,1.6,0.00020448346040859855,1.6,-8.484434126050255,32.04119982655924,-6.89341814032045,32.04119982655924,30.673639459913662,99.99113994118701,99.99113994118701,0.0003619325730012106,0.0004219330258137528,10,14,26,25,1,1,1,1,1,1,1,1
0.08,450,20261269,0.00016744134751616588,1.6,0.0002116545002180285,1.6,-7.761372895876674,32.04119982655924,-6.74372493081398,32.04119982655924,20.889304340950925,99.98953491578024,99.98953491578024,0.0002749651154224201,0.005849407836384398,5,11,26,25,1,1,1,1,1,1,1,1
0.08,451,20261270,8.43555949953456e-05,1.6,0.00011225423515278634,1.6,-10.738861069690973,32.04119982655924,-9.497972648565959,32.04119982655924,24.853084713880616,99.99472777531278,99.99472777531278,0.0001259141454158819,0.0002616579792587545,6,13,26,25,1,1,1,1,1,1,1,1
0.08,452,20261271,0.00014966983128347002,1.6,0.00023322007160171693,1.6,-8.248657309028534,32.04119982655924,-6.322340756507884,32.04119982655924,35.824635394560026,99.99064563554478,99.99064563554478,0.00028860174336715314,0.00026223655565745625,5,10,26,25,1,1,1,1,1,1,1,1
0.08,453,20261272,9.960171308107731e-05,1.6,0.0001377025935664188,1.6,-10.017331919451678,32.04119982655924,-8.610578799247996,32.04119982655924,27.668963596509236,99.99377489293245,99.99377489293245,9.811751078410827e-05,0.00011600069284678507,17,11,26,25,1,1,1,1,1,1,1,1
0.08,454,20261273,8.170255614538494e-05,1.6,0.00010399821648837118,1.6,-10.877643559220541,32.04119982655924,-9.829741085464166,32.04119982655924,21.438502597281833,99.9948935902409,99.9948935902409,0.0005190122123096244,0.0017161986310864504,4,11,26,25,1,1,1,1,1,1,1,1
0.08,455,20261274,0.00010601008462738618,1.6,0.0001470822052896218,1.6,-9.74652818794652,32.04119982655924,-8.32439867122908,32.04119982655924,27.924602151130305,99.99337436971079,99.99337436971079,0.00031180063280748473,0.0007516440240418135,4,14,26,25,1,1,1,1,1,1,1,1
0.08,456,20261275,6.406106224988379e-05,1.6,7.053660226733566e-05,1.6,-11.934058642135945,32.04119982655924,-11.51585464034656,32.04119982655924,9.18039685681115,99.99599618360936,99.99599618360936,0.0003473808688848611,0.000349289297905658,4,25,26,25,1,1,1,1,1,1,1,1
0.08,457,20261276,7.780601548593714e-05,1.6,0.00011988547740046582,1.6,-11.08986824715261,32.04119982655924,-9.212334229631754,32.04119982655924,35.099715851292245,99.99513712403211,99.99513712403211,0.00031628593625457476,0.0021246124108394897,7,14,26,25,1,1,1,1,1,1,1,1
0.08,458,20261277,9.521408021785643e-05,1.6,0.00014199178916052822,1.6,-10.21298823582355,32.04119982655924,-8.477367684716913,32.04119982655924,32.94395346324388,99.99404911998639,99.99404911998639,0.0004185990201374407,0.001053355545844617,6,10,26,25,1,1,1,1,1,1,1,1
0.08,459,20261278,8.726357263600905e-05,1.6,0.0001121493248611676,1.6,-10.59167010643918,32.04119982655924,-9.50203336525525,32.04119982655924,22.189836858996014,99.99454602671024,99.99454602671024,0.0004154031069794622,0.0004355909916986825,7,11,26,25,1,1,1,1,1,1,1,1
0.08,460,20261279,9.734111906796676e-05,1.6,0.00017166164171821482,1.6,-10.117036652606942,32.04119982655924,-7.653267383347328,32.04119982655924,43.294775644897015,99.99391618005826,99.99391618005826,0.0009029753779640803,0.001113984048082157,8,25,26,25,1,1,1,1,1,1,1,1
0.08,461,20261280,9.530082155877473e-05,1.6,0.00021154644326334528,1.6,-10.209033554277333,32.04119982655924,-6.745942720773708,32.04119982655924,54.95040233782671,99.99404369865258,99.99404369865258,0.00022595099905295862,0.00019503224583625265,5,18,26,22,1,1,1,1,1,1,1,1
0.08,462,20261281,9.128295506689638e-05,1.6,0.00013709484934588075,1.6,-10.39610309119273,32.04119982655924,-8.629788613496693,32.04119982655924,33.416203816238315,99.99429481530832,99.99429481530832,0.0007705617211077204,0.0009988826398728214,6,25,26,25,1,1,1,1,1,1,1,1
0.08,463,20261282,0.00011150876298017855,1.6,0.00019015504076642242,1.6,-9.52691001993439,32.04119982655924,-7.208921575096934,32.04119982655924,41.35902864802269,99.99303070231373,99.99303070231373,0.00017010825858325141,0.0008104383893387712,7,17,26,25,1,1,1,1,1,1,1,1
0.08,464,20261283,0.00013034202145817788,1.6,0.0001275266343299932,1.6,-8.849155478691571,32.04119982655924,-8.943991020179125,32.04119982655924,-2.2076855889566356,99.99185362365887,99.99185362365887,0.001161414867066586,0.0032518843102850004,6,10,26,25,1,1,1,1,0,1,1,1
0.08,465,20261284,0.00012772183037245614,1.6,0.00020533572225569155,1.6,-8.93734866244701,32.04119982655924,-6.875354898453541,32.04119982655924,37.79853355792995,99.99201738560174,99.99201738560174,0.0007820721800408736,0.0032643958947801894,6,18,26,25,1,1,1,1,1,1,1,1
0.08,466,20261285,0.0001281777142940041,1.6,0.00015637813982060728,1.6,-8.92187477161002,32.04119982655924,-8.058239572788638,32.04119982655924,18.033483170316483,99.99198889285661,99.99198889285661,0.00037925682562187985,0.0043066963984111925,5,14,26,25,1,1,1,1,1,1,1,1
0.08,467,20261286,9.571735327167911e-05,1.6,0.00016130006001404155,1.6,-10.19009318786106,32.04119982655924,-7.923654710254078,32.04119982655924,40.658823522231366,99.99401766542053,99.99401766542053,8.50333425242085e-05,0.0002530763839380569,8,25,26,25,1,1,1,1,1,1,1,1
0.08,468,20261287,0.00011518028738538826,1.6,0.00020174421400621922,1.6,-9.386218422001688,32.04119982655924,-6.951989119278483,32.04119982655924,42.907761715616004,99.99280123203842,99.99280123203842,0.0003084505489827227,0.0005727407674231543,6,25,26,25,1,1,1,1,1,1,1,1
0.08,469,20261288,0.00014380516640136824,1.6,0.00016007557419922753,1.6,-8.422255110372788,32.04119982655924,-7.956749316646022,32.04119982655924,10.164203926333817,99.99101217709992,99.99101217709992,0.0001763802519979354,0.00046888940109798247,7,12,26,25,1,1,1,1,1,1,1,1
0.08,470,20261289,0.00018285583733533003,1.6,0.00024336969213579796,1.6,-7.378911710543598,32.04119982655924,-6.13733507279909,32.04119982655924,24.864992131683255,99.98857151016654,99.98857151016654,0.00023290432348864113,0.0007229782975744229,7,21,26,25,1,1,1,1,1,1,1,1
0.08,471,20261290,6.924833668990648e-05,1.6,6.399386267045973e-05,1.6,-11.595906536724767,32.04119982655924,-11.938616750186416,32.04119982655924,-8.210903046288944,99.99567197895688,99.99567197895688,0.00029529303553490306,0.0010557642812300313,5,10,26,25,1,1,1,1,0,1,1,1
0.08,472,20261291,0.000144580181540631,1.6,0.00014833427564952398,1.6,-8.398912342712684,32.04119982655924,-8.287584848077966,32.04119982655924,2.530833883439688,99.9909637386537,99.9909637386537,0.000371941053100938,0.0024838100811428203,5,12,26,25,1,1,1,1,1,1,1,1
0.08,473,20261292,0.00011265306088212475,1.6,0.00015867985427667436,1.6,-9.482570036191834,32.04119982655924,-7.994782070311696,32.04119982655924,29.00607238666683,99.99295918369486,99.99295918369486,0.00013496717178250114,0.00031547827578858696,5,14,26,25,1,1,1,1,1,1,1,1
0.08,474,20261293,0.00013040914166042905,1.6,0.00020768577739545854,1.6,-8.846919635617498,32.04119982655924,-6.825932435234642,32.04119982655924,37.20843897167091,99.9918494286462,99.9918494286462,0.000656935608406718,0.0012007887666848128,6,13,26,25,1,1,1,1,1,1,1,1
0.08,475,20261294,7.637590424769888e-05,1.6,0.00010223333409770482,1.6,-11.170436349168373,32.04119982655924,-9.904074754900725,32.04119982655924,25.29256242909371,99.99522650598452,99.99522650598452,5.0989887832193325e-05,0.00010541055490552212,9,11,26,25,1,1,1,1,1,1,1,1
0.08,476,20261295,0.00010110419700939233,1.6,0.0001546471105854207,1.6,-9.952308157226827,32.04119982655924,-8.106581899093019,32.04119982655924,34.622640780898045,99.99368098768691,99.99368098768691,0.0003764123098727517,0.000376521415790326,9,15,26,25,1,1,1,1,1,1,1,1
0.08,477,20261296,6.858224409850884e-05,1.6,9.697512828438191e-05,1.6,-11.6378830831915,32.04119982655924,-10.13339637217338,32.04119982655924,29.278521914000727,99.99571360974386,99.99571360974386,0.00044903435344817785,0.0030737057757917827,4,10,26,25,1,1,1,1,1,1,1,1
0.08,478,20261297,6.420508205197815e-05,1.6,9.858155173519194e-05,1.6,-11.924305946760295,32.04119982655924,-10.062043500611148,32.04119982655924,34.871098170127475,99.99598718237175,99.99598718237175,0.00024833361498519,0.005400951528413961,5,22,26,25,1,1,1,1,1,1,1,1
0.08,479,20261298,0.00013005864870186228,1.6,0.0001352527381015249,1.6,-8.858607625868725,32.04119982655924,-8.688539341301073,32.04119982655924,3.840284102613711,99.99187133445614,99.99187133445614,0.0012561398494769713,0.002441654235713843,7,25,26,25,1,1,1,1,1,1,1,1
0.08,480,20261299,0.0001624847614458186,1.6,0.00020051156691610288,1.6,-7.891873628716751,32.04119982655924,-6.978605691638016,32.04119982655924,18.96489367428627,99.98984470240964,99.98984470240964,0.0006813889061158621,0.0002926861276760878,5,14,26,25,1,1,1,1,1,1,1,1
0.08,481,20261300,9.203816458848455e-05,1.6,0.00012132818347691055,1.6,-10.360320505536011,32.04119982655924,-9.160383046010379,32.04119982655924,24.141150101369522,99.99424761471322,99.99424761471322,0.00014985687642968403,0.002929697126025855,6,15,26,25,1,1,1,1,1,1,1,1
0.08,482,20261301,7.140452281740587e-05,1.6,8.821762306336507e-05,1.6,-11.462742788060014,32.04119982655924,-10.544446480354088,32.04119982655924,19.058663861168267,99.99553721732391,99.99553721732391,0.00018382815450818232,0.0003155108082774908,6,13,26,25,1,1,1,1,1,1,1,1
0.08,483,20261302,0.00010994172151180856,1.6,0.00016293804482214903,1.6,-9.588374669589228,32.04119982655924,-7.879774993181607,32.04119982655924,32.52544448301641,99.99312864240552,99.99312864240552,0.0004192031472166835,0.0034614414705547436,7,12,26,25,1,1,1,1,1,1,1,1
0.08,484,20261303,9.540336827484177e-05,1.6,0.00018250652703986333,1.6,-10.204362919903067,32.04119982655924,-7.387215991159622,32.04119982655924,47.726051324178876,99.99403728948283,99.99403728948283,6.226366868566084e-05,0.00013580569998121442,7,13,26,25,1,1,1,1,1,1,1,1
0.08,485,20261304,0.00010387418969294836,1.6,0.00018450256201419816,1.6,-9.83492351061058,32.04119982655924,-7.339975988225172,32.04119982655924,43.70040797322107,99.99350786314419,99.99350786314419,0.00022716140696288408,0.00041887931726923794,9,22,26,25,1,1,1,1,1,1,1,1
0.08,486,20261305,0.0001666682533931144,1.6,0.00029504572528022966,1.6,-7.781471157640819,32.04119982655924,-5.301106731810796,32.04119982655924,43.511042827407316,99.98958323416292,99.98958323416292,0.000680494705175238,0.002562339967668285,7,12,26,25,1,1,1,1,1,1,1,1
0.08,487,20261306,0.00010920965868891391,1.6,0.00012696604909366447,1.6,-9.617389501862416,32.04119982655924,-8.96312394496621,32.04119982655924,13.985148416842872,99.99317439633195,99.99317439633195,0.00025221185351443015,0.0002498154945842471,3,12,26,25,1,1,1,1,1,1,1,1
0.08,488,20261307,0.00013579963142827943,1.6,0.0001614995503367419,1.6,-8.671014087659858,32.04119982655924,-7.918286825374825,32.04119982655924,15.913306789322752,99.99151252303574,99.99151252303574,0.0001333405532501851,9.544997119714744e-05,13,18,26,25,1,1,1,1,1,1,1,1
0.08,489,20261308,0.0001281404388140322,1.6,0.0002636216872757511,1.6,-8.92313793109989,32.04119982655924,-5.790188646517965,32.04119982655924,51.39230002727509,99.99199122257411,99.99199122257411,0.0013602691812146584,0.0013716422302883142,4,18,26,25,1,1,1,1,1,1,1,1
0.08,490,20261309,0.00010478280481803101,1.6,0.00013518688516084675,1.6,-9.797099805713113,32.04119982655924,-8.690654384131992,32.04119982655924,22.490406748140288,99.99345107469888,99.99345107469888,0.00027644916223256983,0.000298772908078862,6,11,26,25,1,1,1,1,1,1,1,1
0.08,491,20261310,6.154207478514708e-05,1.6,0.00010423566918885416,1.6,-12.10827866350644,32.04119982655924,-9.819836411026017,32.04119982655924,40.95871858063752,99.99615362032593,99.99615362032593,8.68805506815829e-05,0.00023014906379223085,9,21,26,25,1,1,1,1,1,1,1,1
0.08,492,20261311,0.0001065987011679844,1.6,0.0001811498562926077,1.6,-9.722480868574175,32.04119982655924,-7.419620061580242,32.04119982655924,41.154410304473174,99.993337581177,99.993337581177,0.00018099348454279736,0.00100903659195449,6,25,26,25,1,1,1,1,1,1,1,1
0.08,493,20261312,6.606377028177532e-05,1.6,0.00011638509429687919,1.6,-11.80036644603952,32.04119982655924,-9.341026372044483,32.04119982655924,43.23691476052979,99.99587101435739,99.99587101435739,0.0002673315315578511,0.0021414573666254824,4,10,26,25,1,1,1,1,1,1,1,1
0.08,494,20261313,0.00011819079128911964,1.6,0.00016209037965710216,1.6,-9.274163597332496,32.04119982655924,-7.90242760511261,32.04119982655924,27.08340153243574,99.99261307554444,99.99261307554444,0.00025390047972567747,0.00046147132859686855,13,16,26,25,1,1,1,1,1,1,1,1
0.08,495,20261314,0.00013795247410021755,1.6,0.00022106958912608847,1.6,-8.602705062871014,32.04119982655924,-6.554709959246805,32.04119982655924,37.597715431797596,99.99137797036873,99.99137797036873,0.0012615179197840414,0.002507458545505354,7,13,26,25,1,1,1,1,1,1,1,1
0.08,496,20261315,9.092543095536902e-05,1.6,0.00014304121608065394,1.6,-10.413146318614256,32.04119982655924,-8.445388063300888,32.04119982655924,36.43410378719052,99.99431716056529,99.99431716056529,0.00020619207202760044,0.0010016513996849356,3,11,26,25,1,1,1,1,1,1,1,1
0.08,497,20261316,0.0001557722070346746,1.6,0.00019675245534041185,1.6,-8.075100268188471,32.04119982655924,-7.060798392274065,32.04119982655924,20.828328792560757,99.99026423706034,99.99026423706034,0.00052459534834947,0.008198449485193448,7,17,26,25,1,1,1,1,1,1,1,1
0.08,498,20261317,0.00011443524153079425,1.6,0.00013581778399989543,1.6,-9.414402094117257,32.04119982655924,-8.670433597510911,32.04119982655924,15.743551278319815,99.99284779740432,99.99284779740432,0.0002749523848439065,0.0004242490499323497,3,10,26,25,1,1,1,1,1,1,1,1
0.08,499,20261318,0.00014129563213012659,1.6,0.00020460553808401976,1.6,-8.498712632831007,32.04119982655924,-6.890826153610071,32.04119982655924,30.942420496895558,99.99116902299187,99.99116902299187,0.00041023502689100646,0.0013329730054374574,12,25,26,25,1,1,1,1,1,1,1,1
0.08,500,20261319,6.516906316228215e-05,1.6,9.428789773518095e-05,1.6,-11.859585221588539,32.04119982655924,-10.255440472852264,32.04119982655924,30.882897245925022,99.99592693355235,99.99592693355235,0.00044980555299449276,0.0016363471519606455,5,10,26,25,1,1,1,1,1,1,1,1
0.1,1,20260820,2.9657689781474558e-05,1.6,4.0498950901414187e-05,1.6,-15.278626818387814,32.04119982655924,-13.925562267514543,32.04119982655924,26.76923939667055,99.99814639438864,99.99814639438864,0.0003254203305218794,0.0008866586095728323,3,12,26,25,1,1,1,1,1,1,1,1
0.1,2,20260821,2.3647324794830048e-05,1.6,4.079218209474703e-05,1.6,-16.26217983575604,32.04119982655924,-13.894230623622315,32.04119982655924,42.029762615039886,99.99852204220034,99.99852204220034,0.0007486451873901609,0.00046016577763664806,4,9,26,25,1,1,1,1,1,1,1,1
0.1,3,20260822,1.5608672895721806e-05,1.6,1.6866130873168894e-05,1.6,-18.066340206125385,32.04119982655924,-17.729845340768296,32.04119982655924,7.455521286434977,99.99902445794402,99.99902445794402,0.00014245918719536863,0.0012565419856484118,3,8,26,25,1,1,1,1,1,1,1,1
0.1,4,20260823,5.3629842177219155e-05,1.6,8.069987301508093e-05,1.6,-12.705934810839894,32.04119982655924,-10.931271486595035,32.04119982655924,33.54408108275835,99.99664813486393,99.99664813486393,0.0004190831708551208,0.0006275606382036954,4,13,26,25,1,1,1,1,1,1,1,1
0.1,5,20260824,1.4796897500805923e-05,1.6,2.1246014694696624e-05,1.6,-18.29829334573033,32.04119982655924,-16.727225224806002,32.04119982655924,30.354479588590856,99.9990751939062,99.9990751939062,0.00023769571953589976,0.0010214485489309674,5,10,26,25,1,1,1,1,1,1,1,1
0.1,6,20260825,3.094971362019581e-05,1.6,4.558993842791839e-05,1.6,-15.09343365181637,32.04119982655924,-13.411309943396772,32.04119982655924,32.11284180800119,99.99806564289874,99.99806564289874,0.00017258989907278428,0.0018838346743160427,3,25,26,25,1,1,1,1,1,1,1,1
0.1,7,20260826,2.1563887067410666e-05,1.6,2.503312003014941e-05,1.6,-16.662729512882542,32.04119982655924,-16.01485018253061,32.04119982655924,13.858571998058835,99.9986522570583,99.9986522570583,0.00031149223637355345,0.0030073951936268077,4,14,26,25,1,1,1,1,1,1,1,1
0.1,8,20260827,4.193821043454259e-05,1.6,4.745883342305383e-05,1.6,-13.773901054630695,32.04119982655924,-13.236829413010899,32.04119982655924,11.632445617235744,99.99737886184784,99.99737886184784,0.00012347436670147855,0.0006611223941103714,5,11,26,25,1,1,1,1,1,1,1,1
0.1,9,20260828,3.424957947671865e-05,1.6,5.857419442021837e-05,1.6,-14.653447564945276,32.04119982655924,-12.322936756078192,32.04119982655924,41.52786937024175,99.99785940128271,99.99785940128271,0.0007851253958433333,0.0010810469688113042,3,10,26,25,1,1,1,1,1,1,1,1
0.1,10,20260829,3.913380288617434e-05,1.6,5.715096420670503e-05,1.6,-14.074479468289084,32.04119982655924,-12.429764381275099,32.04119982655924,31.525559665740325,99.99755413731961,99.99755413731961,0.00010289134390140277,0.0002659609879683469,3,14,26,25,1,1,1,1,1,1,1,1
0.1,11,20260830,2.5362424101853583e-05,1.6,4.491069935776037e-05,1.6,-15.958092396015939,32.04119982655924,-13.4765018197021,32.04119982655924,43.52698919289693,99.99841484849364,99.99841484849364,0.00011508223497672305,0.00013455698421647587,6,16,26,25,1,1,1,1,1,1,1,1
0.1,12,20260831,3.0039524323696844e-05,1.6,3.509720617504162e-05,1.6,-15.223069486728376,32.04119982655924,-14.547274530798768,32.04119982655924,14.410497023952296,99.99812252972976,99.99812252972976,0.00021641694818535592,0.0007756085285932644,3,9,26,25,1,1,1,1,1,1,1,1
0.1,13,20260832,3.734059526779389e-05,1.6,5.4353516685092714e-05,1.6,-14.278187629949343,32.04119982655924,-12.647723517152818,32.04119982655924,31.300498026404384,99.99766621279576,99.99766621279576,0.0002083245739180107,0.0002261968268147448,4,12,26,25,1,1,1,1,1,1,1,1
0.1,14,20260833,3.070105092205207e-05,1.6,4.2061352554095166e-05,1.6,-15.128467580134846,32.04119982655924,-13.761167659498552,32.04119982655924,27.008883314992293,99.99808118431739,99.99808118431739,0.00031385221784642974,0.007813843003242019,6,24,26,25,1,1,1,1,1,1,1,1
0.1,15,20260834,1.9375024241187203e-05,1.6,3.008832404959294e-05,1.6,-17.127577454509552,32.04119982655924,-15.216020022328179,32.04119982655924,35.606169990550455,99.99878906098492,99.99878906098492,0.00014669447864150987,0.00018142494568803373,5,11,26,25,1,1,1,1,1,1,1,1
0.1,16,20260835,2.2388993476418837e-05,1.6,4.1970205849288576e-05,1.6,-16.499654302022492,32.04119982655924,-13.7705890071963,32.04119982655924,46.65503057855899,99.99860068790771,99.99860068790771,0.002380327046970206,0.002878581843233036,3,25,26,25,1,1,1,1,1,1,1,1
0.1,17,20260836,3.7550376111644404e-05,1.6,5.286613928158355e-05,1.6,-14.253857086626436,32.04119982655924,-12.76822404176423,32.04119982655924,28.97083724680941,99.99765310149303,99.99765310149303,0.00021428694552004044,0.0008876072045811313,7,24,26,25,1,1,1,1,1,1,1,1
0.1,18,20260837,2.3971917366863217e-05,1.6,3.2949235589660565e-05,1.6,-16.20297228021155,32.04119982655924,-14.821546564278831,32.04119982655924,27.24590741526769,99.99850175516457,99.99850175516457,0.00013981144737435224,0.00044060971045655286,6,18,26,25,1,1,1,1,1,1,1,1
0.1,19,20260838,5.221990903731555e-05,1.6,6.952697567869369e-05,1.6,-12.82163889016834,32.04119982655924,-11.578466613755076,32.04119982655924,24.892592367830883,99.99673625568516,99.99673625568516,0.0001941503932591077,0.00019561745351166107,4,12,26,25,1,1,1,1,1,1,1,1
0.1,20,20260839,4.306510113501473e-05,1.6,4.564625650155286e-05,1.6,-13.658745285400629,32.04119982655924,-13.405948336254719,32.04119982655924,5.65469233265671,99.99730843117906,99.99730843117906,0.0007573045782791898,0.001344842201510128,5,9,26,25,1,1,1,1,1,1,1,1
0.1,21,20260840,3.3473208591158055e-05,1.6,4.6441641838827446e-05,1.6,-14.753026561320212,32.04119982655924,-13.330924351664784,32.04119982655924,27.92414896242354,99.99790792446305,99.99790792446305,0.00020005081083177494,0.00019646482198081952,5,9,26,25,1,1,1,1,1,1,1,1
0.1,22,20260841,6.784618718398258e-05,1.6,7.725132578241859e-05,1.6,-11.684745537740993,32.04119982655924,-11.120940585044504,32.04119982655924,12.174727751502878,99.99575961330102,99.99575961330102,0.00043211464697300337,0.000878320008837427,5,12,26,25,1,1,1,1,1,1,1,1
0.1,23,20260842,3.526975853202906e-05,1.6,5.102260064001545e-05,1.6,-14.525975136403162,32.04119982655924,-12.922374090185933,32.04119982655924,30.87424378684437,99.99779564009175,99.99779564009175,0.0003440084123977412,0.00017078908587619225,5,14,26,25,1,1,1,1,1,1,1,1
0.1,24,20260843,3.33664339185565e-05,1.6,4.605132515230719e-05,1.6,-14.766902066581,32.04119982655924,-13.367578682238237,32.04119982655924,27.545116653641337,99.9979145978801,99.9979145978801,0.00016644416407231766,0.0026179958360562404,5,11,26,25,1,1,1,1,1,1,1,1
0.1,25,20260844,3.7449864452590375e-05,1.6,4.250940467938619e-05,1.6,-14.26549749863008,32.04119982655924,-13.715149770434142,32.04119982655924,11.902166743937734,99.9976593834717,99.9976593834717,0.0004222314460704304,0.0055366830227234565,3,7,26,25,1,1,1,1,1,1,1,1
0.1,26,20260845,3.3441553515075e-05,1.6,6.443654042439727e-05,1.6,-14.757135557738913,32.04119982655924,-11.90867784747651,32.04119982655924,48.10156893151078,99.9979099029053,99.9979099029053,0.0006319993104081018,0.0009749758097544909,3,17,26,25,1,1,1,1,1,1,1,1
0.1,27,20260846,2.837078857594006e-05,1.6,4.2359999352987765e-05,1.6,-15.471285926701437,32.04119982655924,-13.730440551980239,32.04119982655924,33.02457740963353,99.998226825714,99.998226825714,0.0003842022119592269,0.0007211448292442216,3,12,26,25,1,1,1,1,1,1,1,1
0.1,28,20260847,4.743912485949458e-05,1.6,6.990503975872321e-05,1.6,-13.238633312837191,32.04119982655924,-11.554915129452507,32.04119982655924,32.13776142145057,99.99703505469628,99.99703505469628,0.0009582234867516608,0.000451191756734751,5,18,26,25,1,1,1,1,1,1,1,1
0.1,29,20260848,1.975324424629944e-05,1.6,4.126991153709147e-05,1.6,-17.043615662371796,32.04119982655924,-13.843664620407862,32.04119982655924,52.136451204781125,99.99876542223461,99.99876542223461,0.00013828201423868232,0.00012508882727734426,3,9,26,25,1,1,1,1,1,1,1,1
0.1,30,20260849,3.455926778415258e-05,1.6,4.853706485955585e-05,1.6,-14.614354676014434,32.04119982655924,-13.139264899290968,32.04119982655924,28.79819188871154,99.9978400457635,99.9978400457635,0.00025831931481571773,0.0011981473126922832,5,11,26,25,1,1,1,1,1,1,1,1
0.1,31,20260850,2.5292596243909085e-05,1.6,4.1765112990103795e-05,1.6,-15.97006588744499,32.04119982655924,-13.79186339329063,32.04119982655924,39.440852823977416,99.99841921273476,99.99841921273476,0.0002444796229319053,0.000997499496881574,3,11,26,25,1,1,1,1,1,1,1,1
0.1,32,20260851,6.969709974011525e-05,1.6,8.763030124992415e-05,1.6,-11.567852935385822,32.04119982655924,-10.573456953140358,32.04119982655924,20.464612416044183,99.99564393126626,99.99564393126626,0.0003322246513862923,0.0014051110683236713,5,10,26,25,1,1,1,1,1,1,1,1
0.1,33,20260852,4.039706528352933e-05,1.6,6.214319396180894e-05,1.6,-13.936501838365071,32.04119982655924,-12.066064291572971,32.04119982655924,34.99358061905224,99.99747518341978,99.99747518341978,0.00010904243160708089,0.0003437793718191112,8,21,26,25,1,1,1,1,1,1,1,1
0.1,34,20260853,3.1533201372822434e-05,1.6,5.6480234334797024e-05,1.6,-15.012319357547078,32.04119982655924,-12.481035100777444,32.04119982655924,44.169492665516294,99.9980291749142,99.9980291749142,0.0005090603049612708,0.0007790933365773966,4,10,26,25,1,1,1,1,1,1,1,1
0.1,35,20260854,2.900311784046444e-05,1.6,4.645294639747532e-05,1.6,-15.375553128553317,32.04119982655924,-13.329867345533732,32.04119982655924,37.56452477244644,99.99818730513498,99.99818730513498,0.0002987213048847311,0.0009730311056366521,3,13,26,25,1,1,1,1,1,1,1,1
0.1,36,20260855,4.205408831430792e-05,1.6,4.6290542858246005e-05,1.6,-13.761917776059816,32.04119982655924,-13.345077261310305,32.04119982655924,9.151879157933486,99.99737161948035,99.99737161948035,0.00031650979268040566,0.000280252975178046,4,7,26,25,1,1,1,1,1,1,1,1
0.1,37,20260856,2.4863662958011333e-05,1.6,4.08513806523373e-05,1.6,-16.044348899636372,32.04119982655924,-13.88793261051788,32.04119982655924,39.136297082314734,99.99844602106513,99.99844602106513,0.00015511984884691849,0.0005511343452155598,3,16,26,25,1,1,1,1,1,1,1,1
0.1,38,20260857,1.604748598687563e-05,1.6,2.748177166691389e-05,1.6,-17.94592994881899,32.04119982655924,-15.609552730548932,32.04119982655924,41.60679965842352,99.99899703212581,99.99899703212581,0.0009955129454454247,0.0020572983126932935,4,10,26,25,1,1,1,1,1,1,1,1
0.1,39,20260858,4.0376327109358413e-05,1.6,5.1987718782610284e-05,1.6,-13.938731898175181,32.04119982655924,-12.840992389591966,32.04119982655924,22.33487436101128,99.99747647955567,99.99747647955567,0.00014955043190980198,0.00035695374454203146,4,10,26,25,1,1,1,1,1,1,1,1
0.1,40,20260859,2.5922663534552797e-05,1.6,4.605590777791404e-05,1.6,-15.863203770711753,32.04119982655924,-13.367146531808348,32.04119982655924,43.71479190128151,99.99837983352909,99.99837983352909,0.00044359920747353887,0.0002215201296836009,5,25,26,25,1,1,1,1,1,1,1,1
0.1,41,20260860,2.946117663745398e-05,1.6,3.904283097524276e-05,1.6,-15.307499120436637,32.04119982655924,-14.08458699397997,32.04119982655924,24.541392359238888,99.99815867646016,99.99815867646016,0.00027111303176350753,0.0016745850517199635,5,13,26,25,1,1,1,1,1,1,1,1
0.1,42,20260861,3.89449507670206e-05,1.6,6.645044530690985e-05,1.6,-14.095488408455113,32.04119982655924,-11.775021043572808,32.04119982655924,41.39249091989018,99.99756594057708,99.99756594057708,0.00023536998223423037,0.0013509464346899832,4,12,26,25,1,1,1,1,1,1,1,1
0.1,43,20260862,2.7981176311962065e-05,1.6,4.106952600224833e-05,1.6,-15.531340319794404,32.04119982655924,-13.864803094618065,32.04119982655924,31.86876247261717,99.99825117648051,99.99825117648051,0.00027236983414526014,0.00016350663776840919,5,23,26,25,1,1,1,1,1,1,1,1
0.1,44,20260863,2.861599980011186e-05,1.6,4.9384010594545423e-05,1.6,-15.433910758927155,32.04119982655924,-13.064136428700388,32.04119982655924,42.054119429351154,99.99821150001249,99.99821150001249,0.0009453706402381399,0.002123238335892998,5,20,26,25,1,1,1,1,1,1,1,1
0.1,45,20260864,5.097446645642609e-05,1.6,9.456123532359522e-05,1.6,-12.926473112338375,32.04119982655924,-10.24286862914634,32.04119982655924,46.09369655336263,99.99681409584647,99.99681409584647,0.0004501514354577371,0.0008758907549400179,3,13,26,25,1,1,1,1,1,1,1,1
0.1,46,20260865,3.152654431686361e-05,1.6,4.313390523012986e-05,1.6,-15.013236304689112,32.04119982655924,-13.65181220195874,32.04119982655924,26.910062632488657,99.9980295909802,99.9980295909802,0.00012293243964373195,9.443142390742411e-05,3,17,26,25,1,1,1,1,1,1,1,1
0.1,47,20260866,3.7209132087138735e-05,1.6,7.726101041366088e-05,1.6,-14.293504598941439,32.04119982655924,-11.120396164836146,32.04119982655924,51.83970299130385,99.99767442924455,99.99767442924455,0.00013880178500277264,0.000648663811651307,5,24,26,25,1,1,1,1,1,1,1,1
0.1,48,20260867,3.935173373602369e-05,1.6,5.942110670126586e-05,1.6,-14.0503612898722,32.04119982655924,-12.26059263845431,32.04119982655924,33.77482190989658,99.9975405166415,99.9975405166415,0.00038802481948319094,0.0004893231434850586,3,18,26,25,1,1,1,1,1,1,1,1
0.1,49,20260868,2.3582345065935595e-05,1.6,2.875390607918234e-05,1.6,-16.27413010158837,32.04119982655924,-15.413031501602132,32.04119982655924,17.985594718871692,99.99852610343339,99.99852610343339,0.00019588570592571418,0.00046410476898967593,3,13,26,25,1,1,1,1,1,1,1,1
0.1,50,20260869,2.6508742545286534e-05,1.6,3.162029616936576e-05,1.6,-15.766108727420287,32.04119982655924,-15.000340665948634,32.04119982655924,16.165419819917364,99.99834320359092,99.99834320359092,0.00031912345358219235,0.000573464855206528,6,10,26,25,1,1,1,1,1,1,1,1
0.1,51,20260870,2.4674462981463783e-05,1.6,2.8931424629154062e-05,1.6,-16.077522906025973,32.04119982655924,-15.386301804775952,32.04119982655924,14.713971753055528,99.99845784606366,99.99845784606366,0.00037605741621608347,0.0006143131140203095,5,10,26,25,1,1,1,1,1,1,1,1
0.1,52,20260871,2.9447969266753757e-05,1.6,4.4047011229888927e-05,1.6,-15.30944648810718,32.04119982655924,-13.560835549114893,32.04119982655924,33.14422830402785,99.99815950192082,99.99815950192082,0.0009122550444942869,0.008062204604527785,4,23,26,25,1,1,1,1,1,1,1,1
0.1,53,20260872,2.284594254041047e-05,1.6,4.3944735232649825e-05,1.6,-16.41190919829542,32.04119982655924,-13.57093147811302,32.04119982655924,48.01210561524441,99.99857212859122,99.99857212859122,0.0004830066665204221,0.0021228021250459493,4,7,26,25,1,1,1,1,1,1,1,1
0.1,54,20260873,2.448068547835019e-05,1.6,3.6590025931921426e-05,1.6,-16.1117642577088,32.04119982655924,-14.366372827220182,32.04119982655924,33.094648459942604,99.9984699571576,99.9984699571576,0.00020723134367249408,0.0002072885392201418,3,10,26,25,1,1,1,1,1,1,1,1
0.1,55,20260874,5.9871705659762736e-05,1.6,0.00010155495537864857,1.6,-12.227783692458088,32.04119982655924,-9.932988803232197,32.04119982655924,41.04501800376896,99.99625801839628,99.99625801839628,0.0002651950530356981,0.00026039998778102345,3,13,26,25,1,1,1,1,1,1,1,1
0.1,56,20260875,7.00938840446341e-05,1.6,0.0001394667725330032,1.6,-11.543198742094054,32.04119982655924,-8.555292491963792,32.04119982655924,49.74151708569352,99.99561913224721,99.99561913224721,0.000294849971509181,0.00033660016071387417,5,25,26,25,1,1,1,1,1,1,1,1
0.1,57,20260876,2.2244757569079014e-05,1.6,3.4362269959184395e-05,1.6,-16.5277232297887,32.04119982655924,-14.63918154556005,32.04119982655924,35.264004399297825,99.99860970265193,99.99860970265193,0.00023953668582905874,0.002043410936849053,3,14,26,25,1,1,1,1,1,1,1,1
0.1,58,20260877,4.0289012884918454e-05,1.6,4.221672108121072e-05,1.6,-13.948133730654472,32.04119982655924,-13.74515500816049,32.04119982655924,4.566219609012291,99.9974819366947,99.9974819366947,0.0007485011979260843,0.007405941189718951,4,7,26,25,1,1,1,1,1,1,1,1
0.1,59,20260878,2.5558386195735264e-05,1.6,4.0473309001803444e-05,1.6,-15.924665718130735,32.04119982655924,-13.92831287269514,32.04119982655924,36.85125623260403,99.99840260086276,99.99840260086276,0.0001588945649264941,0.00015898490399430428,5,10,26,25,1,1,1,1,1,1,1,1
0.1,60,20260879,2.3229656688387663e-05,1.6,4.179505934816664e-05,1.6,-16.339572086001336,32.04119982655924,-13.788750537428163,32.04119982655924,44.42008923859408,99.99854814645697,99.99854814645697,0.0006738759478700862,0.0006779404701912045,3,10,26,25,1,1,1,1,1,1,1,1
0.1,61,20260880,2.7696803327785844e-05,1.6,3.708427947034788e-05,1.6,-15.575703528567168,32.04119982655924,-14.308101547023933,32.04119982655924,25.313896553034397,99.99826894979202,99.99826894979202,0.00033058609946727606,0.00022611348338145317,4,24,26,25,1,1,1,1,1,1,1,1
0.1,62,20260881,2.4064821844359072e-05,1.6,2.549170887589962e-05,1.6,-16.186173491247143,32.04119982655924,-15.936010499565016,32.04119982655924,5.597455386325851,99.99849594863473,99.99849594863473,0.0002688434419916962,0.0005548180637132083,4,9,26,25,1,1,1,1,1,1,1,1
0.1,63,20260882,1.759610027072991e-05,1.6,2.6489433004349986e-05,1.6,-17.54583571876999,32.04119982655924,-15.76927337501841,32.04119982655924,33.57313360448165,99.99890024373309,99.99890024373309,0.00032076050629898447,0.0014911205035197986,5,10,26,25,1,1,1,1,1,1,1,1
0.1,64,20260883,3.2881442824056394e-05,1.6,3.900927150927367e-05,1.6,-14.830491340523599,32.04119982655924,-14.088321599793316,32.04119982655924,15.708646811721426,99.99794490982349,99.99794490982349,0.00019646186583073238,0.000236796442406199,9,13,26,25,1,1,1,1,1,1,1,1
0.1,65,20260884,2.8325459370757047e-05,1.6,5.188715028283576e-05,1.6,-15.478230381965263,32.04119982655924,-12.849401807297141,32.04119982655924,45.40949114307576,99.99822965878934,99.99822965878934,0.00015177885565853877,0.00011395262286691811,7,22,26,25,1,1,1,1,1,1,1,1
0.1,66,20260885,2.870027441147391e-05,1.6,3.833146753296733e-05,1.6,-15.421139508332846,32.04119982655924,-14.164445533188504,32.04119982655924,25.126074584047746,99.99820623284928,99.99820623284928,0.001985984332133226,0.006007729157832443,5,10,26,25,1,1,1,1,1,1,1,1
0.1,67,20260886,3.9403746712650116e-05,1.6,6.678700203402091e-05,1.6,-14.04462481238726,32.04119982655924,-11.753080509102261,32.04119982655924,41.000875151458246,99.99753726583046,99.99753726583046,0.00040031466106948347,0.0005063059161257201,3,12,26,25,1,1,1,1,1,1,1,1
0.1,68,20260887,2.5176384280391854e-05,1.6,3.837695854527313e-05,1.6,-15.990066411792018,32.04119982655924,-14.159294469883793,32.04119982655924,34.397135065585296,99.99842647598247,99.99842647598247,8.264474867356369e-05,0.00021703047009823486,4,8,26,25,1,1,1,1,1,1,1,1
0.1,69,20260888,3.7871524136157386e-05,1.6,4.9169905277665036e-05,1.6,-14.216872163842408,32.04119982655924,-13.083006283465481,32.04119982655924,22.97824467569156,99.99763302974148,99.99763302974148,0.00015342356107100758,0.0004321400822942314,6,19,26,25,1,1,1,1,1,1,1,1
0.1,70,20260889,2.713400798686101e-05,1.6,5.15517297991523e-05,1.6,-15.664860515014054,32.04119982655924,-12.877567575458833,32.04119982655924,47.365475237055584,99.99830412450082,99.99830412450082,0.0004741109340125448,0.0010483092969617407,6,25,26,25,1,1,1,1,1,1,1,1
0.1,71,20260890,3.370913559468045e-05,1.6,4.332423345158541e-05,1.6,-14.722523839748352,32.04119982655924,-13.632691126461669,32.04119982655924,22.19334790458504,99.99789317902534,99.99789317902534,0.00045212733316802006,0.000862356805287785,3,16,26,25,1,1,1,1,1,1,1,1
0.1,72,20260891,2.8189513051597074e-05,1.6,3.823713064843198e-05,1.6,-15.499124261089195,32.04119982655924,-14.17514705054603,32.04119982655924,26.277122332260927,99.99823815543427,99.99823815543427,0.00027804099063664743,0.0025242130017917694,5,11,26,25,1,1,1,1,1,1,1,1
0.1,73,20260892,2.345596466109309e-05,1.6,4.3967411468782353e-05,1.6,-16.29746701349327,32.04119982655924,-13.568691022200927,32.04119982655924,46.65147690637362,99.99853400220869,99.99853400220869,0.0005961093541745977,0.0032029061593185117,4,10,26,25,1,1,1,1,1,1,1,1
0.1,74,20260893,1.7304545416451324e-05,1.6,2.4824451154280036e-05,1.6,-17.618398049638923,32.04119982655924,-16.05120344576893,32.04119982655924,30.29233432430666,99.99891846591149,99.99891846591149,0.0033936642736210804,0.007616436057968728,8,9,26,25,1,1,1,1,1,1,1,1
0.1,75,20260894,2.2040808422793784e-05,1.6,2.9899826079652253e-05,1.6,-16.567724802776244,32.04119982655924,-15.24331337858413,32.04119982655924,26.284492879397618,99.99862244947359,99.99862244947359,0.0003610698804040911,0.0007464277483989808,5,9,26,25,1,1,1,1,1,1,1,1
0.1,76,20260895,4.96476896344442e-05,1.6,8.42641673926216e-05,1.6,-13.041009566823549,32.04119982655924,-10.743570660866467,32.04119982655924,41.08089930668266,99.99689701939786,99.99689701939786,0.0004819028284726478,0.0008748990667671087,8,21,26,25,1,1,1,1,1,1,1,1
0.1,77,20260896,3.188122479563552e-05,1.6,5.85996551778412e-05,1.6,-14.964650024651258,32.04119982655924,-12.321049395245955,32.04119982655924,45.5948593914405,99.99800742345026,99.99800742345026,0.0003000598111128506,0.005323960375056123,5,10,26,25,1,1,1,1,1,1,1,1
0.1,78,20260897,3.589789287939001e-05,1.6,4.881648824688727e-05,1.6,-14.449310427228092,32.04119982655924,-13.114334660055736,32.04119982655924,26.463590134058855,99.99775638169504,99.99775638169504,0.00013718885519810108,0.0006705033827256711,3,8,26,25,1,1,1,1,1,1,1,1
0.1,79,20260898,2.9595423066951664e-05,1.6,7.204922971487664e-05,1.6,-15.287754474025746,32.04119982655924,-11.42370657908518,32.04119982655924,58.92333174959561,99.99815028605832,99.99815028605832,0.00018992785153149243,0.0003128007356234847,4,25,26,25,1,1,1,1,1,1,1,1
0.1,80,20260899,3.104418385401167e-05,1.6,4.508466935194194e-05,1.6,-15.080197531914335,32.04119982655924,-13.459711110649973,32.04119982655924,31.14248302083977,99.99805973850913,99.99805973850913,0.00012087311544151258,5.730682415964113e-05,3,11,26,25,1,1,1,1,1,1,1,1
0.1,81,20260900,2.131300310040082e-05,1.6,2.5485034157175614e-05,1.6,-16.713553518793056,32.04119982655924,-15.937147799970724,32.04119982655924,16.370513890797,99.99866793730622,99.99866793730622,0.0001323272669286784,0.00043515468062668846,3,10,26,25,1,1,1,1,1,1,1,1
0.1,82,20260901,3.304737959622498e-05,1.6,3.392828335139503e-05,1.6,-14.808629710351354,32.04119982655924,-14.69438113531327,32.04119982655924,2.5963699549621646,99.99793453877524,99.99793453877524,0.00022398299302669805,0.0003130973592878988,5,8,26,25,1,1,1,1,1,1,1,1
0.1,83,20260902,3.687097292117728e-05,1.6,4.363465115897088e-05,1.6,-14.333154024339208,32.04119982655924,-13.601684916885418,32.04119982655924,15.500704275489667,99.99769556419241,99.99769556419241,0.0002474569202397826,0.00076596532181859,5,9,26,25,1,1,1,1,1,1,1,1
0.1,84,20260903,3.758354194779661e-05,1.6,4.7098346618036453e-05,1.6,-14.25002293530406,32.04119982655924,-13.269943384606307,32.04119982655924,20.201992964645,99.99765102862827,99.99765102862827,0.0003977449984216544,0.0020375219058130513,4,12,26,25,1,1,1,1,1,1,1,1
0.1,85,20260904,3.1402375524026183e-05,1.6,4.7294423166824754e-05,1.6,-15.030374972149026,32.04119982655924,-13.25190067098681,32.04119982655924,33.60237122829788,99.99803735152975,99.99803735152975,0.00016232363514641745,0.0010911583197384567,4,11,26,25,1,1,1,1,1,1,1,1
0.1,86,20260905,3.49584657443122e-05,1.6,4.474610937285462e-05,1.6,-14.564476359175117,32.04119982655924,-13.492447201549096,32.04119982655924,21.87373107008075,99.99781509589099,99.99781509589099,0.0002614196684826461,0.0009209973082462968,4,11,26,25,1,1,1,1,1,1,1,1
0.1,87,20260906,2.4133761476099224e-05,1.6,3.326767996928653e-05,1.6,-16.173749838930394,32.04119982655924,-14.779774850244511,32.04119982655924,27.455832512576603,99.99849163990774,99.99849163990774,0.00011669027291748685,0.0004993337082722965,4,17,26,25,1,1,1,1,1,1,1,1
0.1,88,20260907,3.151331370180021e-05,1.6,3.3019868175145324e-05,1.6,-15.015059273007626,32.04119982655924,-14.812246648988232,32.04119982655924,4.562569618249196,99.99803041789363,99.99803041789363,0.00016474052714255427,0.000174114787014224,5,8,26,25,1,1,1,1,1,1,1,1
0.1,89,20260908,3.1582760137944515e-05,1.6,4.7623602972533104e-05,1.6,-15.005499180168622,32.04119982655924,-13.221777510584527,32.04119982655924,33.68254779849424,99.99802607749136,99.99802607749136,8.349648403431781e-05,0.00043276987503792065,4,13,26,25,1,1,1,1,1,1,1,1
0.1,90,20260909,3.059822720882785e-05,1.6,6.856112148513899e-05,1.6,-15.143037348166786,32.04119982655924,-11.639220870763419,32.04119982655924,55.3708770422313,99.99808761079944,99.99808761079944,0.00043057695959768035,0.002329446849278835,5,15,26,25,1,1,1,1,1,1,1,1
0.1,91,20260910,3.743104810239925e-05,1.6,6.457074387362569e-05,1.6,-14.267680120863366,32.04119982655924,-11.8996421036743,32.04119982655924,42.03094798527141,99.9976605594936,99.9976605594936,0.0003548496474905682,0.00047813604682169853,5,13,26,25,1,1,1,1,1,1,1,1
0.1,92,20260911,2.7129200688713576e-05,1.6,4.156028002293388e-05,1.6,-15.665630017266025,32.04119982655924,-13.813215349357147,32.04119982655924,34.72324855909757,99.99830442495696,99.99830442495696,0.0006915692072223356,0.0003802788451014176,3,25,26,25,1,1,1,1,1,1,1,1
0.1,93,20260912,2.1943905830120012e-05,1.6,3.6873195362085136e-05,1.6,-16.586860691269592,32.04119982655924,-14.332892256162712,32.04119982655924,40.488190365286776,99.9986285058856,99.9986285058856,0.003492964361855016,0.005550136418587518,3,12,26,25,1,1,1,1,1,1,1,1
0.1,94,20260913,3.9352231648277314e-05,1.6,8.594064500945761e-05,1.6,-14.050306339516608,32.04119982655924,-10.65801391133882,32.04119982655924,54.209988016791506,99.997540485522,99.997540485522,0.00033578706263918186,0.0002095849900332416,4,10,26,25,1,1,1,1,1,1,1,1
0.1,95,20260914,3.684742702176374e-05,1.6,3.42006493900428e-05,1.6,-14.33592832615325,32.04119982655924,-14.659656476329099,32.04119982655924,-7.7389689345826405,99.99769703581113,99.99769703581113,0.0001109956624767135,0.0009189810290549485,3,8,26,25,1,1,1,1,0,1,1,1
0.1,96,20260915,3.906625932052061e-05,1.6,5.375115831825925e-05,1.6,-14.0819817142767,32.04119982655924,-12.696121724205812,32.04119982655924,27.320153569137478,99.99755835879246,99.99755835879246,0.00012088408029539069,0.0022506854176352394,7,14,23,25,1,1,1,1,1,1,1,1
0.1,97,20260916,2.6012427437041742e-05,1.6,4.4702169440481035e-05,1.6,-15.848191182646536,32.04119982655924,-13.496713996160054,32.04119982655924,41.80947420980062,99.9983742232852,99.9983742232852,0.00022415933927472635,0.000501023368665147,7,14,26,25,1,1,1,1,1,1,1,1
0.1,98,20260917,4.756941756607282e-05,1.6,6.035159320365204e-05,1.6,-13.226721659942074,32.04119982655924,-12.193112606052125,32.04119982655924,21.17951649502723,99.99702691140212,99.99702691140212,0.00025531784685031624,0.0007086723164854369,3,9,26,25,1,1,1,1,1,1,1,1
0.1,99,20260918,6.0477980081353264e-05,1.6,6.938936823891676e-05,1.6,-12.184027223707979,32.04119982655924,-11.587070665607534,32.04119982655924,12.84258436664304,99.99622012624492,99.99622012624492,0.0006922498903131288,0.0007660301423621714,4,8,26,25,1,1,1,1,1,1,1,1
0.1,100,20260919,4.215442383478521e-05,1.6,5.310504383799347e-05,1.6,-13.75156842243953,32.04119982655924,-12.748642283162873,32.04119982655924,20.620677833569076,99.99736534851033,99.99736534851033,0.00017110627548046708,0.00034384683481443115,4,12,26,25,1,1,1,1,1,1,1,1
0.1,101,20260920,2.325948732098352e-05,1.6,3.9537472385658426e-05,1.6,-16.333998620977535,32.04119982655924,-14.02991098402439,32.04119982655924,41.171031131923044,99.99854628204243,99.99854628204243,0.00038351716221371023,0.0007459081552529973,5,10,26,25,1,1,1,1,1,1,1,1
0.1,102,20260921,3.757960933829976e-05,1.6,7.073807361263553e-05,1.6,-14.250477389534966,32.04119982655924,-11.503467713631386,32.04119982655924,46.87498907011919,99.99765127441636,99.99765127441636,0.0007069654749412404,0.0012385051380557671,3,25,26,25,1,1,1,1,1,1,1,1
0.1,103,20260922,4.982741274910769e-05,1.6,5.670338357211696e-05,1.6,-13.025316626575025,32.04119982655924,-12.46391025360073,32.04119982655924,12.126209037004328,99.99688578670317,99.99688578670317,0.00016523699247024775,0.00042927705199872004,4,8,26,25,1,1,1,1,1,1,1,1
0.1,104,20260923,3.717144859285638e-05,1.6,5.3056803044602314e-05,1.6,-14.297905138672714,32.04119982655924,-12.75258922124461,32.04119982655924,29.940278230469108,99.99767678446294,99.99767678446294,0.0006404651455785089,0.0007760827744507247,9,11,26,25,1,1,1,1,1,1,1,1
0.1,105,20260924,1.4223754890790798e-05,1.6,1.9462580712457112e-05,1.6,-18.46985740238752,32.04119982655924,-17.10799573375548,32.04119982655924,26.91742631188258,99.99911101531931,99.99911101531931,0.0003872794901109652,0.000676858506120548,4,9,26,25,1,1,1,1,1,1,1,1
0.1,106,20260925,2.511678883787883e-05,1.6,4.1848794919134555e-05,1.6,-16.00035885601026,32.04119982655924,-13.783170434653542,32.04119982655924,39.98204993378516,99.99843020069763,99.99843020069763,0.00041466026582672236,0.00021582630832404616,4,9,26,25,1,1,1,1,1,1,1,1
0.1,107,20260926,4.5081719760894234e-05,1.6,5.39694518947551e-05,1.6,-13.459995250034716,32.04119982655924,-12.67851992538679,32.04119982655924,16.468079296400266,99.99718239251494,99.99718239251494,0.0001120136775717361,0.00018505641101361302,8,10,26,25,1,1,1,1,1,1,1,1
0.1,108,20260927,2.6580716918439524e-05,1.6,4.006079407843054e-05,1.6,-15.754333097167104,32.04119982655924,-13.972804464437745,32.04119982655924,33.64905132334592,99.99833870519261,99.99833870519261,0.0006247292900486831,0.00028615409412627844,6,8,26,25,1,1,1,1,1,1,1,1
0.1,109,20260928,5.3183509551197815e-05,1.6,6.701307241389385e-05,1.6,-12.742230071994838,32.04119982655924,-11.738404700836115,32.04119982655924,20.63711208058079,99.99667603065305,99.99667603065305,0.0003716858708597942,0.0013750783352054624,9,23,26,25,1,1,1,1,1,1,1,1
0.1,110,20260929,2.731689652838939e-05,1.6,3.954835026267979e-05,1.6,-15.635686423680767,32.04119982655924,-14.028716281399623,32.04119982655924,30.927848198595374,99.99829269396699,99.99829269396699,3.716672144612073,0.001285688206937515,4,14,26,25,1,1,1,1,1,1,1,1
0.1,111,20260930,2.5742338027723676e-05,1.6,3.5578915899962674e-05,1.6,-15.893520111835196,32.04119982655924,-14.488072891311539,32.04119982655924,27.647210780386136,99.99839110387327,99.99839110387327,5.9653983525965666e-05,0.00020199287374948023,5,7,26,25,1,1,1,1,1,1,1,1
0.1,112,20260931,4.6714924792994584e-05,1.6,8.620747231524183e-05,1.6,-13.305443459924788,32.04119982655924,-10.644550886459488,32.04119982655924,45.811049160369365,99.99708031720044,99.99708031720044,0.00018285950606505597,0.00016789167482265992,3,25,26,25,1,1,1,1,1,1,1,1
0.1,113,20260932,3.341585082430208e-05,1.6,6.226217754145438e-05,1.6,-14.760474765245684,32.04119982655924,-12.057756944838872,32.04119982655924,46.33041736766484,99.99791150932347,99.99791150932347,0.0001817930102024738,0.0021413738033355246,6,24,26,25,1,1,1,1,1,1,1,1
0.1,114,20260933,1.9880153975362194e-05,1.6,3.977178217034612e-05,1.6,-17.015802562369355,32.04119982655924,-14.004249478773405,32.04119982655924,50.01442507601569,99.99875749037653,99.99875749037653,0.00032505092170035554,0.0021479385350102733,4,8,26,25,1,1,1,1,1,1,1,1
0.1,115,20260934,2.444401862664703e-05,1.6,4.4901103509965365e-05,1.6,-16.11827394014274,32.04119982655924,-13.477429854465761,32.04119982655924,45.560316527138546,99.99847224883584,99.99847224883584,0.00011466080377018533,0.00010522469419292753,6,11,26,25,1,1,1,1,1,1,1,1
0.1,116,20260935,4.773566877623012e-05,1.6,6.582959562753878e-05,1.6,-13.211569885952176,32.04119982655924,-11.815788126470663,32.04119982655924,27.486006375739233,99.99701652070148,99.99701652070148,0.00019211788269286946,0.0006097118325486509,4,10,26,25,1,1,1,1,1,1,1,1
0.1,117,20260936,2.4030851071788397e-05,1.6,3.379793506177831e-05,1.6,-16.19230848037706,32.04119982655924,-14.71109832819092,32.04119982655924,28.898463684650935,99.99849807180802,99.99849807180802,0.0003483315996572631,0.0002930617513087038,5,7,26,25,1,1,1,1,1,1,1,1
0.1,118,20260937,5.55697218004289e-05,1.6,8.31707994157963e-05,1.6,-12.551617774244647,32.04119982655924,-10.800291241724915,32.04119982655924,33.186019383294806,99.99652689238748,99.99652689238748,0.0007106623526384641,0.0005627302858305189,4,9,26,25,1,1,1,1,1,1,1,1
0.1,119,20260938,3.918614384478236e-05,1.6,5.477529449334265e-05,1.6,-14.068674716413248,32.04119982655924,-12.614152788244938,32.04119982655924,28.460185915486015,99.99755086600972,99.99755086600972,0.0009288660108358928,0.0019409029431700967,7,11,26,25,1,1,1,1,1,1,1,1
0.1,120,20260939,3.523091352520753e-05,1.6,5.055521162167481e-05,1.6,-14.530760955694523,32.04119982655924,-12.962340673357327,32.04119982655924,30.31200464780016,99.99779806790467,99.99779806790467,0.0007219883327778235,0.0007169090265034075,3,10,26,25,1,1,1,1,1,1,1,1
0.1,121,20260940,2.8897457704180598e-05,1.6,3.5946326920878916e-05,1.6,-15.391403632507854,32.04119982655924,-14.443454802321869,32.04119982655924,19.609428335232998,99.99819390889347,99.99819390889347,0.00024040233307529756,0.00014129928023505072,7,18,26,25,1,1,1,1,1,1,1,1
0.1,122,20260941,6.575368149299232e-05,1.6,7.577998837777633e-05,1.6,-11.820799263768858,32.04119982655924,-11.204454656678875,32.04119982655924,13.230810797701816,99.99589039490668,99.99589039490668,0.00011377307814709316,0.0006590092509828621,5,12,26,25,1,1,1,1,1,1,1,1
0.1,123,20260942,5.4774542074618375e-05,1.6,5.8572488294507334e-05,1.6,-12.614212445349008,32.04119982655924,-12.323063257480474,32.04119982655924,6.484181106994414,99.99657659112033,99.99657659112033,0.0001227795721180873,0.00022906519352798317,3,8,26,25,1,1,1,1,1,1,1,1
0.1,124,20260943,4.62044360033039e-05,1.6,6.685661549449673e-05,1.6,-13.353163266241292,32.04119982655924,-11.74855612626315,32.04119982655924,30.890255718811858,99.99711222274979,99.99711222274979,0.0007462555652208888,0.0005188122112812287,4,14,26,25,1,1,1,1,1,1,1,1
0.1,125,20260944,4.494395476429438e-05,1.6,7.096436416972929e-05,1.6,-13.473287152559543,32.04119982655924,-11.489596840930346,32.04119982655924,36.66686753255549,99.99719100282722,99.99719100282722,0.00025354837791617294,0.00020206550088217306,6,8,26,25,1,1,1,1,1,1,1,1
0.1,126,20260945,3.680883400095447e-05,1.6,4.803740769277042e-05,1.6,-14.340479395479473,32.04119982655924,-13.184204370539327,32.04119982655924,23.37464536727247,99.99769944787492,99.99769944787492,8.597864028790581e-05,0.00016481479659386804,5,11,26,25,1,1,1,1,1,1,1,1
0.1,127,20260946,3.1727617002180375e-05,1.6,5.114312659554863e-05,1.6,-14.985625456641,32.04119982655924,-12.912127252403227,32.04119982655924,37.96308690102285,99.99801702393736,99.99801702393736,0.00011860770309608115,0.00012732924159396082,3,25,26,25,1,1,1,1,1,1,1,1
0.1,128,20260947,8.169376653540105e-05,1.6,0.00012362730811771254,1.6,-10.878110800961986,32.04119982655924,-9.07885587055604,32.04119982655924,33.9193194616712,99.99489413959155,99.99489413959155,0.003023549877906708,0.008886871976923595,16,14,26,25,1,1,1,1,1,1,1,1
0.1,129,20260948,5.17534574550509e-05,1.6,5.5170912768783376e-05,1.6,-12.860606313108065,32.04119982655924,-12.58289830848012,32.04119982655924,6.194306278844326,99.99676540890906,99.99676540890906,0.00022833078903001405,0.0005821920816382977,3,7,26,25,1,1,1,1,1,1,1,1
0.1,130,20260949,2.2662295280818718e-05,1.6,2.7482459546629532e-05,1.6,-16.446961060652093,32.04119982655924,-15.609444026266843,32.04119982655924,17.53905707614136,99.99858360654495,99.99858360654495,0.00011499302851761394,0.0006865230103642082,3,13,26,25,1,1,1,1,1,1,1,1
0.1,131,20260950,2.3965971734544686e-05,1.6,3.667307135711911e-05,1.6,-16.204049572252984,32.04119982655924,-14.356527165026778,32.04119982655924,34.64967386787384,99.9985021267666,99.9985021267666,0.00034119001717836307,0.0019090943596168895,6,19,26,25,1,1,1,1,1,1,1,1
0.1,132,20260951,2.2134223304271804e-05,1.6,3.400749354069952e-05,1.6,-16.549357129255686,32.04119982655924,-14.684253757578627,32.04119982655924,34.913688132346515,99.99861661104349,99.99861661104349,0.0001635144511381857,0.0011553075799657414,5,10,26,25,1,1,1,1,1,1,1,1
0.1,133,20260952,3.2260628624092714e-05,1.6,7.07469379255233e-05,1.6,-14.913271742900594,32.04119982655924,-11.5029235256448,32.04119982655924,54.399964761649315,99.99798371071101,99.99798371071101,0.0003063647490948235,0.000861645049104474,3,23,26,25,1,1,1,1,1,1,1,1
0.1,134,20260953,2.3050381789014172e-05,1.6,2.4652739369577445e-05,1.6,-16.373218768908654,32.04119982655924,-16.08134815656909,32.04119982655924,6.499714115100133,99.99855935113818,99.99855935113818,0.00035033273070225334,0.0012152774330909531,6,11,26,25,1,1,1,1,1,1,1,1
0.1,135,20260954,3.842317508823472e-05,1.6,7.474187162647549e-05,1.6,-14.154067501894511,32.04119982655924,-11.264360310933764,32.04119982655924,48.592168951487366,99.99759855155698,99.99759855155698,0.0003436984566169392,0.0005942724578490842,4,16,26,25,1,1,1,1,1,1,1,1
0.1,136,20260955,2.1755346568141167e-05,1.6,2.8344759867770483e-05,1.6,-16.624339938958585,32.04119982655924,-15.475272179301626,32.04119982655924,23.24737740015866,99.99864029083948,99.99864029083948,0.0004539892716549634,0.0021192243097213075,3,7,26,25,1,1,1,1,1,1,1,1
0.1,137,20260956,2.2643141821515828e-05,1.6,3.181918363843273e-05,1.6,-16.45063313301788,32.04119982655924,-14.97310966923,32.04119982655924,28.83808057801219,99.99858480363615,99.99858480363615,0.0005861486189491765,0.004861733498959939,3,14,26,25,1,1,1,1,1,1,1,1
0.1,138,20260957,2.3625198588009672e-05,1.6,5.6345470169424705e-05,1.6,-16.266245322233853,32.04119982655924,-12.491409928299301,32.04119982655924,58.070811163752346,99.99852342508825,99.99852342508825,0.0009483555183122513,0.0006789324791098152,4,11,26,25,1,1,1,1,1,1,1,1
0.1,139,20260958,3.7366724894771265e-05,1.6,6.85035474064547e-05,1.6,-14.275149653684498,32.04119982655924,-11.64286938300892,32.04119982655924,45.45286148020648,99.99766457969409,99.99766457969409,0.00019456848311010926,0.002179150755793202,4,8,26,25,1,1,1,1,1,1,1,1
0.1,140,20260959,4.2215308962417894e-05,1.6,5.344283842126973e-05,1.6,-13.745300278953874,32.04119982655924,-12.721104839539418,32.04119982655924,21.0084826901398,99.99736154318985,99.99736154318985,0.0001731521060290792,0.0002190424855119076,4,15,26,25,1,1,1,1,1,1,1,1
0.1,141,20260960,3.666236095031083e-05,1.6,5.761396053423104e-05,1.6,-14.357795711611285,32.04119982655924,-12.394722692094982,32.04119982655924,36.365490915126244,99.99770860244062,99.99770860244062,0.00012862912347262278,0.00014449058781986526,5,15,26,25,1,1,1,1,1,1,1,1
0.1,142,20260961,3.2419689383284076e-05,1.6,6.091633405027586e-05,1.6,-14.891911504921909,32.04119982655924,-12.152662404253183,32.04119982655924,46.77997307499291,99.99797376941355,99.99797376941355,0.0005844913059877865,0.0003492602124259942,5,11,26,25,1,1,1,1,1,1,1,1
0.1,143,20260962,7.967584837552544e-05,1.6,8.408312682707384e-05,1.6,-10.986733035323258,32.04119982655924,-10.752911464268385,32.04119982655924,5.2415729741027,99.99502025947653,99.99502025947653,0.0008728206896470079,0.0008924024348877917,7,11,26,25,1,1,1,1,1,1,1,1
0.1,144,20260963,6.771396281491053e-05,1.6,9.403080859027645e-05,1.6,-11.693217693027425,32.04119982655924,-10.267298292877777,32.04119982655924,27.987471521208736,99.99576787732406,99.99576787732406,0.000436286215936165,0.004828013485367388,5,9,26,25,1,1,1,1,1,1,1,1
0.1,145,20260964,4.473256979018921e-05,1.6,5.2964946316206396e-05,1.6,-13.493761518241909,32.04119982655924,-12.760114635697828,32.04119982655924,15.543065930566636,99.99720421438812,99.99720421438812,0.00018209010202428744,0.0010131938067516595,6,8,26,25,1,1,1,1,1,1,1,1
0.1,146,20260965,1.9452882986424896e-05,1.6,3.270378768658573e-05,1.6,-17.110160255819288,32.04119982655924,-14.854019453176635,32.04119982655924,40.51795109224006,99.99878419481335,99.99878419481335,0.00033837881001158994,0.0007144182009395584,5,9,26,25,1,1,1,1,1,1,1,1
0.1,147,20260966,5.739702234218537e-05,1.6,7.571710305949118e-05,1.6,-12.41110637460934,32.04119982655924,-11.208060105210386,32.04119982655924,24.195432705490145,99.99641268610362,99.99641268610362,0.00031849601206984315,0.00019155538592358336,5,8,26,25,1,1,1,1,1,1,1,1
0.1,148,20260967,4.122682500230184e-05,1.6,6.227221046635755e-05,1.6,-13.848201101919702,32.04119982655924,-12.057057179255736,32.04119982655924,33.795789978300895,99.99742332343736,99.99742332343736,0.00012849014966427212,0.00016130089659094454,3,17,26,25,1,1,1,1,1,1,1,1
0.1,149,20260968,2.9400764792470635e-05,1.6,3.753315740773238e-05,1.6,-15.316413722807077,32.04119982655924,-14.255848998268068,32.04119982655924,21.667222202804478,99.99816245220048,99.99816245220048,0.0004305031046500572,0.0013056577877663847,4,11,26,25,1,1,1,1,1,1,1,1
0.1,150,20260969,2.8899751327675302e-05,1.6,4.749900366733175e-05,1.6,-15.391058941805822,32.04119982655924,-13.233154999818296,32.04119982655924,39.15714205274668,99.99819376554203,99.99819376554203,0.0008307575629672207,0.004201210967398358,5,11,26,25,1,1,1,1,1,1,1,1
0.1,151,20260970,4.481519976857388e-05,1.6,8.486557403598814e-05,1.6,-13.485746633222618,32.04119982655924,-10.712684468379543,32.04119982655924,47.19272181017768,99.99719905001446,99.99719905001446,0.00010529406982934982,0.0002304179328766915,4,18,26,25,1,1,1,1,1,1,1,1
0.1,152,20260971,4.231839065659257e-05,1.6,6.599255321847468e-05,1.6,-13.734708566215259,32.04119982655924,-11.805050686791871,32.04119982655924,35.87399093880566,99.99735510058396,99.99735510058396,0.00040600492894259685,0.0009602472939542355,5,8,26,25,1,1,1,1,1,1,1,1
0.1,153,20260972,2.2035916989943432e-05,1.6,3.725098922688466e-05,1.6,-16.568688722978727,32.04119982655924,-14.28862189759368,32.04119982655924,40.844746818052975,99.99862275518812,99.99862275518812,9.575851861541838e-05,0.0003129050238981766,5,22,26,25,1,1,1,1,1,1,1,1
0.1,154,20260973,3.0058473819469055e-05,1.6,5.2119103256388046e-05,1.6,-15.220330739357175,32.04119982655924,-12.830030652187146,32.04119982655924,42.327338842337234,99.99812134538627,99.99812134538627,0.0007316344388473338,0.0010572285511669033,4,9,26,25,1,1,1,1,1,1,1,1
0.1,155,20260974,2.0134250181309413e-05,1.6,2.610102107924634e-05,1.6,-16.960645392963453,32.04119982655924,-15.833425026077638,32.04119982655924,22.86029684364063,99.99874160936366,99.99874160936366,0.00017935484480403907,0.0003944256775349709,5,8,26,25,1,1,1,1,1,1,1,1
0.1,156,20260975,1.9819697452624037e-05,1.6,2.252448970394733e-05,1.6,-17.02902979298713,32.04119982655924,-16.47345039251017,32.04119982655924,12.008228762888644,99.9987612689092,99.9987612689092,0.00017607920946992892,0.00030517430488384426,5,10,26,25,1,1,1,1,1,1,1,1
0.1,157,20260976,2.993721893170638e-05,1.6,4.8088403699876484e-05,1.6,-15.237885466353314,32.04119982655924,-13.179596391424846,32.04119982655924,37.74545081898138,99.99812892381678,99.99812892381678,0.00037471232273954437,0.00022945479140357072,4,19,26,25,1,1,1,1,1,1,1,1
0.1,158,20260977,4.161158986369802e-05,1.6,4.3782527312727997e-05,1.6,-13.807856906997129,32.04119982655924,-13.586991727294347,32.04119982655924,4.958456220499783,99.99739927563351,99.99739927563351,0.0012696621477887747,0.003069685115960133,8,13,26,25,1,1,1,1,1,1,1,1
0.1,159,20260978,2.8240778124004226e-05,1.6,2.868722885860834e-05,1.6,-15.491233412496378,32.04119982655924,-15.42311401894845,32.04119982655924,1.5562699931894728,99.99823495136725,99.99823495136725,0.001898962929841384,0.004696660058702722,3,7,26,25,1,1,1,1,1,1,1,1
0.1,160,20260979,3.020326869157635e-05,1.6,3.747787678188442e-05,1.6,-15.199460538012437,32.04119982655924,-14.262250209867862,32.04119982655924,19.41040612477914,99.99811229570678,99.99811229570678,4.7852446978998555e-05,6.714608281297273e-05,4,10,26,25,1,1,1,1,1,1,1,1
0.1,161,20260980,3.0137883701093604e-05,1.6,4.334037780676797e-05,1.6,-15.208872473500566,32.04119982655924,-13.631073071675761,32.04119982655924,30.462341986351312,99.99811638226868,99.99811638226868,0.000406877858351667,0.00012041427854161451,4,11,26,25,1,1,1,1,1,1,1,1
0.1,162,20260981,3.853745768551226e-05,1.6,4.874358127813684e-05,1.6,-14.141169391245628,32.04119982655924,-13.120825655863545,32.04119982655924,20.93839501530918,99.99759140889466,99.99759140889466,0.00016446993431398486,0.00021832574395188074,7,20,26,25,1,1,1,1,1,1,1,1
0.1,163,20260982,2.444314651641312e-05,1.6,3.510714090344892e-05,1.6,-16.118428889876938,32.04119982655924,-14.546045376783425,32.04119982655924,30.37557064633585,99.99847230334272,99.99847230334272,0.00031799276416155837,0.00037593825630153146,4,8,26,25,1,1,1,1,1,1,1,1
0.1,164,20260983,3.0198286953220386e-05,1.6,3.560627342788755e-05,1.6,-15.20017692402604,32.04119982655924,-14.484734774460712,32.04119982655924,15.188296763545939,99.99811260706541,99.99811260706541,0.0004868448030462325,0.000637874158517345,7,9,26,25,1,1,1,1,1,1,1,1
0.1,165,20260984,1.8978733998078314e-05,1.6,1.8039373465397582e-05,1.6,-17.217327611387798,32.04119982655924,-17.43778550233419,32.04119982655924,-5.2072791468205715,99.99881382912513,99.99881382912513,0.0005993781609163765,0.004662803907459835,4,9,26,25,1,1,1,1,0,1,1,1
0.1,166,20260985,3.7927640001056543e-05,1.6,6.892520635960633e-05,1.6,-14.210441798757858,32.04119982655924,-11.616219249580732,32.04119982655924,44.97275814717899,99.99762952249992,99.99762952249992,0.0006943584029936842,0.0019420165116336467,3,10,26,25,1,1,1,1,1,1,1,1
0.1,167,20260986,4.361924265407634e-05,1.6,4.9661284520400334e-05,1.6,-13.603218791977337,32.04119982655924,-13.039820513358848,32.04119982655924,12.166503393286144,99.99727379733412,99.99727379733412,7.248563625196582e-05,0.00027886800447245744,5,9,26,25,1,1,1,1,1,1,1,1
0.1,168,20260987,2.3916737954178497e-05,1.6,2.552640748832029e-05,1.6,-16.212980548302788,32.04119982655924,-15.930103022260305,32.04119982655924,6.305899233483223,99.99850520387788,99.99850520387788,0.00039485774906386267,0.00035203892886759855,3,9,26,25,1,1,1,1,1,1,1,1
0.1,169,20260988,3.0825491466616946e-05,1.6,4.638147834450945e-05,1.6,-15.110899904974126,32.04119982655924,-13.336554129504963,32.04119982655924,33.53922176077855,99.99807340678333,99.99807340678333,0.0004165961147385578,0.0017354323480765538,5,10,26,25,1,1,1,1,1,1,1,1
0.1,170,20260989,2.064718508267982e-05,1.6,3.531094344626092e-05,1.6,-16.851391491596317,32.04119982655924,-14.520906786976969,32.04119982655924,41.52751790927819,99.99870955093232,99.99870955093232,0.00021414290698666422,0.0003069522834841545,4,25,26,25,1,1,1,1,1,1,1,1
0.1,171,20260990,3.8580596276122926e-05,1.6,6.881415739116416e-05,1.6,-14.136310644726237,32.04119982655924,-11.6232220356183,32.04119982655924,43.93508873934605,99.99758871273274,99.99758871273274,0.0008191936900151916,0.00487665372551907,6,23,26,25,1,1,1,1,1,1,1,1
0.1,172,20260991,1.879190236860645e-05,1.6,3.018054599796338e-05,1.6,-17.26029252556846,32.04119982655924,-15.202729076433414,32.04119982655924,37.73504836567718,99.99882550610197,99.99882550610197,0.0003044125961053888,0.0008722575630664231,4,10,26,25,1,1,1,1,1,1,1,1
0.1,173,20260992,1.95373538739521e-05,1.6,3.4686424036579036e-05,1.6,-17.091342571863763,32.04119982655924,-14.598404710207847,32.04119982655924,43.67434978783423,99.99877891538287,99.99877891538287,0.00031101669639322456,0.00031393816767403117,4,10,26,25,1,1,1,1,1,1,1,1
0.1,174,20260993,3.888830159155511e-05,1.6,6.377982801448985e-05,1.6,-14.101810238240645,32.04119982655924,-11.953166561883675,32.04119982655924,39.027271157394374,99.99756948115052,99.99756948115052,0.00026392990023412914,0.00016328365215198738,3,13,26,25,1,1,1,1,1,1,1,1
0.1,175,20260994,3.619488289553098e-05,1.6,8.856807761969863e-05,1.6,-14.41352824144166,32.04119982655924,-10.527227816315335,32.04119982655924,59.13326350951441,99.99773781981904,99.99773781981904,0.00022814006965501813,0.002382865599927204,6,25,26,25,1,1,1,1,1,1,1,1
0.1,176,20260995,3.852730832302877e-05,1.6,5.247911894371816e-05,1.6,-14.14231331534355,32.04119982655924,-12.800134648117679,32.04119982655924,26.58545132141447,99.99759204322982,99.99759204322982,0.00018625052616013242,0.0011025630233925182,7,12,26,25,1,1,1,1,1,1,1,1
0.1,177,20260996,2.325430608010039e-05,1.6,4.270447160303618e-05,1.6,-16.33496615519469,32.04119982655924,-13.69526647437578,32.04119982655924,45.54596929271672,99.99854660586999,99.99854660586999,0.0006696141833841639,0.0007996972974263545,3,12,26,25,1,1,1,1,1,1,1,1
0.1,178,20260997,3.5485270599589e-05,1.6,5.44663611830563e-05,1.6,-14.499518786284092,32.04119982655924,-12.63871638328988,32.04119982655924,34.84919897562763,99.99778217058754,99.99778217058754,0.0002770008205174312,0.0006737452918031307,6,17,26,25,1,1,1,1,1,1,1,1
0.1,179,20260998,3.299252037541476e-05,1.6,3.657269814917145e-05,1.6,-14.81584506421163,32.04119982655924,-14.368429984240276,32.04119982655924,9.789208767572973,99.99793796747653,99.99793796747653,6.472996225300506e-05,6.47726084602943e-05,5,11,26,25,1,1,1,1,1,1,1,1
0.1,180,20260999,1.6717125592349664e-05,1.6,1.774040584457671e-05,1.6,-17.768383947616734,32.04119982655924,-17.510364491015828,32.04119982655924,5.768076904169948,99.99895517965048,99.99895517965048,0.00016471077230304854,0.0016617084841272344,4,9,26,25,1,1,1,1,1,1,1,1
0.1,181,20261000,2.8871908013574237e-05,1.6,5.04516986931632e-05,1.6,-15.395245146164891,32.04119982655924,-12.971242066193904,32.04119982655924,42.773169662398864,99.99819550574915,99.99819550574915,0.00031554154631312464,0.0008299808452517301,6,7,26,25,1,1,1,1,1,1,1,1
0.1,182,20261001,2.6236689321498486e-05,1.6,3.459768729607866e-05,1.6,-15.810909673190828,32.04119982655924,-14.609529309216818,32.04119982655924,24.166349337251276,99.9983602069174,99.9983602069174,0.000270846354114275,0.0035414215660246745,9,13,26,25,1,1,1,1,1,1,1,1
0.1,183,20261002,2.5341986745544628e-05,1.6,4.002232710887642e-05,1.6,-15.961593405652774,32.04119982655924,-13.976976627972345,32.04119982655924,36.68037673920237,99.99841612582841,99.99841612582841,0.00025304811819209697,0.00024367704201574226,3,14,26,25,1,1,1,1,1,1,1,1
0.1,184,20261003,2.209647659580883e-05,1.6,3.0781406405600805e-05,1.6,-16.5567697142757,32.04119982655924,-15.117115410920023,32.04119982655924,28.214857032041646,99.99861897021276,99.99861897021276,0.0001733385215971957,0.00017553720327596783,3,11,26,25,1,1,1,1,1,1,1,1
0.1,185,20261004,3.3818076493801955e-05,1.6,4.0381620250183806e-05,1.6,-14.70851097858452,32.04119982655924,-13.938162596470304,32.04119982655924,16.25379000574395,99.99788637021915,99.99788637021915,0.003641265950056239,0.0075098095393999345,5,11,26,25,1,1,1,1,1,1,1,1
0.1,186,20261005,2.924995222256408e-05,1.6,4.7226730437016344e-05,1.6,-15.338748389662015,32.04119982655924,-13.258121201085304,32.04119982655924,38.06483753607904,99.99817187798608,99.99817187798608,0.0002282292337912828,0.00018910064899308425,4,25,26,25,1,1,1,1,1,1,1,1
0.1,187,20261006,1.619391500230957e-05,1.6,3.469780082015956e-05,1.6,-17.90648144553776,32.04119982655924,-14.596980503369675,32.04119982655924,53.32869916960028,99.99898788031236,99.99898788031236,0.0010130806474182123,0.009394200699800096,3,19,26,25,1,1,1,1,1,1,1,1
0.1,188,20261007,1.4972673937985054e-05,1.6,1.5388703459960736e-05,1.6,-18.247006330029237,32.04119982655924,-18.1279796911618,32.04119982655924,2.7034735126200373,99.99906420787887,99.99906420787887,0.00011028810684466269,0.0012973413967582838,4,9,26,25,1,1,1,1,1,1,1,1
0.1,189,20261008,2.2889867355636987e-05,1.6,2.8895777989808867e-05,1.6,-16.403567240088044,32.04119982655924,-15.391656080973235,32.04119982655924,20.784734144517863,99.99856938329027,99.99856938329027,0.0012471691854731657,0.0104023234371148,4,8,26,25,1,1,1,1,1,1,1,1
0.1,190,20261009,4.009440507881133e-05,1.6,4.040091315670667e-05,1.6,-13.96916226205895,32.04119982655924,-13.9360881869046,32.04119982655924,0.7586662130790488,99.99749409968257,99.99749409968257,0.0005442742123784933,0.0010080457156817775,5,7,26,25,1,1,1,1,1,1,1,1
0.1,191,20261010,3.915894672901129e-05,1.6,5.401284232161949e-05,1.6,-14.071689980724267,32.04119982655924,-12.675029682082439,32.04119982655924,27.50067382893993,99.99755256582944,99.99755256582944,0.0004556984244397084,0.0004828938990917448,4,15,26,25,1,1,1,1,1,1,1,1
0.1,192,20261011,3.2723679249294125e-05,1.6,4.6522327634394386e-05,1.6,-14.851378728541729,32.04119982655924,-13.323385645049717,32.04119982655924,29.66027085647966,99.99795477004692,99.99795477004692,0.000706220273972522,0.001929300885940733,6,9,26,25,1,1,1,1,1,1,1,1
0.1,193,20261012,2.4328596178779e-05,1.6,3.2880957304857595e-05,1.6,-16.138829502306827,32.04119982655924,-14.830555467839053,32.04119982655924,26.010073389241406,99.99847946273883,99.99847946273883,9.43545653062292e-05,9.439837860078176e-05,6,16,26,25,1,1,1,1,1,1,1,1
0.1,194,20261013,2.4207847611028024e-05,1.6,3.536729771325227e-05,1.6,-16.16043823206296,32.04119982655924,-14.513981217814237,32.04119982655924,31.553018816144267,99.99848700952431,99.99848700952431,0.0010796436982783788,0.0010873857068357056,4,11,26,25,1,1,1,1,1,1,1,1
0.1,195,20261014,4.08059921052641e-05,1.6,5.57035066343617e-05,1.6,-13.892760587931283,32.04119982655924,-12.541174643591734,32.04119982655924,26.744302880041317,99.99744962549343,99.99744962549343,0.00016270718868744693,0.0001338118074111424,6,25,26,25,1,1,1,1,1,1,1,1
0.1,196,20261015,3.187772887145971e-05,1.6,5.073587839227033e-05,1.6,-14.965126274806853,32.04119982655924,-12.946848162667903,32.04119982655924,37.169257965746944,99.99800764194553,99.99800764194553,0.00036013663122723535,0.000515080304364461,5,8,26,25,1,1,1,1,1,1,1,1
0.1,197,20261016,2.0059801466403612e-05,1.6,2.755116235232937e-05,1.6,-16.97673369544517,32.04119982655924,-15.598600740334671,32.04119982655924,27.190725349895754,99.99874626240835,99.99874626240835,8.011230061537964e-05,9.071036052709002e-05,5,11,26,25,1,1,1,1,1,1,1,1
0.1,198,20261017,5.189649718334436e-05,1.6,6.426677755163342e-05,1.6,-12.848619543920613,32.04119982655924,-11.920134758267979,32.04119982655924,19.248328358070367,99.99675646892605,99.99675646892605,0.0002301037840684681,0.00018197160286719777,4,9,26,25,1,1,1,1,1,1,1,1
0.1,199,20261018,3.6487400937975194e-05,1.6,7.140134884192829e-05,1.6,-14.378570710967457,32.04119982655924,-11.462935838950683,32.04119982655924,48.898162948220005,99.99771953744138,99.99771953744138,0.0004667848219692846,0.0013044391324217117,4,15,26,25,1,1,1,1,1,1,1,1
0.1,200,20261019,2.6678889330191237e-05,1.6,4.1805941315555204e-05,1.6,-15.738322545084703,32.04119982655924,-13.787619934115218,32.04119982655924,36.18397650990214,99.99833256941686,99.99833256941686,0.0022101830119973967,0.004747085797641533,4,8,26,25,1,1,1,1,1,1,1,1
0.1,201,20261020,2.8498684775418353e-05,1.6,3.238135169027785e-05,1.6,-15.451751823759983,32.04119982655924,-14.89705026509867,32.04119982655924,11.990441140309866,99.99821883220153,99.99821883220153,0.0005594878232606181,0.0005751412154834411,7,14,26,25,1,1,1,1,1,1,1,1
0.1,202,20261021,2.5101289284876702e-05,1.6,3.912337918849571e-05,1.6,-16.003039711513363,32.04119982655924,-14.075636411150969,32.04119982655924,35.84069217554251,99.99843116941969,99.99843116941969,0.00037968680416164657,0.0003557609788016927,3,13,26,25,1,1,1,1,1,1,1,1
0.1,203,20261022,2.8682139052675645e-05,1.6,4.755753875788019e-05,1.6,-15.423884630414744,32.04119982655924,-13.227806294850165,32.04119982655924,39.68960589256089,99.9982073663092,99.9982073663092,0.00033026082833962847,0.0008404887415554532,4,18,26,25,1,1,1,1,1,1,1,1
0.1,204,20261023,2.4847941840450124e-05,1.6,4.07156468091833e-05,1.6,-16.047095781319825,32.04119982655924,-13.90238661609744,32.04119982655924,38.972007599678506,99.99844700363496,99.99844700363496,0.0006913864713418241,0.000693205710574474,3,11,26,25,1,1,1,1,1,1,1,1
0.1,205,20261024,3.791059335607945e-05,1.6,5.9232808503399326e-05,1.6,-14.21239418178301,32.04119982655924,-12.274376749462245,32.04119982655924,35.997305692665606,99.99763058791524,99.99763058791524,0.0003002019391738134,0.00032701365028575257,4,11,26,25,1,1,1,1,1,1,1,1
0.1,206,20261025,2.3245236839423912e-05,1.6,3.134336918013659e-05,1.6,-16.33666024549472,32.04119982655924,-15.038543219166762,32.04119982655924,25.836827860371667,99.99854717269753,99.99854717269753,0.0004079567099601974,0.0006311746268976121,5,16,26,25,1,1,1,1,1,1,1,1
0.1,207,20261026,4.5929625814986814e-05,1.6,7.304145025859614e-05,1.6,-13.379070927303108,32.04119982655924,-11.364306123487196,32.04119982655924,37.118409269835894,99.99712939838655,99.99712939838655,0.0009734903871068644,0.000978372592049469,5,10,26,25,1,1,1,1,1,1,1,1
0.1,208,20261027,3.460779264176295e-05,1.6,4.481356309059427e-05,1.6,-14.608261000434464,32.04119982655924,-13.485905243068965,32.04119982655924,22.773842883681272,99.99783701295989,99.99783701295989,0.00029521521359546405,0.0006165498979489852,6,11,26,25,1,1,1,1,1,1,1,1
0.1,209,20261028,2.6224448093757505e-05,1.6,2.9025676055075078e-05,1.6,-15.812936429764568,32.04119982655924,-15.372176560486736,32.04119982655924,9.650862071230843,99.99836097199415,99.99836097199415,0.0003620353736595349,0.0027161868740442187,5,9,26,25,1,1,1,1,1,1,1,1
0.1,210,20261029,4.1684146313986496e-05,1.6,6.02144991254767e-05,1.6,-13.8002908837161,32.04119982655924,-12.202989218317432,32.04119982655924,30.773905090327368,99.99739474085538,99.99739474085538,0.0006852608155029113,0.0006910093252643346,4,8,26,25,1,1,1,1,1,1,1,1
0.1,211,20261030,4.42208321353564e-05,1.6,5.943442187847119e-05,1.6,-13.54373089247283,32.04119982655924,-12.259619573409859,32.04119982655924,25.5972705080279,99.99723619799153,99.99723619799153,0.00034047897980933313,0.00014394746864741315,3,25,26,25,1,1,1,1,1,1,1,1
0.1,212,20261031,3.81010096503388e-05,1.6,6.000134017188546e-05,1.6,-14.190635156692373,32.04119982655924,-12.218390492371132,32.04119982655924,36.49973560391972,99.99761868689684,99.99761868689684,0.00013291909097586793,0.00021518593991325672,4,13,26,25,1,1,1,1,1,1,1,1
0.1,213,20261032,2.6821778969160212e-05,1.6,3.9798414559665236e-05,1.6,-15.71512420710082,32.04119982655924,-14.001342284716227,32.04119982655924,32.6059108989144,99.99832363881443,99.99832363881443,0.00016094978589866507,0.0006624471173618056,3,8,26,25,1,1,1,1,1,1,1,1
0.1,214,20261033,2.0670660141565263e-05,1.6,3.1559821092640833e-05,1.6,-16.846456534520037,32.04119982655924,-15.008654673985832,32.04119982655924,34.503240430645924,99.99870808374115,99.99870808374115,0.00017889030903063525,0.001108231223382662,4,18,26,25,1,1,1,1,1,1,1,1
0.1,215,20261034,2.2784527502306752e-05,1.6,4.828959521274252e-05,1.6,-16.423599732377138,32.04119982655924,-13.161464350554224,32.04119982655924,52.81690102820651,99.99857596703112,99.99857596703112,0.0004299533410628319,0.00156161560572332,4,21,26,25,1,1,1,1,1,1,1,1
0.1,216,20261035,3.2029795168884664e-05,1.6,2.7831175072550998e-05,1.6,-14.94445838648309,32.04119982655924,-15.554684567363415,32.04119982655924,-15.086032427264026,99.99799813780194,99.99799813780194,0.00015495891650353107,0.00023904598823850732,4,7,26,25,1,1,1,1,0,1,1,1
0.1,217,20261036,3.116768104135919e-05,1.6,3.928369801758805e-05,1.6,-15.06295509189519,32.04119982655924,-14.057876361336268,32.04119982655924,20.66001264085466,99.99805201993492,99.99805201993492,0.0005555233881990364,0.0036312765664638317,8,8,26,25,1,1,1,1,1,1,1,1
0.1,218,20261037,1.8271001734471753e-05,1.6,2.7306663820636588e-05,1.6,-17.382376411626712,32.04119982655924,-15.637313563521362,32.04119982655924,33.08958628382964,99.99885806239159,99.99885806239159,0.00016747435173552222,0.0002387915299689019,5,12,26,25,1,1,1,1,1,1,1,1
0.1,219,20261038,2.745425352560452e-05,1.6,3.3244676979880156e-05,1.6,-15.613903601541352,32.04119982655924,-14.782778824911176,32.04119982655924,17.417595778656622,99.99828410915464,99.99828410915464,0.0002010776572067496,0.0003221498755210278,5,11,26,25,1,1,1,1,1,1,1,1
0.1,220,20261039,2.226111623085439e-05,1.6,5.5132406868763534e-05,1.6,-16.524530627889792,32.04119982655924,-12.585930474807226,32.04119982655924,59.622448038874005,99.99860868023556,99.99860868023556,0.00037438626220683073,0.0008318030086287255,3,16,26,25,1,1,1,1,1,1,1,1
0.1,221,20261040,4.276492685343596e-05,1.6,5.9822677161709346e-05,1.6,-13.689122664660596,32.04119982655924,-12.231341554882293,32.04119982655924,28.513853136602062,99.99732719207167,99.99732719207167,0.0008828503867502979,0.000921176880665081,3,9,26,25,1,1,1,1,1,1,1,1
0.1,222,20261041,5.295684040421333e-05,1.6,9.419441251217103e-05,1.6,-12.760779343680058,32.04119982655924,-10.259748582167001,32.04119982655924,43.77921259674434,99.99669019747473,99.99669019747473,0.0005167985043955064,0.001000183417646434,3,8,26,25,1,1,1,1,1,1,1,1
0.1,223,20261042,3.3649010506814225e-05,1.6,5.003171322910113e-05,1.6,-14.730277022497757,32.04119982655924,-13.00754625375524,32.04119982655924,32.74463668127567,99.99789693684332,99.99789693684332,0.00015787937555661913,0.0014812118441292245,4,10,26,25,1,1,1,1,1,1,1,1
0.1,224,20261043,1.175706991380112e-05,1.6,2.1749306855661003e-05,1.6,-19.297008992482027,32.04119982655924,-16.62554579332718,32.04119982655924,45.942783409941455,99.99926518313039,99.99926518313039,0.00029475085944159226,0.0005776622018006007,3,8,26,25,1,1,1,1,1,1,1,1
0.1,225,20261044,2.2688523625032765e-05,1.6,6.348045620185342e-05,1.6,-16.441937633641757,32.04119982655924,-11.973599608517254,32.04119982655924,64.25904131361561,99.99858196727345,99.99858196727345,0.00034133031300891234,0.00034172399560116753,3,11,26,25,1,1,1,1,1,1,1,1
0.1,226,20261045,3.461565399898518e-05,1.6,5.307235771415671e-05,1.6,-14.607274587812082,32.04119982655924,-12.751316186170104,32.04119982655924,34.776491021140984,99.99783652162506,99.99783652162506,0.0008041080651742024,0.003490725530352298,4,25,26,25,1,1,1,1,1,1,1,1
0.1,227,20261046,6.048211857003809e-05,1.6,7.663874716869259e-05,1.6,-12.183730047561468,32.04119982655924,-11.155516033837236,32.04119982655924,21.081540598636753,99.99621986758936,99.99621986758936,0.0005321654645727969,0.0022862985953384456,4,12,26,25,1,1,1,1,1,1,1,1
0.1,228,20261047,2.831021807946664e-05,1.6,3.75733669102356e-05,1.6,-15.480567851617712,32.04119982655924,-14.25119886517133,32.04119982655924,24.65349685829067,99.99823061137003,99.99823061137003,0.0008599604742503856,0.005826929010336263,3,15,26,25,1,1,1,1,1,1,1,1
0.1,229,20261048,3.347290831932506e-05,1.6,4.540451335147039e-05,1.6,-14.753065519935337,32.04119982655924,-13.429009747593273,32.04119982655924,26.27845593186813,99.99790794323005,99.99790794323005,0.00026079773754300026,0.0024014777764332414,4,10,26,25,1,1,1,1,1,1,1,1
0.1,230,20261049,2.486639386154724e-05,1.6,3.185913718068762e-05,1.6,-16.043871917942283,32.04119982655924,-14.9676599007727,32.04119982655924,21.948941302086624,99.99844585038365,99.99844585038365,0.00011976846281994044,0.0002777795579905478,5,11,26,25,1,1,1,1,1,1,1,1
0.1,231,20261050,2.3975147462299973e-05,1.6,4.1911450517751894e-05,1.6,-16.20238712963713,32.04119982655924,-13.7766730836314,32.04119982655924,42.79571056089999,99.99850155328362,99.99850155328362,0.0002896149239163708,0.0016570427863623496,4,9,26,25,1,1,1,1,1,1,1,1
0.1,232,20261051,2.9025796836507623e-05,1.6,5.585486185798891e-05,1.6,-15.372158488693874,32.04119982655924,-12.529390179611305,32.04119982655924,48.033535719225725,99.99818588769772,99.99818588769772,0.00022743987836958203,0.00023482087619881604,5,14,26,25,1,1,1,1,1,1,1,1
0.1,233,20261052,2.9357663617245127e-05,1.6,6.788244603806197e-05,1.6,-15.322785100132135,32.04119982655924,-11.682425169481533,32.04119982655924,56.752201296953615,99.99816514602394,99.99816514602394,0.0002542008613558897,0.0005316752518080695,4,12,26,25,1,1,1,1,1,1,1,1
0.1,234,20261053,2.6057542656799648e-05,1.6,4.087034296969017e-05,1.6,-15.84066542610842,32.04119982655924,-13.88591717825012,32.04119982655924,36.24339615617083,99.99837140358396,99.99837140358396,0.0003859821911016745,0.0003589531457441127,6,11,26,25,1,1,1,1,1,1,1,1
0.1,235,20261054,3.971012119425317e-05,1.6,5.5649097438952884e-05,1.6,-14.010987874786737,32.04119982655924,-12.545418750033255,32.04119982655924,28.64193127693542,99.99751811742536,99.99751811742536,0.00041290981495557355,0.0009915616709299045,3,21,26,25,1,1,1,1,1,1,1,1
0.1,236,20261055,2.224657182104693e-05,1.6,3.7461242571056767e-05,1.6,-16.527369039599428,32.04119982655924,-14.264178213867451,32.04119982655924,40.61443162530056,99.99860958926118,99.99860958926118,0.0005677226640061114,0.0060173320784471206,3,23,26,25,1,1,1,1,1,1,1,1
0.1,237,20261056,4.30938288322897e-05,1.6,5.375288095994665e-05,1.6,-13.655849176808895,32.04119982655924,-12.695982541755697,32.04119982655924,19.829731797258308,99.997306635698,99.997306635698,0.0003167898298571706,0.00046922476749983074,3,16,26,25,1,1,1,1,1,1,1,1
0.1,238,20261057,3.885010621886164e-05,1.6,4.8648891129076684e-05,1.6,-14.106077894704692,32.04119982655924,-13.129270543064509,32.04119982655924,20.141846366480625,99.9975718683613,99.9975718683613,0.00033009877413014055,0.00025797097488221814,9,16,26,25,1,1,1,1,1,1,1,1
0.1,239,20261058,3.0295360986581915e-05,1.6,3.600868488961521e-05,1.6,-15.186238682690679,32.04119982655924,-14.435927396565617,32.04119982655924,15.866516426655162,99.99810653993835,99.99810653993835,0.000295622478717299,0.002510782847561207,5,11,26,25,1,1,1,1,1,1,1,1
0.1,240,20261059,6.20442680974535e-05,1.6,7.028206688493126e-05,1.6,-12.072983342076464,32.04119982655924,-11.531554750720014,32.04119982655924,11.721053680685037,99.99612223324391,99.99612223324391,0.0001767119128086984,0.0007180250258409428,5,13,26,25,1,1,1,1,1,1,1,1
0.1,241,20261060,2.04267432642873e-05,1.6,2.9224328177254066e-05,1.6,-16.898008695444492,32.04119982655924,-15.342554638193306,32.04119982655924,30.10363440899941,99.99872332854598,99.99872332854598,0.0006644347407041497,0.0008713660881734659,5,16,26,25,1,1,1,1,1,1,1,1
0.1,242,20261061,3.280194023828945e-05,1.6,4.485395069461617e-05,1.6,-14.841004669632836,32.04119982655924,-13.481992986776866,32.04119982655924,26.869451340823197,99.9979498787351,99.9979498787351,0.0005683974869008239,0.0005690951119342358,3,9,26,25,1,1,1,1,1,1,1,1
0.1,243,20261062,9.299412236311546e-05,1.6,0.00011593270465023962,1.6,-10.315444998969515,32.04119982655924,-9.35794032150773,32.04119982655924,19.786118469614042,99.99418786735231,99.99418786735231,0.0007287990479233872,0.00046746782587784317,5,9,26,25,1,1,1,1,1,1,1,1
0.1,244,20261063,3.139960807132707e-05,1.6,3.8696534128863125e-05,1.6,-15.030757727395955,32.04119982655924,-14.12327931004733,32.04119982655924,18.85679485722571,99.99803752449554,99.99803752449554,9.574153574755818e-05,0.0005667593391152331,4,8,26,25,1,1,1,1,1,1,1,1
0.1,245,20261064,3.034366128998074e-05,1.6,5.777840622141114e-05,1.6,-15.179320180746213,32.04119982655924,-12.382344420486397,32.04119982655924,47.48269591635744,99.99810352116938,99.99810352116938,0.0001388568526310983,0.00013891708245839708,3,25,26,25,1,1,1,1,1,1,1,1
0.1,246,20261065,2.143660739459588e-05,1.6,3.120952702699588e-05,1.6,-16.688439459564652,32.04119982655924,-15.057128129150017,32.04119982655924,31.31389855394649,99.99866021203783,99.99866021203783,0.0010276277209266965,0.004695846209987761,4,17,26,25,1,1,1,1,1,1,1,1
0.1,247,20261066,6.496066919806701e-05,1.6,9.963140529259856e-05,1.6,-11.873495098209016,32.04119982655924,-10.01603743951582,32.04119982655924,34.79900337921579,99.99593995817513,99.99593995817513,0.0003480282141403374,0.0008531662339348585,4,19,26,25,1,1,1,1,1,1,1,1
0.1,248,20261067,5.5224488978875475e-05,1.6,8.926411910420757e-05,1.6,-12.578682941922693,32.04119982655924,-10.49323076458603,32.04119982655924,38.13360896509155,99.9965484694388,99.9965484694388,0.00033467262927579456,0.0007093427803938068,6,15,26,25,1,1,1,1,1,1,1,1
0.1,249,20261068,3.7537868606365304e-05,1.6,5.160477771342972e-05,1.6,-14.255303901795902,32.04119982655924,-12.873100883238724,32.04119982655924,27.258927817072284,99.9976538832121,99.9976538832121,0.00043852959864514485,0.0005719586528402487,9,8,26,25,1,1,1,1,1,1,1,1
0.1,250,20261069,4.0763823685385593e-05,1.6,8.916494658985267e-05,1.6,-13.89725085519932,32.04119982655924,-10.498058462361433,32.04119982655924,54.28268030833467,99.99745226101966,99.99745226101966,0.00020443154696380328,0.0009299551327975912,10,25,26,25,1,1,1,1,1,1,1,1
0.1,251,20261070,2.3108131985427426e-05,1.6,2.3862050440824318e-05,1.6,-16.362351605879937,32.04119982655924,-16.222922405954876,32.04119982655924,3.1594873092173703,99.9985557417509,99.9985557417509,0.0003336237215087152,0.001368190751229537,4,7,26,25,1,1,1,1,1,1,1,1
0.1,252,20261071,2.7200700368391937e-05,1.6,5.500887794219901e-05,1.6,-15.65419913531536,32.04119982655924,-12.595672135937946,32.04119982655924,50.552162876375554,99.99829995622699,99.99829995622699,0.00022218074747512237,0.0009302666883467682,5,25,26,25,1,1,1,1,1,1,1,1
0.1,253,20261072,4.802187207750234e-05,1.6,7.117998154977743e-05,1.6,-13.185609134776342,32.04119982655924,-11.476421289035539,32.04119982655924,32.534582010365106,99.99699863299514,99.99699863299514,0.0003729969819953257,0.0004124202165539658,6,25,26,25,1,1,1,1,1,1,1,1
0.1,254,20261073,3.945367888565519e-05,1.6,4.953086825792852e-05,1.6,-14.03912494476182,32.04119982655924,-13.051240589280592,32.04119982655924,20.345270993024144,99.99753414506965,99.99753414506965,0.00043406977258802517,0.002901126516158584,6,10,26,25,1,1,1,1,1,1,1,1
0.1,255,20261074,3.357551035809371e-05,1.6,4.939047005209507e-05,1.6,-14.739773771992517,32.04119982655924,-13.063568406118941,32.04119982655924,32.020265604519224,99.99790153060263,99.99790153060263,0.0006973361479521371,0.0023749650845086307,4,25,26,25,1,1,1,1,1,1,1,1
0.1,256,20261075,3.4315647305794346e-05,1.6,4.360122654036553e-05,1.6,-14.645078044759723,32.04119982655924,-13.605012934786584,32.04119982655924,21.296600970559165,99.9978552720434,99.9978552720434,0.00026568627760553275,0.0006839511331492796,4,18,26,25,1,1,1,1,1,1,1,1
0.1,257,20261076,2.1115289797731416e-05,1.6,4.1374589767762446e-05,1.6,-16.754029537042904,32.04119982655924,-13.832662992580449,32.04119982655924,48.965560948754906,99.99868029438765,99.99868029438765,0.0003510060925268495,0.0019113368008560941,6,12,26,25,1,1,1,1,1,1,1,1
0.1,258,20261077,3.6792248272433634e-05,1.6,4.736611243215537e-05,1.6,-14.342436728245346,32.04119982655924,-13.245322584754755,32.04119982655924,22.323690116783727,99.99770048448298,99.99770048448298,0.00010529902491432699,0.00010534871784542015,7,10,26,25,1,1,1,1,1,1,1,1
0.1,259,20261078,4.24383021456094e-05,1.6,5.2810958518757825e-05,1.6,-13.72241999500737,32.04119982655924,-12.7727594999627,32.04119982655924,19.64110605844085,99.99734760611591,99.99734760611591,0.0002075589883510723,0.0006827963176773029,3,11,26,25,1,1,1,1,1,1,1,1
0.1,260,20261079,4.486783275044709e-05,1.6,5.563984885550035e-05,1.6,-13.48064907673374,32.04119982655924,-12.546140584303744,32.04119982655924,19.360254074429204,99.9971957604531,99.9971957604531,0.0002793677535112465,0.0041217226482828375,6,13,26,25,1,1,1,1,1,1,1,1
0.1,261,20261080,3.212088324086074e-05,1.6,4.510154959028073e-05,1.6,-14.932125212589188,32.04119982655924,-13.458085364602441,32.04119982655924,28.780976412875386,99.99799244479746,99.99799244479746,7.362952130028081e-05,0.0003063514588619779,5,17,26,25,1,1,1,1,1,1,1,1
0.1,262,20261081,3.0363597296579696e-05,1.6,5.031753688717871e-05,1.6,-15.176467771274947,32.04119982655924,-12.982806263562734,32.04119982655924,39.65603410862392,99.99810227516896,99.99810227516896,0.00016337778556374812,0.0001641076756806256,4,8,26,25,1,1,1,1,1,1,1,1
0.1,263,20261082,1.978815673602165e-05,1.6,3.068761943068614e-05,1.6,-17.035946583786195,32.04119982655924,-15.130368003337864,32.04119982655924,35.51745914759863,99.998763240204,99.998763240204,0.0007237086335755055,0.0008521171636372469,6,14,26,25,1,1,1,1,1,1,1,1
0.1,264,20261083,3.775256391487725e-05,1.6,5.227107418575063e-05,1.6,-14.230535485044175,32.04119982655924,-12.817385749328498,32.04119982655924,27.77541976520391,99.99764046475534,99.99764046475534,0.00014330443145257332,0.0025805195314849644,6,14,26,25,1,1,1,1,1,1,1,1
0.1,265,20261084,3.520136959776556e-05,1.6,5.032835656096548e-05,1.6,-14.534404388746932,32.04119982655924,-12.981872509689882,32.04119982655924,30.05658836659167,99.99779991440015,99.99779991440015,0.0010129073711461006,0.003752392908450852,5,11,26,25,1,1,1,1,1,1,1,1
0.1,266,20261085,2.446824707439059e-05,1.6,2.6554136314984708e-05,1.6,-16.1139714275235,32.04119982655924,-15.758678196350237,32.04119982655924,7.855232856573965,99.99847073455784,99.99847073455784,0.002268609430704039,0.008637254501677159,3,8,26,25,1,1,1,1,1,1,1,1
0.1,267,20261086,4.406670506415243e-05,1.6,6.954465105964242e-05,1.6,-13.558894211477508,32.04119982655924,-11.57736267607448,32.04119982655924,36.63537828903586,99.9972458309335,99.9972458309335,0.0005849220425738134,0.0009621104995127423,5,24,21,25,1,1,1,1,1,1,1,1
0.1,268,20261087,2.981915919201357e-05,1.6,4.708230832539294e-05,1.6,-15.255046064704477,32.04119982655924,-13.271422529567815,32.04119982655924,36.6658937239677,99.99813630255049,99.99813630255049,0.0006312566687539972,0.0010598669072852073,4,12,26,25,1,1,1,1,1,1,1,1
0.1,269,20261088,3.681891508901624e-05,1.6,5.6387943582093124e-05,1.6,-14.339290126216653,32.04119982655924,-12.488137434544623,32.04119982655924,34.70427763443272,99.99769881780693,99.99769881780693,0.00040480700569779453,0.0004060462858967781,3,11,26,25,1,1,1,1,1,1,1,1
0.1,270,20261089,1.917792810076633e-05,1.6,2.626598863109114e-05,1.6,-17.171983139019815,32.04119982655924,-15.806062480515413,32.04119982655924,26.98569861533652,99.99880137949371,99.99880137949371,0.00011391772005616408,0.0008633592661921888,5,11,26,25,1,1,1,1,1,1,1,1
0.1,271,20261090,2.7468674852227488e-05,1.6,4.151062488725195e-05,1.6,-15.61162291371097,32.04119982655924,-13.818407288464227,32.04119982655924,33.82736365247248,99.99828320782173,99.99828320782173,0.00024515070616489964,3.568356644881088e-05,3,10,26,25,1,1,1,1,1,1,1,1
0.1,272,20261091,3.056918209940206e-05,1.6,4.985092630340831e-05,1.6,-15.147161809817401,32.04119982655924,-13.023267674481886,32.04119982655924,38.6788082665737,99.9980894261188,99.9980894261188,0.0004059394946471898,0.00034091055555947043,3,8,26,25,1,1,1,1,1,1,1,1
0.1,273,20261092,4.3213447190751966e-05,1.6,8.121467281484866e-05,1.6,-13.643810880926706,32.04119982655924,-10.903655009699854,32.04119982655924,46.79108381158047,99.99729915955058,99.99729915955058,0.0003958813559310156,0.0009203877286676842,4,15,26,25,1,1,1,1,1,1,1,1
0.1,274,20261093,2.8669167117134644e-05,1.6,4.067241373511659e-05,1.6,-15.425849237848253,32.04119982655924,-13.907000532965178,32.04119982655924,29.512009530967013,99.99820817705519,99.99820817705519,0.0005341838887480343,0.0022504241319492597,4,8,26,25,1,1,1,1,1,1,1,1
0.1,275,20261094,4.411356298387674e-05,1.6,9.406751629340376e-05,1.6,-13.554278635150594,32.04119982655924,-10.2656032269463,32.04119982655924,53.10436086535636,99.99724290231352,99.99724290231352,0.00020569146402461044,0.0007385817328129673,3,8,26,25,1,1,1,1,1,1,1,1
0.1,276,20261095,2.6808923623214492e-05,1.6,4.8059056702746795e-05,1.6,-15.717206225662665,32.04119982655924,-13.182247577271312,32.04119982655924,44.216708644466095,99.99832444227354,99.99832444227354,0.0005250333976436862,0.004193064822413597,6,11,26,25,1,1,1,1,1,1,1,1
0.1,277,20261096,3.966041544975612e-05,1.6,8.454383755618877e-05,1.6,-14.016427407965864,32.04119982655924,-10.729180428607856,32.04119982655924,53.08893398244743,99.99752122403439,99.99752122403439,0.0005096143832732454,0.0038312536382550167,3,19,26,25,1,1,1,1,1,1,1,1
0.1,278,20261097,6.145323926163643e-05,1.6,7.752240097009359e-05,1.6,-12.114552200781496,32.04119982655924,-11.105727850811897,32.04119982655924,20.728410765626673,99.99615917254616,99.99615917254616,0.0005618076291864075,0.0004219753530090685,10,11,26,25,1,1,1,1,1,1,1,1
0.1,279,20261098,6.47827698926926e-05,1.6,0.00012641216051145705,1.6,-11.885404869619261,32.04119982655924,-8.98211146077415,32.04119982655924,48.75273895281525,99.9959510768817,99.9959510768817,0.00022402967100223,0.0025481219882999015,3,8,26,25,1,1,1,1,1,1,1,1
0.1,280,20261099,2.6461990241965073e-05,1.6,4.2466363735714904e-05,1.6,-15.773774950465615,32.04119982655924,-13.719549247197811,32.04119982655924,37.687176593106535,99.99834612560988,99.99834612560988,8.341025379767954e-05,5.880460864877503e-05,4,14,26,25,1,1,1,1,1,1,1,1
0.1,281,20261100,4.0373235137300636e-05,1.6,6.995204736823937e-05,1.6,-13.939064488561106,32.04119982655924,-11.551995699824953,32.04119982655924,42.2844124564802,99.99747667280391,99.99747667280391,0.00042415909202692337,0.0013444039974301737,4,14,26,25,1,1,1,1,1,1,1,1
0.1,282,20261101,3.394612937924583e-05,1.6,6.123524776800343e-05,1.6,-14.692097378802892,32.04119982655924,-12.12998520589962,32.04119982655924,44.56439613365404,99.9978783669138,99.9978783669138,0.00418723938546112,0.006845005989021179,6,16,26,25,1,1,1,1,1,1,1,1
0.1,283,20261102,2.763428161578733e-05,1.6,6.205014664299071e-05,1.6,-15.585518209086828,32.04119982655924,-12.072571877967352,32.04119982655924,55.464599020558566,99.998272857399,99.998272857399,0.00017639296493414971,0.00019754002672871216,5,14,26,25,1,1,1,1,1,1,1,1
0.1,284,20261103,3.92299272333023e-05,1.6,4.4245497933710764e-05,1.6,-14.063824974326508,32.04119982655924,-13.541309130343382,32.04119982655924,11.335776371921195,99.99754812954792,99.99754812954792,0.00016547305702299352,0.00014384197998765227,3,9,26,25,1,1,1,1,1,1,1,1
0.1,285,20261104,4.274836929497125e-05,1.6,7.487290891273103e-05,1.6,-13.690804474785747,32.04119982655924,-11.256752936222458,32.04119982655924,42.90542478482158,99.99732822691905,99.99732822691905,0.0005853234391281469,0.0005872147688290161,4,13,26,25,1,1,1,1,1,1,1,1
0.1,286,20261105,3.580747656366547e-05,1.6,4.939687094293233e-05,1.6,-14.460262836541244,32.04119982655924,-13.063005606969622,32.04119982655924,27.510638062411974,99.99776203271477,99.99776203271477,0.00014425003845964374,0.0022675245784358625,4,11,26,25,1,1,1,1,1,1,1,1
0.1,287,20261106,4.616468135205725e-05,1.6,6.0601739294433605e-05,1.6,-13.356901577752058,32.04119982655924,-12.17514911227523,32.04119982655924,23.822844212826794,99.99711470741549,99.99711470741549,0.0003886043384063434,0.0003909844398156557,5,11,26,25,1,1,1,1,1,1,1,1
0.1,288,20261107,3.4284075692242044e-05,1.6,5.748992818034246e-05,1.6,-14.649075547349934,32.04119982655924,-12.404082338988234,32.04119982655924,40.36507475762545,99.99785724526924,99.99785724526924,0.0010489363403960207,0.00047882983266733857,5,11,26,25,1,1,1,1,1,1,1,1
0.1,289,20261108,2.8818582928881425e-05,1.6,4.889890833895324e-05,1.6,-15.403273781819157,32.04119982655924,-13.10700836329566,32.04119982655924,41.06497689249164,99.99819883856695,99.99819883856695,0.00021226455800143492,0.0001870952968746292,3,18,26,25,1,1,1,1,1,1,1,1
0.1,290,20261109,2.674951672545894e-05,1.6,4.3833045960435834e-05,1.6,-15.726840598245232,32.04119982655924,-13.5819834915334,32.04119982655924,38.97408646982157,99.99832815520466,99.99832815520466,0.00010671397861293515,0.0008447155500997513,6,15,26,25,1,1,1,1,1,1,1,1
0.1,291,20261110,2.8898912341936347e-05,1.6,3.744417523308502e-05,1.6,-15.391185023224912,32.04119982655924,-14.266157309918837,32.04119982655924,22.821340937423628,99.99819381797863,99.99819381797863,0.000293078469562784,0.00022690116860937868,4,10,26,25,1,1,1,1,1,1,1,1
0.1,292,20261111,3.5949960056632945e-05,1.6,5.128782026545572e-05,1.6,-14.443015878177757,32.04119982655924,-12.899857580760006,32.04119982655924,29.90546318684829,99.99775312749645,99.99775312749645,0.0004642281060431944,0.0010815357091446462,3,12,26,25,1,1,1,1,1,1,1,1
0.1,293,20261112,4.5422871071737696e-05,1.6,5.18797951350401e-05,1.6,-13.427254185265543,32.04119982655924,-12.850017475435722,32.04119982655924,12.445932075281727,99.99716107055801,99.99716107055801,0.00042600740633610127,0.0044098900877834624,4,11,26,25,1,1,1,1,1,1,1,1
0.1,294,20261113,3.525501314998643e-05,1.6,4.9927689508797265e-05,1.6,-14.52779118996711,32.04119982655924,-13.016585312170172,32.04119982655924,29.387853720379965,99.99779656167813,99.99779656167813,0.0006925731109503642,0.0014725437652617838,8,17,26,25,1,1,1,1,1,1,1,1
0.1,295,20261114,2.9107992053401803e-05,1.6,3.664868507727122e-05,1.6,-15.359877523146995,32.04119982655924,-14.3594160284904,32.04119982655924,20.575616854930495,99.99818075049667,99.99818075049667,0.0018070923400426032,0.004881657262950596,3,8,26,25,1,1,1,1,1,1,1,1
0.1,296,20261115,3.2759181013297046e-05,1.6,5.765703501465423e-05,1.6,-14.846669642331046,32.04119982655924,-12.391476947588256,32.04119982655924,43.182681861856224,99.99795255118667,99.99795255118667,0.00011558896226992382,0.00013861567563195847,4,16,26,25,1,1,1,1,1,1,1,1
0.1,297,20261116,3.369388747332037e-05,1.6,6.219360391843592e-05,1.6,-14.72448878873064,32.04119982655924,-12.062542764950306,32.04119982655924,45.8241919578927,99.99789413203291,99.99789413203291,0.00024318667482863004,0.0018781203524034418,5,11,26,25,1,1,1,1,1,1,1,1
0.1,298,20261117,2.582581363025853e-05,1.6,4.6251310422982344e-05,1.6,-15.879459873469521,32.04119982655924,-13.34875958029642,32.04119982655924,44.161985046318506,99.99838588664811,99.99838588664811,0.00012716382929758998,8.120995036947813e-05,4,9,26,25,1,1,1,1,1,1,1,1
0.1,299,20261118,1.5720288483255634e-05,1.6,2.780644129050728e-05,1.6,-18.035394884787696,32.04119982655924,-15.558545892297147,32.04119982655924,43.46529885281539,99.9990174819698,99.9990174819698,9.309997976165146e-05,0.0005775280370677294,4,10,26,25,1,1,1,1,1,1,1,1
0.1,300,20261119,3.129482670652654e-05,1.6,5.093974316419548e-05,1.6,-15.045274489871076,32.04119982655924,-12.92943249059366,32.04119982655924,38.565008846524684,99.99804407333085,99.99804407333085,0.00015138107208498926,7.756249998196085e-05,3,12,26,25,1,1,1,1,1,1,1,1
0.1,301,20261120,3.8183116522383556e-05,1.6,6.61385402708713e-05,1.6,-14.18128627193367,32.04119982655924,-11.79545394534223,32.04119982655924,42.267978147077216,99.99761355521736,99.99761355521736,0.0002585405165967329,0.0011193174048461456,4,15,26,25,1,1,1,1,1,1,1,1
0.1,302,20261121,4.260712685986151e-05,1.6,4.0265593299499626e-05,1.6,-13.705177507321498,32.04119982655924,-13.950658973464087,32.04119982655924,-5.815221802260101,99.99733705457126,99.99733705457126,8.712369871101148e-05,0.0003021315848139606,5,8,26,25,1,1,1,1,0,1,1,1
0.1,303,20261122,4.6787422316439724e-05,1.6,7.694563179592814e-05,1.6,-13.298708809583568,32.04119982655924,-11.138160300335686,32.04119982655924,39.19418006661211,99.99707578610521,99.99707578610521,0.000221180486172223,0.0005063240696008636,7,19,26,25,1,1,1,1,1,1,1,1
0.1,304,20261123,3.301399237888694e-05,1.6,5.363699611486958e-05,1.6,-14.813019533044116,32.04119982655924,-12.705355523578419,32.04119982655924,38.44921459027307,99.99793662547631,99.99793662547631,0.0001641859228312072,0.0004063803662071242,4,25,26,25,1,1,1,1,1,1,1,1
0.1,305,20261124,2.928184313485583e-05,1.6,5.8661696225755846e-05,1.6,-15.334015902466946,32.04119982655924,-12.316453833800951,32.04119982655924,50.08353829018769,99.99816988480407,99.99816988480407,0.00020662755308693337,0.0002018895235681437,4,9,26,25,1,1,1,1,1,1,1,1
0.1,306,20261125,4.055871646981074e-05,1.6,6.638465440676227e-05,1.6,-13.919157972373126,32.04119982655924,-11.779323013050975,32.04119982655924,38.90347576219478,99.99746508022064,99.99746508022064,0.0002785534552943783,0.0004860920599250666,4,12,26,25,1,1,1,1,1,1,1,1
0.1,307,20261126,5.274006410418531e-05,1.6,5.7104708434161304e-05,1.6,-12.778593466685415,32.04119982655924,-12.433280815497593,32.04119982655924,7.643230216310788,99.99670374599349,99.99670374599349,0.0012109541312909362,0.0007227763524313742,7,10,26,25,1,1,1,1,1,1,1,1
0.1,308,20261127,1.9935647192324145e-05,1.6,3.876209011957903e-05,1.6,-17.003696608045622,32.04119982655924,-14.115928130731266,32.04119982655924,48.56921509953743,99.99875402205046,99.99875402205046,0.0009537511214820322,0.001804130701109087,4,23,26,25,1,1,1,1,1,1,1,1
0.1,309,20261128,2.4748161357209686e-05,1.6,4.137294745694741e-05,1.6,-16.06457061056864,32.04119982655924,-13.832835383578068,32.04119982655924,40.18274530002349,99.99845323991518,99.99845323991518,0.00010194544498045274,0.00010444811833174031,4,12,26,25,1,1,1,1,1,1,1,1
0.1,310,20261129,2.490430825804718e-05,1.6,5.19363990923581e-05,1.6,-16.03725516725623,32.04119982655924,-12.845281646129703,32.04119982655924,52.04845023283181,99.99844348073388,99.99844348073388,0.0002365175078462377,0.00015513416196443538,7,25,26,25,1,1,1,1,1,1,1,1
0.1,311,20261130,3.876463226817503e-05,1.6,5.411133671284093e-05,1.6,-14.115643315102844,32.04119982655924,-12.667117375543844,32.04119982655924,28.361347874490857,99.99757721048323,99.99757721048323,0.0001759680032315776,0.000263121931694827,5,15,26,25,1,1,1,1,1,1,1,1
0.1,312,20261131,3.768254084082159e-05,1.6,4.8117097313777954e-05,1.6,-14.238598214857118,32.04119982655924,-13.177005795581264,32.04119982655924,21.685756322562945,99.99764484119746,99.99764484119746,0.00020771170882668026,0.0017978256095224354,5,25,26,25,1,1,1,1,1,1,1,1
0.1,313,20261132,3.2717444073064886e-05,1.6,4.9979123075203136e-05,1.6,-14.852206312941496,32.04119982655924,-13.012113681963918,32.04119982655924,34.53777885651326,99.99795515974543,99.99795515974543,0.002081439881575111,0.004701137543619017,3,9,26,25,1,1,1,1,1,1,1,1
0.1,314,20261133,2.8406747670204884e-05,1.6,5.096914424813985e-05,1.6,-15.46578486436799,32.04119982655924,-12.926926579834056,32.04119982655924,44.266775341746865,99.99822457827061,99.99822457827061,0.00044452779734184306,0.00028579148354001654,6,10,26,25,1,1,1,1,1,1,1,1
0.1,315,20261134,2.6309650298563494e-05,1.6,4.0644110259342955e-05,1.6,-15.798849244119602,32.04119982655924,-13.910023791520693,32.04119982655924,35.26823411636712,99.99835564685634,99.99835564685634,0.000146201253491844,0.00021708320620723824,4,9,26,25,1,1,1,1,1,1,1,1
0.1,316,20261135,2.026089456465694e-05,1.6,2.6564890897044923e-05,1.6,-16.93341383461552,32.04119982655924,-15.756919634135194,32.04119982655924,23.730556081784016,99.9987336940897,99.9987336940897,8.26953981116557e-05,0.0005503264532091028,5,13,26,25,1,1,1,1,1,1,1,1
0.1,317,20261136,3.2082485895639e-05,1.6,4.862875125484263e-05,1.6,-14.937319879897766,32.04119982655924,-13.131068826032042,32.04119982655924,34.025684255167654,99.9979948446315,99.9979948446315,0.000357635807365324,0.0007408763677548472,6,22,26,25,1,1,1,1,1,1,1,1
0.1,318,20261137,2.5634624015951913e-05,1.6,4.0626129161887336e-05,1.6,-15.91173047991276,32.04119982655924,-13.911945550724699,32.04119982655924,36.9011408549339,99.998397835999,99.998397835999,0.0002778814820900955,0.00014779462184126327,6,9,26,25,1,1,1,1,1,1,1,1
0.1,319,20261138,2.7277557450472572e-05,1.6,3.719696270350093e-05,1.6,-15.641945208657704,32.04119982655924,-14.29492520735371,32.04119982655924,26.66724520519724,99.99829515265934,99.99829515265934,0.0012781540157959527,0.0019334828234206982,5,12,26,25,1,1,1,1,1,1,1,1
0.1,320,20261139,5.3806291122539175e-05,1.6,0.00010753992057044003,1.6,-12.691669429196553,32.04119982655924,-9.68430288631006,32.04119982655924,49.96621641793443,99.99663710680483,99.99663710680483,0.0003454758519996115,0.001578976698858036,7,14,26,25,1,1,1,1,1,1,1,1
0.1,321,20261140,4.08142466701032e-05,1.6,6.8428518539842e-05,1.6,-13.891882150909744,32.04119982655924,-11.647628622678472,32.04119982655924,40.354917012649615,99.99744910958313,99.99744910958313,0.0005611760442662258,0.0009364861645154561,3,8,26,25,1,1,1,1,1,1,1,1
0.1,322,20261141,3.1917671529088704e-05,1.6,5.1949201725929255e-05,1.6,-14.959687989927811,32.04119982655924,-12.84421121613784,32.04119982655924,38.559842175288466,99.99800514552942,99.99800514552942,0.0009650687558277449,0.0007001967556518804,3,11,26,25,1,1,1,1,1,1,1,1
0.1,323,20261142,2.536603827292074e-05,1.6,4.1509005284863223e-05,1.6,-15.95747356608091,32.04119982655924,-13.81857673860004,32.04119982655924,38.890276702991045,99.99841462260794,99.99841462260794,0.00013312562909087488,0.0004390127190354699,6,24,26,25,1,1,1,1,1,1,1,1
0.1,324,20261143,3.2059915439537955e-05,1.6,7.035104596338921e-05,1.6,-14.940376274650458,32.04119982655924,-11.527294411894161,32.04119982655924,54.42865845061923,99.99799625528503,99.99799625528503,0.00031674005479089495,0.0005880983090925395,3,10,26,25,1,1,1,1,1,1,1,1
0.1,325,20261144,1.9279292746575722e-05,1.6,2.898131772290704e-05,1.6,-17.149089020666608,32.04119982655924,-15.378818719091232,32.04119982655924,33.476824860391936,99.99879504420335,99.99879504420335,0.0002741610363468669,0.0008748835719507909,4,9,26,25,1,1,1,1,1,1,1,1
0.1,326,20261145,2.9415716727780816e-05,1.6,4.115538671417488e-05,1.6,-15.314205653581912,32.04119982655924,-13.855733131337296,32.04119982655924,28.525233082916568,99.9981615177045,99.9981615177045,0.00022507029640812202,0.0016972732491198433,4,11,26,25,1,1,1,1,1,1,1,1
0.1,327,20261146,4.5815607544829435e-05,1.6,5.8817471845248084e-05,1.6,-13.389865500327787,32.04119982655924,-12.304936467322943,32.04119982655924,22.10544569924265,99.99713652452844,99.99713652452844,0.00048770610678387295,0.00077331986499899,8,25,26,25,1,1,1,1,1,1,1,1
0.1,328,20261147,2.0265454342098337e-05,1.6,3.85480800090265e-05,1.6,-16.93243655132044,32.04119982655924,-14.139972482810037,32.04119982655924,47.428109681849435,99.99873340910362,99.99873340910362,0.00020503170058140257,0.003937080818944145,3,11,26,25,1,1,1,1,1,1,1,1
0.1,329,20261148,2.73991306509711e-05,1.6,4.593535212321214e-05,1.6,-15.622632167225225,32.04119982655924,-13.37852950137062,32.04119982655924,40.35284506478025,99.99828755433431,99.99828755433431,0.0014134008123888877,0.007617195787879907,3,10,26,25,1,1,1,1,1,1,1,1
0.1,330,20261149,2.7133342167581723e-05,1.6,3.1097009034920494e-05,1.6,-15.664967084300422,32.04119982655924,-15.072813801723813,32.04119982655924,12.746135369121054,99.99830416611454,99.99830416611454,0.0008911194036435688,0.002089061071592106,3,9,26,25,1,1,1,1,1,1,1,1
0.1,331,20261150,4.289478250206793e-05,1.6,6.539800528965883e-05,1.6,-13.675955299216545,32.04119982655924,-11.844354979281096,32.04119982655924,34.409647034218125,99.99731907609362,99.99731907609362,9.359269985472031e-05,0.0004959770418286146,5,15,26,25,1,1,1,1,1,1,1,1
0.1,332,20261151,5.247468854883795e-05,1.6,5.746469307324623e-05,1.6,-12.800501303905827,32.04119982655924,-12.405989085810354,32.04119982655924,8.683600759944675,99.99672033196569,99.99672033196569,0.000304677901794373,0.0011942039108172474,4,13,26,25,1,1,1,1,1,1,1,1
0.1,333,20261152,3.210078449140926e-05,1.6,4.7838026355155104e-05,1.6,-14.934843540086163,32.04119982655924,-13.202267462593326,32.04119982655924,32.89692962437606,99.99799370096927,99.99799370096927,0.0001684651950231745,0.0006614136434875214,4,11,26,25,1,1,1,1,1,1,1,1
0.1,334,20261153,3.107373462658775e-05,1.6,6.191758268531844e-05,1.6,-15.076065475094717,32.04119982655924,-12.08186007217283,32.04119982655924,49.81436083428402,99.99805789158583,99.99805789158583,0.0001205840691725145,0.0001282381686625139,5,25,26,25,1,1,1,1,1,1,1,1
0.1,335,20261154,3.8646820048571456e-05,1.6,4.731650500284626e-05,1.6,-14.128862350489939,32.04119982655924,-13.249873416864247,32.04119982655924,18.322750071572894,99.99758457374696,99.99758457374696,0.00010349819624404492,0.0002068138931161114,4,8,26,25,1,1,1,1,1,1,1,1
0.1,336,20261155,5.9737145230579306e-05,1.6,8.520218920595441e-05,1.6,-12.237555356694633,32.04119982655924,-10.695492462209629,32.04119982655924,29.88778130315396,99.99626642842308,99.99626642842308,0.0002244082559443381,0.0006272729509736106,5,8,26,25,1,1,1,1,1,1,1,1
0.1,337,20261156,3.3148819440861915e-05,1.6,6.036489542919271e-05,1.6,-14.795319339092512,32.04119982655924,-12.192155473644092,32.04119982655924,45.08593246923606,99.99792819878495,99.99792819878495,0.000621791591745786,0.0006224773385724744,3,25,26,25,1,1,1,1,1,1,1,1
0.1,338,20261157,3.412392366723581e-05,1.6,4.683892743633485e-05,1.6,-14.669410382003349,32.04119982655924,-13.293930583864913,32.04119982655924,27.14623170306735,99.99786725477081,99.99786725477081,0.00044156833753183607,0.005051612661022107,3,11,26,25,1,1,1,1,1,1,1,1
0.1,339,20261158,5.0918854855618845e-05,1.6,5.868054274194366e-05,1.6,-12.931213720152018,32.04119982655924,-12.315058779790418,32.04119982655924,13.22702129811236,99.99681757157151,99.99681757157151,0.00016044895913661084,0.0005925132666162531,3,13,26,25,1,1,1,1,1,1,1,1
0.1,340,20261159,1.6681475043307972e-05,1.6,3.1618779972354276e-05,1.6,-17.777655499305325,32.04119982655924,-15.000548915668862,32.04119982655924,47.24187632194114,99.9989574078098,99.9989574078098,0.0008981067895740834,0.0028918288382126355,3,8,26,25,1,1,1,1,1,1,1,1
0.1,341,20261160,1.8547035812833927e-05,1.6,2.4399254514991274e-05,1.6,-17.317254894448716,32.04119982655924,-16.126234427174836,32.04119982655924,23.985235690548063,99.9988408102617,99.9988408102617,0.00011149797856994148,0.0002611167857304475,5,14,26,25,1,1,1,1,1,1,1,1
0.1,342,20261161,2.213999294045271e-05,1.6,4.517130395795182e-05,1.6,-16.548225219361996,32.04119982655924,-13.451373724988375,32.04119982655924,50.986597683648995,99.99861625044122,99.99861625044122,0.00030768093649945026,0.0003060362237354304,3,13,26,25,1,1,1,1,1,1,1,1
0.1,343,20261162,3.329345459506384e-05,1.6,4.0709690340847346e-05,1.6,-14.776411392460636,32.04119982655924,-13.903022010785406,32.04119982655924,18.21737204014592,99.99791915908781,99.99791915908781,0.00015134374194525536,0.00026597736845327595,3,10,26,25,1,1,1,1,1,1,1,1
0.1,344,20261163,1.4798051326698772e-05,1.6,3.335104289487095e-05,1.6,-18.297954706713572,32.04119982655924,-14.76890581045601,32.04119982655924,55.62941952566478,99.99907512179207,99.99907512179207,0.0002931701419051461,0.0002244917525596423,5,9,26,25,1,1,1,1,1,1,1,1
0.1,345,20261164,4.2519007109321585e-05,1.6,6.594166398249457e-05,1.6,-13.714168855404962,32.04119982655924,-11.808400979981819,32.04119982655924,35.52026967258661,99.99734256205566,99.99734256205566,0.00023997442266055857,0.00024966149461702256,4,17,26,25,1,1,1,1,1,1,1,1
0.1,346,20261165,3.173925549872702e-05,1.6,3.930771391791621e-05,1.6,-14.984032646191912,32.04119982655924,-14.055222134097377,32.04119982655924,19.25438461008929,99.99801629653132,99.99801629653132,0.00047515692451781117,0.009160271418807216,5,10,26,25,1,1,1,1,1,1,1,1
0.1,347,20261166,2.7115132131993464e-05,1.6,4.077393125363051e-05,1.6,-15.667882749070866,32.04119982655924,-13.896174136533228,32.04119982655924,33.498852579786174,99.99830530424174,99.99830530424174,0.00016718741262895158,0.00017621860691446672,5,9,26,25,1,1,1,1,1,1,1,1
0.1,348,20261167,3.111085692776466e-05,1.6,3.8602347379654184e-05,1.6,-15.070880263752535,32.04119982655924,-14.133862854050845,32.04119982655924,19.406826165804624,99.99805557144201,99.99805557144201,0.00010640856213257072,0.00020367685415722834,3,8,26,25,1,1,1,1,1,1,1,1
0.1,349,20261168,4.755710505182975e-05,1.6,5.658073396166436e-05,1.6,-13.22784590097955,32.04119982655924,-12.473314232022286,32.04119982655924,15.94823587115089,99.99702768093425,99.99702768093425,0.00029349848309144933,0.0021795241457319816,6,8,26,25,1,1,1,1,1,1,1,1
0.1,350,20261169,3.838304912145389e-05,1.6,5.6466811244161106e-05,1.6,-14.158605281929578,32.04119982655924,-12.48206736756952,32.04119982655924,32.02547075752777,99.99760105942991,99.99760105942991,9.79691156976483e-05,0.0001722272057689899,5,20,24,25,1,1,1,1,1,1,1,1
0.1,351,20261170,4.383987176362717e-05,1.6,9.20132991518128e-05,1.6,-13.581307248802235,32.04119982655924,-10.361493973193687,32.04119982655924,52.354852866110434,99.99726000801476,99.99726000801476,0.00018834987877631602,0.0008352106287351453,6,12,26,25,1,1,1,1,1,1,1,1
0.1,352,20261171,4.3270976051881744e-05,1.6,6.597377721209507e-05,1.6,-13.638033084258325,32.04119982655924,-11.806286504441912,32.04119982655924,34.41185592152391,99.99729556399676,99.99729556399676,0.00010655254782268075,0.00026344476788777306,7,18,26,25,1,1,1,1,1,1,1,1
0.1,353,20261172,2.661892473954992e-05,1.6,3.079418090985651e-05,1.6,-15.748094916529167,32.04119982655924,-15.115313431587378,32.04119982655924,13.558588171345663,99.99833631720378,99.99833631720378,0.00033989771161165185,0.0025512854701834286,7,8,26,25,1,1,1,1,1,1,1,1
0.1,354,20261173,4.026894173057746e-05,1.6,5.486164729661627e-05,1.6,-13.950297835192059,32.04119982655924,-12.607311562449821,32.04119982655924,26.599102077889768,99.99748319114184,99.99748319114184,0.00023908310680071895,0.0002112253534719379,8,16,26,25,1,1,1,1,1,1,1,1
0.1,355,20261174,3.361155547028563e-05,1.6,4.5629263538827594e-05,1.6,-14.735113888536262,32.04119982655924,-13.407565407299565,32.04119982655924,26.337720875805203,99.9978992777831,99.9978992777831,0.0018358314855986975,0.0008553687481947711,4,14,26,25,1,1,1,1,1,1,1,1
0.1,356,20261175,4.024895670723388e-05,1.6,6.691081295600032e-05,1.6,-13.952453724927247,32.04119982655924,-11.745036934779128,32.04119982655924,39.84685743737553,99.9974844402058,99.9974844402058,0.00040294228140419193,0.0004092507735808432,4,13,26,25,1,1,1,1,1,1,1,1
0.1,357,20261176,5.1226855743180026e-05,1.6,9.225647660489688e-05,1.6,-12.905022998974893,32.04119982655924,-10.35003135683426,32.04119982655924,44.47343142902885,99.99679832151607,99.99679832151607,0.00032073765220518203,0.00017302319740488425,6,18,26,25,1,1,1,1,1,1,1,1
0.1,358,20261177,3.0231455520691075e-05,1.6,4.1283744507457994e-05,1.6,-15.195409428193024,32.04119982655924,-13.842209183291548,32.04119982655924,26.771527434412594,99.99811053402996,99.99811053402996,0.00019617644851845352,0.003132745378814126,7,10,26,25,1,1,1,1,1,1,1,1
0.1,359,20261178,2.9415516699302914e-05,1.6,4.550627299477993e-05,1.6,-15.314235185943929,32.04119982655924,-13.419287321508786,32.04119982655924,35.359424616739766,99.99816153020629,99.99816153020629,0.00026326757199671396,0.0020243163543611775,4,8,26,25,1,1,1,1,1,1,1,1
0.1,360,20261179,2.6868691313135315e-05,1.6,3.539332946896347e-05,1.6,-15.707534861282394,32.04119982655924,-14.510785811323412,32.04119982655924,24.08543723840233,99.99832070679292,99.99832070679292,0.00020618627021347805,0.0004953009973450205,6,22,26,25,1,1,1,1,1,1,1,1
0.1,361,20261180,4.782577201324314e-05,1.6,5.426102231928904e-05,1.6,-13.203380107750974,32.04119982655924,-12.655120280561142,32.04119982655924,11.859802913735846,99.99701088924917,99.99701088924917,0.0006015479038090472,0.0012486480030402263,6,13,26,25,1,1,1,1,1,1,1,1
0.1,362,20261181,3.736627196696184e-05,1.6,5.44799463260604e-05,1.6,-14.27520229550447,32.04119982655924,-12.637633289643475,32.04119982655924,31.412795924345946,99.99766460800205,99.99766460800205,0.0008522510239876837,0.0028992139272928244,4,25,26,25,1,1,1,1,1,1,1,1
0.1,363,20261182,2.972310099261156e-05,1.6,4.254176646487689e-05,1.6,-15.269058828749651,32.04119982655924,-13.711844808173815,32.04119982655924,30.131953930142057,99.99814230618796,99.99814230618796,8.902434181321881e-05,0.0003162088168064028,4,16,26,25,1,1,1,1,1,1,1,1
0.1,364,20261183,3.098529024378737e-05,1.6,6.263311909560985e-05,1.6,-15.08844431394732,32.04119982655924,-12.031959601287737,32.04119982655924,50.52890437008553,99.99806341935975,99.99806341935975,0.0002978017266325915,0.0015202866343401915,4,25,26,25,1,1,1,1,1,1,1,1
0.1,365,20261184,3.005550175121516e-05,1.6,6.104879269992511e-05,1.6,-15.220760174553003,32.04119982655924,-12.143229202358064,32.04119982655924,50.768065309746866,99.99812153114054,99.99812153114054,0.00012796374655429872,0.00020015570128737603,4,10,26,25,1,1,1,1,1,1,1,1
0.1,366,20261185,4.0390156725072046e-05,1.6,5.7308787148223624e-05,1.6,-13.93724461643037,32.04119982655924,-12.417787826154939,32.04119982655924,29.521878345450205,99.99747561520469,99.99747561520469,0.0007775846244953233,0.005719410188530927,6,25,26,25,1,1,1,1,1,1,1,1
0.1,367,20261186,2.1786508859699973e-05,1.6,2.8062511112345342e-05,1.6,-16.618123569240236,32.04119982655924,-15.518734696782833,32.04119982655924,22.364364427402975,99.99863834319628,99.99863834319628,0.0001561137525452462,0.00011661856014912214,5,13,26,25,1,1,1,1,1,1,1,1
0.1,368,20261187,2.980495832017516e-05,1.6,3.436173068132639e-05,1.6,-15.257114811598045,32.04119982655924,-14.639249703815029,32.04119982655924,13.261184087062215,99.99813719010498,99.99813719010498,0.0002149567366758248,0.0002886118363290807,6,12,26,25,1,1,1,1,1,1,1,1
0.1,369,20261188,8.599762812930037e-05,1.6,0.00011624766010033186,1.6,-10.65513526716453,32.04119982655924,-9.346157800787946,32.04119982655924,26.022056654665626,99.99462514824191,99.99462514824191,0.0002370900443869187,0.0006918005228966261,6,14,26,25,1,1,1,1,1,1,1,1
0.1,370,20261189,2.330645732768541e-05,1.6,2.6686765657744585e-05,1.6,-16.32523735915943,32.04119982655924,-15.737040579888289,32.04119982655924,12.666609260227828,99.99854334641704,99.99854334641704,0.0009163125737425945,0.0013502957399728066,3,10,26,25,1,1,1,1,1,1,1,1
0.1,371,20261190,2.2438502299506612e-05,1.6,4.7936087145440844e-05,1.6,-16.490061342593194,32.04119982655924,-13.193374187899924,32.04119982655924,53.19079291677081,99.99859759360628,99.99859759360628,0.0005245698777728903,0.00047700846764483335,3,11,26,25,1,1,1,1,1,1,1,1
0.1,372,20261191,2.7847803148964123e-05,1.6,5.76774384051449e-05,1.6,-15.552090596613146,32.04119982655924,-12.38994035931037,32.04119982655924,51.718030621692684,99.99825951230318,99.99825951230318,0.0005405847282628583,0.000534438008955749,3,10,26,25,1,1,1,1,1,1,1,1
0.1,373,20261192,2.970720358972245e-05,1.6,4.654061166755734e-05,1.6,-15.271382274528541,32.04119982655924,-13.321679132259268,32.04119982655924,36.16928844441718,99.99814329977563,99.99814329977563,0.00025383585391066494,0.00023827820909625086,6,10,26,25,1,1,1,1,1,1,1,1
0.1,374,20261193,2.8990391810657952e-05,1.6,3.38419223698809e-05,1.6,-15.377459150328324,32.04119982655924,-14.705449750975905,32.04119982655924,14.335859843295374,99.99818810051183,99.99818810051183,0.00013789876613178414,0.00014053167179718347,5,9,26,25,1,1,1,1,1,1,1,1
0.1,375,20261194,3.428485020089711e-05,1.6,5.584323335231398e-05,1.6,-14.648977437358939,32.04119982655924,-12.530294437800514,32.04119982655924,38.6051842940494,99.99785719686245,99.99785719686245,0.000691709071300774,0.0017679712972498804,3,17,26,25,1,1,1,1,1,1,1,1
0.1,376,20261195,1.5807754500947136e-05,1.6,2.3006271842157342e-05,1.6,-18.01129817424456,32.04119982655924,-16.381537528898274,32.04119982655924,31.28936922330649,99.99901201534368,99.99901201534368,0.00017180508511939973,0.0001264627466055195,3,7,26,25,1,1,1,1,1,1,1,1
0.1,377,20261196,3.21786242275396e-05,1.6,5.7310520652101854e-05,1.6,-14.92432527768386,32.04119982655924,-12.417656460648868,32.04119982655924,43.85215164441286,99.9979888359858,99.9979888359858,0.0002903599147580609,0.00041000836116984794,3,7,26,25,1,1,1,1,1,1,1,1
0.1,378,20261197,2.7830075559643357e-05,1.6,4.291114395240768e-05,1.6,-15.554856145394167,32.04119982655924,-13.674299076161049,32.04119982655924,35.144876141010336,99.99826062027752,99.99826062027752,0.0001812801070144364,0.0007726786520674696,7,9,26,25,1,1,1,1,1,1,1,1
0.1,379,20261198,3.086077796596113e-05,1.6,4.189339732878656e-05,1.6,-15.105931300529944,32.04119982655924,-13.778544192683238,32.04119982655924,26.33498371172799,99.99807120137713,99.99807120137713,0.00020744878918396348,0.0038810731146351643,7,18,26,25,1,1,1,1,1,1,1,1
0.1,380,20261199,0.00012730416534990267,1.6,0.00018357228086728165,1.6,-8.951573861430228,32.04119982655924,-7.3619289598454145,32.04119982655924,30.651749409846616,99.99204348966562,99.99204348966562,0.0007062373420587266,0.0013664633403588677,3,9,26,25,1,1,1,1,1,1,1,1
0.1,381,20261200,3.9296664281271914e-05,1.6,4.647143278131751e-05,1.6,-14.056443133833831,32.04119982655924,-13.328139373892734,32.04119982655924,15.439094666627119,99.99754395848242,99.99754395848242,0.00025029085315044495,0.00013865130657146803,5,12,26,25,1,1,1,1,1,1,1,1
0.1,382,20261201,3.136339801298233e-05,1.6,3.632253886125402e-05,1.6,-15.035768905557873,32.04119982655924,-14.398238029125995,32.04119982655924,13.65306777484573,99.9980397876242,99.9980397876242,0.0002366701387940372,0.00044783262771234446,6,9,26,25,1,1,1,1,1,1,1,1
0.1,383,20261202,2.3456152615944195e-05,1.6,4.184619845398177e-05,1.6,-16.297432213207365,32.04119982655924,-13.783439896527717,32.04119982655924,43.94675386883971,99.9985339904615,99.9985339904615,0.0002649957817868966,0.0005325327129682938,3,13,26,25,1,1,1,1,1,1,1,1
0.1,384,20261203,2.139073349884103e-05,1.6,3.674255455530308e-05,1.6,-16.697743230003567,32.04119982655924,-14.348306523115395,32.04119982655924,41.78212767801773,99.99866307915632,99.99866307915632,0.0006249844701780573,0.00043295402340466687,4,10,26,25,1,1,1,1,1,1,1,1
0.1,385,20261204,1.7599089785364533e-05,1.6,2.5969781928047493e-05,1.6,-17.545097930617437,32.04119982655924,-15.855316971879196,32.04119982655924,32.232431392281235,99.99890005688842,99.99890005688842,0.0003897076093766368,0.0003069855904345878,3,9,26,25,1,1,1,1,1,1,1,1
0.1,386,20261205,2.700945719256017e-05,1.6,3.1401993240778266e-05,1.6,-15.684841437149796,32.04119982655924,-15.030427842198788,32.04119982655924,13.988080356994665,99.99831190892546,99.99831190892546,0.0002471161618033874,0.00021350253450158472,4,8,26,25,1,1,1,1,1,1,1,1
0.1,387,20261206,3.85794168571174e-05,1.6,5.6926795497213834e-05,1.6,-14.136443411724375,32.04119982655924,-12.446832626498438,32.04119982655924,32.22977594267432,99.99758878644643,99.99758878644643,0.00023912878309861839,0.00011341442702648525,5,11,26,25,1,1,1,1,1,1,1,1
0.1,388,20261207,1.9389069483476566e-05,1.6,3.5609135864758914e-05,1.6,-17.12443032999091,32.04119982655924,-14.484385653237918,32.04119982655924,45.55029485378432,99.99878818315729,99.99878818315729,6.091863852144507e-05,0.0001588021644665567,3,25,26,25,1,1,1,1,1,1,1,1
0.1,389,20261208,3.4619551356869715e-05,1.6,4.3966721829332504e-05,1.6,-14.606785645512758,32.04119982655924,-13.568759142871784,32.04119982655924,21.259648396680788,99.99783627804018,99.99783627804018,0.00024369678666194222,0.0008792107459717395,5,13,26,25,1,1,1,1,1,1,1,1
0.1,390,20261209,3.516590356020664e-05,1.6,5.343550819506396e-05,1.6,-14.538782192524113,32.04119982655924,-12.721700559233453,32.04119982655924,34.1900082023454,99.99780213102748,99.99780213102748,0.0010261218796133243,0.0013964007733394904,3,16,26,25,1,1,1,1,1,1,1,1
0.1,391,20261210,3.342028876718994e-05,1.6,4.391509016624951e-05,1.6,-14.759898019155377,32.04119982655924,-13.57386221219619,32.04119982655924,23.897938861856748,99.99791123195205,99.99791123195205,0.00026860094180820914,0.002018352192284498,8,13,26,25,1,1,1,1,1,1,1,1
0.1,392,20261211,2.9249759798960284e-05,1.6,3.717858107481255e-05,1.6,-15.338776960233195,32.04119982655924,-14.297071891509482,32.04119982655924,21.326314901307036,99.99817189001257,99.99817189001257,0.0002925216136071086,0.00048663191675917027,4,21,26,25,1,1,1,1,1,1,1,1
0.1,393,20261212,5.637387051527887e-05,1.6,7.860269249662807e-05,1.6,-12.48922146380427,32.04119982655924,-11.045625771616054,32.04119982655924,28.279975246780225,99.9964766330928,99.9964766330928,0.00018327970936958294,0.0006875174620160398,4,10,26,25,1,1,1,1,1,1,1,1
0.1,394,20261213,3.84840004597038e-05,1.6,7.562026495372705e-05,1.6,-14.147197888361468,32.04119982655924,-11.213618053159848,32.04119982655924,49.10887910369975,99.99759474997127,99.99759474997127,0.0004224453026719367,0.0012136985088618212,8,18,26,25,1,1,1,1,1,1,1,1
0.1,395,20261214,2.5897987954437307e-05,1.6,3.4775864354891946e-05,1.6,-15.867339754642465,32.04119982655924,-14.587220668026351,32.04119982655924,25.528844689106286,99.99838137575284,99.99838137575284,0.0001414941441339404,0.00034080803357420636,4,13,26,25,1,1,1,1,1,1,1,1
0.1,396,20261215,3.787667679677623e-05,1.6,4.984571722001065e-05,1.6,-14.216281318898298,32.04119982655924,-13.023721506446028,32.04119982655924,24.012174146085773,99.9976327077002,99.9976327077002,0.00015754008868544393,0.00018152409345638658,3,13,26,25,1,1,1,1,1,1,1,1
0.1,397,20261216,3.405430739193693e-05,1.6,5.8940654283719e-05,1.6,-14.678279481201402,32.04119982655924,-12.295850474777527,32.04119982655924,42.22271909637818,99.997871605788,99.997871605788,0.000251272312330827,0.0015685081795631835,6,9,26,25,1,1,1,1,1,1,1,1
0.1,398,20261217,2.039695058701152e-05,1.6,2.286407709732767e-05,1.6,-16.904347562126258,32.04119982655924,-16.40846324116107,32.04119982655924,10.790404965020462,99.9987251905883,99.9987251905883,0.00017980124294773674,0.0007279186892611774,5,10,26,25,1,1,1,1,1,1,1,1
0.1,399,20261218,2.759002067239728e-05,1.6,5.37229657945818e-05,1.6,-15.592479741165121,32.04119982655924,-12.698400199670665,32.04119982655924,48.64389881621193,99.99827562370798,99.99827562370798,0.0001849276453229007,0.0008046901403169805,7,9,26,25,1,1,1,1,1,1,1,1
0.1,400,20261219,4.4910298609797955e-05,1.6,4.6716106131526464e-05,1.6,-13.476540572918532,32.04119982655924,-13.305333635854433,32.04119982655924,3.8654923778201105,99.9971931063369,99.9971931063369,0.00016944870233406395,0.002769908255597347,5,8,26,25,1,1,1,1,1,1,1,1
0.1,401,20261220,3.292664767002647e-05,1.6,4.151354519361632e-05,1.6,-14.824524834551289,32.04119982655924,-13.818101769495764,32.04119982655924,20.684568093476834,99.99794208452063,99.99794208452063,0.001332084682893131,0.0018942369663474267,6,7,26,25,1,1,1,1,1,1,1,1
0.1,402,20261221,1.9278595485173044e-05,1.6,4.9339370044404634e-05,1.6,-17.14924609191379,32.04119982655924,-13.068063997993725,32.04119982655924,60.9265471613792,99.99879508778217,99.99879508778217,0.000501849784710012,0.0005213437903780599,3,25,26,25,1,1,1,1,1,1,1,1
0.1,403,20261222,3.214195246724759e-05,1.6,6.107925100681775e-05,1.6,-14.929277454943632,32.04119982655924,-12.14106297182094,32.04119982655924,47.376642742950686,99.9979911279708,99.9979911279708,0.00015796129713620364,0.00018137850979124825,5,10,26,25,1,1,1,1,1,1,1,1
0.1,404,20261223,4.417176877863462e-05,1.6,6.543438165094739e-05,1.6,-13.548552098559284,32.04119982655924,-11.841939972759263,32.04119982655924,32.494557655845014,99.99723926445132,99.99723926445132,0.0003001743967497334,0.00029846561164481946,5,12,26,25,1,1,1,1,1,1,1,1
0.1,405,20261224,2.7046557372496476e-05,1.6,4.231291140952731e-05,1.6,-15.678880063162646,32.04119982655924,-13.7352709129382,32.04119982655924,36.079658734126745,99.99830959016423,99.99830959016423,0.00021576232349789407,0.00037796222023693483,4,25,26,25,1,1,1,1,1,1,1,1
0.1,406,20261225,3.348496522607596e-05,1.6,5.218897740727504e-05,1.6,-14.75150147739633,32.04119982655924,-12.824212126430751,32.04119982655924,35.839008753200396,99.99790718967336,99.99790718967336,0.00022776279633638651,0.0008048722667162295,4,25,26,25,1,1,1,1,1,1,1,1
0.1,407,20261226,5.3248782807412054e-05,1.6,5.771255254740788e-05,1.6,-12.736903151392918,32.04119982655924,-12.387297170145274,32.04119982655924,7.7344867675521165,99.99667195107453,99.99667195107453,0.00011528426219874449,0.00020158784328773568,3,14,26,25,1,1,1,1,1,1,1,1
0.1,408,20261227,4.788693575632512e-05,1.6,7.123091042919149e-05,1.6,-13.19782952197237,32.04119982655924,-11.473315047380199,32.04119982655924,32.7722536918462,99.99700706651524,99.99700706651524,0.00030706856069684943,0.00396819566121352,5,14,26,25,1,1,1,1,1,1,1,1
0.1,409,20261228,4.389934864242763e-05,1.6,5.296617335308112e-05,1.6,-13.575419235642121,32.04119982655924,-12.760014024027628,32.04119982655924,17.11814189447397,99.99725629070984,99.99725629070984,0.00016322189424224263,0.0002660963190740255,4,13,26,25,1,1,1,1,1,1,1,1
0.1,410,20261229,7.450083013639373e-05,1.6,0.00010830321911163092,1.6,-11.278388880349766,32.04119982655924,-9.653586345876008,32.04119982655924,31.210881128469687,99.99534369811649,99.99534369811649,0.0004230547923743608,0.0015045299982768675,5,12,26,25,1,1,1,1,1,1,1,1
0.1,411,20261230,2.0687681503731185e-05,1.6,3.417515496368643e-05,1.6,-16.84288178573349,32.04119982655924,-14.66289507492508,32.04119982655924,39.465727293077855,99.99870701990602,99.99870701990602,0.0004850038808952812,0.0004885666619713014,3,10,26,25,1,1,1,1,1,1,1,1
0.1,412,20261231,2.8936540402339965e-05,1.6,4.396901929411749e-05,1.6,-15.385533935344263,32.04119982655924,-13.568532209825912,32.04119982655924,34.18879732391185,99.99819146622487,99.99819146622487,0.00018543447040221937,0.0005193840970035866,3,15,26,25,1,1,1,1,1,1,1,1
0.1,413,20261232,2.1311474541013157e-05,1.6,3.228635411006499e-05,1.6,-16.713865004091804,32.04119982655924,-14.909809942915421,32.04119982655924,33.99231617059701,99.99866803284118,99.99866803284118,0.00016198259207897972,0.00020966774274034993,3,14,26,25,1,1,1,1,1,1,1,1
0.1,414,20261233,3.0909508032623374e-05,1.6,5.093967245607474e-05,1.6,-15.099079072763026,32.04119982655924,-12.92943851892558,32.04119982655924,39.32134514748474,99.99806815574796,99.99806815574796,0.0007167925680130361,0.0006310350711732512,6,18,26,25,1,1,1,1,1,1,1,1
0.1,415,20261234,4.331219633355577e-05,1.6,5.5070572166697606e-05,1.6,-13.633897929185395,32.04119982655924,-12.590804113061038,32.04119982655924,21.35146843499183,99.99729298772915,99.99729298772915,0.0005301037039751586,0.00029942444407166655,5,14,26,25,1,1,1,1,1,1,1,1
0.1,416,20261235,1.746549608373496e-05,1.6,3.400980200819069e-05,1.6,-17.57819074305241,32.04119982655924,-14.68395896353092,32.04119982655924,48.64569902662566,99.99890840649475,99.99890840649475,0.00012691782232394824,0.00016427104636277477,4,25,26,25,1,1,1,1,1,1,1,1
0.1,417,20261236,5.447566780521752e-05,1.6,5.3341287333991123e-05,1.6,-12.637974371286408,32.04119982655924,-12.729365072943947,32.04119982655924,-2.126646220822506,99.99659527076219,99.99659527076219,0.000261211785406682,0.000538069615789615,4,14,26,25,1,1,1,1,0,1,1,1
0.1,418,20261237,2.8307773352337022e-05,1.6,4.678845045636479e-05,1.6,-15.48094290254268,32.04119982655924,-13.29861337568958,32.04119982655924,39.49837390161695,99.99823076416548,99.99823076416548,0.0010603826338487364,0.0017018719162868743,4,12,26,25,1,1,1,1,1,1,1,1
0.1,419,20261238,7.085705533452447e-05,1.6,0.00011218309294792959,1.6,-11.496168999641718,32.04119982655924,-9.500725904300731,32.04119982655924,36.83802659335381,99.99557143404161,99.99557143404161,0.00030684109506981,0.0004605248343643241,6,19,26,25,1,1,1,1,1,1,1,1
0.1,420,20261239,3.277404962132896e-05,1.6,4.750791674368577e-05,1.6,-14.844698930840064,32.04119982655924,-13.23234013288609,32.04119982655924,31.01349865928414,99.99795162189866,99.99795162189866,0.007409258502056826,0.007737261266066762,4,12,26,25,1,1,1,1,1,1,1,1
0.1,421,20261240,2.2679530132540836e-05,1.6,3.789567436884099e-05,1.6,-16.443659472640764,32.04119982655924,-14.21410360083538,32.04119982655924,40.152720566997864,99.99858252936671,99.99858252936671,0.00027075765434793716,0.003997583489470846,4,11,26,25,1,1,1,1,1,1,1,1
0.1,422,20261241,4.643073035000614e-05,1.6,7.74442038851759e-05,1.6,-13.331944848782399,32.04119982655924,-11.11011080356418,32.04119982655924,40.04621647496366,99.99709807935312,99.99709807935312,0.00010794608041112428,0.00017952802940713404,4,12,26,25,1,1,1,1,1,1,1,1
0.1,423,20261242,4.116696120316372e-05,1.6,6.154650745475975e-05,1.6,-13.854511898741531,32.04119982655924,-12.107965866995393,32.04119982655924,33.11243333600397,99.99742706492479,99.99742706492479,0.0005914846971711463,0.0006847364742852394,4,20,26,25,1,1,1,1,1,1,1,1
0.1,424,20261243,2.4674937663660276e-05,1.6,5.47181667589052e-05,1.6,-16.077439358158763,32.04119982655924,-12.618684613579044,32.04119982655924,54.90540139551639,99.99845781639603,99.99845781639603,0.0002942893100010567,0.002916754172344465,4,25,26,25,1,1,1,1,1,1,1,1
0.1,425,20261244,2.8047484625171367e-05,1.6,4.750150003492952e-05,1.6,-15.521060813736607,32.04119982655924,-13.232926757097363,32.04119982655924,40.9545285842614,99.99824703221091,99.99824703221091,0.0006647852651870359,0.001694280077927852,4,11,26,25,1,1,1,1,1,1,1,1
0.1,426,20261245,4.388842016121552e-05,1.6,6.80741083579982e-05,1.6,-13.57650052046692,32.04119982655924,-11.670180383866349,32.04119982655924,35.52846857661565,99.99725697373992,99.99725697373992,0.000281700898384415,0.0014931227554294438,5,17,26,25,1,1,1,1,1,1,1,1
0.1,427,20261246,1.6509217808107265e-05,1.6,2.9696218826694437e-05,1.6,-17.822735027317584,32.04119982655924,-15.272988452027548,32.04119982655924,44.40633029930785,99.998968173887,99.998968173887,0.0003028258781070627,0.00035237560804225813,4,9,26,25,1,1,1,1,1,1,1,1
0.1,428,20261247,4.211340478736371e-05,1.6,5.9955832333332876e-05,1.6,-13.755796452910083,32.04119982655924,-12.221685635746407,32.04119982655924,29.759285880265463,99.99736791220077,99.99736791220077,0.0001797048164593084,0.0003266846494000517,5,25,26,25,1,1,1,1,1,1,1,1
0.1,429,20261248,2.1103515282931925e-05,1.6,4.5327815421676926e-05,1.6,-16.756451967960743,32.04119982655924,-13.436352113003059,32.04119982655924,53.44246113206753,99.99868103029482,99.99868103029482,0.0005686760017726451,0.0005690956563726188,4,12,26,25,1,1,1,1,1,1,1,1
0.1,430,20261249,3.221449639392129e-05,1.6,6.797737559408982e-05,1.6,-14.919486535478255,32.04119982655924,-11.676356062579057,32.04119982655924,52.609973373667394,99.99798659397537,99.99798659397537,0.00039300334730581925,0.0017953104573520176,4,25,26,25,1,1,1,1,1,1,1,1
0.1,431,20261250,4.833355562691683e-05,1.6,6.68713738116766e-05,1.6,-13.157512550918323,32.04119982655924,-11.747597545225227,32.04119982655924,27.721605117559033,99.99697915277332,99.99697915277332,0.0006861793186877009,0.0007439624701821951,4,25,26,25,1,1,1,1,1,1,1,1
0.1,432,20261251,2.314390383909741e-05,1.6,4.1238237777616655e-05,1.6,-16.35563383812032,32.04119982655924,-13.84699901579814,32.04119982655924,43.87756343056083,99.99855350601005,99.99855350601005,0.0005921071832032102,0.0016546180563261105,4,21,26,25,1,1,1,1,1,1,1,1
0.1,433,20261252,2.0669356532809245e-05,1.6,4.531902100258008e-05,1.6,-16.84673043382392,32.04119982655924,-13.437194804893466,32.04119982655924,54.39143195164673,99.99870816521671,99.99870816521671,0.0002802323519923249,0.0018198075860663514,6,20,26,25,1,1,1,1,1,1,1,1
0.1,434,20261253,1.7137816862751223e-05,1.6,2.8630852740784935e-05,1.6,-17.66044502415577,32.04119982655924,-15.431657167670068,32.04119982655924,40.14213611479957,99.99892888644607,99.99892888644607,8.520675887521448e-05,0.00019857305084999542,6,19,26,25,1,1,1,1,1,1,1,1
0.1,435,20261254,4.632996697010461e-05,1.6,7.022112650285493e-05,1.6,-13.341380094170997,32.04119982655924,-11.53532207766573,32.04119982655924,34.022751730960906,99.99710437706436,99.99710437706436,0.0002796357809824833,0.0003064022927622663,5,10,26,25,1,1,1,1,1,1,1,1
0.1,436,20261255,3.1870437397755065e-05,1.6,4.925917548180326e-05,1.6,-14.966119761206226,32.04119982655924,-13.07512861816849,32.04119982655924,35.300505771704884,99.99800809766263,99.99800809766263,0.00021952114438304423,0.002153916839857742,3,12,26,25,1,1,1,1,1,1,1,1
0.1,437,20261256,4.103063826542698e-05,1.6,5.6036572974801086e-05,1.6,-13.868917271715977,32.04119982655924,-12.51528432694675,32.04119982655924,26.77882303066977,99.9974355851084,99.9974355851084,0.0004271888449051742,0.001238883233874266,3,10,26,25,1,1,1,1,1,1,1,1
0.1,438,20261257,4.131208323790586e-05,1.6,4.767533627038508e-05,1.6,-13.83922904371875,32.04119982655924,-13.217062350442507,32.04119982655924,13.347054326771344,99.99741799479764,99.99741799479764,0.0007631199717787922,0.0018396403908181634,4,9,26,25,1,1,1,1,1,1,1,1
0.1,439,20261258,4.840022674005698e-05,1.6,5.7254588982471286e-05,1.6,-13.151526038158165,32.04119982655924,-12.421896986842498,32.04119982655924,15.464895303195881,99.99697498582876,99.99697498582876,0.0001464414834132134,0.0001490808064323508,8,14,26,25,1,1,1,1,1,1,1,1
0.1,440,20261259,2.067251526775968e-05,1.6,2.6308571331162786e-05,1.6,-16.84606678648446,32.04119982655924,-15.799027353365346,32.04119982655924,21.422889112671562,99.99870796779577,99.99870796779577,0.0004366147025126009,0.002764825513332037,3,8,26,25,1,1,1,1,1,1,1,1
0.1,441,20261260,3.1216816691786675e-05,1.6,3.477889663489205e-05,1.6,-15.056113858244702,32.04119982655924,-14.58684200164788,32.04119982655924,10.242072888338,99.99804894895676,99.99804894895676,0.000912937176916866,0.0020233214048534023,5,11,26,25,1,1,1,1,1,1,1,1
0.1,442,20261261,2.9958117346743976e-05,1.6,3.601956525737834e-05,1.6,-15.23485482414856,32.04119982655924,-14.434615332561034,32.04119982655924,16.82820952258085,99.99812761766582,99.99812761766582,0.0010435375904421329,0.0032272513677472007,7,9,26,25,1,1,1,1,1,1,1,1
0.1,443,20261262,2.0114368564712157e-05,1.6,3.180526897966617e-05,1.6,-16.964935963597082,32.04119982655924,-14.9750092720926,32.04119982655924,36.75774734817765,99.9987428519647,99.9987428519647,0.00011232043528385441,8.488669298241912e-05,4,7,26,25,1,1,1,1,1,1,1,1
0.1,444,20261263,1.7246571679389656e-05,1.6,3.272622428822864e-05,1.6,-17.63297222254321,32.04119982655924,-14.851040975143693,32.04119982655924,47.300453827198425,99.99892208927004,99.99892208927004,0.00013608800674898424,0.0008332701773108592,3,12,26,25,1,1,1,1,1,1,1,1
0.1,445,20261264,3.618571870434228e-05,1.6,4.2381663808658906e-05,1.6,-14.414627971921279,32.04119982655924,-13.72821997867418,32.04119982655924,14.619400343246419,99.99773839258098,99.99773839258098,0.00031623795658380373,0.0006501834876444168,8,9,26,25,1,1,1,1,1,1,1,1
0.1,446,20261265,2.6592495765578603e-05,1.6,3.6429773122937983e-05,1.6,-15.752409012410457,32.04119982655924,-14.3854353344551,32.04119982655924,27.003400005160465,99.99833796901464,99.99833796901464,0.00027170596894350303,0.00019421093037104287,4,17,26,25,1,1,1,1,1,1,1,1
0.1,447,20261266,2.920897705680756e-05,1.6,5.0752249676740205e-05,1.6,-15.344836524192264,32.04119982655924,-12.945447021725826,32.04119982655924,42.44791660891821,99.99817443893394,99.99817443893394,0.00011889919893986793,0.0001227708579706697,3,12,26,25,1,1,1,1,1,1,1,1
0.1,448,20261267,3.672394547376518e-05,1.6,4.2496583238124925e-05,1.6,-14.35050666102719,32.04119982655924,-13.716459861962619,32.04119982655924,13.583769151541919,99.9977047534079,99.9977047534079,0.0011625096857286925,0.001169569256593963,5,11,26,25,1,1,1,1,1,1,1,1
0.1,449,20261268,3.824161050806473e-05,1.6,6.32889739223681e-05,1.6,-14.174638261229939,32.04119982655924,-11.986719453029513,32.04119982655924,39.57618817620129,99.99760989934325,99.99760989934325,0.0003619325730012106,0.0004219330258137528,9,14,26,25,1,1,1,1,1,1,1,1
0.1,450,20261269,5.4839200002652455e-05,1.6,7.509578197824812e-05,1.6,-12.609088893487497,32.04119982655924,-11.243844560053788,32.04119982655924,26.974327241792473,99.99657254999984,99.99657254999984,0.0002749651154224201,0.005849407836384398,4,8,26,25,1,1,1,1,1,1,1,1
0.1,451,20261270,2.8997241227040734e-05,1.6,3.9361783745683104e-05,1.6,-15.376433185446743,32.04119982655924,-14.049252290071019,32.04119982655924,26.331485853404885,99.99818767242331,99.99818767242331,0.0001259141454158819,0.0002616579792587545,8,10,26,25,1,1,1,1,1,1,1,1
0.1,452,20261271,5.661529180956129e-05,1.6,8.449590986487222e-05,1.6,-12.470662498798948,32.04119982655924,-10.73164313134428,32.04119982655924,32.996411423817136,99.9964615442619,99.9964615442619,0.00028860174336715314,0.00026223655565745625,3,9,26,25,1,1,1,1,1,1,1,1
0.1,453,20261272,3.076386176112238e-05,1.6,4.388551626204645e-05,1.6,-15.11959148835613,32.04119982655924,-13.576787883079785,32.04119982655924,29.8997382703051,99.99807725863992,99.99807725863992,9.811751078410827e-05,0.00011600069284678507,6,22,26,25,1,1,1,1,1,1,1,1
0.1,454,20261273,3.0269096345264507e-05,1.6,3.80745331499152e-05,1.6,-15.190005442936172,32.04119982655924,-14.193654130518992,32.04119982655924,20.500413685750154,99.99810818147843,99.99810818147843,0.0005190122123096244,0.0017161986310864504,5,8,26,25,1,1,1,1,1,1,1,1
0.1,455,20261274,2.824781597164428e-05,1.6,4.1849492638698836e-05,1.6,-15.49015124769504,32.04119982655924,-13.783098027973422,32.04119982655924,32.50141354038038,99.99823451150178,99.99823451150178,0.00031180063280748473,0.0007516440240418135,5,25,26,25,1,1,1,1,1,1,1,1
0.1,456,20261275,2.5963292198584964e-05,1.6,2.9374206300117282e-05,1.6,-15.856402389508208,32.04119982655924,-15.320338593291009,32.04119982655924,11.611936222830636,99.9983772942376,99.9983772942376,0.0003473808688848611,0.000349289297905658,5,19,26,25,1,1,1,1,1,1,1,1
0.1,457,20261276,2.708495771806139e-05,1.6,4.4905907193561596e-05,1.6,-15.672718380471293,32.04119982655924,-13.47696525526258,32.04119982655924,39.685089533288156,99.99830719014263,99.99830719014263,0.00031628593625457476,0.0021246124108394897,3,9,26,25,1,1,1,1,1,1,1,1
0.1,458,20261277,2.87579171526309e-05,1.6,4.639102490357391e-05,1.6,-15.412425717618891,32.04119982655924,-13.335660326321403,32.04119982655924,38.00973957267449,99.99820263017796,99.99820263017796,0.0004185990201374407,0.001053355545844617,5,7,26,25,1,1,1,1,1,1,1,1
0.1,459,20261278,2.539865903332851e-05,1.6,3.4784537860685235e-05,1.6,-15.951892121123183,32.04119982655924,-14.586137622039173,32.04119982655924,26.98290506243865,99.99841258381042,99.99841258381042,0.0004154031069794622,0.0004355909916986825,6,8,26,25,1,1,1,1,1,1,1,1
0.1,460,20261279,2.8196358237149745e-05,1.6,5.628776811550341e-05,1.6,-15.498069803204697,32.04119982655924,-12.495859713493513,32.04119982655924,49.90677516420554,99.99823772761019,99.99823772761019,0.0009029753779640803,0.001113984048082157,4,11,26,25,1,1,1,1,1,1,1,1
0.1,461,20261280,3.252517084273074e-05,1.6,6.978806254676927e-05,1.6,-14.877804135715916,32.04119982655924,-11.562188583717052,32.04119982655924,53.39436336847204,99.99796717682233,99.99796717682233,0.00022595099905295862,0.00019503224583625265,5,9,26,22,1,1,1,1,1,1,1,1
0.1,462,20261281,2.2424421414053705e-05,1.6,3.7204033710931106e-05,1.6,-16.492787536317152,32.04119982655924,-14.294099707786321,32.04119982655924,39.72583298819807,99.99859847366163,99.99859847366163,0.0007705617211077204,0.0009988826398728214,3,16,26,25,1,1,1,1,1,1,1,1
0.1,463,20261282,3.656438022992564e-05,1.6,6.681417643785467e-05,1.6,-14.369417835142995,32.04119982655924,-11.751313804057926,32.04119982655924,45.27451780546158,99.99771472623561,99.99771472623561,0.00017010825858325141,0.0008104383893387712,8,14,26,25,1,1,1,1,1,1,1,1
0.1,464,20261283,3.8560482556966306e-05,1.6,4.215345523407841e-05,1.6,-14.13857539849177,32.04119982655924,-13.751668213336131,32.04119982655924,8.52355437332551,99.99758996984018,99.99758996984018,0.001161414867066586,0.0032518843102850004,5,7,26,25,1,1,1,1,1,1,1,1
0.1,465,20261284,3.422402236585135e-05,1.6,4.5397528993217e-05,1.6,-14.656689489552654,32.04119982655924,-13.429677853326742,32.04119982655924,24.61258767858296,99.99786099860214,99.99786099860214,0.0007820721800408736,0.0032643958947801894,4,11,26,25,1,1,1,1,1,1,1,1
0.1,466,20261285,4.383380650043806e-05,1.6,5.714577657854135e-05,1.6,-13.581908138462778,32.04119982655924,-12.430158610939344,32.04119982655924,23.294757504620264,99.99726038709372,99.99726038709372,0.00037925682562187985,0.0043066963984111925,6,11,26,25,1,1,1,1,1,1,1,1
0.1,467,20261286,3.796563986019527e-05,1.6,6.122911830998535e-05,1.6,-14.20609276270451,32.04119982655924,-12.130419942938937,32.04119982655924,37.994142479749264,99.99762714750874,99.99762714750874,8.50333425242085e-05,0.0002530763839380569,7,17,26,25,1,1,1,1,1,1,1,1
0.1,468,20261287,4.498280767171449e-05,1.6,7.324143698913112e-05,1.6,-13.469534408906533,32.04119982655924,-11.352431434756387,32.04119982655924,38.582843918819,99.99718857452052,99.99718857452052,0.0003084505489827227,0.0005727407674231543,3,19,26,25,1,1,1,1,1,1,1,1
0.1,469,20261288,4.056579014248388e-05,1.6,5.1259160215483694e-05,1.6,-13.91840060394161,32.04119982655924,-12.902285131882357,32.04119982655924,20.86138365912928,99.99746463811609,99.99746463811609,0.0001763802519979354,0.00046888940109798247,5,9,26,25,1,1,1,1,1,1,1,1
0.1,470,20261289,6.256786496461123e-05,1.6,9.309661395665153e-05,1.6,-12.036486644232788,32.04119982655924,-10.310661145791741,32.04119982655924,32.79254496436934,99.99608950843971,99.99608950843971,0.00023290432348864113,0.0007229782975744229,5,17,26,25,1,1,1,1,1,1,1,1
0.1,471,20261290,2.306041428194779e-05,1.6,1.951458449683522e-05,1.6,-16.37132894840638,32.04119982655924,-17.096406912519477,32.04119982655924,-18.170152614254306,99.99855872410738,99.99855872410738,0.00029529303553490306,0.0010557642812300313,3,7,26,25,1,1,1,1,0,1,1,1
0.1,472,20261291,3.96623335973158e-05,1.6,4.2423586210721977e-05,1.6,-14.016217369632393,32.04119982655924,-13.723926218709316,32.04119982655924,6.508767551358746,99.99752110415017,99.99752110415017,0.000371941053100938,0.0024838100811428203,3,9,26,25,1,1,1,1,1,1,1,1
0.1,473,20261292,3.256225602222233e-05,1.6,4.808843520071043e-05,1.6,-14.87285513363295,32.04119982655924,-13.17959354653235,32.04119982655924,32.28672156555996,99.99796485899861,99.99796485899861,0.00013496717178250114,0.00031547827578858696,3,10,26,25,1,1,1,1,1,1,1,1
0.1,474,20261293,2.781559491765153e-05,1.6,5.069426988845339e-05,1.6,-15.55711646969235,32.04119982655924,-12.950411273819345,32.04119982655924,45.130692327049225,99.99826152531764,99.99826152531764,0.000656935608406718,0.0012007887666848128,6,10,26,25,1,1,1,1,1,1,1,1
0.1,475,20261294,2.8202495880297177e-05,1.6,3.750675397234955e-05,1.6,-15.497124555432183,32.04119982655924,-14.258905203040271,32.04119982655924,24.806887044694907,99.99823734400749,99.99823734400749,5.0989887832193325e-05,0.00010541055490552212,4,11,26,25,1,1,1,1,1,1,1,1
0.1,476,20261295,3.523734431955889e-05,1.6,5.393855274922261e-05,1.6,-14.529968298519728,32.04119982655924,-12.68100710487108,32.04119982655924,34.67132037563476,99.99779766598003,99.99779766598003,0.0003764123098727517,0.000376521415790326,6,13,26,25,1,1,1,1,1,1,1,1
0.1,477,20261296,2.2350324914299514e-05,1.6,3.1261110550772466e-05,1.6,-16.50716158999083,32.04119982655924,-15.049955977338092,32.04119982655924,28.50437965727601,99.99860310469285,99.99860310469285,0.00044903435344817785,0.0030737057757917827,3,8,26,25,1,1,1,1,1,1,1,1
0.1,478,20261297,2.4209025474553753e-05,1.6,3.4971447709660036e-05,1.6,-16.160226925715744,32.04119982655924,-14.56286388871688,32.04119982655924,30.77488334042694,99.99848693590785,99.99848693590785,0.00024833361498519,0.005400951528413961,4,16,26,25,1,1,1,1,1,1,1,1
0.1,479,20261298,2.706042263606381e-05,1.6,3.2970494389107796e-05,1.6,-15.676654247717659,32.04119982655924,-14.818745406077829,32.04119982655924,17.925335553950475,99.99830872358525,99.99830872358525,0.0012561398494769713,0.002441654235713843,3,13,26,25,1,1,1,1,1,1,1,1
0.1,480,20261299,5.7802783379605386e-05,1.6,6.593901619818631e-05,1.6,-12.380512484774062,32.04119982655924,-11.808575367634797,32.04119982655924,12.339026706323105,99.99638732603879,99.99638732603879,0.0006813889061158621,0.0002926861276760878,5,8,26,25,1,1,1,1,1,1,1,1
0.1,481,20261300,3.539410337179861e-05,1.6,4.297932443856651e-05,1.6,-14.510690850475886,32.04119982655924,-13.667404151570128,32.04119982655924,17.648534884744436,99.99778786853926,99.99778786853926,0.00014985687642968403,0.002929697126025855,8,12,26,25,1,1,1,1,1,1,1,1
0.1,482,20261301,2.7316976878193664e-05,1.6,3.138605594326337e-05,1.6,-15.635673649379973,32.04119982655924,-15.032632554912677,32.04119982655924,12.964607825925587,99.99829268894511,99.99829268894511,0.00018382815450818232,0.0003155108082774908,10,9,26,25,1,1,1,1,1,1,1,1
0.1,483,20261302,2.9975894239387973e-05,1.6,4.5665662858496415e-05,1.6,-15.232278521844492,32.04119982655924,-13.404102339823936,32.04119982655924,34.35791278827184,99.99812650661003,99.99812650661003,0.0004192031472166835,0.0034614414705547436,4,8,26,25,1,1,1,1,1,1,1,1
0.1,484,20261303,3.334242079638239e-05,1.6,6.448324595927348e-05,1.6,-14.770028718042337,32.04119982655924,-11.905531091260498,32.04119982655924,48.292893292870374,99.99791609870023,99.99791609870023,6.226366868566084e-05,0.00013580569998121442,5,25,26,25,1,1,1,1,1,1,1,1
0.1,485,20261304,3.216243357084549e-05,1.6,5.038761536283422e-05,1.6,-14.926510977841632,32.04119982655924,-12.976761945171864,32.04119982655924,36.169962917974445,99.99798984790182,99.99798984790182,0.00022716140696288408,0.00041887931726923794,5,10,26,25,1,1,1,1,1,1,1,1
0.1,486,20261305,4.605203931455712e-05,1.6,7.977557396249093e-05,1.6,-13.367511332532583,32.04119982655924,-10.98130062498339,32.04119982655924,42.27300785549975,99.99712174754283,99.99712174754283,0.000680494705175238,0.002562339967668285,3,8,26,25,1,1,1,1,1,1,1,1
0.1,487,20261306,3.5086381648187265e-05,1.6,4.8227356388659426e-05,1.6,-14.548614169442256,32.04119982655924,-13.16706543537043,32.04119982655924,27.247968216566473,99.99780710114699,99.99780710114699,0.00025221185351443015,0.0002498154945842471,4,9,26,25,1,1,1,1,1,1,1,1
0.1,488,20261307,4.735523414129007e-05,1.6,5.235759659765367e-05,1.6,-13.24632011738853,32.04119982655924,-12.810202973453684,32.04119982655924,9.554224757115326,99.99704029786616,99.99704029786616,0.0001333405532501851,9.544997119714744e-05,5,11,26,25,1,1,1,1,1,1,1,1
0.1,489,20261308,3.454672909429671e-05,1.6,6.890678391076958e-05,1.6,-14.615930656137849,32.04119982655924,-11.617380194569613,32.04119982655924,49.86454579126377,99.99784082943161,99.99784082943161,0.0013602691812146584,0.0013716422302883142,3,10,26,25,1,1,1,1,1,1,1,1
0.1,490,20261309,3.7135048238529486e-05,1.6,4.873848316246382e-05,1.6,-14.302160075982943,32.04119982655924,-13.12127991040147,32.04119982655924,23.80754215361133,99.99767905948511,99.99767905948511,0.00027644916223256983,0.000298772908078862,6,9,26,25,1,1,1,1,1,1,1,1
0.1,491,20261310,2.5071195522200492e-05,1.6,4.2839535899542286e-05,1.6,-16.00824956176797,32.04119982655924,-13.681552427271944,32.04119982655924,41.47650063018455,99.99843305027984,99.99843305027984,8.68805506815829e-05,0.00023014906379223085,4,16,26,25,1,1,1,1,1,1,1,1
0.1,492,20261311,3.5868648613380524e-05,1.6,6.0372222112761815e-05,1.6,-14.452849854876138,32.04119982655924,-12.191628388301423,32.04119982655924,40.58749643770622,99.99775820946165,99.99775820946165,0.00018099348454279736,0.00100903659195449,5,7,26,25,1,1,1,1,1,1,1,1
0.1,493,20261312,2.0214508217760014e-05,1.6,3.626906643473754e-05,1.6,-16.943368197970933,32.04119982655924,-14.404636230095845,32.04119982655924,44.26515429027118,99.9987365932364,99.9987365932364,0.0002673315315578511,0.0021414573666254824,4,11,26,25,1,1,1,1,1,1,1,1
0.1,494,20261313,2.770284118469044e-05,1.6,3.187607740993601e-05,1.6,-15.574756877024674,32.04119982655924,-14.965351271765876,32.04119982655924,13.092063278603854,99.99826857242597,99.99826857242597,0.00025390047972567747,0.00046147132859686855,6,14,26,25,1,1,1,1,1,1,1,1
0.1,495,20261314,3.565155741909469e-05,1.6,5.757972214631184e-05,1.6,-14.479214934770523,32.04119982655924,-12.397304351615613,32.04119982655924,38.08313744810545,99.9977717776613,99.9977717776613,0.0012615179197840414,0.002507458545505354,3,9,26,25,1,1,1,1,1,1,1,1
0.1,496,20261315,3.1373911084954916e-05,1.6,5.0576299360398244e-05,1.6,-15.034313385946358,32.04119982655924,-12.96052950914012,32.04119982655924,37.96716746436967,99.99803913055719,99.99803913055719,0.00020619207202760044,0.0010016513996849356,3,10,26,25,1,1,1,1,1,1,1,1
0.1,497,20261316,3.7784001946323476e-05,1.6,4.967351183292518e-05,1.6,-14.22692045060048,32.04119982655924,-13.038751350370688,32.04119982655924,23.93531169407064,99.99763849987836,99.99763849987836,0.00052459534834947,0.008198449485193448,5,15,26,25,1,1,1,1,1,1,1,1
0.1,498,20261317,3.653833343454722e-05,1.6,4.543455884121647e-05,1.6,-14.372512653219031,32.04119982655924,-13.426136844873405,32.04119982655924,19.580305462543507,99.99771635416033,99.99771635416033,0.0002749523848439065,0.0004242490499323497,5,7,26,25,1,1,1,1,1,1,1,1
0.1,499,20261318,4.7098787045223145e-05,1.6,7.031077183361499e-05,1.6,-13.269902772946605,32.04119982655924,-11.529781345886098,32.04119982655924,33.01341200367024,99.9970563258097,99.9970563258097,0.00041023502689100646,0.0013329730054374574,6,21,26,25,1,1,1,1,1,1,1,1
0.1,500,20261319,2.4053618667170128e-05,1.6,3.5732950749881644e-05,1.6,-16.18819578376915,32.04119982655924,-14.46931119216589,32.04119982655924,32.685047939261494,99.99849664883331,99.99849664883331,0.00044980555299449276,0.0016363471519606455,5,15,26,25,1,1,1,1,1,1,1,1
0.12,1,20260820,3.7881901732310852e-06,1.6,5.226889212902288e-06,1.6,-24.21568226840959,32.04119982655924,-22.817567049405323,32.04119982655924,27.524957600399357,99.99976323811417,99.99976323811417,0.0003254203305218794,0.0008866586095728323,3,10,26,25,1,1,1,1,1,1,1,1
0.12,2,20260821,2.716313749424723e-06,1.6,3.9641006302773515e-06,1.6,-25.66020068053473,32.04119982655924,-24.01855329307991,32.04119982655924,31.47717470445058,99.99983023039066,99.99983023039066,0.0007486451873901609,0.00046016577763664806,3,9,26,25,1,1,1,1,1,1,1,1
0.12,3,20260822,1.7725149904088752e-06,1.6,1.6451097285136237e-06,1.6,-27.51410083239775,32.04119982655924,-27.838051293865504,32.04119982655924,-7.744484133004532,99.9998892178131,99.9998892178131,0.00014245918719536863,0.0012565419856484118,3,7,26,25,1,1,1,1,0,1,1,1
0.12,4,20260823,5.6083627532356025e-06,1.6,8.925977155170928e-06,1.6,-22.511639036302988,32.04119982655924,-20.49344229011947,32.04119982655924,37.16808080797507,99.99964947732792,99.99964947732792,0.0004190831708551208,0.0006275606382036954,5,10,26,25,1,1,1,1,1,1,1,1
0.12,5,20260824,1.5971331021677453e-06,1.6,2.334406385009299e-06,1.6,-27.966588890410975,32.04119982655924,-26.318235375777167,32.04119982655924,31.5829020849177,99.99990017918111,99.99990017918111,0.00023769571953589976,0.0010214485489309674,5,7,26,25,1,1,1,1,1,1,1,1
0.12,6,20260825,2.6397745072543535e-06,1.6,3.097170616566303e-06,1.6,-25.7843316950808,32.04119982655924,-25.09034869621488,32.04119982655924,14.768192196626362,99.99983501409329,99.99983501409329,0.00017258989907278428,0.0018838346743160427,3,8,26,25,1,1,1,1,1,1,1,1
0.12,7,20260826,2.131717676266175e-06,1.6,2.5428928062018964e-06,1.6,-26.712703136035646,32.04119982655924,-25.946719468066803,32.04119982655924,16.16958170367625,99.99986676764524,99.99986676764524,0.00031149223637355345,0.0030073951936268077,4,7,26,25,1,1,1,1,1,1,1,1
0.12,8,20260827,6.169640708970245e-06,1.6,6.599613689451799e-06,1.6,-22.09740126510518,32.04119982655924,-21.80481485283828,32.04119982655924,6.515123471071989,99.99961439745569,99.99961439745569,0.00012347436670147855,0.0006611223941103714,3,8,26,25,1,1,1,1,1,1,1,1
0.12,9,20260828,3.261282076010362e-06,1.6,5.345686966774683e-06,1.6,-24.866116364112184,32.04119982655924,-22.719964762908127,32.04119982655924,38.992273653875124,99.99979616987027,99.99979616987027,0.0007851253958433333,0.0010810469688113042,3,6,26,25,1,1,1,1,1,1,1,1
0.12,10,20260829,5.648037701725684e-06,1.6,8.258073841406418e-06,1.6,-22.481024129483252,32.04119982655924,-20.83121238103122,32.04119982655924,31.60587068856027,99.99964699764364,99.99964699764364,0.00010289134390140277,0.0002659609879683469,3,9,26,25,1,1,1,1,1,1,1,1
0.12,11,20260830,2.957013983986077e-06,1.6,5.559213827666711e-06,1.6,-25.29146621651215,32.04119982655924,-22.549866210883046,32.04119982655924,46.808774124322866,99.99981518662601,99.99981518662601,0.00011508223497672305,0.00013455698421647587,4,11,26,25,1,1,1,1,1,1,1,1
0.12,12,20260831,2.0922208043596563e-06,1.6,3.363619307431596e-06,1.6,-26.793924837365672,32.04119982655924,-24.731931633014554,32.04119982655924,37.7985255424984,99.99986923619973,99.99986923619973,0.00021641694818535592,0.0007756085285932644,3,7,26,25,1,1,1,1,1,1,1,1
0.12,13,20260832,4.5371294947611775e-06,1.6,6.857808513918291e-06,1.6,-23.432188253058044,32.04119982655924,-21.638146455712743,32.04119982655924,33.83995068464176,99.99971642940658,99.99971642940658,0.0002083245739180107,0.0002261968268147448,4,9,26,25,1,1,1,1,1,1,1,1
0.12,14,20260833,2.815177368326636e-06,1.6,3.2826796797452204e-06,1.6,-25.504942375235203,32.04119982655924,-24.837714931787115,32.04119982655924,14.241484306347818,99.99982405141448,99.99982405141448,0.00031385221784642974,0.007813843003242019,3,7,26,25,1,1,1,1,1,1,1,1
0.12,15,20260834,1.586757610091745e-06,1.6,2.5780040410138328e-06,1.6,-27.99489410132061,32.04119982655924,-25.88716406226746,32.04119982655924,38.45015039356833,99.99990082764936,99.99990082764936,0.00014669447864150987,0.00018142494568803373,5,8,26,25,1,1,1,1,1,1,1,1
0.12,16,20260835,2.6241340067206547e-06,1.6,4.325272612598534e-06,1.6,-25.810139906022904,32.04119982655924,-23.639865146925544,32.04119982655924,39.3302054747451,99.99983599162458,99.99983599162458,0.002380327046970206,0.002878581843233036,3,9,26,25,1,1,1,1,1,1,1,1
0.12,17,20260836,2.784288946959185e-06,1.6,4.2090024032101025e-06,1.6,-25.55285696662667,32.04119982655924,-23.758208262831992,32.04119982655924,33.84919559951602,99.99982598194082,99.99982598194082,0.00021428694552004044,0.0008876072045811313,4,8,26,25,1,1,1,1,1,1,1,1
0.12,18,20260837,2.071708029566163e-06,1.6,3.0527919955466057e-06,1.6,-26.836714507043425,32.04119982655924,-25.153027856993013,32.04119982655924,32.13726868426156,99.99987051824814,99.99987051824814,0.00013981144737435224,0.00044060971045655286,4,8,26,25,1,1,1,1,1,1,1,1
0.12,19,20260838,4.285308343953855e-06,1.6,6.8966125050909715e-06,1.6,-23.680179235051156,32.04119982655924,-21.613641747111274,32.04119982655924,37.86357663576854,99.99973216822849,99.99973216822849,0.0001941503932591077,0.00019561745351166107,4,7,26,25,1,1,1,1,1,1,1,1
0.12,20,20260839,4.105709922732084e-06,1.6,4.782971197842873e-06,1.6,-23.866117377240776,32.04119982655924,-23.203022343602267,32.04119982655924,14.159844312176391,99.99974339312982,99.99974339312982,0.0007573045782791898,0.001344842201510128,3,7,26,25,1,1,1,1,1,1,1,1
0.12,21,20260840,2.816348464741603e-06,1.6,4.528714037028146e-06,1.6,-25.503136112658403,32.04119982655924,-23.440251017197017,32.04119982655924,37.81129826890637,99.99982397822096,99.99982397822096,0.00020005081083177494,0.00019646482198081952,5,7,26,25,1,1,1,1,1,1,1,1
0.12,22,20260841,6.231269648912874e-06,1.6,6.735848913072559e-06,1.6,-22.05423454891754,32.04119982655924,-21.71607662742784,32.04119982655924,7.490952820815597,99.99961054564695,99.99961054564695,0.00043211464697300337,0.000878320008837427,3,7,26,25,1,1,1,1,1,1,1,1
0.12,23,20260842,3.94477760899911e-06,1.6,5.529117615999836e-06,1.6,-24.03977475574193,32.04119982655924,-22.57344171602877,32.04119982655924,28.654481908940696,99.99975345139944,99.99975345139944,0.0003440084123977412,0.00017078908587619225,4,7,26,25,1,1,1,1,1,1,1,1
0.12,24,20260843,3.901682421607576e-06,1.6,5.729445020931042e-06,1.6,-24.087480830082278,32.04119982655924,-22.41887443655678,32.04119982655924,31.901215434413093,99.99975614484865,99.99975614484865,0.00016644416407231766,0.0026179958360562404,3,8,26,25,1,1,1,1,1,1,1,1
0.12,25,20260844,4.536539347337429e-06,1.6,5.349310966533363e-06,1.6,-23.432753179494007,32.04119982655924,-22.71702154932797,32.04119982655924,15.19394973073799,99.99971646629079,99.99971646629079,0.0004222314460704304,0.0055366830227234565,3,7,26,25,1,1,1,1,1,1,1,1
0.12,26,20260845,3.93729436506672e-06,1.6,8.60710906412563e-06,1.6,-24.04802114713171,32.04119982655924,-20.651426938801812,32.04119982655924,54.2553215518398,99.99975391910219,99.99975391910219,0.0006319993104081018,0.0009749758097544909,4,11,26,25,1,1,1,1,1,1,1,1
0.12,27,20260846,1.9435180522305297e-06,1.6,2.4496077704477e-06,1.6,-27.11411421100276,32.04119982655924,-26.109034490097898,32.04119982655924,20.66003073319266,99.99987853012173,99.99987853012173,0.0003842022119592269,0.0007211448292442216,5,8,26,25,1,1,1,1,1,1,1,1
0.12,28,20260847,3.6108477982384162e-06,1.6,5.472543078631336e-06,1.6,-24.42390817244256,32.04119982655924,-22.618108110778486,32.04119982655924,34.01883281033072,99.9997743220126,99.9997743220126,0.0009582234867516608,0.000451191756734751,3,11,26,25,1,1,1,1,1,1,1,1
0.12,29,20260848,2.6483224394947933e-06,1.6,6.106548054120844e-06,1.6,-25.770291396370677,32.04119982655924,-22.14204220967703,32.04119982655924,56.631432095132,99.99983447984754,99.99983447984754,0.00013828201423868232,0.00012508882727734426,3,8,26,25,1,1,1,1,1,1,1,1
0.12,30,20260849,5.029483224887903e-06,1.6,7.655944968725391e-06,1.6,-22.98476636039361,32.04119982655924,-21.160011969481396,32.04119982655924,34.306173236179326,99.99968565729846,99.99968565729846,0.00025831931481571773,0.0011981473126922832,6,11,26,25,1,1,1,1,1,1,1,1
0.12,31,20260850,3.7293001379612646e-06,1.6,5.444903900305071e-06,1.6,-24.28372662759646,32.04119982655924,-22.64009780910139,32.04119982655924,31.508430520650386,99.99976691874139,99.99976691874139,0.0002444796229319053,0.000997499496881574,3,8,26,25,1,1,1,1,1,1,1,1
0.12,32,20260851,3.247295130778036e-06,1.6,4.913560278942787e-06,1.6,-24.88478238678087,32.04119982655924,-23.08603711708905,32.04119982655924,33.91156419318963,99.99979704405433,99.99979704405433,0.0003322246513862923,0.0014051110683236713,4,6,26,25,1,1,1,1,1,1,1,1
0.12,33,20260852,3.6263257834663246e-06,1.6,5.086050214923255e-06,1.6,-24.405331821472696,32.04119982655924,-22.936193563198806,32.04119982655924,28.70055091422169,99.99977335463853,99.99977335463853,0.00010904243160708089,0.0003437793718191112,4,7,26,25,1,1,1,1,1,1,1,1
0.12,34,20260853,2.9864923553450207e-06,1.6,4.0525705424139976e-06,1.6,-25.248385925980486,32.04119982655924,-23.92269416722631,32.04119982655924,26.3062215922328,99.99981334422779,99.99981334422779,0.0005090603049612708,0.0007790933365773966,4,6,26,25,1,1,1,1,1,1,1,1
0.12,35,20260854,2.9555250659708333e-06,1.6,5.349983150494346e-06,1.6,-25.293653530240586,32.04119982655924,-22.71647585765473,32.04119982655924,44.75636683644997,99.99981527968338,99.99981527968338,0.0002987213048847311,0.0009730311056366521,3,8,26,25,1,1,1,1,1,1,1,1
0.12,36,20260855,4.715085829824375e-06,1.6,4.8452907265322844e-06,1.6,-23.26510397289359,32.04119982655924,-23.14680159347851,32.04119982655924,2.6872463192955927,99.99970530713564,99.99970530713564,0.00031650979268040566,0.000280252975178046,4,6,26,25,1,1,1,1,1,1,1,1
0.12,37,20260856,2.587479599453371e-06,1.6,3.9344785413147695e-06,1.6,-25.87123065643144,32.04119982655924,-24.051128189939448,32.04119982655924,34.23576790969807,99.99983828252503,99.99983828252503,0.00015511984884691849,0.0005511343452155598,3,10,26,25,1,1,1,1,1,1,1,1
0.12,38,20260857,1.626426741568363e-06,1.6,2.1480687652537955e-06,1.6,-27.88765493678859,32.04119982655924,-26.679518198569106,32.04119982655924,24.284232987476088,99.99989834832864,99.99989834832864,0.0009955129454454247,0.0020572983126932935,3,7,26,25,1,1,1,1,1,1,1,1
0.12,39,20260858,4.759204304129745e-06,1.6,5.450254187378e-06,1.6,-23.224656513156194,32.04119982655924,-22.63583242750628,32.04119982655924,12.679223014013312,99.999702549731,99.999702549731,0.00014955043190980198,0.00035695374454203146,3,8,26,25,1,1,1,1,1,1,1,1
0.12,40,20260859,2.755577482923346e-06,1.6,4.954237363915809e-06,1.6,-25.597873727230883,32.04119982655924,-23.050231896417216,32.04119982655924,44.37938111335568,99.99982777640733,99.99982777640733,0.00044359920747353887,0.0002215201296836009,4,12,26,25,1,1,1,1,1,1,1,1
0.12,41,20260860,2.6951892033420878e-06,1.6,3.262563266896799e-06,1.6,-25.69410741763633,32.04119982655924,-24.864410578305957,32.04119982655924,17.390438656362715,99.99983155067478,99.99983155067478,0.00027111303176350753,0.0016745850517199635,4,7,26,25,1,1,1,1,1,1,1,1
0.12,42,20260861,3.863328831299835e-06,1.6,6.613923516132336e-06,1.6,-24.130383248499694,32.04119982655924,-21.79540831604617,32.04119982655924,41.5879421363642,99.99975854194804,99.99975854194804,0.00023536998223423037,0.0013509464346899832,3,8,26,25,1,1,1,1,1,1,1,1
0.12,43,20260862,3.3564269371351953e-06,1.6,5.073235119122103e-06,1.6,-24.74122802119571,32.04119982655924,-22.947150098349482,32.04119982655924,33.84050101513908,99.99979022331644,99.99979022331644,0.00027236983414526014,0.00016350663776840919,5,16,26,25,1,1,1,1,1,1,1,1
0.12,44,20260863,3.012261865172964e-06,1.6,5.246201544256524e-06,1.6,-25.211072762773874,32.04119982655924,-22.80155029056926,32.04119982655924,42.58204074392165,99.99981173363342,99.99981173363342,0.0009453706402381399,0.002123238335892998,4,9,26,25,1,1,1,1,1,1,1,1
0.12,45,20260864,4.579037005211932e-06,1.6,7.300053982288577e-06,1.6,-23.392258467334067,32.04119982655924,-21.366739283557948,32.04119982655924,37.273929530910166,99.99971381018719,99.99971381018719,0.0004501514354577371,0.0008758907549400179,3,9,26,25,1,1,1,1,1,1,1,1
0.12,46,20260865,4.125570086569867e-06,1.6,5.610478129807973e-06,1.6,-23.845160305456744,32.04119982655924,-22.510001262146112,32.04119982655924,26.466693370551106,99.9997421518696,99.9997421518696,0.00012293243964373195,9.443142390742411e-05,5,9,26,25,1,1,1,1,1,1,1,1
0.12,47,20260866,2.2399598716821253e-06,1.6,3.234190827637827e-06,1.6,-26.497597618725894,32.04119982655924,-24.902343589054684,32.04119982655924,30.741258291238907,99.99986000250803,99.99986000250803,0.00013880178500277264,0.000648663811651307,4,8,26,25,1,1,1,1,1,1,1,1
0.12,48,20260867,5.111800159979699e-06,1.6,7.33979134200182e-06,1.6,-22.914261327672083,32.04119982655924,-21.343162861745665,32.04119982655924,30.354966213718953,99.99968051249,99.99968051249,0.00038802481948319094,0.0004893231434850586,3,9,26,25,1,1,1,1,1,1,1,1
0.12,49,20260868,1.937411876630199e-06,1.6,3.7982109943343605e-06,1.6,-27.127780422996437,32.04119982655924,-24.20420913445787,32.04119982655924,48.99146257224365,99.9998789117577,99.9998789117577,0.00019588570592571418,0.00046410476898967593,6,15,26,25,1,1,1,1,1,1,1,1
0.12,50,20260869,1.9925112723736235e-06,1.6,3.1638897901745455e-06,1.6,-27.005992129602994,32.04119982655924,-24.997786529722962,32.04119982655924,37.02336666209537,99.99987546804547,99.99987546804547,0.00031912345358219235,0.000573464855206528,3,9,26,25,1,1,1,1,1,1,1,1
0.12,51,20260870,2.7438793907627897e-06,1.6,3.3640859748616246e-06,1.6,-25.61634982279196,32.04119982655924,-24.73132913608115,32.04119982655924,18.436109800206456,99.99982850753807,99.99982850753807,0.00037605741621608347,0.0006143131140203095,5,7,26,25,1,1,1,1,1,1,1,1
0.12,52,20260871,2.6685211680660953e-06,1.6,4.424849814349273e-06,1.6,-25.737293478021833,32.04119982655924,-23.541014652839568,32.04119982655924,39.69239002389659,99.999833217427,99.999833217427,0.0009122550444942869,0.008062204604527785,4,10,26,25,1,1,1,1,1,1,1,1
0.12,53,20260872,2.583246201209989e-06,1.6,5.537951023656007e-06,1.6,-25.878342005895615,32.04119982655924,-22.56650889372314,32.04119982655924,53.35375502283516,99.99983854711242,99.99983854711242,0.0004830066665204221,0.0021228021250459493,4,7,26,25,1,1,1,1,1,1,1,1
0.12,54,20260873,2.537963915293191e-06,1.6,3.533147633254427e-06,1.6,-25.955145569853862,32.04119982655924,-24.51838215107422,32.04119982655924,28.16705728892964,99.9998413772553,99.9998413772553,0.00020723134367249408,0.0002072885392201418,4,7,26,25,1,1,1,1,1,1,1,1
0.12,55,20260874,7.379355825141231e-06,1.6,1.1592440510435768e-05,1.6,-21.31981547905545,32.04119982655924,-19.358251241193067,32.04119982655924,36.34337982154686,99.99953879026094,99.99953879026094,0.0002651950530356981,0.00026039998778102345,4,7,26,25,1,1,1,1,1,1,1,1
0.12,56,20260875,5.454135636053659e-06,1.6,1.0057154836220224e-05,1.6,-22.63274066017199,32.04119982655924,-19.975248635836685,32.04119982655924,45.76860230478977,99.99965911652275,99.99965911652275,0.000294849971509181,0.00033660016071387417,4,7,26,25,1,1,1,1,1,1,1,1
0.12,57,20260876,2.696411750267701e-06,1.6,4.258377319596501e-06,1.6,-25.692137889856625,32.04119982655924,-23.707558599107095,32.04119982655924,36.67983018181213,99.99983147426562,99.99983147426562,0.00023953668582905874,0.002043410936849053,4,9,26,25,1,1,1,1,1,1,1,1
0.12,58,20260877,4.39015589735872e-06,1.6,4.880299577142091e-06,1.6,-23.57520057397858,32.04119982655924,-23.11553518016471,32.04119982655924,10.043311317999045,99.99972561525642,99.99972561525642,0.0007485011979260843,0.007405941189718951,4,6,26,25,1,1,1,1,1,1,1,1
0.12,59,20260878,2.6480672463305606e-06,1.6,4.002928628427363e-06,1.6,-25.77070990403233,32.04119982655924,-23.976221532265182,32.04119982655924,33.84675341136644,99.9998344957971,99.9998344957971,0.0001588945649264941,0.00015898490399430428,6,8,26,25,1,1,1,1,1,1,1,1
0.12,60,20260879,2.389204915683222e-06,1.6,3.835361589488163e-06,1.6,-26.217466003823983,32.04119982655924,-24.16193685452505,32.04119982655924,37.705875705918345,99.99985067469277,99.99985067469277,0.0006738759478700862,0.0006779404701912045,3,7,26,25,1,1,1,1,1,1,1,1
0.12,61,20260880,2.4716832505600302e-06,1.6,3.361167549612886e-06,1.6,-26.070071854230108,32.04119982655924,-24.73509838003997,32.04119982655924,26.463551308392816,99.99984551979684,99.99984551979684,0.00033058609946727606,0.00022611348338145317,6,10,26,25,1,1,1,1,1,1,1,1
0.12,62,20260881,2.479905772562151e-06,1.6,3.110041442614447e-06,1.6,-26.055648204777132,32.04119982655924,-25.072338237773902,32.04119982655924,20.2613271134604,99.99984500588923,99.99984500588923,0.0002688434419916962,0.0005548180637132083,6,7,26,25,1,1,1,1,1,1,1,1
0.12,63,20260882,1.4132367821646201e-06,1.6,1.9780596102344316e-06,1.6,-28.497850677534355,32.04119982655924,-27.037606247682675,32.04119982655924,28.554388611315456,99.99991167270112,99.99991167270112,0.00032076050629898447,0.0014911205035197986,5,8,26,25,1,1,1,1,1,1,1,1
0.12,64,20260883,2.017470959143356e-06,1.6,2.7634456166746892e-06,1.6,-26.95192708092665,32.04119982655924,-25.58549077711657,32.04119982655924,26.99436721425261,99.99987390806506,99.99987390806506,0.00019646186583073238,0.000236796442406199,3,7,26,25,1,1,1,1,1,1,1,1
0.12,65,20260884,1.7683898498446818e-06,1.6,3.0661109459274163e-06,1.6,-27.524219865105067,32.04119982655924,-25.134121344352277,32.04119982655924,42.32466205459531,99.99988947563439,99.99988947563439,0.00015177885565853877,0.00011395262286691811,4,7,26,25,1,1,1,1,1,1,1,1
0.12,66,20260885,2.2573561543509513e-06,1.6,2.8804735419052654e-06,1.6,-26.46399914707488,32.04119982655924,-25.40536109556468,32.04119982655924,21.632463499114742,99.99985891524035,99.99985891524035,0.001985984332133226,0.006007729157832443,3,7,26,25,1,1,1,1,1,1,1,1
0.12,67,20260886,5.533993966006401e-06,1.6,9.697063728900428e-06,1.6,-22.56961318728054,32.04119982655924,-20.13359750206197,32.04119982655924,42.93124062376443,99.99965412537713,99.99965412537713,0.00040031466106948347,0.0005063059161257201,3,16,26,25,1,1,1,1,1,1,1,1
0.12,68,20260887,3.2215693008733103e-06,1.6,5.6089211308564214e-06,1.6,-24.919325218799035,32.04119982655924,-22.511206667251358,32.04119982655924,42.56347654541879,99.9997986519187,99.9997986519187,8.264474867356369e-05,0.00021703047009823486,4,7,26,25,1,1,1,1,1,1,1,1
0.12,69,20260888,2.8581957888937608e-06,1.6,2.674106919740958e-06,1.6,-25.439080249768903,32.04119982655924,-25.728212321805472,32.04119982655924,-6.884125230513806,99.99982136276319,99.99982136276319,0.00015342356107100758,0.0004321400822942314,5,7,26,25,1,1,1,1,0,1,1,1
0.12,70,20260889,3.2864961404256406e-06,1.6,5.513164723503724e-06,1.6,-24.832668734072953,32.04119982655924,-22.585990313843304,32.04119982655924,40.38821066937017,99.99979459399123,99.99979459399123,0.0004741109340125448,0.0010483092969617407,7,9,26,25,1,1,1,1,1,1,1,1
0.12,71,20260890,3.975437209216884e-06,1.6,5.5166978006194315e-06,1.6,-24.0061510169712,32.04119982655924,-22.583208056232,32.04119982655924,27.93810078249147,99.99975153517443,99.99975153517443,0.00045212733316802006,0.000862356805287785,5,11,26,25,1,1,1,1,1,1,1,1
0.12,72,20260891,2.9337584195331223e-06,1.6,3.445214877804224e-06,1.6,-25.325756510187354,32.04119982655924,-24.627836859960045,32.04119982655924,14.845415348870018,99.99981664009877,99.99981664009877,0.00027804099063664743,0.0025242130017917694,4,7,26,25,1,1,1,1,1,1,1,1
0.12,73,20260892,2.2491300331000267e-06,1.6,4.051616515183159e-06,1.6,-26.479854351711726,32.04119982655924,-23.92371667265692,32.04119982655924,44.488082110644875,99.99985942937293,99.99985942937293,0.0005961093541745977,0.0032029061593185117,3,7,26,25,1,1,1,1,1,1,1,1
0.12,74,20260893,2.2502189847344296e-06,1.6,3.1637771970703726e-06,1.6,-26.477752155624067,32.04119982655924,-24.997941084518423,32.04119982655924,28.87555461180671,99.99985936131345,99.99985936131345,0.0033936642736210804,0.007616436057968728,5,7,26,25,1,1,1,1,1,1,1,1
0.12,75,20260894,3.2868123034118493e-06,1.6,4.4612166382354575e-06,1.6,-24.83225096015721,32.04119982655924,-23.505466867548424,32.04119982655924,26.32475465903668,99.99979457423103,99.99979457423103,0.0003610698804040911,0.0007464277483989808,5,9,26,25,1,1,1,1,1,1,1,1
0.12,76,20260895,1.9537749654333907e-06,1.6,2.9733186532822235e-06,1.6,-27.091254595008756,32.04119982655924,-25.26758544563583,32.04119982655924,34.28975521084383,99.99987788906466,99.99987788906466,0.0004819028284726478,0.0008748990667671087,3,7,26,25,1,1,1,1,1,1,1,1
0.12,77,20260896,3.253758511295944e-06,1.6,6.411854669124473e-06,1.6,-24.876146828384428,32.04119982655924,-21.930163299099984,32.04119982655924,49.25401963703213,99.99979664009304,99.99979664009304,0.0003000598111128506,0.005323960375056123,4,8,26,25,1,1,1,1,1,1,1,1
0.12,78,20260897,4.745227430990836e-06,1.6,6.7256197254698525e-06,1.6,-23.237429677135474,32.04119982655924,-21.722676918532127,32.04119982655924,29.44549908136036,99.99970342328555,99.99970342328555,0.00013718885519810108,0.0006705033827256711,4,8,26,25,1,1,1,1,1,1,1,1
0.12,79,20260898,3.5536194387067954e-06,1.6,1.0469056923901181e-05,1.6,-24.493290831483684,32.04119982655924,-19.80092438778922,32.04119982655924,66.05597367042897,99.99977789878508,99.99977789878508,0.00018992785153149243,0.0003128007356234847,4,19,26,25,1,1,1,1,1,1,1,1
0.12,80,20260899,3.3504688423520157e-06,1.6,5.0040436528519985e-06,1.6,-24.748944164260244,32.04119982655924,-23.006789103874805,32.04119982655924,33.04477189277809,99.99979059569735,99.99979059569735,0.00012087311544151258,5.730682415964113e-05,3,7,26,25,1,1,1,1,1,1,1,1
0.12,81,20260900,2.6354266349960295e-06,1.6,3.533343522893838e-06,1.6,-25.79149069170091,32.04119982655924,-24.518141370218206,32.04119982655924,25.412668824298382,99.99983528583532,99.99983528583532,0.0001323272669286784,0.00043515468062668846,4,9,26,25,1,1,1,1,1,1,1,1
0.12,82,20260901,4.010817576286759e-06,1.6,3.933784473093449e-06,1.6,-23.96767090552312,32.04119982655924,-24.051894381915524,32.04119982655924,-1.958244121410453,99.99974932390148,99.99974932390148,0.00022398299302669805,0.0003130973592878988,4,6,26,25,1,1,1,1,0,1,1,1
0.12,83,20260902,2.4582022730892367e-06,1.6,4.136937785134579e-06,1.6,-26.093823840727595,32.04119982655924,-23.833210103531982,32.04119982655924,40.5791819755571,99.99984636235794,99.99984636235794,0.0002474569202397826,0.00076596532181859,4,7,26,25,1,1,1,1,1,1,1,1
0.12,84,20260903,5.09038397845417e-06,1.6,7.015269679194235e-06,1.6,-22.93249456674216,32.04119982655924,-21.53955629277851,32.04119982655924,27.438513254149832,99.99968185100134,99.99968185100134,0.0003977449984216544,0.0020375219058130513,5,10,26,25,1,1,1,1,1,1,1,1
0.12,85,20260904,3.9336227955355016e-06,1.6,4.916230623881112e-06,1.6,-24.05207287952948,32.04119982655924,-23.08367752244154,32.04119982655924,19.987016548257287,99.99975414857528,99.99975414857528,0.00016232363514641745,0.0010911583197384567,3,8,26,25,1,1,1,1,1,1,1,1
0.12,86,20260905,4.599747964459889e-06,1.6,4.9392191391582725e-06,1.6,-23.372659641103898,32.04119982655924,-23.063417049953777,32.04119982655924,6.872972531367279,99.99971251575221,99.99971251575221,0.0002614196684826461,0.0009209973082462968,4,10,26,25,1,1,1,1,1,1,1,1
0.12,87,20260906,2.6506998820304132e-06,1.6,3.1480533034262415e-06,1.6,-25.766394412433296,32.04119982655924,-25.019579226954708,32.04119982655924,15.798761121818506,99.99983433125738,99.99983433125738,0.00011669027291748685,0.0004993337082722965,3,8,26,25,1,1,1,1,1,1,1,1
0.12,88,20260907,4.426547170538802e-06,1.6,4.696008751455055e-06,1.6,-23.53934903454851,32.04119982655924,-23.282711024109748,32.04119982655924,5.7380979290713565,99.99972334080184,99.99972334080184,0.00016474052714255427,0.000174114787014224,4,7,26,25,1,1,1,1,1,1,1,1
0.12,89,20260908,2.986090643368872e-06,1.6,5.346118152041926e-06,1.6,-25.248970133164732,32.04119982655924,-22.719614473354092,32.04119982655924,44.144694179114836,99.99981336933477,99.99981336933477,8.349648403431781e-05,0.00043276987503792065,3,9,26,25,1,1,1,1,1,1,1,1
0.12,90,20260909,4.093242265021969e-06,1.6,8.6820092939039e-06,1.6,-23.879325501877382,32.04119982655924,-20.613797535941842,32.04119982655924,52.853744721327914,99.99974417235843,99.99974417235843,0.00043057695959768035,0.002329446849278835,3,16,26,25,1,1,1,1,1,1,1,1
0.12,91,20260910,2.6047552981542035e-06,1.6,4.3491690025086244e-06,1.6,-25.842330699280033,32.04119982655924,-23.615937159421932,32.04119982655924,40.10912667105448,99.99983720279386,99.99983720279386,0.0003548496474905682,0.00047813604682169853,3,8,26,25,1,1,1,1,1,1,1,1
0.12,92,20260911,2.480932074486961e-06,1.6,4.7820352946279034e-06,1.6,-26.05385126126552,32.04119982655924,-23.203872228238467,32.04119982655924,48.11974563897473,99.99984494174535,99.99984494174535,0.0006915692072223356,0.0003802788451014176,4,14,26,25,1,1,1,1,1,1,1,1
0.12,93,20260912,2.1808160177048177e-06,1.6,3.336257079304895e-06,1.6,-26.61380971682151,32.04119982655924,-24.7674049166085,32.04119982655924,34.6328545473124,99.9998636989989,99.9998636989989,0.003492964361855016,0.005550136418587518,3,8,26,25,1,1,1,1,1,1,1,1
0.12,94,20260913,5.578650603687966e-06,1.6,1.0690016835708323e-05,1.6,-22.53470838023589,32.04119982655924,-19.710216108202708,32.04119982655924,47.81438898156493,99.99965133433727,99.99965133433727,0.00033578706263918186,0.0002095849900332416,4,8,26,25,1,1,1,1,1,1,1,1
0.12,95,20260914,4.645115246360335e-06,1.6,5.184555301743499e-06,1.6,-23.33003506592307,32.04119982655924,-22.852884887024054,32.04119982655924,10.404750725713303,99.9997096802971,99.9997096802971,0.0001109956624767135,0.0009189810290549485,8,7,26,25,1,1,1,1,1,1,1,1
0.12,96,20260915,4.7391177527487145e-06,1.6,6.368126147956489e-06,1.6,-23.243025002616324,32.04119982655924,-21.959883421267357,32.04119982655924,25.58065524079667,99.99970380514046,99.99970380514046,0.00012088408029539069,0.0022506854176352394,4,9,23,25,1,1,1,1,1,1,1,1
0.12,97,20260916,3.0358640412234277e-06,1.6,5.378360525575702e-06,1.6,-25.1771768187688,32.04119982655924,-22.693500892417234,32.04119982655924,43.554099306154875,99.99981025849742,99.99981025849742,0.00022415933927472635,0.000501023368665147,3,17,26,25,1,1,1,1,1,1,1,1
0.12,98,20260917,4.533800979059898e-06,1.6,5.195955143325844e-06,1.6,-23.435375480809476,32.04119982655924,-22.84334606846537,32.04119982655924,12.74364666362597,99.99971663743881,99.99971663743881,0.00025531784685031624,0.0007086723164854369,4,7,26,25,1,1,1,1,1,1,1,1
0.12,99,20260918,4.848489204231951e-06,1.6,6.501896859779138e-06,1.6,-23.14393567063771,32.04119982655924,-21.869599240407624,32.04119982655924,25.42961986639929,99.99969696942475,99.99969696942475,0.0006922498903131288,0.0007660301423621714,3,7,26,25,1,1,1,1,1,1,1,1
0.12,100,20260919,1.8746706501192602e-06,1.6,2.6955694919350893e-06,1.6,-27.270750198826946,32.04119982655924,-25.693494675545352,32.04119982655924,30.45363305497734,99.99988283308437,99.99988283308437,0.00017110627548046708,0.00034384683481443115,4,8,26,25,1,1,1,1,1,1,1,1
0.12,101,20260920,2.476943953541286e-06,1.6,4.743337953365552e-06,1.6,-26.060838201978243,32.04119982655924,-23.23915931630419,32.04119982655924,47.78057186956679,99.9998451910029,99.9998451910029,0.00038351716221371023,0.0007459081552529973,3,7,26,25,1,1,1,1,1,1,1,1
0.12,102,20260921,4.288273107975612e-06,1.6,7.551748698131056e-06,1.6,-23.677175634482744,32.04119982655924,-21.219524706208563,32.04119982655924,43.21483302222577,99.99973198293074,99.99973198293074,0.0007069654749412404,0.0012385051380557671,5,12,26,25,1,1,1,1,1,1,1,1
0.12,103,20260922,6.9945261208500564e-06,1.6,7.87174056985944e-06,1.6,-21.552417036269542,32.04119982655924,-21.039292274495665,32.04119982655924,11.143843489560632,99.99956284211746,99.99956284211746,0.00016523699247024775,0.00042927705199872004,4,7,26,25,1,1,1,1,1,1,1,1
0.12,104,20260923,3.2716439139996396e-06,1.6,4.393123517950547e-06,1.6,-24.852339710766884,32.04119982655924,-23.57226585851408,32.04119982655924,25.528069023520043,99.99979552225537,99.99979552225537,0.0006404651455785089,0.0007760827744507247,3,7,26,25,1,1,1,1,1,1,1,1
0.12,105,20260924,1.4667019255373297e-06,1.6,1.941237759411491e-06,1.6,-28.33658137859218,32.04119982655924,-27.119212697240698,32.04119982655924,24.445013578245174,99.99990833112965,99.99990833112965,0.0003872794901109652,0.000676858506120548,4,8,26,25,1,1,1,1,1,1,1,1
0.12,106,20260925,3.74074941866473e-06,1.6,5.9878448773748135e-06,1.6,-24.27041382883339,32.04119982655924,-22.227294591260403,32.04119982655924,37.52761644178153,99.99976620316134,99.99976620316134,0.00041466026582672236,0.00021582630832404616,4,9,26,25,1,1,1,1,1,1,1,1
0.12,107,20260926,5.732260929885361e-06,1.6,5.839896213547997e-06,1.6,-22.41674048939349,32.04119982655924,-22.335948710869026,32.04119982655924,1.8431026807108641,99.99964173369187,99.99964173369187,0.0001120136775717361,0.00018505641101361302,3,7,26,25,1,1,1,1,1,1,1,1
0.12,108,20260927,2.39439800046264e-06,1.6,3.3065612645845213e-06,1.6,-26.20803658842608,32.04119982655924,-24.806234261961997,32.04119982655924,27.586461920175466,99.99985035012496,99.99985035012496,0.0006247292900486831,0.00028615409412627844,5,7,26,25,1,1,1,1,1,1,1,1
0.12,109,20260928,5.146377046753384e-06,1.6,5.785325498863988e-06,1.6,-22.884983985909344,32.04119982655924,-22.376722013822924,32.04119982655924,11.0442956448357,99.99967835143458,99.99967835143458,0.0003716858708597942,0.0013750783352054624,5,9,26,25,1,1,1,1,1,1,1,1
0.12,110,20260929,2.7750787021097525e-06,1.6,3.66757182701839e-06,1.6,-25.56724695637774,32.04119982655924,-24.356213720252992,32.04119982655924,24.33471427427241,99.99982655758112,99.99982655758112,3.716672144612073,0.001285688206937515,3,8,26,25,1,1,1,1,1,1,1,1
0.12,111,20260930,2.5130979495090547e-06,1.6,3.2262583736088613e-06,1.6,-25.9979058418805,32.04119982655924,-24.91300855254769,32.04119982655924,22.10487634634396,99.99984293137815,99.99984293137815,5.9653983525965666e-05,0.00020199287374948023,3,11,26,25,1,1,1,1,1,1,1,1
0.12,112,20260931,4.428218728261094e-06,1.6,6.127752348273889e-06,1.6,-23.537709356409316,32.04119982655924,-22.12698794934107,32.04119982655924,27.735024580285664,99.99972323632947,99.99972323632947,0.00018285950606505597,0.00016789167482265992,4,8,26,25,1,1,1,1,1,1,1,1
0.12,113,20260932,3.200670492456243e-06,1.6,5.6693512722505385e-06,1.6,-24.947590339701932,32.04119982655924,-22.464666333470444,32.04119982655924,43.5443256422937,99.99979995809421,99.99979995809421,0.0001817930102024738,0.0021413738033355246,4,17,26,25,1,1,1,1,1,1,1,1
0.12,114,20260933,2.483407970230589e-06,1.6,5.455946999744679e-06,1.6,-26.049519293919637,32.04119982655924,-22.631298571621024,32.04119982655924,54.48254958585916,99.99984478700186,99.99984478700186,0.00032505092170035554,0.0021479385350102733,4,8,26,25,1,1,1,1,1,1,1,1
0.12,115,20260934,2.4591359702875496e-06,1.6,4.46260543310463e-06,1.6,-26.092174576325597,32.04119982655924,-23.50411510157141,32.04119982655924,44.89461353573597,99.99984630400186,99.99984630400186,0.00011466080377018533,0.00010522469419292753,3,11,26,25,1,1,1,1,1,1,1,1
0.12,116,20260935,3.359708591885178e-06,1.6,4.201868991588939e-06,1.6,-24.736983899984356,32.04119982655924,-23.765574924148286,32.04119982655924,20.04251920727537,99.99979001821302,99.99979001821302,0.00019211788269286946,0.0006097118325486509,4,8,26,25,1,1,1,1,1,1,1,1
0.12,117,20260936,1.818825206666352e-06,1.6,4.2569583143407515e-06,1.6,-27.402090356411946,32.04119982655924,-23.709006025690286,32.04119982655924,57.274065838532366,99.99988632342459,99.99988632342459,0.0003483315996572631,0.0002930617513087038,5,6,26,25,1,1,1,1,1,1,1,1
0.12,118,20260937,2.6287889505538753e-06,1.6,4.798314370890945e-06,1.6,-25.802442793516356,32.04119982655924,-23.18911301789069,32.04119982655924,45.2143242947676,99.99983570069058,99.99983570069058,0.0007106623526384641,0.0005627302858305189,4,6,26,25,1,1,1,1,1,1,1,1
0.12,119,20260938,4.816794596624087e-06,1.6,5.334032965961818e-06,1.6,-23.17241872982784,32.04119982655924,-22.72944304564578,32.04119982655924,9.696947368686992,99.99969895033772,99.99969895033772,0.0009288660108358928,0.0019409029431700967,5,7,26,25,1,1,1,1,1,1,1,1
0.12,120,20260939,4.457827394371119e-06,1.6,6.328472023310223e-06,1.6,-23.508767512715274,32.04119982655924,-21.987011354721872,32.04119982655924,29.55918303895146,99.99972138578785,99.99972138578785,0.0007219883327778235,0.0007169090265034075,3,7,26,25,1,1,1,1,1,1,1,1
0.12,121,20260940,3.829923603399909e-06,1.6,4.79881460390095e-06,1.6,-24.168098889433264,32.04119982655924,-23.188660281584497,32.04119982655924,20.190215302617247,99.99976062977478,99.99976062977478,0.00024040233307529756,0.00014129928023505072,5,12,26,25,1,1,1,1,1,1,1,1
0.12,122,20260941,6.071126497425802e-06,1.6,7.954162309534391e-06,1.6,-22.16730718113435,32.04119982655924,-20.994055512157736,32.04119982655924,23.673590490496483,99.99962055459392,99.99962055459392,0.00011377307814709316,0.0006590092509828621,4,10,26,25,1,1,1,1,1,1,1,1
0.12,123,20260942,4.773964928468735e-06,1.6,5.926441863386821e-06,1.6,-23.21120775825378,32.04119982655924,-22.27205971540294,32.04119982655924,19.44635519059109,99.99970162719197,99.99970162719197,0.0001227795721180873,0.00022906519352798317,3,7,26,25,1,1,1,1,1,1,1,1
0.12,124,20260943,2.91689766612192e-06,1.6,3.83051071724157e-06,1.6,-25.35078807017504,32.04119982655924,-24.16743318226443,32.04119982655924,23.8509462199746,99.99981769389588,99.99981769389588,0.0007462555652208888,0.0005188122112812287,4,8,26,25,1,1,1,1,1,1,1,1
0.12,125,20260944,4.0057610823975065e-06,1.6,7.427820430620539e-06,1.6,-23.973149571120018,32.04119982655924,-21.291386039808945,32.04119982655924,46.07084110590359,99.99974963993235,99.99974963993235,0.00025354837791617294,0.00020206550088217306,4,7,26,25,1,1,1,1,1,1,1,1
0.12,126,20260945,3.819913003353833e-06,1.6,6.27555694649898e-06,1.6,-24.17946527819602,32.04119982655924,-22.02347725136532,32.04119982655924,39.130294953583466,99.99976125543729,99.99976125543729,8.597864028790581e-05,0.00016481479659386804,4,10,26,25,1,1,1,1,1,1,1,1
0.12,127,20260946,3.449307606715637e-06,1.6,5.141479324160245e-06,1.6,-24.62268073843045,32.04119982655924,-22.889119063188996,32.04119982655924,32.912156419514325,99.99978441827459,99.99978441827459,0.00011860770309608115,0.00012732924159396082,3,10,26,25,1,1,1,1,1,1,1,1
0.12,128,20260947,2.352853144947052e-06,1.6,4.274662798545226e-06,1.6,-26.284051787863586,32.04119982655924,-23.690981383643468,32.04119982655924,44.95815796867564,99.99985294667844,99.99985294667844,0.003023549877906708,0.008886871976923595,3,7,26,25,1,1,1,1,1,1,1,1
0.12,129,20260948,5.752808371134105e-06,1.6,6.683007908293587e-06,1.6,-22.401200922955717,32.04119982655924,-21.750280249564753,32.04119982655924,13.918875301720176,99.99964044947679,99.99964044947679,0.00022833078903001405,0.0005821920816382977,3,7,26,25,1,1,1,1,1,1,1,1
0.12,130,20260949,3.2266260730261875e-06,1.6,3.928647704011568e-06,1.6,-24.91251361162805,32.04119982655924,-24.057569141924205,32.04119982655924,17.86929457351296,99.99979833587044,99.99979833587044,0.00011499302851761394,0.0006865230103642082,4,9,26,25,1,1,1,1,1,1,1,1
0.12,131,20260950,1.9993828942056764e-06,1.6,3.4246490096768784e-06,1.6,-26.991040278343643,32.04119982655924,-24.653839324844494,32.04119982655924,41.617874165904034,99.99987503856912,99.99987503856912,0.00034119001717836307,0.0019090943596168895,5,14,26,25,1,1,1,1,1,1,1,1
0.12,132,20260951,2.8187191054793452e-06,1.6,4.293801485800563e-06,1.6,-25.49948200828828,32.04119982655924,-23.671580380586686,32.04119982655924,34.35376286489392,99.9998238300559,99.9998238300559,0.0001635144511381857,0.0011553075799657414,3,9,26,25,1,1,1,1,1,1,1,1
0.12,133,20260952,2.49674218146334e-06,1.6,3.5385002311917612e-06,1.6,-26.026263014406762,32.04119982655924,-24.511807716836202,32.04119982655924,29.440666431087358,99.99984395361366,99.99984395361366,0.0003063647490948235,0.000861645049104474,3,7,26,25,1,1,1,1,1,1,1,1
0.12,134,20260953,2.222518544014167e-06,1.6,2.855588526895455e-06,1.6,-26.53154606722461,32.04119982655924,-25.44304371606287,32.04119982655924,22.169509959810306,99.99986109259099,99.99986109259099,0.00035033273070225334,0.0012152774330909531,7,8,26,25,1,1,1,1,1,1,1,1
0.12,135,20260954,4.441543434273816e-06,1.6,7.0178351395116855e-06,1.6,-23.524660865273912,32.04119982655924,-21.537968382923612,32.04119982655924,36.71063303742888,99.99972240353536,99.99972240353536,0.0003436984566169392,0.0005942724578490842,3,8,26,25,1,1,1,1,1,1,1,1
0.12,136,20260955,2.410710024034484e-06,1.6,3.7143954286912864e-06,1.6,-26.178550262610965,32.04119982655924,-24.301118638280364,32.04119982655924,35.09818568552722,99.9998493306235,99.9998493306235,0.0004539892716549634,0.0021192243097213075,4,7,26,25,1,1,1,1,1,1,1,1
0.12,137,20260956,1.4937750281551824e-06,1.6,2.4887806733149356e-06,1.6,-28.257148050559863,32.04119982655924,-26.040133744103088,32.04119982655924,39.979643679667994,99.99990663906075,99.99990663906075,0.0005861486189491765,0.004861733498959939,3,7,26,25,1,1,1,1,1,1,1,1
0.12,138,20260957,3.19178657320574e-06,1.6,6.991841536259405e-06,1.6,-24.959661565374564,32.04119982655924,-21.554084231522555,32.04119982655924,54.349843933772455,99.99980051333917,99.99980051333917,0.0009483555183122513,0.0006789324791098152,4,7,26,25,1,1,1,1,1,1,1,1
0.12,139,20260958,5.021533830990795e-06,1.6,9.356222333391118e-06,1.6,-22.99163607040336,32.04119982655924,-20.288994665317993,32.04119982655924,46.3294730281301,99.99968615413557,99.99968615413557,0.00019456848311010926,0.002179150755793202,4,8,26,25,1,1,1,1,1,1,1,1
0.12,140,20260959,5.143188002673456e-06,1.6,7.448678455701508e-06,1.6,-22.887676003082372,32.04119982655924,-21.279207729305757,32.04119982655924,30.951671047947304,99.99967855074985,99.99967855074985,0.0001731521060290792,0.0002190424855119076,4,10,26,25,1,1,1,1,1,1,1,1
0.12,141,20260960,5.125171757056654e-06,1.6,7.632100262341389e-06,1.6,-22.90291575756692,32.04119982655924,-21.173559329717296,32.04119982655924,32.847164202683764,99.9996796767652,99.9996796767652,0.00012862912347262278,0.00014449058781986526,5,8,26,25,1,1,1,1,1,1,1,1
0.12,142,20260961,1.502052384299227e-06,1.6,3.0296423514591306e-06,1.6,-28.233149209833954,32.04119982655924,-25.18608636829519,32.04119982655924,50.42146200604136,99.99990612172599,99.99990612172599,0.0005844913059877865,0.0003492602124259942,4,7,26,25,1,1,1,1,1,1,1,1
0.12,143,20260962,5.710301998304899e-06,1.6,7.583188154492655e-06,1.6,-22.43340922799844,32.04119982655924,-21.20148168140545,32.04119982655924,24.69787268931427,99.99964310612509,99.99964310612509,0.0008728206896470079,0.0008924024348877917,3,8,26,25,1,1,1,1,1,1,1,1
0.12,144,20260963,5.165738869779628e-06,1.6,5.129806778075255e-06,1.6,-22.868675513721698,32.04119982655924,-22.89898992938101,32.04119982655924,-0.7004570202906463,99.99967714132065,99.99967714132065,0.000436286215936165,0.004828013485367388,5,7,26,25,1,1,1,1,0,1,1,1
0.12,145,20260964,3.0102369791045798e-06,1.6,4.648873902181114e-06,1.6,-25.213993134871426,32.04119982655924,-23.32652233625394,32.04119982655924,35.24803979535204,99.99981186018881,99.99981186018881,0.00018209010202428744,0.0010131938067516595,4,7,26,25,1,1,1,1,1,1,1,1
0.12,146,20260965,2.510879491752162e-06,1.6,4.242432793756281e-06,1.6,-26.00174130506098,32.04119982655924,-23.723850288056852,32.04119982655924,40.81510270598746,99.99984307003177,99.99984307003177,0.00033837881001158994,0.0007144182009395584,5,11,26,25,1,1,1,1,1,1,1,1
0.12,147,20260966,6.877238738821963e-06,1.6,8.689638275130157e-06,1.6,-21.62585899148841,32.04119982655924,-20.609983016163053,32.04119982655924,20.857019347920403,99.99957017257884,99.99957017257884,0.00031849601206984315,0.00019155538592358336,7,11,26,25,1,1,1,1,1,1,1,1
0.12,148,20260967,6.1751322435740365e-06,1.6,9.224313590992622e-06,1.6,-22.093537373331564,32.04119982655924,-20.35065941129374,32.04119982655924,33.05591594800134,99.99961405423478,99.99961405423478,0.00012849014966427212,0.00016130089659094454,3,14,26,25,1,1,1,1,1,1,1,1
0.12,149,20260968,2.6548193646518472e-06,1.6,3.6293472548120253e-06,1.6,-25.759650232091534,32.04119982655924,-24.40171476651006,32.04119982655924,26.851326746650805,99.99983407378971,99.99983407378971,0.0004305031046500572,0.0013056577877663847,6,7,26,25,1,1,1,1,1,1,1,1
0.12,150,20260969,3.921057111054169e-06,1.6,5.382615432469528e-06,1.6,-24.065968320596376,32.04119982655924,-22.690066477753533,32.04119982655924,27.15331124343023,99.99975493393056,99.99975493393056,0.0008307575629672207,0.004201210967398358,5,10,26,25,1,1,1,1,1,1,1,1
0.12,151,20260970,5.263038886868744e-06,1.6,1.0221381909677974e-05,1.6,-22.78763421111333,32.04119982655924,-19.90490384516776,32.04119982655924,48.509517270991424,99.99967106006957,99.99967106006957,0.00010529406982934982,0.0002304179328766915,4,10,26,25,1,1,1,1,1,1,1,1
0.12,152,20260971,4.884097957554367e-06,1.6,7.253755814721167e-06,1.6,-23.11215634244212,32.04119982655924,-21.394370682902007,32.04119982655924,32.668012512327586,99.99969474387764,99.99969474387764,0.00040600492894259685,0.0009602472939542355,7,7,26,25,1,1,1,1,1,1,1,1
0.12,153,20260972,2.1153132922570747e-06,1.6,3.007280571953583e-06,1.6,-26.746253015645006,32.04119982655924,-25.218260513917183,32.04119982655924,29.660261434039402,99.99986779291923,99.99986779291923,9.575851861541838e-05,0.0003129050238981766,6,8,26,25,1,1,1,1,1,1,1,1
0.12,154,20260973,2.8705843358083173e-06,1.6,3.7940873119642268e-06,1.6,-25.420296893335014,32.04119982655924,-24.208926790699298,32.04119982655924,24.340583129010945,99.99982058847901,99.99982058847901,0.0007316344388473338,0.0010572285511669033,3,7,26,25,1,1,1,1,1,1,1,1
0.12,155,20260974,1.4391945267915357e-06,1.6,2.2149080202525548e-06,1.6,-28.418805012666976,32.04119982655924,-26.546443042608608,32.04119982655924,35.02237954660385,99.99991005034207,99.99991005034207,0.00017935484480403907,0.0003944256775349709,3,7,26,25,1,1,1,1,1,1,1,1
0.12,156,20260975,2.163833063856645e-06,1.6,2.4301832670736694e-06,1.6,-26.647762473743516,32.04119982655924,-26.143609737771577,32.04119982655924,10.960087118769136,99.99986476043351,99.99986476043351,0.00017607920946992892,0.00030517430488384426,4,7,26,25,1,1,1,1,1,1,1,1
0.12,157,20260976,3.0707819575601988e-06,1.6,5.6779444944278416e-06,1.6,-25.127510197634653,32.04119982655924,-22.458088572982785,32.04119982655924,45.91736568446964,99.99980807612765,99.99980807612765,0.00037471232273954437,0.00022945479140357072,3,9,26,25,1,1,1,1,1,1,1,1
0.12,158,20260977,2.9845856416784794e-06,1.6,3.320085485018739e-06,1.6,-25.251159546598096,32.04119982655924,-24.788507340086245,32.04119982655924,10.10515677545471,99.99981346339739,99.99981346339739,0.0012696621477887747,0.003069685115960133,5,8,26,25,1,1,1,1,1,1,1,1
0.12,159,20260978,3.01903186946753e-06,1.6,3.7398728942131267e-06,1.6,-25.201323024585726,32.04119982655924,-24.271431577674075,32.04119982655924,19.274479243960037,99.99981131050816,99.99981131050816,0.001898962929841384,0.004696660058702722,4,6,26,25,1,1,1,1,1,1,1,1
0.12,160,20260979,4.208285609302533e-06,1.6,5.527341779281834e-06,1.6,-23.75894793014291,32.04119982655924,-22.574836802948465,32.04119982655924,23.864204940673773,99.99973698214941,99.99973698214941,4.7852446978998555e-05,6.714608281297273e-05,5,9,26,25,1,1,1,1,1,1,1,1
0.12,161,20260980,3.500748784072454e-06,1.6,5.2599311323545994e-06,1.6,-24.558390533611053,32.04119982655924,-22.79019941974431,32.04119982655924,33.44496922138694,99.99978120320101,99.99978120320101,0.000406877858351667,0.00012041427854161451,4,8,26,25,1,1,1,1,1,1,1,1
0.12,162,20260981,3.941429185742924e-06,1.6,3.491827624808667e-06,1.6,-24.043462718455757,32.04119982655924,-24.569472035237894,32.04119982655924,-12.875823472497224,99.99975366067589,99.99975366067589,0.00016446993431398486,0.00021832574395188074,4,7,26,25,1,1,1,1,0,1,1,1
0.12,163,20260982,3.512290775397072e-06,1.6,4.821742112261004e-06,1.6,-24.544095369222685,32.04119982655924,-23.16796021295157,32.04119982655924,27.157224637422722,99.99978048182655,99.99978048182655,0.00031799276416155837,0.00037593825630153146,3,8,26,25,1,1,1,1,1,1,1,1
0.12,164,20260983,2.8883259529006413e-06,1.6,3.589145817470328e-06,1.6,-25.393537974049675,32.04119982655924,-24.45008897075985,32.04119982655924,19.526090613494013,99.99981947962794,99.99981947962794,0.0004868448030462325,0.000637874158517345,5,8,26,25,1,1,1,1,1,1,1,1
0.12,165,20260984,1.3725842220419816e-06,1.6,1.6626593724525024e-06,1.6,-28.624609976641196,32.04119982655924,-27.79196715192173,32.04119982655924,17.44645687604948,99.99991421348612,99.99991421348612,0.0005993781609163765,0.004662803907459835,4,7,26,25,1,1,1,1,1,1,1,1
0.12,166,20260985,4.89093659693384e-06,1.6,8.131442732028487e-06,1.6,-23.106079670663163,32.04119982655924,-20.898323922939397,32.04119982655924,39.851552078584994,99.99969431646271,99.99969431646271,0.0006943584029936842,0.0019420165116336467,3,8,26,25,1,1,1,1,1,1,1,1
0.12,167,20260986,5.328538501445901e-06,1.6,5.888456077874118e-06,1.6,-22.733918918729078,32.04119982655924,-22.29998560010024,32.04119982655924,9.508733172556187,99.99966696634367,99.99966696634367,7.248563625196582e-05,0.00027886800447245744,3,7,26,25,1,1,1,1,1,1,1,1
0.12,168,20260987,3.0064713762702394e-06,1.6,3.700438097872201e-06,1.6,-25.219429265888337,32.04119982655924,-24.31746856412664,32.04119982655924,18.753636819407987,99.99981209553897,99.99981209553897,0.00039485774906386267,0.00035203892886759855,5,7,26,25,1,1,1,1,1,1,1,1
0.12,169,20260988,3.403847123039997e-06,1.6,5.222503096669001e-06,1.6,-24.68029953614208,32.04119982655924,-22.821212938338462,32.04119982655924,34.823454193621686,99.99978725955481,99.99978725955481,0.0004165961147385578,0.0017354323480765538,5,7,26,25,1,1,1,1,1,1,1,1
0.12,170,20260989,1.3074604922393887e-06,1.6,1.9653609259480673e-06,1.6,-28.83571425414154,32.04119982655924,-27.06557682563952,32.04119982655924,33.47478954234908,99.99991828371923,99.99991828371923,0.00021414290698666422,0.0003069522834841545,3,10,26,25,1,1,1,1,1,1,1,1
0.12,171,20260990,1.2825204324860654e-06,1.6,2.6886528815731045e-06,1.6,-28.919357071944983,32.04119982655924,-25.704652637299674,32.04119982655924,52.29877232290115,99.99991984247296,99.99991984247296,0.0008191936900151916,0.00487665372551907,3,7,26,25,1,1,1,1,1,1,1,1
0.12,172,20260991,1.6164288812423716e-06,1.6,3.17373067002517e-06,1.6,-27.91443398484192,32.04119982655924,-24.984299312310906,32.04119982655924,49.06849227916519,99.99989897319492,99.99989897319492,0.0003044125961053888,0.0008722575630664231,4,7,26,25,1,1,1,1,1,1,1,1
0.12,173,20260992,2.2740961773853606e-06,1.6,3.7162184641487146e-06,1.6,-26.43191171827498,32.04119982655924,-24.298987631968426,32.04119982655924,38.806176242755015,99.99985786898891,99.99985786898891,0.00031101669639322456,0.00031393816767403117,4,8,26,25,1,1,1,1,1,1,1,1
0.12,174,20260993,3.481450352186318e-06,1.6,4.518769607893706e-06,1.6,-24.58239793774416,32.04119982655924,-23.449798008620164,32.04119982655924,22.9557898657928,99.99978240935299,99.99978240935299,0.00026392990023412914,0.00016328365215198738,4,8,26,25,1,1,1,1,1,1,1,1
0.12,175,20260994,4.564975318763746e-06,1.6,1.0856570267367029e-05,1.6,-23.405615662027795,32.04119982655924,-19.643073523908743,32.04119982655924,57.95195714354402,99.99971468904258,99.99971468904258,0.00022814006965501813,0.002382865599927204,3,17,26,25,1,1,1,1,1,1,1,1
0.12,176,20260995,4.41985871862571e-06,1.6,6.2187035532602915e-06,1.6,-23.5459161271016,32.04119982655924,-22.063001455906956,32.04119982655924,28.926364140504777,99.99972375883009,99.99972375883009,0.00018625052616013242,0.0011025630233925182,5,9,26,25,1,1,1,1,1,1,1,1
0.12,177,20260996,2.9155772211546453e-06,1.6,4.5029905720682895e-06,1.6,-25.352754514896446,32.04119982655924,-23.46498962320435,32.04119982655924,35.25242448341441,99.99981777642368,99.99981777642368,0.0006696141833841639,0.0007996972974263545,3,9,26,25,1,1,1,1,1,1,1,1
0.12,178,20260997,4.700022067652482e-06,1.6,6.18716155815405e-06,1.6,-23.27900102949984,32.04119982655924,-22.085085436052214,32.04119982655924,24.035892331624503,99.99970624862077,99.99970624862077,0.0002770008205174312,0.0006737452918031307,5,11,26,25,1,1,1,1,1,1,1,1
0.12,179,20260998,3.5956805912759186e-06,1.6,3.5335904525058756e-06,1.6,-24.442188941377463,32.04119982655924,-24.517837871789204,32.04119982655924,-1.7571402120472455,99.99977526996305,99.99977526996305,6.472996225300506e-05,6.47726084602943e-05,5,8,26,25,1,1,1,1,0,1,1,1
0.12,180,20260999,1.8280827935938864e-06,1.6,2.008236897855995e-06,1.6,-27.380041390252124,32.04119982655924,-26.971850577804197,32.04119982655924,8.970759597856313,99.99988574482539,99.99988574482539,0.00016471077230304854,0.0016617084841272344,3,7,26,25,1,1,1,1,1,1,1,1
0.12,181,20261000,3.409587102561094e-06,1.6,5.183550122358863e-06,1.6,-24.6729821043171,32.04119982655924,-22.853726976959642,32.04119982655924,34.222935592846106,99.99978690080607,99.99978690080607,0.00031554154631312464,0.0008299808452517301,4,9,26,25,1,1,1,1,1,1,1,1
0.12,182,20261001,2.4302309930946798e-06,1.6,3.351297733845295e-06,1.6,-26.14352444813798,32.04119982655924,-24.74786987138725,32.04119982655924,27.483882779157877,99.99984811056294,99.99984811056294,0.000270846354114275,0.0035414215660246745,3,8,26,25,1,1,1,1,1,1,1,1
0.12,183,20261002,2.9608518359968703e-06,1.6,4.805241633773574e-06,1.6,-25.28583324599535,32.04119982655924,-23.182847687496547,32.04119982655924,38.382873086203105,99.99981494676025,99.99981494676025,0.00025304811819209697,0.00024367704201574226,3,11,26,25,1,1,1,1,1,1,1,1
0.12,184,20261003,2.5170933584912086e-06,1.6,4.116239640011215e-06,1.6,-25.991006762570976,32.04119982655924,-23.854993493360027,32.04119982655924,38.849688584109,99.9998426816651,99.9998426816651,0.0001733385215971957,0.00017553720327596783,3,9,26,25,1,1,1,1,1,1,1,1
0.12,185,20261004,3.3043615286846502e-06,1.6,4.658217838437523e-06,1.6,-24.80912442791338,32.04119982655924,-23.31780205835852,32.04119982655924,29.063825624071473,99.99979347740445,99.99979347740445,0.003641265950056239,0.0075098095393999345,4,8,26,25,1,1,1,1,1,1,1,1
0.12,186,20261005,3.5795748008023986e-06,1.6,6.203075794335639e-06,1.6,-24.461685578902866,32.04119982655924,-22.073929122316763,32.04119982655924,42.29355049843015,99.99977627657495,99.99977627657495,0.0002282292337912828,0.00018910064899308425,4,15,26,25,1,1,1,1,1,1,1,1
0.12,187,20261006,1.935051213276422e-06,1.6,3.831825403443308e-06,1.6,-27.133075364078486,32.04119982655924,-24.16594287706388,32.04119982655924,49.50053800630973,99.99987905929916,99.99987905929916,0.0010130806474182123,0.009394200699800096,4,8,26,25,1,1,1,1,1,1,1,1
0.12,188,20261007,1.7053034760901492e-06,1.6,1.7132772913347835e-06,1.6,-27.681983226754426,32.04119982655924,-27.661723414415768,32.04119982655924,0.4654130002751648,99.99989341853275,99.99989341853275,0.00011028810684466269,0.0012973413967582838,3,7,26,25,1,1,1,1,1,1,1,1
0.12,189,20261008,2.8979919081901486e-06,1.6,3.1247491527549943e-06,1.6,-25.379028315057255,32.04119982655924,-25.05184841022937,32.04119982655924,7.256814338678061,99.99981887550572,99.99981887550572,0.0012471691854731657,0.0104023234371148,3,7,26,25,1,1,1,1,1,1,1,1
0.12,190,20261009,5.521062744357352e-06,1.6,6.030555988186926e-06,1.6,-22.57977317273314,32.04119982655924,-22.19642646156632,32.04119982655924,8.44852854077808,99.99965493357848,99.99965493357848,0.0005442742123784933,0.0010080457156817775,5,7,26,25,1,1,1,1,1,1,1,1
0.12,191,20261010,5.045417590316297e-06,1.6,6.1452222095696005e-06,1.6,-22.971028830118616,32.04119982655924,-22.11462408522833,32.04119982655924,17.89690562435059,99.99968466140061,99.99968466140061,0.0004556984244397084,0.0004828938990917448,3,9,26,25,1,1,1,1,1,1,1,1
0.12,192,20261011,3.6743748300657453e-06,1.6,4.302390733201034e-06,1.6,-24.348165425523028,32.04119982655924,-23.66290150534494,32.04119982655924,14.596905350529068,99.9997703515731,99.9997703515731,0.000706220273972522,0.001929300885940733,3,7,26,25,1,1,1,1,1,1,1,1
0.12,193,20261012,3.0344139451237263e-06,1.6,3.958958807941749e-06,1.6,-25.179251744324844,32.04119982655924,-24.024190169587488,32.04119982655924,23.353232697530665,99.99981034912842,99.99981034912842,9.43545653062292e-05,9.439837860078176e-05,5,10,26,25,1,1,1,1,1,1,1,1
0.12,194,20261013,2.830257352262138e-06,1.6,3.7324462775913633e-06,1.6,-25.481740727492834,32.04119982655924,-24.280064345107824,32.04119982655924,24.1715180402122,99.99982310891548,99.99982310891548,0.0010796436982783788,0.0010873857068357056,5,8,26,25,1,1,1,1,1,1,1,1
0.12,195,20261014,4.916657600687295e-06,1.6,6.662862043028529e-06,1.6,-23.083300352139776,32.04119982655924,-21.76339178863293,32.04119982655924,26.20802338491038,99.99969270889996,99.99969270889996,0.00016270718868744693,0.0001338118074111424,3,13,26,25,1,1,1,1,1,1,1,1
0.12,196,20261015,2.7444146138096973e-06,1.6,4.881429371967899e-06,1.6,-25.61550276752705,32.04119982655924,-23.114529899925355,32.04119982655924,43.778463136847265,99.99982847408664,99.99982847408664,0.00036013663122723535,0.000515080304364461,3,7,26,25,1,1,1,1,1,1,1,1
0.12,197,20261016,2.6249330755460066e-06,1.6,3.7450435934539e-06,1.6,-25.808817647500568,32.04119982655924,-24.26543122614372,32.04119982655924,29.909144979400935,99.99983594168278,99.99983594168278,8.011230061537964e-05,9.071036052709002e-05,4,8,26,25,1,1,1,1,1,1,1,1
0.12,198,20261017,7.484494287568502e-06,1.6,9.021191976976788e-06,1.6,-21.258375387462035,32.04119982655924,-20.447360750055008,32.04119982655924,17.034308695903285,99.99953221910702,99.99953221910702,0.0002301037840684681,0.00018197160286719777,4,7,26,25,1,1,1,1,1,1,1,1
0.12,199,20261018,3.6750458545929502e-06,1.6,4.9627713865083895e-06,1.6,-24.3473723773014,32.04119982655924,-23.042757304171616,32.04119982655924,25.9477100923126,99.99977030963409,99.99977030963409,0.0004667848219692846,0.0013044391324217117,3,6,26,25,1,1,1,1,1,1,1,1
0.12,200,20261019,3.301611890974168e-06,1.6,3.6569818927612876e-06,1.6,-24.812739799874475,32.04119982655924,-24.368771900292852,32.04119982655924,9.717576192831226,99.99979364925682,99.99979364925682,0.0022101830119973967,0.004747085797641533,4,7,26,25,1,1,1,1,1,1,1,1
0.12,201,20261020,2.071514639533664e-06,1.6,2.9572650285322037e-06,1.6,-26.837119931664493,32.04119982655924,-25.29109752487305,32.04119982655924,29.951674281901248,99.99987053033503,99.99987053033503,0.0005594878232606181,0.0005751412154834411,3,11,26,25,1,1,1,1,1,1,1,1
0.12,202,20261021,2.665105756227453e-06,1.6,3.824062730802368e-06,1.6,-25.742855527031807,32.04119982655924,-24.174749920711843,32.04119982655924,30.306955093588154,99.99983343089023,99.99983343089023,0.00037968680416164657,0.0003557609788016927,3,9,26,25,1,1,1,1,1,1,1,1
0.12,203,20261022,3.2961114153211492e-06,1.6,6.20853911299266e-06,1.6,-24.819981166832427,32.04119982655924,-22.07010578535928,32.04119982655924,46.91003220993889,99.99979399303655,99.99979399303655,0.00033026082833962847,0.0008404887415554532,3,18,26,25,1,1,1,1,1,1,1,1
0.12,204,20261023,2.1813125526327776e-06,1.6,4.281675505938122e-06,1.6,-26.6128210142799,32.04119982655924,-23.68386249540531,32.04119982655924,49.05469717152587,99.99986366796546,99.99986366796546,0.0006913864713418241,0.000693205710574474,5,7,26,25,1,1,1,1,1,1,1,1
0.12,205,20261024,2.536729893518825e-06,1.6,3.900307303856843e-06,1.6,-25.957257732194726,32.04119982655924,-24.089011737141398,32.04119982655924,34.960768578148596,99.99984145438165,99.99984145438165,0.0003002019391738134,0.00032701365028575257,5,8,26,25,1,1,1,1,1,1,1,1
0.12,206,20261025,2.332716979772425e-06,1.6,3.3769261307712103e-06,1.6,-26.321379494099197,32.04119982655924,-24.7147843931997,32.04119982655924,30.921883113869374,99.99985420518877,99.99985420518877,0.0004079567099601974,0.0006311746268976121,5,9,26,25,1,1,1,1,1,1,1,1
0.12,207,20261026,2.0074086414161777e-06,1.6,3.290866888758924e-06,1.6,-26.97364210647871,32.04119982655924,-24.826896839914426,32.04119982655924,39.00061262662537,99.99987453695991,99.99987453695991,0.0009734903871068644,0.000978372592049469,3,7,26,25,1,1,1,1,1,1,1,1
0.12,208,20261027,3.808799041984217e-06,1.6,4.900283896736806e-06,1.6,-24.19211940770319,32.04119982655924,-23.09778758499113,32.04119982655924,22.27391060912676,99.99976195005988,99.99976195005988,0.00029521521359546405,0.0006165498979489852,3,7,26,25,1,1,1,1,1,1,1,1
0.12,209,20261028,2.2475849767419517e-06,1.6,2.094402863510327e-06,1.6,-26.482838794690565,32.04119982655924,-26.78939777016637,32.04119982655924,-7.313880051466495,99.99985952593896,99.99985952593896,0.0003620353736595349,0.0027161868740442187,3,7,26,25,1,1,1,1,0,1,1,1
0.12,210,20261029,5.7820577075697864e-06,1.6,7.76242502851566e-06,1.6,-22.379175781869698,32.04119982655924,-21.100025813221826,32.04119982655924,25.512224770878866,99.99963862139327,99.99963862139327,0.0006852608155029113,0.0006910093252643346,4,25,26,25,1,1,1,1,1,1,1,1
0.12,211,20261030,5.036166126588783e-06,1.6,7.1691810425994354e-06,1.6,-22.97899952378545,32.04119982655924,-21.44530452281121,32.04119982655924,29.75256034596183,99.99968523961708,99.99968523961708,0.00034047897980933313,0.00014394746864741315,4,13,26,25,1,1,1,1,1,1,1,1
0.12,212,20261031,2.496362798430233e-06,1.6,4.440388645026894e-06,1.6,-26.026922980334923,32.04119982655924,-23.525790165962203,32.04119982655924,43.78053368760668,99.99984397732509,99.99984397732509,0.00013291909097586793,0.00021518593991325672,4,9,26,25,1,1,1,1,1,1,1,1
0.12,213,20261032,3.4145773981373225e-06,1.6,5.686455956090977e-06,1.6,-24.666630386922485,32.04119982655924,-22.451583202918624,32.04119982655924,39.95245150048441,99.99978658891261,99.99978658891261,0.00016094978589866507,0.0006624471173618056,5,7,26,25,1,1,1,1,1,1,1,1
0.12,214,20261033,1.97979534201197e-06,1.6,2.9907386307208083e-06,1.6,-27.033797018741886,32.04119982655924,-25.242215395583123,32.04119982655924,33.80246198462308,99.99987626279112,99.99987626279112,0.00017889030903063525,0.001108231223382662,4,12,26,25,1,1,1,1,1,1,1,1
0.12,215,20261034,2.5773913300815186e-06,1.6,4.609117067833361e-06,1.6,-25.888196367101536,32.04119982655924,-23.36382261007968,32.04119982655924,44.080584368990856,99.99983891304186,99.99983891304186,0.0004299533410628319,0.00156161560572332,5,9,26,25,1,1,1,1,1,1,1,1
0.12,216,20261035,2.4459608195537997e-06,1.6,2.822850162811958e-06,1.6,-26.115505039587138,32.04119982655924,-25.493121736387604,32.04119982655924,13.351376145403457,99.99984712744877,99.99984712744877,0.00015495891650353107,0.00023904598823850732,5,7,26,25,1,1,1,1,1,1,1,1
0.12,217,20261036,2.84404258930361e-06,1.6,3.767311118843858e-06,1.6,-25.46063904369467,32.04119982655924,-24.239685126298344,32.04119982655924,24.507360831499042,99.99982224733817,99.99982224733817,0.0005555233881990364,0.0036312765664638317,4,7,26,25,1,1,1,1,1,1,1,1
0.12,218,20261037,1.6166590688894044e-06,1.6,2.755469089687682e-06,1.6,-27.91381557156879,32.04119982655924,-25.598044564415837,32.04119982655924,41.32907986739041,99.99989895880819,99.99989895880819,0.00016747435173552222,0.0002387915299689019,5,11,26,25,1,1,1,1,1,1,1,1
0.12,219,20261038,3.714035141130503e-06,1.6,4.049205952980792e-06,1.6,-24.301539914075295,32.04119982655924,-23.92630133340658,32.04119982655924,8.277445398981383,99.99976787280367,99.99976787280367,0.0002010776572067496,0.0003221498755210278,3,10,26,25,1,1,1,1,1,1,1,1
0.12,220,20261039,1.5074949962117532e-06,1.6,5.911933557144072e-06,1.6,-28.217441207275993,32.04119982655924,-22.282704555211875,32.04119982655924,74.50081294655158,99.99990578156275,99.99990578156275,0.00037438626220683073,0.0008318030086287255,5,11,26,25,1,1,1,1,1,1,1,1
0.12,221,20261040,5.209626308829667e-06,1.6,5.461816247094105e-06,1.6,-22.831934279161665,32.04119982655924,-22.6266291500102,32.04119982655924,4.617327402741021,99.9996743983557,99.9996743983557,0.0008828503867502979,0.000921176880665081,3,6,26,25,1,1,1,1,1,1,1,1
0.12,222,20261041,5.2663796968754265e-06,1.6,8.334549687098077e-06,1.6,-22.7848783221948,32.04119982655924,-20.79117859986136,32.04119982655924,36.81266661559643,99.99967085126895,99.99967085126895,0.0005167985043955064,0.001000183417646434,4,7,26,25,1,1,1,1,1,1,1,1
0.12,223,20261042,3.36786582440033e-06,1.6,5.1014946542211e-06,1.6,-24.726452190973582,32.04119982655924,-22.92302564101961,32.04119982655924,33.982762843558476,99.99978950838597,99.99978950838597,0.00015787937555661913,0.0014812118441292245,4,8,26,25,1,1,1,1,1,1,1,1
0.12,224,20261043,1.1039096807194957e-06,1.6,2.3582242509107533e-06,1.6,-29.57066458101153,32.04119982655924,-26.27414898858253,32.04119982655924,53.18894374471968,99.99993100564495,99.99993100564495,0.00029475085944159226,0.0005776622018006007,3,6,26,25,1,1,1,1,1,1,1,1
0.12,225,20261044,1.4633274346617502e-06,1.6,2.857531556634034e-06,1.6,-28.346584851146815,32.04119982655924,-25.440089648534663,32.04119982655924,48.79050657325218,99.99990854203534,99.99990854203534,0.00034133031300891234,0.00034172399560116753,3,7,26,25,1,1,1,1,1,1,1,1
0.12,226,20261045,3.0538902784924275e-06,1.6,3.8044199047930957e-06,1.6,-25.151465705216722,32.04119982655924,-24.197115547550577,32.04119982655924,19.72783354842336,99.9998091318576,99.9998091318576,0.0008041080651742024,0.003490725530352298,5,9,26,25,1,1,1,1,1,1,1,1
0.12,227,20261046,4.300377551040315e-06,1.6,5.916004230865952e-06,1.6,-23.66493413923798,32.04119982655924,-22.279715240867276,32.04119982655924,27.309424009474558,99.99973122640307,99.99973122640307,0.0005321654645727969,0.0022862985953384456,3,7,26,25,1,1,1,1,1,1,1,1
0.12,228,20261047,3.842399398690258e-06,1.6,4.594071511660394e-06,1.6,-24.15397494333263,32.04119982655924,-23.378022488280234,32.04119982655924,16.36178520648378,99.99975985003759,99.99975985003759,0.0008599604742503856,0.005826929010336263,3,9,26,25,1,1,1,1,1,1,1,1
0.12,229,20261048,3.683187826692215e-06,1.6,4.6844141819402515e-06,1.6,-24.337761334350585,32.04119982655924,-23.29344712878319,32.04119982655924,21.37356596494069,99.99976980076082,99.99976980076082,0.00026079773754300026,0.0024014777764332414,3,8,26,25,1,1,1,1,1,1,1,1
0.12,230,20261049,3.2868364207239705e-06,1.6,4.491645298885846e-06,1.6,-24.83221909348465,32.04119982655924,-23.475945468938452,32.04119982655924,26.823330828476784,99.9997945727237,99.9997945727237,0.00011976846281994044,0.0002777795579905478,9,9,26,25,1,1,1,1,1,1,1,1
0.12,231,20261050,2.216407604188456e-06,1.6,3.3929773420951025e-06,1.6,-26.54350368505176,32.04119982655924,-24.694190405128325,32.04119982655924,34.676616413245355,99.99986147452475,99.99986147452475,0.0002896149239163708,0.0016570427863623496,4,7,26,25,1,1,1,1,1,1,1,1
0.12,232,20261051,4.334525915258339e-06,1.6,7.85113231220195e-06,1.6,-23.63058396145439,32.04119982655924,-21.050677035760067,32.04119982655924,44.79107289375605,99.9997290921303,99.9997290921303,0.00022743987836958203,0.00023482087619881604,5,13,26,25,1,1,1,1,1,1,1,1
0.12,233,20261052,3.879672566603638e-06,1.6,7.22578117756467e-06,1.6,-24.1120492608564,32.04119982655924,-21.41115194555312,32.04119982655924,46.30791507152701,99.9997575204646,99.9997575204646,0.0002542008613558897,0.0005316752518080695,3,9,26,25,1,1,1,1,1,1,1,1
0.12,234,20261053,2.6227097482550748e-06,1.6,4.116447201332361e-06,1.6,-25.81249769533962,32.04119982655924,-23.854774505954857,32.04119982655924,36.28705483198744,99.99983608064073,99.99983608064073,0.0003859821911016745,0.0003589531457441127,4,10,26,25,1,1,1,1,1,1,1,1
0.12,235,20261054,2.9639737044119094e-06,1.6,3.6785853318465333e-06,1.6,-25.281256536210037,32.04119982655924,-24.343191652106494,32.04119982655924,19.42626208091553,99.99981475164347,99.99981475164347,0.00041290981495557355,0.0009915616709299045,4,7,26,25,1,1,1,1,1,1,1,1
0.12,236,20261055,2.3033979314822625e-06,1.6,2.95068028624616e-06,1.6,-26.376310275077394,32.04119982655924,-25.300778448684515,32.04119982655924,21.936716010237987,99.99985603762927,99.99985603762927,0.0005677226640061114,0.0060173320784471206,4,8,26,25,1,1,1,1,1,1,1,1
0.12,237,20261056,4.7976239666941904e-06,1.6,7.038553653426248e-06,1.6,-23.189737946319582,32.04119982655924,-21.52516574504123,32.04119982655924,31.837928601158158,99.99970014850207,99.99970014850207,0.0003167898298571706,0.00046922476749983074,3,13,26,25,1,1,1,1,1,1,1,1
0.12,238,20261057,2.0528472603499224e-06,1.6,2.9858276030370028e-06,1.6,-26.876433625898983,32.04119982655924,-25.249352713635563,32.04119982655924,31.246959527673642,99.99987169704622,99.99987169704622,0.00033009877413014055,0.00025797097488221814,4,7,26,25,1,1,1,1,1,1,1,1
0.12,239,20261058,2.8771905311931894e-06,1.6,4.335400412074494e-06,1.6,-25.410313776279295,32.04119982655924,-23.62970785448728,32.04119982655924,33.63495276745498,99.9998201755918,99.9998201755918,0.000295622478717299,0.002510782847561207,3,8,26,25,1,1,1,1,1,1,1,1
0.12,240,20261059,1.9067716972465717e-06,1.6,2.412117122693226e-06,1.6,-27.197013030533977,32.04119982655924,-26.176016084288865,32.04119982655924,20.950285568323306,99.99988082676893,99.99988082676893,0.0001767119128086984,0.0007180250258409428,3,7,26,25,1,1,1,1,1,1,1,1
0.12,241,20261060,1.899701258094766e-06,1.6,3.250782883004115e-06,1.6,-27.21314689658675,32.04119982655924,-24.880120356905955,32.04119982655924,41.56173062104925,99.99988126867137,99.99988126867137,0.0006644347407041497,0.0008713660881734659,3,8,26,25,1,1,1,1,1,1,1,1
0.12,242,20261061,4.527128189135006e-06,1.6,6.1944205615081e-06,1.6,-23.44177207946592,32.04119982655924,-22.07999312162663,32.04119982655924,26.91603445096362,99.99971705448817,99.99971705448817,0.0005683974869008239,0.0005690951119342358,3,7,26,25,1,1,1,1,1,1,1,1
0.12,243,20261062,9.062503084609931e-06,1.6,1.3480203544900942e-05,1.6,-20.427518325998363,32.04119982655924,-18.703035501033764,32.04119982655924,32.77176376140152,99.99943359355721,99.99943359355721,0.0007287990479233872,0.00046746782587784317,3,7,26,25,1,1,1,1,1,1,1,1
0.12,244,20261063,4.198118002572562e-06,1.6,5.28461843393075e-06,1.6,-23.769453582391215,32.04119982655924,-22.76986364651858,32.04119982655924,20.559676066338792,99.99973761762485,99.99973761762485,9.574153574755818e-05,0.0005667593391152331,4,7,26,25,1,1,1,1,1,1,1,1
0.12,245,20261064,3.7928829961265182e-06,1.6,7.038560555371142e-06,1.6,-24.210305543234078,32.04119982655924,-21.525161486389162,32.04119982655924,46.112802947583354,99.99976294481274,99.99976294481274,0.0001388568526310983,0.00013891708245839708,4,15,26,25,1,1,1,1,1,1,1,1
0.12,246,20261065,1.7738336142198985e-06,1.6,1.8285573452951615e-06,1.6,-27.510871194620584,32.04119982655924,-27.378914152249088,32.04119982655924,2.9927270925391523,99.99988913539912,99.99988913539912,0.0010276277209266965,0.004695846209987761,3,8,26,25,1,1,1,1,1,1,1,1
0.12,247,20261066,9.151562318940688e-06,1.6,1.3958202211167315e-05,1.6,-20.385047585482372,32.04119982655924,-18.551705143810743,32.04119982655924,34.43595256401326,99.99942802735507,99.99942802735507,0.0003480282141403374,0.0008531662339348585,3,17,26,25,1,1,1,1,1,1,1,1
0.12,248,20261067,3.5374449257800225e-06,1.6,6.3551340181156055e-06,1.6,-24.513103129138788,32.04119982655924,-21.968752865396542,32.04119982655924,44.33720963717884,99.99977890969214,99.99977890969214,0.00033467262927579456,0.0007093427803938068,4,8,26,25,1,1,1,1,1,1,1,1
0.12,249,20261068,4.101489768648691e-06,1.6,5.512496954180445e-06,1.6,-23.870583674788417,32.04119982655924,-22.586516374847385,32.04119982655924,25.59651637470214,99.99974365688945,99.99974365688945,0.00043852959864514485,0.0005719586528402487,7,12,26,25,1,1,1,1,1,1,1,1
0.12,250,20261069,4.322759974255126e-06,1.6,5.977858040207505e-06,1.6,-23.642388784498152,32.04119982655924,-22.234544026267105,32.04119982655924,27.68714236470773,99.99972982750161,99.99972982750161,0.00020443154696380328,0.0009299551327975912,5,11,26,25,1,1,1,1,1,1,1,1
0.12,251,20261070,2.929981541615595e-06,1.6,3.3239395466600243e-06,1.6,-25.33135115618499,32.04119982655924,-24.78346883441089,32.04119982655924,11.852141096858636,99.99981687615364,99.99981687615364,0.0003336237215087152,0.001368190751229537,5,7,26,25,1,1,1,1,1,1,1,1
0.12,252,20261071,3.91358575262927e-06,1.6,7.231587721358855e-06,1.6,-24.074251456857528,32.04119982655924,-21.407663413051846,32.04119982655924,45.88206762575389,99.99975540089046,99.99975540089046,0.00022218074747512237,0.0009302666883467682,4,18,26,25,1,1,1,1,1,1,1,1
0.12,253,20261072,5.891205569585249e-06,1.6,7.971022220551398e-06,1.6,-22.297958225909696,32.04119982655924,-20.98485980200206,32.04119982655924,26.092219961497953,99.9996317996519,99.9996317996519,0.0003729969819953257,0.0004124202165539658,4,12,26,25,1,1,1,1,1,1,1,1
0.12,254,20261073,2.6818602023819068e-06,1.6,4.16104034250016e-06,1.6,-25.715638644100345,32.04119982655924,-23.80798073574928,32.04119982655924,35.54832489870762,99.99983238373734,99.99983238373734,0.00043406977258802517,0.002901126516158584,4,7,26,25,1,1,1,1,1,1,1,1
0.12,255,20261074,2.088492838182119e-06,1.6,3.4368253135628607e-06,1.6,-26.8016700967026,32.04119982655924,-24.638425415560295,32.04119982655924,39.231917608956486,99.99986946919762,99.99986946919762,0.0006973361479521371,0.0023749650845086307,5,8,26,25,1,1,1,1,1,1,1,1
0.12,256,20261075,2.441125984672301e-06,1.6,3.3968982175266616e-06,1.6,-26.124098063935143,32.04119982655924,-24.689174658555423,32.04119982655924,28.13661675003834,99.99984742962596,99.99984742962596,0.00026568627760553275,0.0006839511331492796,3,9,26,25,1,1,1,1,1,1,1,1
0.12,257,20261076,2.037017051412221e-06,1.6,4.2631266320092334e-06,1.6,-26.910053356030552,32.04119982655924,-23.702717668682233,32.04119982655924,52.21776814890988,99.99987268643427,99.99987268643427,0.0003510060925268495,0.0019113368008560941,5,9,26,25,1,1,1,1,1,1,1,1
0.12,258,20261077,3.984564323923065e-06,1.6,4.779433809964043e-06,1.6,-23.996191578462952,32.04119982655924,-23.206235485285664,32.04119982655924,16.631038688805653,99.99975096472976,99.99975096472976,0.00010529902491432699,0.00010534871784542015,4,7,26,25,1,1,1,1,1,1,1,1
0.12,259,20261078,5.178996488751456e-06,1.6,7.949125502169981e-06,1.6,-22.857543834243504,32.04119982655924,-20.996806462456583,32.04119982655924,34.848223400955554,99.99967631271946,99.99967631271946,0.0002075589883510723,0.0006827963176773029,5,10,26,25,1,1,1,1,1,1,1,1
0.12,260,20261079,5.80875060757416e-06,1.6,6.799881540877489e-06,1.6,-22.359172690874516,32.04119982655924,-21.674986529689622,32.04119982655924,14.575708817060201,99.99963695308702,99.99963695308702,0.0002793677535112465,0.0041217226482828375,3,9,26,25,1,1,1,1,1,1,1,1
0.12,261,20261080,4.348917094519891e-06,1.6,6.43711533649771e-06,1.6,-23.616188714185277,32.04119982655924,-21.913087093647743,32.04119982655924,32.43996934679689,99.9997281926816,99.9997281926816,7.362952130028081e-05,0.0003063514588619779,5,11,26,25,1,1,1,1,1,1,1,1
0.12,262,20261081,4.332030164752117e-06,1.6,6.713303143328304e-06,1.6,-23.63308527960895,32.04119982655924,-21.73063741538122,32.04119982655924,35.470958598714574,99.99972924811469,99.99972924811469,0.00016337778556374812,0.0001641076756806256,4,9,26,25,1,1,1,1,1,1,1,1
0.12,263,20261082,2.511466454686163e-06,1.6,2.7292780342053636e-06,1.6,-26.0007261827767,32.04119982655924,-25.639522200755902,32.04119982655924,7.980556644996307,99.9998430333466,99.9998430333466,0.0007237086335755055,0.0008521171636372469,3,6,26,25,1,1,1,1,1,1,1,1
0.12,264,20261083,5.038412099072347e-06,1.6,6.452773646877433e-06,1.6,-22.97706313806204,32.04119982655924,-21.90253568991162,32.04119982655924,21.918660489346482,99.9996850992438,99.9996850992438,0.00014330443145257332,0.0025805195314849644,4,11,26,25,1,1,1,1,1,1,1,1
0.12,265,20261084,4.613770431312763e-06,1.6,6.651941554578576e-06,1.6,-23.35944018591357,32.04119982655924,-21.77051575242585,32.04119982655924,30.64024400308999,99.99971163934805,99.99971163934805,0.0010129073711461006,0.003752392908450852,10,8,26,25,1,1,1,1,1,1,1,1
0.12,266,20261085,2.6044372623169604e-06,1.6,3.0391971909270465e-06,1.6,-25.842860997239768,32.04119982655924,-25.17241120863394,32.04119982655924,14.305091157229953,99.9998372226711,99.9998372226711,0.002268609430704039,0.008637254501677159,4,6,26,25,1,1,1,1,1,1,1,1
0.12,267,20261086,3.938986384527986e-06,1.6,6.0171370176565305e-06,1.6,-24.04615520367447,32.04119982655924,-22.206100989729215,32.04119982655924,34.537199785055144,99.99975381335095,99.99975381335095,0.0005849220425738134,0.0009621104995127423,6,8,21,25,1,1,1,1,1,1,1,1
0.12,268,20261087,2.6341833287067056e-06,1.6,3.4039795903074927e-06,1.6,-25.79354003149838,32.04119982655924,-24.680130525367467,32.04119982655924,22.614596861647126,99.99983536354195,99.99983536354195,0.0006312566687539972,0.0010598669072852073,4,7,26,25,1,1,1,1,1,1,1,1
0.12,269,20261088,5.034495615144537e-06,1.6,7.76004683783971e-06,1.6,-22.980440330611167,32.04119982655924,-21.10135657433314,32.04119982655924,35.12287077192344,99.99968534402406,99.99968534402406,0.00040480700569779453,0.0004060462858967781,3,8,26,25,1,1,1,1,1,1,1,1
0.12,270,20261089,1.9500056176817323e-06,1.6,2.5904701678249236e-06,1.6,-27.09964137496629,32.04119982655924,-25.866214047370683,32.04119982655924,24.72387283583175,99.9998781246489,99.9998781246489,0.00011391772005616408,0.0008633592661921888,3,7,26,25,1,1,1,1,1,1,1,1
0.12,271,20261090,3.837685758990982e-06,1.6,6.104021594708033e-06,1.6,-24.159305894555402,32.04119982655924,-22.143839386105242,32.04119982655924,37.12856844546361,99.99976014464006,99.99976014464006,0.00024515070616489964,3.568356644881088e-05,3,7,26,25,1,1,1,1,1,1,1,1
0.12,272,20261091,3.932138122037178e-06,1.6,6.958462061468363e-06,1.6,-24.053712353503236,32.04119982655924,-21.574867362548122,32.04119982655924,43.49127598451798,99.99975424136737,99.99975424136737,0.0004059394946471898,0.00034091055555947043,4,8,26,25,1,1,1,1,1,1,1,1
0.12,273,20261092,4.364098669338135e-06,1.6,5.597023089180409e-06,1.6,-23.60105438866313,32.04119982655924,-22.52042901511537,32.04119982655924,22.028217504152106,99.99972724383316,99.99972724383316,0.0003958813559310156,0.0009203877286676842,4,7,26,25,1,1,1,1,1,1,1,1
0.12,274,20261093,3.9189687529759414e-06,1.6,5.516183701648785e-06,1.6,-24.06828199258367,32.04119982655924,-22.58361279246744,32.04119982655924,28.955071749975197,99.99975506445293,99.99975506445293,0.0005341838887480343,0.0022504241319492597,4,8,26,25,1,1,1,1,1,1,1,1
0.12,275,20261094,3.525328581561881e-06,1.6,7.441176643514802e-06,1.6,-24.528003979609014,32.04119982655924,-21.28358385773806,32.04119982655924,52.6240438784059,99.99977966696366,99.99977966696366,0.00020569146402461044,0.0007385817328129673,4,15,26,25,1,1,1,1,1,1,1,1
0.12,276,20261095,3.3720572091757923e-06,1.6,5.640080337658122e-06,1.6,-24.721050658923133,32.04119982655924,-22.487147098547567,32.04119982655924,40.21260323791877,99.99978924642443,99.99978924642443,0.0005250333976436862,0.004193064822413597,3,9,26,25,1,1,1,1,1,1,1,1
0.12,277,20261096,2.910928915146382e-06,1.6,4.79718814746048e-06,1.6,-25.35968399898398,32.04119982655924,-23.190132480128447,32.04119982655924,39.32010115785514,99.9998180669428,99.9998180669428,0.0005096143832732454,0.0038312536382550167,5,7,26,25,1,1,1,1,1,1,1,1
0.12,278,20261097,5.686264133389068e-06,1.6,8.076391225463326e-06,1.6,-22.451729707079977,32.04119982655924,-20.92782651721386,32.04119982655924,29.59399842517091,99.99964460849166,99.99964460849166,0.0005618076291864075,0.0004219753530090685,4,8,26,25,1,1,1,1,1,1,1,1
0.12,279,20261098,4.069853549171535e-06,1.6,1.2767474501640123e-05,1.6,-23.904212182762564,32.04119982655924,-18.938950008159157,32.04119982655924,68.12326863352092,99.99974563415317,99.99974563415317,0.00022402967100223,0.0025481219882999015,3,10,26,25,1,1,1,1,1,1,1,1
0.12,280,20261099,3.637864657667539e-06,1.6,5.22458911436718e-06,1.6,-24.391534623702626,32.04119982655924,-22.819478587824058,32.04119982655924,30.370320459005715,99.9997726334589,99.9997726334589,8.341025379767954e-05,5.880460864877503e-05,3,10,26,25,1,1,1,1,1,1,1,1
0.12,281,20261100,5.48288796298753e-06,1.6,8.790982714348352e-06,1.6,-22.60990628373935,32.04119982655924,-20.559625738951333,32.04119982655924,37.63054551297728,99.9996573195023,99.9996573195023,0.00042415909202692337,0.0013444039974301737,4,8,26,25,1,1,1,1,1,1,1,1
0.12,282,20261101,2.7448376837753112e-06,1.6,6.276931299361822e-06,1.6,-25.614833324980317,32.04119982655924,-22.02252624650443,32.04119982655924,56.2710255558416,99.99982844764476,99.99982844764476,0.00418723938546112,0.006845005989021179,5,8,26,25,1,1,1,1,1,1,1,1
0.12,283,20261102,3.356551859795347e-06,1.6,7.3066561899495104e-06,1.6,-24.741066384391495,32.04119982655924,-21.362813276240797,32.04119982655924,54.06172437109647,99.99979021550875,99.99979021550875,0.00017639296493414971,0.00019754002672871216,5,9,26,25,1,1,1,1,1,1,1,1
0.12,284,20261103,4.052740196453931e-06,1.6,5.332336815153441e-06,1.6,-23.922512360961854,32.04119982655924,-22.730824263356922,32.04119982655924,23.99692035700279,99.99974670373771,99.99974670373771,0.00016547305702299352,0.00014384197998765227,5,7,26,25,1,1,1,1,1,1,1,1
0.12,285,20261104,3.7559036222575684e-06,1.6,5.5063383155803974e-06,1.6,-24.25285560404525,32.04119982655924,-22.59137108584554,32.04119982655924,31.789450502340298,99.9997652560236,99.9997652560236,0.0005853234391281469,0.0005872147688290161,4,7,26,25,1,1,1,1,1,1,1,1
0.12,286,20261105,4.070280048718726e-06,1.6,5.845074169407465e-06,1.6,-23.90375708851179,32.04119982655924,-22.33209973610778,32.04119982655924,30.363928142739983,99.99974560749695,99.99974560749695,0.00014425003845964374,0.0022675245784358625,5,8,26,25,1,1,1,1,1,1,1,1
0.12,287,20261106,3.4891343938987103e-06,1.6,5.930408901546593e-06,1.6,-24.572823021470395,32.04119982655924,-22.269153610096005,32.04119982655924,41.16536562953057,99.99978192910038,99.99978192910038,0.0003886043384063434,0.0003909844398156557,3,8,26,25,1,1,1,1,1,1,1,1
0.12,288,20261107,3.8061105315630915e-06,1.6,6.293435997769183e-06,1.6,-24.195186037129766,32.04119982655924,-22.011121800805512,32.04119982655924,39.52253533821217,99.99976211809178,99.99976211809178,0.0010489363403960207,0.00047882983266733857,5,8,26,25,1,1,1,1,1,1,1,1
0.12,289,20261108,3.191927727750515e-06,1.6,6.034220120613206e-06,1.6,-24.959469505902568,32.04119982655924,-22.193788513661982,32.04119982655924,47.10289542062402,99.99980050451701,99.99980050451701,0.00021226455800143492,0.0001870952968746292,3,16,26,25,1,1,1,1,1,1,1,1
0.12,290,20261109,2.874770328718798e-06,1.6,4.761755926239284e-06,1.6,-25.41396846262833,32.04119982655924,-23.222328690327842,32.04119982655924,39.627936138482006,99.99982032685446,99.99982032685446,0.00010671397861293515,0.0008447155500997513,4,12,26,25,1,1,1,1,1,1,1,1
0.12,291,20261110,2.966737032050488e-06,1.6,3.977010786861463e-06,1.6,-25.27720947309973,32.04119982655924,-24.004432310738494,32.04119982655924,25.402841705849454,99.9998145789355,99.9998145789355,0.000293078469562784,0.00022690116860937868,4,7,26,25,1,1,1,1,1,1,1,1
0.12,292,20261111,3.535695090947807e-06,1.6,4.603592555820943e-06,1.6,-24.515251944588726,32.04119982655924,-23.369031208782562,32.04119982655924,23.1970456100171,99.99977901905682,99.99977901905682,0.0004642281060431944,0.0010815357091446462,3,8,26,25,1,1,1,1,1,1,1,1
0.12,293,20261112,5.846101071100454e-06,1.6,6.291018429806685e-06,1.6,-22.331336805554272,32.04119982655924,-22.012790425289307,32.04119982655924,7.072262840595473,99.99963461868306,99.99963461868306,0.00042600740633610127,0.0044098900877834624,3,8,26,25,1,1,1,1,1,1,1,1
0.12,294,20261113,3.3788247496634128e-06,1.6,4.421200438170412e-06,1.6,-24.71234333299952,32.04119982655924,-23.544597956080086,32.04119982655924,23.576757106682024,99.99978882345313,99.99978882345313,0.0006925731109503642,0.0014725437652617838,6,11,26,25,1,1,1,1,1,1,1,1
0.12,295,20261114,3.326377771763256e-06,1.6,3.918945638404806e-06,1.6,-24.780284301388733,32.04119982655924,-24.068307607894567,32.04119982655924,15.12059419335944,99.99979210138927,99.99979210138927,0.0018070923400426032,0.004881657262950596,3,8,26,25,1,1,1,1,1,1,1,1
0.12,296,20261115,4.601755956659903e-06,1.6,7.880480113099589e-06,1.6,-23.37076416846488,32.04119982655924,-21.03447322596989,32.04119982655924,41.605639623270136,99.99971239025271,99.99971239025271,0.00011558896226992382,0.00013861567563195847,4,9,26,25,1,1,1,1,1,1,1,1
0.12,297,20261116,4.461142675316241e-06,1.6,8.415159024793017e-06,1.6,-23.50553887022519,32.04119982655924,-20.749376725654564,32.04119982655924,46.986828624715514,99.9997211785828,99.9997211785828,0.00024318667482863004,0.0018781203524034418,4,10,26,25,1,1,1,1,1,1,1,1
0.12,298,20261117,3.004299595717125e-06,1.6,5.344504170198801e-06,1.6,-25.222567606562315,32.04119982655924,-22.720925797227594,32.04119982655924,43.78712224663915,99.99981223127527,99.99981223127527,0.00012716382929758998,8.120995036947813e-05,4,7,26,25,1,1,1,1,1,1,1,1
0.12,299,20261118,1.7351145771923423e-06,1.6,2.9960377628655044e-06,1.6,-27.606718415650917,32.04119982655924,-25.23452716973655,32.04119982655924,42.08635823292079,99.99989155533892,99.99989155533892,9.309997976165146e-05,0.0005775280370677294,4,8,26,25,1,1,1,1,1,1,1,1
0.12,300,20261119,3.939783441540773e-06,1.6,6.170096079441006e-06,1.6,-24.04527649425349,32.04119982655924,-22.097080731715927,32.04119982655924,36.14712978833051,99.99975376353491,99.99975376353491,0.00015138107208498926,7.756249998196085e-05,3,9,26,25,1,1,1,1,1,1,1,1
0.12,301,20261120,2.3262815877237815e-06,1.6,4.415464048946734e-06,1.6,-26.33337716695784,32.04119982655924,-23.55023646943424,32.04119982655924,47.31512787928388,99.99985460740075,99.99985460740075,0.0002585405165967329,0.0011193174048461456,3,8,26,25,1,1,1,1,1,1,1,1
0.12,302,20261121,3.906440394239963e-06,1.6,4.035004968822269e-06,1.6,-24.082187979127472,32.04119982655924,-23.941559261387475,32.04119982655924,3.1862308863483535,99.99975584747536,99.99975584747536,8.712369871101148e-05,0.0003021315848139606,3,7,26,25,1,1,1,1,1,1,1,1
0.12,303,20261122,2.1749190400861307e-06,1.6,2.800565490353238e-06,1.6,-26.62556904731529,32.04119982655924,-25.52754267035065,32.04119982655924,22.340004274929274,99.99986406756001,99.99986406756001,0.000221180486172223,0.0005063240696008636,3,7,26,25,1,1,1,1,1,1,1,1
0.12,304,20261123,3.3229066295841586e-06,1.6,6.651274888299588e-06,1.6,-24.784818617986524,32.04119982655924,-21.770951029845747,32.04119982655924,50.04105700954322,99.99979231833565,99.99979231833565,0.0001641859228312072,0.0004063803662071242,4,25,26,25,1,1,1,1,1,1,1,1
0.12,305,20261124,2.0104757620009436e-06,1.6,2.134494765936219e-06,1.6,-26.96701158319685,32.04119982655924,-26.707049058063003,32.04119982655924,5.810227596453211,99.99987434526486,99.99987434526486,0.00020662755308693337,0.0002018895235681437,4,7,26,25,1,1,1,1,1,1,1,1
0.12,306,20261125,4.954963425956238e-06,1.6,7.456618462662804e-06,1.6,-23.049595468223,32.04119982655924,-21.27458078151046,32.04119982655924,33.549457428095494,99.99969031478588,99.99969031478588,0.0002785534552943783,0.0004860920599250666,4,8,26,25,1,1,1,1,1,1,1,1
0.12,307,20261126,3.7377347195631287e-06,1.6,6.168175051692717e-06,1.6,-24.2739152530021,32.04119982655924,-22.0984330958333,32.04119982655924,39.40290785785349,99.99976639158002,99.99976639158002,0.0012109541312909362,0.0007227763524313742,3,8,26,25,1,1,1,1,1,1,1,1
0.12,308,20261127,2.7199680147989113e-06,1.6,5.219377877982612e-06,1.6,-25.654362029797756,32.04119982655924,-22.82381259499814,32.04119982655924,47.887122212921085,99.99983000199907,99.99983000199907,0.0009537511214820322,0.001804130701109087,5,14,26,25,1,1,1,1,1,1,1,1
0.12,309,20261128,3.561774816407553e-06,1.6,6.039010330137308e-06,1.6,-24.483335411004546,32.04119982655924,-22.190342275008415,32.04119982655924,41.02055433432965,99.99977738907398,99.99977738907398,0.00010194544498045274,0.00010444811833174031,4,10,26,25,1,1,1,1,1,1,1,1
0.12,310,20261129,2.8358115065095607e-06,1.6,5.134346749717108e-06,1.6,-25.473226396396562,32.04119982655924,-22.895148044601527,32.04119982655924,44.76782257322593,99.99982276178083,99.99982276178083,0.0002365175078462377,0.00015513416196443538,4,8,26,25,1,1,1,1,1,1,1,1
0.12,311,20261130,3.662862667818959e-06,1.6,6.086424591424243e-06,1.6,-24.361793640890706,32.04119982655924,-22.156377543635514,32.04119982655924,39.81913991048335,99.99977107108326,99.99977107108326,0.0001759680032315776,0.000263121931694827,6,9,26,25,1,1,1,1,1,1,1,1
0.12,312,20261131,4.576475401175972e-06,1.6,5.11955570431527e-06,1.6,-23.394688676539815,32.04119982655924,-22.907677272149275,32.04119982655924,10.60795769213989,99.99971397028744,99.99971397028744,0.00020771170882668026,0.0017978256095224354,4,10,26,25,1,1,1,1,1,1,1,1
0.12,313,20261132,3.6406523095071684e-06,1.6,5.3619870918945265e-06,1.6,-24.38820795186529,32.04119982655924,-22.70674235844696,32.04119982655924,32.102553640784066,99.99977245923066,99.99977245923066,0.002081439881575111,0.004701137543619017,4,13,26,25,1,1,1,1,1,1,1,1
0.12,314,20261133,2.6365402699728033e-06,1.6,4.2587740087802016e-06,1.6,-25.789655909574314,32.04119982655924,-23.707154050879655,32.04119982655924,38.091566621353515,99.99983521623314,99.99983521623314,0.00044452779734184306,0.00028579148354001654,3,10,26,25,1,1,1,1,1,1,1,1
0.12,315,20261134,3.468590929507674e-06,1.6,5.487856663489232e-06,1.6,-24.598469159357332,32.04119982655924,-22.605972404260545,32.04119982655924,36.79516171433111,99.99978321306689,99.99978321306689,0.000146201253491844,0.00021708320620723824,3,8,26,25,1,1,1,1,1,1,1,1
0.12,316,20261135,2.6498367805209715e-06,1.6,3.5122623350383093e-06,1.6,-25.767808760640087,32.04119982655924,-24.544130535846612,32.04119982655924,24.554702133544676,99.99983438520123,99.99983438520123,8.26953981116557e-05,0.0005503264532091028,5,9,26,25,1,1,1,1,1,1,1,1
0.12,317,20261136,1.7067914748061366e-06,1.6,3.0363410706040604e-06,1.6,-27.678195350498353,32.04119982655924,-25.176494459644477,32.04119982655924,43.787886962692845,99.99989332553284,99.99989332553284,0.000357635807365324,0.0007408763677548472,3,9,26,25,1,1,1,1,1,1,1,1
0.12,318,20261137,3.039557944653356e-06,1.6,5.115838087014541e-06,1.6,-25.171895730219845,32.04119982655924,-22.910832091169336,32.04119982655924,40.5853372809311,99.99981002762846,99.99981002762846,0.0002778814820900955,0.00014779462184126327,3,8,26,25,1,1,1,1,1,1,1,1
0.12,319,20261138,2.210193067108007e-06,1.6,3.131254236560222e-06,1.6,-26.555697877097536,32.04119982655924,-25.042816691915593,32.04119982655924,29.415087369718943,99.99986186293332,99.99986186293332,0.0012781540157959527,0.0019334828234206982,5,7,26,25,1,1,1,1,1,1,1,1
0.12,320,20261139,5.280313416075534e-06,1.6,8.077726501859224e-06,1.6,-22.773402988994313,32.04119982655924,-20.92710855392838,32.04119982655924,34.63119338269027,99.9996699804115,99.9996699804115,0.0003454758519996115,0.001578976698858036,3,9,26,25,1,1,1,1,1,1,1,1
0.12,321,20261140,5.41012752074962e-06,1.6,1.006278038838054e-05,1.6,-22.66792498127222,32.04119982655924,-19.97282005314268,32.04119982655924,46.236255667502434,99.99966186702996,99.99966186702996,0.0005611760442662258,0.0009364861645154561,4,9,26,25,1,1,1,1,1,1,1,1
0.12,322,20261141,2.3498089534438826e-06,1.6,3.4214144376276736e-06,1.6,-26.28967445744388,32.04119982655924,-24.65794316322586,32.04119982655924,31.32054019526545,99.99985313694042,99.99985313694042,0.0009650687558277449,0.0007001967556518804,3,7,26,25,1,1,1,1,1,1,1,1
0.12,323,20261142,1.713886154282001e-06,1.6,2.6560217429031882e-06,1.6,-27.660180296760657,32.04119982655924,-25.757683740388757,32.04119982655924,35.471682080108934,99.99989288211535,99.99989288211535,0.00013312562909087488,0.0004390127190354699,5,8,26,25,1,1,1,1,1,1,1,1
0.12,324,20261143,4.304492079316725e-06,1.6,8.219824423812794e-06,1.6,-23.66078086989393,32.04119982655924,-20.851374589299766,32.04119982655924,47.63279776576942,99.99973096924504,99.99973096924504,0.00031674005479089495,0.0005880983090925395,3,7,26,25,1,1,1,1,1,1,1,1
0.12,325,20261144,2.520106174184154e-06,1.6,3.545379728831304e-06,1.6,-25.985811616426858,32.04119982655924,-24.50337242764651,32.04119982655924,28.918582297674515,99.99984249336411,99.99984249336411,0.0002741610363468669,0.0008748835719507909,4,7,26,25,1,1,1,1,1,1,1,1
0.12,326,20261145,1.950455269194484e-06,1.6,3.138311447917699e-06,1.6,-27.09864005139302,32.04119982655924,-25.033039589644464,32.04119982655924,37.8501687431746,99.99987809654567,99.99987809654567,0.00022507029640812202,0.0016972732491198433,4,8,26,25,1,1,1,1,1,1,1,1
0.12,327,20261146,4.359796458402965e-06,1.6,5.595809947231766e-06,1.6,-23.605337857442237,32.04119982655924,-22.52137044049786,32.04119982655924,22.088196355565184,99.99972751272135,99.99972751272135,0.00048770610678387295,0.00077331986499899,4,15,26,25,1,1,1,1,1,1,1,1
0.12,328,20261147,1.4735040667447885e-06,1.6,2.5521631487862626e-06,1.6,-28.316486611968973,32.04119982655924,-25.930915664897313,32.04119982655924,42.264503448945035,99.99990790599583,99.99990790599583,0.00020503170058140257,0.003937080818944145,4,7,26,25,1,1,1,1,1,1,1,1
0.12,329,20261148,2.0713698148982913e-06,1.6,3.0433234119932965e-06,1.6,-26.837423568131804,32.04119982655924,-25.16651892998152,32.04119982655924,31.93724312259016,99.99987053938656,99.99987053938656,0.0014134008123888877,0.007617195787879907,5,8,26,25,1,1,1,1,1,1,1,1
0.12,330,20261149,2.827587247542819e-06,1.6,3.1434464188026216e-06,1.6,-25.485839856803786,32.04119982655924,-25.02593937959468,32.04119982655924,10.048180537466171,99.99982327579704,99.99982327579704,0.0008911194036435688,0.002089061071592106,3,9,26,25,1,1,1,1,1,1,1,1
0.12,331,20261150,4.891424812569826e-06,1.6,6.088205487020129e-06,1.6,-23.105646177464564,32.04119982655924,-22.155106978319488,32.04119982655924,19.657363356112132,99.9996942859492,99.9996942859492,9.359269985472031e-05,0.0004959770418286146,5,7,26,25,1,1,1,1,1,1,1,1
0.12,332,20261151,2.6940720901726964e-06,1.6,4.036778556532645e-06,1.6,-25.695907872524874,32.04119982655924,-23.93965073803383,32.04119982655924,33.26183112489714,99.99983162049436,99.99983162049436,0.000304677901794373,0.0011942039108172474,5,7,26,25,1,1,1,1,1,1,1,1
0.12,333,20261152,3.91570978767776e-06,1.6,6.18013591078229e-06,1.6,-24.071895033552746,32.04119982655924,-22.090019739963385,32.04119982655924,36.640393606131816,99.99975526813827,99.99975526813827,0.0001684651950231745,0.0006614136434875214,4,8,26,25,1,1,1,1,1,1,1,1
0.12,334,20261153,2.2750866037273762e-06,1.6,3.754619615531616e-06,1.6,-26.430020667848733,32.04119982655924,-24.25434055262629,32.04119982655924,39.4056699028552,99.99985780708727,99.99985780708727,0.0001205840691725145,0.0001282381686625139,5,8,26,25,1,1,1,1,1,1,1,1
0.12,335,20261154,4.659186022867559e-06,1.6,5.680680808539291e-06,1.6,-23.316899495448933,32.04119982655924,-22.455996125858864,32.04119982655924,17.981907804716027,99.99970880087358,99.99970880087358,0.00010349819624404492,0.0002068138931161114,3,7,26,25,1,1,1,1,1,1,1,1
0.12,336,20261155,5.49557228602962e-06,1.6,8.989783822372362e-06,1.6,-22.599870752653697,32.04119982655924,-20.46250751634915,32.04119982655924,38.868693679228386,99.99965652673212,99.99965652673212,0.0002244082559443381,0.0006272729509736106,3,9,26,25,1,1,1,1,1,1,1,1
0.12,337,20261156,2.690004697815228e-06,1.6,4.366812768270823e-06,1.6,-25.702469615464956,32.04119982655924,-23.598354285160312,32.04119982655924,38.39890005450313,99.99983187470637,99.99983187470637,0.000621791591745786,0.0006224773385724744,4,10,26,25,1,1,1,1,1,1,1,1
0.12,338,20261157,2.451373535098453e-06,1.6,4.01103331047867e-06,1.6,-26.105905068337094,32.04119982655924,-23.96743731312543,32.04119982655924,38.88423891433826,99.99984678915406,99.99984678915406,0.00044156833753183607,0.005051612661022107,4,7,26,25,1,1,1,1,1,1,1,1
0.12,339,20261158,6.517871368622182e-06,1.6,8.097452826911802e-06,1.6,-21.858942146669506,32.04119982655924,-20.916515733667605,32.04119982655924,19.50713998653869,99.99959263303946,99.99959263303946,0.00016044895913661084,0.0005925132666162531,8,10,26,25,1,1,1,1,1,1,1,1
0.12,340,20261159,2.177011404356253e-06,1.6,3.3281856652574664e-06,1.6,-26.621392958849427,32.04119982655924,-24.77792454272041,32.04119982655924,34.58864308317244,99.99986393678722,99.99986393678722,0.0008981067895740834,0.0028918288382126355,3,10,26,25,1,1,1,1,1,1,1,1
0.12,341,20261160,2.097326587760836e-06,1.6,3.145989861296053e-06,1.6,-26.783339375752906,32.04119982655924,-25.022426813282035,32.04119982655924,33.3333329021982,99.99986891708826,99.99986891708826,0.00011149797856994148,0.0002611167857304475,4,10,26,25,1,1,1,1,1,1,1,1
0.12,342,20261161,2.4103116087212725e-06,1.6,3.850518531431021e-06,1.6,-26.179268075496317,32.04119982655924,-24.144807821342265,32.04119982655924,37.40293446073885,99.99984935552445,99.99984935552445,0.00030768093649945026,0.0003060362237354304,3,9,26,25,1,1,1,1,1,1,1,1
0.12,343,20261162,4.0576195442282725e-06,1.6,5.217160751897758e-06,1.6,-23.91728676274648,32.04119982655924,-22.825657815282312,32.04119982655924,22.225521942134883,99.9997463987785,99.9997463987785,0.00015134374194525536,0.00026597736845327595,4,9,26,25,1,1,1,1,1,1,1,1
0.12,344,20261163,1.929284531067574e-06,1.6,3.2822994410914837e-06,1.6,-27.14603717840796,32.04119982655924,-24.838218011983628,32.04119982655924,41.22155623845164,99.99987941971682,99.99987941971682,0.0002931701419051461,0.0002244917525596423,5,7,26,25,1,1,1,1,1,1,1,1
0.12,345,20261164,5.332516471236272e-06,1.6,9.53527384374051e-06,1.6,-22.730677944146844,32.04119982655924,-20.206668299260375,32.04119982655924,44.07589589325916,99.99966671772054,99.99966671772054,0.00023997442266055857,0.00024966149461702256,3,15,26,25,1,1,1,1,1,1,1,1
0.12,346,20261165,4.3021311066217694e-06,1.6,4.7400655361535095e-06,1.6,-23.663163587057007,32.04119982655924,-23.2421565372822,32.04119982655924,9.23899524577285,99.99973111680583,99.99973111680583,0.00047515692451781117,0.009160271418807216,3,7,26,25,1,1,1,1,1,1,1,1
0.12,347,20261166,2.5623672240658245e-06,1.6,3.875674591892747e-06,1.6,-25.913586294872214,32.04119982655924,-24.11652694180105,32.04119982655924,33.88590390364915,99.99983985204851,99.99983985204851,0.00016718741262895158,0.00017621860691446672,4,8,26,25,1,1,1,1,1,1,1,1
0.12,348,20261167,3.738993857851992e-06,1.6,4.3149960477470245e-06,1.6,-24.2724524827268,32.04119982655924,-23.650195977338107,32.04119982655924,13.348846291430062,99.99976631288388,99.99976631288388,0.00010640856213257072,0.00020367685415722834,3,7,26,25,1,1,1,1,1,1,1,1
0.12,349,20261168,5.653545356100038e-06,1.6,6.4587995305306506e-06,1.6,-22.47679119312357,32.04119982655924,-21.898481949638096,32.04119982655924,12.467551758251481,99.99964665341524,99.99964665341524,0.00029349848309144933,0.0021795241457319816,5,7,26,25,1,1,1,1,1,1,1,1
0.12,350,20261169,1.7460374836716173e-06,1.6,2.904924755096916e-06,1.6,-27.57946437161373,32.04119982655924,-25.36865112454175,32.04119982655924,39.89388260029596,99.99989087265728,99.99989087265728,9.79691156976483e-05,0.0001722272057689899,5,8,24,25,1,1,1,1,1,1,1,1
0.12,351,20261170,3.630150770416726e-06,1.6,5.837891475141589e-06,1.6,-24.400753371125816,32.04119982655924,-22.337439826925124,32.04119982655924,37.81743312847928,99.99977311557686,99.99977311557686,0.00018834987877631602,0.0008352106287351453,4,10,26,25,1,1,1,1,1,1,1,1
0.12,352,20261171,4.974195169128277e-06,1.6,5.728427095284387e-06,1.6,-23.03277178613213,32.04119982655924,-22.41964609727704,32.04119982655924,13.166475083133905,99.99968911280193,99.99968911280193,0.00010655254782268075,0.00026344476788777306,5,8,26,25,1,1,1,1,1,1,1,1
0.12,353,20261172,3.830538852171601e-06,1.6,4.121395292621713e-06,1.6,-24.167401283645972,32.04119982655924,-23.84955729282428,32.04119982655924,7.057232315735763,99.99976059132175,99.99976059132175,0.00033989771161165185,0.0025512854701834286,4,7,26,25,1,1,1,1,1,1,1,1
0.12,354,20261173,4.906176975017929e-06,1.6,5.129909366046301e-06,1.6,-23.092567900294547,32.04119982655924,-22.89890307826523,32.04119982655924,4.3613322393024205,99.99969336393906,99.99969336393906,0.00023908310680071895,0.0002112253534719379,4,8,26,25,1,1,1,1,1,1,1,1
0.12,355,20261174,4.1148498099553995e-06,1.6,4.801693952716114e-06,1.6,-23.856460117027357,32.04119982655924,-23.186055241795156,32.04119982655924,14.304204922768891,99.99974282188688,99.99974282188688,0.0018358314855986975,0.0008553687481947711,4,8,26,25,1,1,1,1,1,1,1,1
0.12,356,20261175,4.005331224603514e-06,1.6,6.7721848995554695e-06,1.6,-23.97361563707197,32.04119982655924,-21.69271192949337,32.04119982655924,40.85614489252314,99.99974966679845,99.99974966679845,0.00040294228140419193,0.0004092507735808432,4,9,26,25,1,1,1,1,1,1,1,1
0.12,357,20261176,4.82870301889608e-06,1.6,5.684615742453652e-06,1.6,-23.161695043161256,32.04119982655924,-22.45298886573806,32.04119982655924,15.056650481499982,99.99969820606132,99.99969820606132,0.00032073765220518203,0.00017302319740488425,5,7,26,25,1,1,1,1,1,1,1,1
0.12,358,20261177,2.9271457400253464e-06,1.6,4.318455944872288e-06,1.6,-25.335556538856153,32.04119982655924,-23.646715065389607,32.04119982655924,32.21777002261598,99.99981705339125,99.99981705339125,0.00019617644851845352,0.003132745378814126,4,17,26,25,1,1,1,1,1,1,1,1
0.12,359,20261178,2.812075086884083e-06,1.6,4.203079026795319e-06,1.6,-25.5097308714295,32.04119982655924,-23.764324442609265,32.04119982655924,33.09487951673897,99.99982424530708,99.99982424530708,0.00026326757199671396,0.0020243163543611775,4,6,26,25,1,1,1,1,1,1,1,1
0.12,360,20261179,3.197748600625483e-06,1.6,4.623412485744052e-06,1.6,-24.951556824449383,32.04119982655924,-23.350373584998128,32.04119982655924,30.835749341303586,99.99980014071245,99.99980014071245,0.00020618627021347805,0.0004953009973450205,5,14,26,25,1,1,1,1,1,1,1,1
0.12,361,20261180,2.18091891976652e-06,1.6,2.4944223366835127e-06,1.6,-26.61360479929111,32.04119982655924,-26.030300131819494,32.04119982655924,12.568177100827862,99.99986369256753,99.99986369256753,0.0006015479038090472,0.0012486480030402263,4,7,26,25,1,1,1,1,1,1,1,1
0.12,362,20261181,4.062293550213184e-06,1.6,5.805246796983916e-06,1.6,-23.91228696728508,32.04119982655924,-22.36179312481838,32.04119982655924,30.02375795076056,99.99974610665312,99.99974610665312,0.0008522510239876837,0.0028992139272928244,4,9,26,25,1,1,1,1,1,1,1,1
0.12,363,20261182,4.041106351618441e-06,1.6,5.433966516581504e-06,1.6,-23.93499719883199,32.04119982655924,-22.648830419778797,32.04119982655924,25.63247603224667,99.99974743085303,99.99974743085303,8.902434181321881e-05,0.0003162088168064028,4,9,26,25,1,1,1,1,1,1,1,1
0.12,364,20261183,3.5464126692334513e-06,1.6,6.664724348894102e-06,1.6,-24.502107302288127,32.04119982655924,-21.76217808175081,32.04119982655924,46.7883068589038,99.99977834920817,99.99977834920817,0.0002978017266325915,0.0015202866343401915,4,12,26,25,1,1,1,1,1,1,1,1
0.12,365,20261184,4.182073575389452e-06,1.6,8.80072806332067e-06,1.6,-23.786083308907614,32.04119982655924,-20.55481398213093,32.04119982655924,52.48036815477421,99.99973862040153,99.99973862040153,0.00012796374655429872,0.00020015570128737603,3,8,26,25,1,1,1,1,1,1,1,1
0.12,366,20261185,3.999291476422593e-06,1.6,5.258954751415172e-06,1.6,-23.980169424559055,32.04119982655924,-22.79100565884631,32.04119982655924,23.952730809361054,99.99975004428272,99.99975004428272,0.0007775846244953233,0.005719410188530927,3,16,26,25,1,1,1,1,1,1,1,1
0.12,367,20261186,3.0778882585019244e-06,1.6,3.887878425879125e-06,1.6,-25.11747151105226,32.04119982655924,-24.10287323940038,32.04119982655924,20.833731887952386,99.99980763198384,99.99980763198384,0.0001561137525452462,0.00011661856014912214,3,10,26,25,1,1,1,1,1,1,1,1
0.12,368,20261187,3.1495097121564704e-06,1.6,3.4513706843526987e-06,1.6,-25.017570480763062,32.04119982655924,-24.620083940775448,32.04119982655924,8.746118565726936,99.99980315564298,99.99980315564298,0.0002149567366758248,0.0002886118363290807,4,8,26,25,1,1,1,1,1,1,1,1
0.12,369,20261188,4.164092923190226e-06,1.6,4.5586418597122295e-06,1.6,-23.804795876200814,32.04119982655924,-23.41164525907347,32.04119982655924,8.654966734914987,99.9997397441923,99.9997397441923,0.0002370900443869187,0.0006918005228966261,3,7,26,25,1,1,1,1,1,1,1,1
0.12,370,20261189,2.6328032377811675e-06,1.6,3.0510097583224592e-06,1.6,-25.79581596624641,32.04119982655924,-25.155564033117656,32.04119982655924,13.707151194797712,99.99983544979764,99.99983544979764,0.0009163125737425945,0.0013502957399728066,3,8,26,25,1,1,1,1,1,1,1,1
0.12,371,20261190,3.012715113655823e-06,1.6,5.654699007411591e-06,1.6,-25.21041933848329,32.04119982655924,-22.47590507077906,32.04119982655924,46.721919067538884,99.9998117053054,99.9998117053054,0.0005245698777728903,0.00047700846764483335,3,10,26,25,1,1,1,1,1,1,1,1
0.12,372,20261191,3.1540819820493817e-06,1.6,6.017891936971609e-06,1.6,-25.01127022519818,32.04119982655924,-22.205556151333752,32.04119982655924,47.58825822923277,99.99980286987612,99.99980286987612,0.0005405847282628583,0.000534438008955749,3,10,26,25,1,1,1,1,1,1,1,1
0.12,373,20261192,2.6973257800365168e-06,1.6,4.246357696230317e-06,1.6,-25.69066596770075,32.04119982655924,-23.719834253947024,32.04119982655924,36.47907281972373,99.99983141713874,99.99983141713874,0.00025383585391066494,0.00023827820909625086,5,8,26,25,1,1,1,1,1,1,1,1
0.12,374,20261193,3.4206115560039073e-06,1.6,4.4960634878126335e-06,1.6,-24.658962414134137,32.04119982655924,-23.471675648295598,32.04119982655924,23.91985644161669,99.99978621177776,99.99978621177776,0.00013789876613178414,0.00014053167179718347,4,7,26,25,1,1,1,1,1,1,1,1
0.12,375,20261194,3.369247896888751e-06,1.6,5.699798953600831e-06,1.6,-24.724670340500033,32.04119982655924,-22.441404627277947,32.04119982655924,40.888302827589406,99.99978942200644,99.99978942200644,0.000691709071300774,0.0017679712972498804,4,10,26,25,1,1,1,1,1,1,1,1
0.12,376,20261195,2.1744287960527428e-06,1.6,3.216019500067878e-06,1.6,-26.626548091932595,32.04119982655924,-24.926813266069814,32.04119982655924,32.387574266671926,99.99986409820025,99.99986409820025,0.00017180508511939973,0.0001264627466055195,3,7,26,25,1,1,1,1,1,1,1,1
0.12,377,20261196,4.116488767310116e-06,1.6,7.265250947842575e-06,1.6,-23.854730653130435,32.04119982655924,-21.38749380212342,32.04119982655924,43.34003330562846,99.99974271945203,99.99974271945203,0.0002903599147580609,0.00041000836116984794,4,8,26,25,1,1,1,1,1,1,1,1
0.12,378,20261197,4.133129821448512e-06,1.6,6.7344969809225105e-06,1.6,-23.837209533311025,32.04119982655924,-21.71694837441825,32.04119982655924,38.62749017251256,99.99974167938615,99.99974167938615,0.0001812801070144364,0.0007726786520674696,4,8,26,25,1,1,1,1,1,1,1,1
0.12,379,20261198,4.193382799070682e-06,1.6,5.546374954203412e-06,1.6,-23.774354905809844,32.04119982655924,-22.559907739508922,32.04119982655924,24.394170359999602,99.99973791357506,99.99973791357506,0.00020744878918396348,0.0038810731146351643,4,9,26,25,1,1,1,1,1,1,1,1
0.12,380,20261199,1.60298826365496e-05,1.6,2.226761013640484e-05,1.6,-17.950696573392722,32.04119982655924,-16.52326390970733,32.04119982655924,28.012559325606805,99.99899813233522,99.99899813233522,0.0007062373420587266,0.0013664633403588677,3,9,26,25,1,1,1,1,1,1,1,1
0.12,381,20261200,3.177451044423564e-06,1.6,3.2889057748140643e-06,1.6,-24.979211319778855,32.04119982655924,-24.82948568616613,32.04119982655924,3.3888088629356194,99.99980140930973,99.99980140930973,0.00025029085315044495,0.00013865130657146803,3,6,26,25,1,1,1,1,1,1,1,1
0.12,382,20261201,2.2838954149886983e-06,1.6,2.1900616544449566e-06,1.6,-26.41323787349676,32.04119982655924,-26.59543658763386,32.04119982655924,-4.284525979133801,99.99985725653656,99.99985725653656,0.0002366701387940372,0.00044783262771234446,4,6,26,25,1,1,1,1,0,1,1,1
0.12,383,20261202,2.3699059646430894e-06,1.6,3.656698697906863e-06,1.6,-26.25268885992775,32.04119982655924,-24.369108228796993,32.04119982655924,35.19001261986252,99.99985188087722,99.99985188087722,0.0002649957817868966,0.0005325327129682938,3,8,26,25,1,1,1,1,1,1,1,1
0.12,384,20261203,2.113171598739065e-06,1.6,3.911745037936807e-06,1.6,-26.75065234911935,32.04119982655924,-24.076294596680835,32.04119982655924,45.978800298967684,99.99986792677507,99.99986792677507,0.0006249844701780573,0.00043295402340466687,3,6,26,25,1,1,1,1,1,1,1,1
0.12,385,20261204,2.0492787999172497e-06,1.6,2.8359397809924415e-06,1.6,-26.88398952760922,32.04119982655924,-25.473029953015075,32.04119982655924,27.738987490062236,99.999871920075,99.999871920075,0.0003897076093766368,0.0003069855904345878,6,7,26,25,1,1,1,1,1,1,1,1
0.12,386,20261205,4.07806664550789e-06,1.6,4.319494845631977e-06,1.6,-23.895456810738636,32.04119982655924,-23.645670398939664,32.04119982655924,5.589269318569213,99.99974512083466,99.99974512083466,0.0002471161618033874,0.00021350253450158472,3,7,26,25,1,1,1,1,1,1,1,1
0.12,387,20261206,4.539559294075213e-06,1.6,6.591902240478889e-06,1.6,-23.42986306931764,32.04119982655924,-21.80989241956479,32.04119982655924,31.13430496285056,99.99971627754412,99.99971627754412,0.00023912878309861839,0.00011341442702648525,3,8,26,25,1,1,1,1,1,1,1,1
0.12,388,20261207,2.6709111482810505e-06,1.6,4.780426845412655e-06,1.6,-25.73340559171843,32.04119982655924,-23.2053332340233,32.04119982655924,44.128186987233505,99.99983306805323,99.99983306805323,6.091863852144507e-05,0.0001588021644665567,5,11,26,25,1,1,1,1,1,1,1,1
0.12,389,20261208,3.1973172585832885e-06,1.6,5.290954099788666e-06,1.6,-24.952142680711525,32.04119982655924,-22.764660060534595,32.04119982655924,39.57011914522189,99.99980016767134,99.99980016767134,0.00024369678666194222,0.0008792107459717395,4,8,26,25,1,1,1,1,1,1,1,1
0.12,390,20261209,3.0719007204174867e-06,1.6,6.212645919066819e-06,1.6,-25.12592824210701,32.04119982655924,-22.06723397678926,32.04119982655924,50.55406729378026,99.99980800620496,99.99980800620496,0.0010261218796133243,0.0013964007733394904,4,10,26,25,1,1,1,1,1,1,1,1
0.12,391,20261210,3.6055213126820215e-06,1.6,4.999626309153736e-06,1.6,-24.430319329271203,32.04119982655924,-23.010624552514756,32.04119982655924,27.88418394229324,99.99977465491797,99.99977465491797,0.00026860094180820914,0.002018352192284498,6,14,26,25,1,1,1,1,1,1,1,1
0.12,392,20261211,3.048827729413097e-06,1.6,3.3642375640228587e-06,1.6,-25.15867114263333,32.04119982655924,-24.731133442946387,32.04119982655924,9.37537342733322,99.99980944826692,99.99980944826692,0.0002925216136071086,0.00048663191675917027,5,11,26,25,1,1,1,1,1,1,1,1
0.12,393,20261212,4.156662810483407e-06,1.6,6.83220799588773e-06,1.6,-23.812552041408523,32.04119982655924,-21.654389207014745,32.04119982655924,39.16076892001415,99.99974020857434,99.99974020857434,0.00018327970936958294,0.0006875174620160398,4,7,26,25,1,1,1,1,1,1,1,1
0.12,394,20261213,2.3368958115187625e-06,1.6,4.994493131794824e-06,1.6,-26.31360649820502,32.04119982655924,-23.015085797571537,32.04119982655924,53.21055110393206,99.99985394401179,99.99985394401179,0.0004224453026719367,0.0012136985088618212,5,7,26,25,1,1,1,1,1,1,1,1
0.12,395,20261214,3.4148220595880446e-06,1.6,4.241337529986599e-06,1.6,-24.666319217196108,32.04119982655924,-23.724971645651163,32.04119982655924,19.487142076173456,99.99978657362128,99.99978657362128,0.0001414941441339404,0.00034080803357420636,3,7,26,25,1,1,1,1,1,1,1,1
0.12,396,20261215,5.400658082367031e-06,1.6,6.923547935223295e-06,1.6,-22.675533171905222,32.04119982655924,-21.5967129660938,32.04119982655924,21.995801388311584,99.99966245886985,99.99966245886985,0.00015754008868544393,0.00018152409345638658,3,9,26,25,1,1,1,1,1,1,1,1
0.12,397,20261216,3.592585666163128e-06,1.6,5.6387493360445625e-06,1.6,-24.445928672025452,32.04119982655924,-22.488172110318434,32.04119982655924,36.28754441701722,99.99977546339588,99.99977546339588,0.000251272312330827,0.0015685081795631835,4,7,26,25,1,1,1,1,1,1,1,1
0.12,398,20261217,2.202965134746419e-06,1.6,1.861303769531328e-06,1.6,-26.569923761615613,32.04119982655924,-27.30182743115683,32.04119982655924,-18.356023923011794,99.99986231467908,99.99986231467908,0.00017980124294773674,0.0007279186892611774,3,7,26,25,1,1,1,1,0,1,1,1
0.12,399,20261218,4.027152192655197e-06,1.6,7.692681593416354e-06,1.6,-23.950019573850252,32.04119982655924,-21.13922243005389,32.04119982655924,47.649566100568045,99.99974830298797,99.99974830298797,0.0001849276453229007,0.0008046901403169805,5,24,26,25,1,1,1,1,1,1,1,1
0.12,400,20261219,3.2131692389589353e-06,1.6,4.201527413078864e-06,1.6,-24.930663993752393,32.04119982655924,-23.76592798535116,32.04119982655924,23.52378259019053,99.99979917692258,99.99979917692258,0.00016944870233406395,0.002769908255597347,4,7,26,25,1,1,1,1,1,1,1,1
0.12,401,20261220,3.780248598430502e-06,1.6,5.287355254608002e-06,1.6,-24.224796389520655,32.04119982655924,-22.76761508597604,32.04119982655924,28.50397946807217,99.9997637344626,99.9997637344626,0.001332084682893131,0.0018942369663474267,6,7,26,25,1,1,1,1,1,1,1,1
0.12,402,20261221,2.3244078733656423e-06,1.6,4.771110731963048e-06,1.6,-26.336876621639725,32.04119982655924,-23.21380503851374,32.04119982655924,51.28161964898943,99.99985472450791,99.99985472450791,0.000501849784710012,0.0005213437903780599,3,13,26,25,1,1,1,1,1,1,1,1
0.12,403,20261222,3.593022992314735e-06,1.6,7.293374837435609e-06,1.6,-24.445400036683075,32.04119982655924,-21.37071465629845,32.04119982655924,50.7357969060855,99.99977543606299,99.99977543606299,0.00015796129713620364,0.00018137850979124825,3,8,26,25,1,1,1,1,1,1,1,1
0.12,404,20261223,5.2927137771336775e-06,1.6,8.693767600524838e-06,1.6,-22.763215914371283,32.04119982655924,-20.607919734341927,32.04119982655924,39.12059741723301,99.99966920538893,99.99966920538893,0.0003001743967497334,0.00029846561164481946,3,9,26,25,1,1,1,1,1,1,1,1
0.12,405,20261224,2.6333595970321084e-06,1.6,3.8604403198117995e-06,1.6,-25.794898319902693,32.04119982655924,-24.133631571006767,32.04119982655924,31.78603011895577,99.99983541502519,99.99983541502519,0.00021576232349789407,0.00037796222023693483,3,9,26,25,1,1,1,1,1,1,1,1
0.12,406,20261225,1.3153812031938476e-06,1.6,1.8844067851675904e-06,1.6,-28.80948368503459,32.04119982655924,-27.248253406705167,32.04119982655924,30.19653646190498,99.9999177886748,99.9999177886748,0.00022776279633638651,0.0008048722667162295,3,7,26,25,1,1,1,1,1,1,1,1
0.12,407,20261226,5.611515498588639e-06,1.6,6.424338781348457e-06,1.6,-22.509198332553844,32.04119982655924,-21.921715650222247,32.04119982655924,12.652248121155399,99.99964928028135,99.99964928028135,0.00011528426219874449,0.00020158784328773568,3,8,26,25,1,1,1,1,1,1,1,1
0.12,408,20261227,4.044473706900933e-06,1.6,6.131765107059736e-06,1.6,-23.93137983584317,32.04119982655924,-22.124144902595575,32.04119982655924,34.040628819189834,99.99974722039333,99.99974722039333,0.00030706856069684943,0.00396819566121352,4,7,26,25,1,1,1,1,1,1,1,1
0.12,409,20261228,5.298342794086198e-06,1.6,6.6639544286970915e-06,1.6,-22.758599469893312,32.04119982655924,-21.76267981504189,32.04119982655924,20.492511604373203,99.99966885357537,99.99966885357537,0.00016322189424224263,0.0002660963190740255,3,9,26,25,1,1,1,1,1,1,1,1
0.12,410,20261229,5.559578036643816e-06,1.6,6.3416595750253765e-06,1.6,-22.54958169445176,32.04119982655924,-21.977970749320956,32.04119982655924,12.332442779829144,99.99965252637271,99.99965252637271,0.0004230547923743608,0.0015045299982768675,5,8,26,25,1,1,1,1,1,1,1,1
0.12,411,20261230,2.376672052517114e-06,1.6,3.5292086940248714e-06,1.6,-26.24030740698451,32.04119982655924,-24.523226595817743,32.04119982655924,32.657083823324484,99.99985145799673,99.99985145799673,0.0004850038808952812,0.0004885666619713014,3,9,26,25,1,1,1,1,1,1,1,1
0.12,412,20261231,3.5034299620811774e-06,1.6,5.90620160043941e-06,1.6,-24.55506560170036,32.04119982655924,-22.28691733045831,32.04119982655924,40.68218122082848,99.99978103562736,99.99978103562736,0.00018543447040221937,0.0005193840970035866,3,9,26,25,1,1,1,1,1,1,1,1
0.12,413,20261232,2.5516007149859083e-06,1.6,3.7414104657763104e-06,1.6,-25.931872848275844,32.04119982655924,-24.269646432471866,32.04119982655924,31.80110179500251,99.99984052495532,99.99984052495532,0.00016198259207897972,0.00020966774274034993,3,9,26,25,1,1,1,1,1,1,1,1
0.12,414,20261233,3.8759181370847495e-06,1.6,4.65430245133056e-06,1.6,-24.116254042187478,32.04119982655924,-23.32145398299837,32.04119982655924,16.723973621939585,99.99975775511643,99.99975775511643,0.0007167925680130361,0.0006310350711732512,3,7,26,25,1,1,1,1,1,1,1,1
0.12,415,20261234,3.2546940737273475e-06,1.6,4.296766731776723e-06,1.6,-24.87489826861104,32.04119982655924,-23.668582231957956,32.04119982655924,24.25248385821671,99.9997965816204,99.9997965816204,0.0005301037039751586,0.00029942444407166655,3,9,26,25,1,1,1,1,1,1,1,1
0.12,416,20261235,1.7872117750086652e-06,1.6,3.6364980681026668e-06,1.6,-27.47823982878622,32.04119982655924,-24.393166388123532,32.04119982655924,50.853493071119985,99.99988829926406,99.99988829926406,0.00012691782232394824,0.00016427104636277477,4,12,26,25,1,1,1,1,1,1,1,1
0.12,417,20261236,5.400825630595763e-06,1.6,6.218261555904673e-06,1.6,-22.6753984399126,32.04119982655924,-22.063310143775674,32.04119982655924,13.145730811736243,99.99966244839808,99.99966244839808,0.000261211785406682,0.000538069615789615,7,10,26,25,1,1,1,1,1,1,1,1
0.12,418,20261237,2.1912434587173194e-06,1.6,3.0958002165935567e-06,1.6,-26.593093673486734,32.04119982655924,-25.092270737096104,32.04119982655924,29.218835021323187,99.99986304728384,99.99986304728384,0.0010603826338487364,0.0017018719162868743,3,6,26,25,1,1,1,1,1,1,1,1
0.12,419,20261238,1.5627084009864894e-06,1.6,3.4031368949856743e-06,1.6,-28.06122053111435,32.04119982655924,-24.681205805718115,32.04119982655924,54.080354413921754,99.99990233072495,99.99990233072495,0.00030684109506981,0.0004605248343643241,4,6,26,25,1,1,1,1,1,1,1,1
0.12,420,20261239,3.7360331516098324e-06,1.6,4.510469189369901e-06,1.6,-24.275892787220997,32.04119982655924,-23.45778279462211,32.04119982655924,17.169744548643177,99.99976649792802,99.99976649792802,0.007409258502056826,0.007737261266066762,3,7,26,25,1,1,1,1,1,1,1,1
0.12,421,20261240,2.479018932110007e-06,1.6,4.24512532229813e-06,1.6,-26.057201565401613,32.04119982655924,-23.721094842235267,32.04119982655924,41.603162594785964,99.99984506131675,99.99984506131675,0.00027075765434793716,0.003997583489470846,3,7,26,25,1,1,1,1,1,1,1,1
0.12,422,20261241,2.294163445934749e-06,1.6,6.597457006374857e-06,1.6,-26.393756443515333,32.04119982655924,-21.806234312640317,32.04119982655924,65.22654950660548,99.99985661478463,99.99985661478463,0.00010794608041112428,0.00017952802940713404,6,8,26,25,1,1,1,1,1,1,1,1
0.12,423,20261242,4.112323404295636e-06,1.6,5.589760383952211e-06,1.6,-23.8591273857064,32.04119982655924,-22.526068085997576,32.04119982655924,26.43113260987336,99.99974297978724,99.99974297978724,0.0005914846971711463,0.0006847364742852394,4,7,26,25,1,1,1,1,1,1,1,1
0.12,424,20261243,2.1595745151578226e-06,1.6,5.798171891608846e-06,1.6,-26.65631806220074,32.04119982655924,-22.36708913770493,32.04119982655924,62.75421709585441,99.9998650265928,99.9998650265928,0.0002942893100010567,0.002916754172344465,3,9,26,25,1,1,1,1,1,1,1,1
0.12,425,20261244,3.2068285606050574e-06,1.6,4.745825121291922e-06,1.6,-24.939242571508807,32.04119982655924,-23.2368826912273,32.04119982655924,32.42842964824448,99.99979957321496,99.99979957321496,0.0006647852651870359,0.001694280077927852,4,8,26,25,1,1,1,1,1,1,1,1
0.12,426,20261245,4.7924881394801115e-06,1.6,8.185620565841443e-06,1.6,-23.19438953246919,32.04119982655924,-20.86948390399334,32.04119982655924,41.45235415040928,99.99970046949127,99.99970046949127,0.000281700898384415,0.0014931227554294438,4,11,26,25,1,1,1,1,1,1,1,1
0.12,427,20261246,1.8443726641154025e-06,1.6,3.507708138218278e-06,1.6,-27.341513231864273,32.04119982655924,-24.549765496373738,32.04119982655924,47.41943766586458,99.9998847267085,99.9998847267085,0.0003028258781070627,0.00035237560804225813,4,7,26,25,1,1,1,1,1,1,1,1
0.12,428,20261247,2.5805424105511965e-06,1.6,4.061763078649211e-06,1.6,-25.88288999017201,32.04119982655924,-23.912854124516727,32.04119982655924,36.46743149259736,99.99983871609935,99.99983871609935,0.0001797048164593084,0.0003266846494000517,4,11,26,25,1,1,1,1,1,1,1,1
0.12,429,20261248,1.6765572433472e-06,1.6,4.1525952793777566e-06,1.6,-27.755816136963006,32.04119982655924,-23.816803940762593,32.04119982655924,59.62627873529677,99.9998952151723,99.9998952151723,0.0005686760017726451,0.0005690956563726188,3,8,26,25,1,1,1,1,1,1,1,1
0.12,430,20261249,2.6155241230972827e-06,1.6,5.215329025474175e-06,1.6,-25.824412701004245,32.04119982655924,-22.827182875365324,32.04119982655924,49.84929790005951,99.99983652974231,99.99983652974231,0.00039300334730581925,0.0017953104573520176,3,13,26,25,1,1,1,1,1,1,1,1
0.12,431,20261250,2.9478983686095234e-06,1.6,4.442750905348937e-06,1.6,-25.304874932393467,32.04119982655924,-23.52348035952261,32.04119982655924,33.647003142572245,99.99981575635196,99.99981575635196,0.0006861793186877009,0.0007439624701821951,4,8,26,25,1,1,1,1,1,1,1,1
0.12,432,20261251,2.3521466861191602e-06,1.6,3.3535528021115814e-06,1.6,-26.285355979931456,32.04119982655924,-24.744948512481365,32.04119982655924,29.861051102636008,99.99985299083211,99.99985299083211,0.0005921071832032102,0.0016546180563261105,5,10,26,25,1,1,1,1,1,1,1,1
0.12,433,20261252,1.5620391617311808e-06,1.6,3.2093089426263838e-06,1.6,-28.06308082167712,32.04119982655924,-24.9358847373664,32.04119982655924,51.32786560421124,99.9999023725524,99.9999023725524,0.0002802323519923249,0.0018198075860663514,4,8,26,25,1,1,1,1,1,1,1,1
0.12,434,20261253,2.039110929606081e-06,1.6,2.7667523594889765e-06,1.6,-26.905591475394846,32.04119982655924,-25.580297110146017,32.04119982655924,26.29947806450202,99.9998725555669,99.9998725555669,8.520675887521448e-05,0.00019857305084999542,4,11,26,25,1,1,1,1,1,1,1,1
0.12,435,20261254,2.281892064861854e-06,1.6,3.05599913565427e-06,1.6,-26.417049018737675,32.04119982655924,-25.14846772930325,32.04119982655924,25.33073592073135,99.99985738174595,99.99985738174595,0.0002796357809824833,0.0003064022927622663,4,8,26,25,1,1,1,1,1,1,1,1
0.12,436,20261255,3.758472207752439e-06,1.6,5.3591365267835536e-06,1.6,-24.24988656822537,32.04119982655924,-22.70905178938201,32.04119982655924,29.867951880520593,99.99976509548702,99.99976509548702,0.00021952114438304423,0.002153916839857742,5,10,26,25,1,1,1,1,1,1,1,1
0.12,437,20261256,1.9660765537442244e-06,1.6,2.934690321478921e-06,1.6,-27.06399575913138,32.04119982655924,-25.32437720231913,32.04119982655924,33.00565516727397,99.99987712021539,99.99987712021539,0.0004271888449051742,0.001238883233874266,4,8,26,25,1,1,1,1,1,1,1,1
0.12,438,20261257,3.0464745343775257e-06,1.6,3.986106938943547e-06,1.6,-25.16202447812134,32.04119982655924,-23.994510542632046,32.04119982655924,23.57268429971062,99.99980959534159,99.99980959534159,0.0007631199717787922,0.0018396403908181634,6,8,26,25,1,1,1,1,1,1,1,1
0.12,439,20261258,4.5033359792665315e-06,1.6,5.091433919487909e-06,1.6,-23.464656505280132,32.04119982655924,-22.931598884647933,32.04119982655924,11.55073304536824,99.9997185415013,99.9997185415013,0.0001464414834132134,0.0001490808064323508,4,7,26,25,1,1,1,1,1,1,1,1
0.12,440,20261259,2.5310884667310175e-06,1.6,2.8770615114539493e-06,1.6,-25.96692675093952,32.04119982655924,-25.410508528126808,32.04119982655924,12.025222378651584,99.99984180697084,99.99984180697084,0.0004366147025126009,0.002764825513332037,3,7,26,25,1,1,1,1,1,1,1,1
0.12,441,20261260,4.160160003749764e-06,1.6,4.901267088851767e-06,1.6,-23.80889965669102,32.04119982655924,-23.09691630469633,32.04119982655924,15.12072432836187,99.99973998999977,99.99973998999977,0.000912937176916866,0.0020233214048534023,4,7,26,25,1,1,1,1,1,1,1,1
0.12,442,20261261,2.6574764270132634e-06,1.6,2.719297455009414e-06,1.6,-25.755305791709752,32.04119982655924,-25.655432837683332,32.04119982655924,2.2734191098611043,99.99983390772331,99.99983390772331,0.0010435375904421329,0.0032272513677472007,4,7,26,25,1,1,1,1,1,1,1,1
0.12,443,20261262,2.650827553841985e-06,1.6,4.3807911593174e-06,1.6,-25.766185238137993,32.04119982655924,-23.584474499758755,32.04119982655924,39.48975293643013,99.99983432327788,99.99983432327788,0.00011232043528385441,8.488669298241912e-05,3,7,26,25,1,1,1,1,1,1,1,1
0.12,444,20261263,2.1510958233770654e-06,1.6,4.158908019953933e-06,1.6,-26.67340242965874,32.04119982655924,-23.81020684556486,32.04119982655924,48.2773888468711,99.99986555651103,99.99986555651103,0.00013608800674898424,0.0008332701773108592,7,8,26,25,1,1,1,1,1,1,1,1
0.12,445,20261264,4.801688304041625e-06,1.6,5.652747752197119e-06,1.6,-23.186060350803825,32.04119982655924,-22.477403940327342,32.04119982655924,15.05567708774379,99.999699894481,99.999699894481,0.00031623795658380373,0.0006501834876444168,4,8,26,25,1,1,1,1,1,1,1,1
0.12,446,20261265,3.0956316200387623e-06,1.6,4.9247463764391825e-06,1.6,-25.09250725929441,32.04119982655924,-23.07616130678893,32.04119982655924,37.14129858851643,99.99980652302376,99.99980652302376,0.00027170596894350303,0.00019421093037104287,7,16,26,25,1,1,1,1,1,1,1,1
0.12,447,20261266,3.454967622551808e-06,1.6,5.4601274456192895e-06,1.6,-24.615560181632922,32.04119982655924,-22.6279722024705,32.04119982655924,36.72368169128066,99.99978406452358,99.99978406452358,0.00011889919893986793,0.0001227708579706697,3,9,26,25,1,1,1,1,1,1,1,1
0.12,448,20261267,3.7697997450818942e-06,1.6,4.9934086455872355e-06,1.6,-24.236817192678984,32.04119982655924,-23.016028911326565,32.04119982655924,24.504481554632353,99.99976438751592,99.99976438751592,0.0011625096857286925,0.001169569256593963,4,7,26,25,1,1,1,1,1,1,1,1
0.12,449,20261268,3.4338588540302894e-06,1.6,5.89348158566878e-06,1.6,-24.64217560128973,32.04119982655924,-22.29628069094408,32.04119982655924,41.73462996167786,99.99978538382163,99.99978538382163,0.0003619325730012106,0.0004219330258137528,3,9,26,25,1,1,1,1,1,1,1,1
0.12,450,20261269,6.754724393080317e-06,1.6,1.0138727583183382e-05,1.6,-21.70392366406015,32.04119982655924,-19.940165458189295,32.04119982655924,33.377000835054965,99.99957782972544,99.99957782972544,0.0002749651154224201,0.005849407836384398,4,7,26,25,1,1,1,1,1,1,1,1
0.12,451,20261270,2.9086368493613296e-06,1.6,4.680900734662552e-06,1.6,-25.363104981285268,32.04119982655924,-23.296705686237654,32.04119982655924,37.861599417766456,99.9998182101969,99.9998182101969,0.0001259141454158819,0.0002616579792587545,4,7,26,25,1,1,1,1,1,1,1,1
0.12,452,20261271,6.246214805693518e-06,1.6,8.614158591684696e-06,1.6,-22.04383084575358,32.04119982655924,-20.647871368850605,32.04119982655924,27.48897365642849,99.99960961157466,99.99960961157466,0.00028860174336715314,0.00026223655565745625,4,9,26,25,1,1,1,1,1,1,1,1
0.12,453,20261272,2.3523283566238845e-06,1.6,3.3343010420120734e-06,1.6,-26.28502056100778,32.04119982655924,-24.769951918558164,32.04119982655924,29.45063067237686,99.99985297947771,99.99985297947771,9.811751078410827e-05,0.00011600069284678507,4,9,26,25,1,1,1,1,1,1,1,1
0.12,454,20261273,3.376583464966617e-06,1.6,4.966657552007125e-06,1.6,-24.7152251058872,32.04119982655924,-23.03935783310739,32.04119982655924,32.01497325697294,99.99978896353343,99.99978896353343,0.0005190122123096244,0.0017161986310864504,4,8,26,25,1,1,1,1,1,1,1,1
0.12,455,20261274,3.379814538687764e-06,1.6,4.899731522288463e-06,1.6,-24.711071302058798,32.04119982655924,-23.09827716212924,32.04119982655924,31.020413601984632,99.99978876159133,99.99978876159133,0.00031180063280748473,0.0007516440240418135,4,13,26,25,1,1,1,1,1,1,1,1
0.12,456,20261275,3.686994574100522e-06,1.6,4.55204542901281e-06,1.6,-24.33327501515103,32.04119982655924,-23.417934123706452,32.04119982655924,19.003563747383097,99.99976956283912,99.99976956283912,0.0003473808688848611,0.000349289297905658,4,13,26,25,1,1,1,1,1,1,1,1
0.12,457,20261276,2.464488650922196e-06,1.6,5.943710177223442e-06,1.6,-26.082731774496967,32.04119982655924,-22.259423754758277,32.04119982655924,58.53619073880444,99.99984596945932,99.99984596945932,0.00031628593625457476,0.0021246124108394897,3,7,26,25,1,1,1,1,1,1,1,1
0.12,458,20261277,2.640775380901692e-06,1.6,5.481011647588092e-06,1.6,-25.78268537446445,32.04119982655924,-22.611392750163127,32.04119982655924,51.81956268850916,99.9998349515387,99.9998349515387,0.0004185990201374407,0.001053355545844617,3,7,26,25,1,1,1,1,1,1,1,1
0.12,459,20261278,2.897842753129922e-06,1.6,3.944121266142613e-06,1.6,-25.379251845310975,32.04119982655924,-24.040497406864688,32.04119982655924,26.527544221173528,99.99981888482793,99.99981888482793,0.0004154031069794622,0.0004355909916986825,4,6,26,25,1,1,1,1,1,1,1,1
0.12,460,20261279,3.6308803074151906e-06,1.6,7.25344390027289e-06,1.6,-24.39988067442352,32.04119982655924,-21.394557435309633,32.04119982655924,49.94267058054189,99.99977306998078,99.99977306998078,0.0009029753779640803,0.001113984048082157,4,8,26,25,1,1,1,1,1,1,1,1
0.12,461,20261280,2.9646794293506348e-06,1.6,5.4699074543049396e-06,1.6,-25.28022260003208,32.04119982655924,-22.620200214590177,32.04119982655924,45.80019033014232,99.99981470753568,99.99981470753568,0.00022595099905295862,0.00019503224583625265,7,8,26,22,1,1,1,1,1,1,1,1
0.12,462,20261281,1.7873072854656761e-06,1.6,3.0347198798974006e-06,1.6,-27.47800774349725,32.04119982655924,-25.178813903315,32.04119982655924,41.104703030247975,99.99988829329465,99.99988829329465,0.0007705617211077204,0.0009988826398728214,3,7,26,25,1,1,1,1,1,1,1,1
0.12,463,20261282,4.06326425993337e-06,1.6,6.828055169158973e-06,1.6,-23.911249318210736,32.04119982655924,-21.65702978540825,32.04119982655924,40.49163108279556,99.99974604598376,99.99974604598376,0.00017010825858325141,0.0008104383893387712,3,10,26,25,1,1,1,1,1,1,1,1
0.12,464,20261283,1.818500581029573e-06,1.6,3.314361799315116e-06,1.6,-27.40286555847709,32.04119982655924,-24.796000852740452,32.04119982655924,45.132707557595246,99.9998863437137,99.9998863437137,0.001161414867066586,0.0032518843102850004,4,8,26,25,1,1,1,1,1,1,1,1
0.12,465,20261284,2.593696371000023e-06,1.6,3.3552503489808398e-06,1.6,-25.860808656140186,32.04119982655924,-24.742750697946576,32.04119982655924,22.69738167860229,99.99983789397682,99.99983789397682,0.0007820721800408736,0.0032643958947801894,4,7,26,25,1,1,1,1,1,1,1,1
0.12,466,20261285,5.160797374509012e-06,1.6,6.993159035738943e-06,1.6,-22.872831920558255,32.04119982655924,-21.553265950890218,32.04119982655924,26.202202064410955,99.99967745016409,99.99967745016409,0.00037925682562187985,0.0043066963984111925,8,9,26,25,1,1,1,1,1,1,1,1
0.12,467,20261286,4.558096541378676e-06,1.6,7.44344762372439e-06,1.6,-23.412164806159296,32.04119982655924,-21.282258632238936,32.04119982655924,38.76363787593906,99.99971511896618,99.99971511896618,8.50333425242085e-05,0.0002530763839380569,5,12,26,25,1,1,1,1,1,1,1,1
0.12,468,20261287,6.079807334247156e-06,1.6,9.327818917928583e-06,1.6,-22.161101830626407,32.04119982655924,-20.30219893514278,32.04119982655924,34.82069723114553,99.99962001204162,99.99962001204162,0.0003084505489827227,0.0005727407674231543,4,13,26,25,1,1,1,1,1,1,1,1
0.12,469,20261288,3.4217251232533602e-06,1.6,4.444416739081522e-06,1.6,-24.657548814837273,32.04119982655924,-23.521852253842038,32.04119982655924,23.01070479811733,99.9997861421798,99.9997861421798,0.0001763802519979354,0.00046888940109798247,3,7,26,25,1,1,1,1,1,1,1,1
0.12,470,20261289,5.328855293959127e-06,1.6,9.925655782954899e-06,1.6,-22.733660729451127,32.04119982655924,-20.032407900046415,32.04119982655924,46.31231013360097,99.99966694654412,99.99966694654412,0.00023290432348864113,0.0007229782975744229,5,9,26,25,1,1,1,1,1,1,1,1
0.12,471,20261290,2.5698343696012714e-06,1.6,2.346275556688813e-06,1.6,-25.900948668189926,32.04119982655924,-26.296209838139735,32.04119982655924,-9.528241995068836,99.9998393853519,99.9998393853519,0.00029529303553490306,0.0010557642812300313,4,7,26,25,1,1,1,1,0,1,1,1
0.12,472,20261291,3.4977745493571363e-06,1.6,3.95542385300995e-06,1.6,-24.562081866027825,32.04119982655924,-24.028069717970514,32.04119982655924,11.570171002143239,99.99978138909067,99.99978138909067,0.000371941053100938,0.0024838100811428203,3,7,26,25,1,1,1,1,1,1,1,1
0.12,473,20261292,3.254890091674008e-06,1.6,4.252076934206485e-06,1.6,-24.874636717303147,32.04119982655924,-23.713988862467943,32.04119982655924,23.451759174686018,99.99979656936927,99.99979656936927,0.00013496717178250114,0.00031547827578858696,3,7,26,25,1,1,1,1,1,1,1,1
0.12,474,20261293,1.6725609233922695e-06,1.6,3.342184318084496e-06,1.6,-27.766180540018766,32.04119982655924,-24.759696028807845,32.04119982655924,49.95605375975005,99.9998954649423,99.9998954649423,0.000656935608406718,0.0012007887666848128,4,8,26,25,1,1,1,1,1,1,1,1
0.12,475,20261294,3.0382103789307572e-06,1.6,4.733147840610191e-06,1.6,-25.17382156988914,32.04119982655924,-23.248499300643427,32.04119982655924,35.80994126439382,99.99981011185132,99.99981011185132,5.0989887832193325e-05,0.00010541055490552212,4,8,26,25,1,1,1,1,1,1,1,1
0.12,476,20261295,2.7359939830763067e-06,1.6,5.325954788153997e-06,1.6,-25.62884862039506,32.04119982655924,-22.73602524592267,32.04119982655924,48.62904226746889,99.99982900037605,99.99982900037605,0.0003764123098727517,0.000376521415790326,3,11,26,25,1,1,1,1,1,1,1,1
0.12,477,20261296,2.968798022832099e-06,1.6,3.88581369871132e-06,1.6,-25.274193478917564,32.04119982655924,-24.10518025033503,32.04119982655924,23.599064365420748,99.99981445012357,99.99981445012357,0.00044903435344817785,0.0030737057757917827,3,7,26,25,1,1,1,1,1,1,1,1
0.12,478,20261297,3.44661652262818e-06,1.6,4.877183814002128e-06,1.6,-24.62607034367241,32.04119982655924,-23.11830876169255,32.04119982655924,29.331830538493698,99.99978458646733,99.99978458646733,0.00024833361498519,0.005400951528413961,7,12,26,25,1,1,1,1,1,1,1,1
0.12,479,20261298,2.5993479189983217e-06,1.6,3.425260617403141e-06,1.6,-25.85135586913587,32.04119982655924,-24.653063788010368,32.04119982655924,24.11240459217916,99.99983754075508,99.99983754075508,0.0012561398494769713,0.002441654235713843,3,10,26,25,1,1,1,1,1,1,1,1
0.12,480,20261299,5.7418271438365404e-06,1.6,6.2223212700704486e-06,1.6,-22.409498859614093,32.04119982655924,-22.06047569213052,32.04119982655924,7.722104105184977,99.99964113580351,99.99964113580351,0.0006813889061158621,0.0002926861276760878,3,7,26,25,1,1,1,1,1,1,1,1
0.12,481,20261300,4.1841844533345415e-06,1.6,4.3946642820238485e-06,1.6,-23.78389178514674,32.04119982655924,-23.57074296024426,32.04119982655924,4.789440448278701,99.99973848847166,99.99973848847166,0.00014985687642968403,0.002929697126025855,3,8,26,25,1,1,1,1,1,1,1,1
0.12,482,20261301,3.5157784465207087e-06,1.6,4.236495200501317e-06,1.6,-24.539785006304516,32.04119982655924,-23.72993281266298,32.04119982655924,17.012098913633224,99.9997802638471,99.9997802638471,0.00018382815450818232,0.0003155108082774908,5,7,26,25,1,1,1,1,1,1,1,1
0.12,483,20261302,2.9807852445063243e-06,1.6,4.628572938462575e-06,1.6,-25.25669312288594,32.04119982655924,-23.34552888136009,32.04119982655924,35.60033979941081,99.99981370092223,99.99981370092223,0.0004192031472166835,0.0034614414705547436,3,7,26,25,1,1,1,1,1,1,1,1
0.12,484,20261303,4.140380719227478e-06,1.6,6.7964453322199494e-06,1.6,-23.829597224884033,32.04119982655924,-21.677181720353012,32.04119982655924,39.08020271127394,99.99974122620505,99.99974122620505,6.226366868566084e-05,0.00013580569998121442,6,8,26,25,1,1,1,1,1,1,1,1
0.12,485,20261304,2.7363886180076633e-06,1.6,3.7804901925978537e-06,1.6,-25.6282222468907,32.04119982655924,-24.22451884253305,32.04119982655924,27.61815323934781,99.99982897571138,99.99982897571138,0.00022716140696288408,0.00041887931726923794,4,7,26,25,1,1,1,1,1,1,1,1
0.12,486,20261305,3.892861354092123e-06,1.6,7.122647346680172e-06,1.6,-24.09731063588536,32.04119982655924,-21.47358557716675,32.04119982655924,45.34530260147493,99.99975669616536,99.99975669616536,0.000680494705175238,0.002562339967668285,3,7,26,25,1,1,1,1,1,1,1,1
0.12,487,20261306,4.237731441560642e-06,1.6,6.3346918804413904e-06,1.6,-23.728665693675364,32.04119982655924,-21.982745043603963,32.04119982655924,33.102800869529204,99.9997351417849,99.9997351417849,0.00025221185351443015,0.0002498154945842471,4,8,26,25,1,1,1,1,1,1,1,1
0.12,488,20261307,5.379926016563011e-06,1.6,5.696359024454908e-06,1.6,-22.69223696604868,32.04119982655924,-22.444026462276128,32.04119982655924,5.555004636003904,99.99966375462397,99.99966375462397,0.0001333405532501851,9.544997119714744e-05,5,8,26,25,1,1,1,1,1,1,1,1
0.12,489,20261308,3.231899188857965e-06,1.6,6.338235678588897e-06,1.6,-24.905421944338144,32.04119982655924,-21.9803161620162,32.04119982655924,49.009482247944845,99.9997980063007,99.9997980063007,0.0013602691812146584,0.0013716422302883142,4,6,26,25,1,1,1,1,1,1,1,1
0.12,490,20261309,4.587081154827918e-06,1.6,5.436724834650493e-06,1.6,-23.384635762442624,32.04119982655924,-22.64662647100737,32.04119982655924,15.62785878747156,99.99971330742783,99.99971330742783,0.00027644916223256983,0.000298772908078862,4,8,26,25,1,1,1,1,1,1,1,1
0.12,491,20261310,3.5744406122100955e-06,1.6,6.3156219164135634e-06,1.6,-24.467919141535226,32.04119982655924,-21.99583876847733,32.04119982655924,43.40318879886489,99.99977659746175,99.99977659746175,8.68805506815829e-05,0.00023014906379223085,3,15,26,25,1,1,1,1,1,1,1,1
0.12,492,20261311,3.714621683469639e-06,1.6,6.585236629762565e-06,1.6,-24.300854104761896,32.04119982655924,-21.814286147563003,32.04119982655924,43.591674949369704,99.9997678361448,99.9997678361448,0.00018099348454279736,0.00100903659195449,5,11,26,25,1,1,1,1,1,1,1,1
0.12,493,20261312,2.2708302218006034e-06,1.6,3.517731853685323e-06,1.6,-26.43815334512727,32.04119982655924,-24.537372686031695,32.04119982655924,35.44618190776575,99.99985807311114,99.99985807311114,0.0002673315315578511,0.0021414573666254824,5,8,26,25,1,1,1,1,1,1,1,1
0.12,494,20261313,2.324111837741132e-06,1.6,2.7426543010870366e-06,1.6,-26.3374297725193,32.04119982655924,-25.618289297603347,32.04119982655924,15.260489197636659,99.99985474301015,99.99985474301015,0.00025390047972567747,0.00046147132859686855,3,9,26,25,1,1,1,1,1,1,1,1
0.12,495,20261314,2.296068226660164e-06,1.6,3.3904935927686185e-06,1.6,-26.390152112123065,32.04119982655924,-24.697370720001004,32.04119982655924,32.27923416350614,99.99985649573584,99.99985649573584,0.0012615179197840414,0.002507458545505354,4,7,26,25,1,1,1,1,1,1,1,1
0.12,496,20261315,1.976854700430515e-06,1.6,2.6223851323541745e-06,1.6,-27.040252503222572,32.04119982655924,-25.81303526004679,32.04119982655924,24.61615664149804,99.99987644658123,99.99987644658123,0.00020619207202760044,0.0010016513996849356,4,7,26,25,1,1,1,1,1,1,1,1
0.12,497,20261316,3.6554391180664154e-06,1.6,5.169693609073368e-06,1.6,-24.370604449446553,32.04119982655924,-22.865351953648187,32.04119982655924,29.290991024096154,99.99977153505512,99.99977153505512,0.00052459534834947,0.008198449485193448,3,9,26,25,1,1,1,1,1,1,1,1
0.12,498,20261317,4.4563583771386435e-06,1.6,5.451164130085575e-06,1.6,-23.51019890779725,32.04119982655924,-22.635107415244285,32.04119982655924,18.24941845827919,99.99972147760143,99.99972147760143,0.0002749523848439065,0.0004242490499323497,4,7,26,25,1,1,1,1,1,1,1,1
0.12,499,20261318,5.332031991359278e-06,1.6,7.657267571442052e-06,1.6,-22.73107253551291,32.04119982655924,-21.159261768879766,32.04119982655924,30.36638798877541,99.99966674800054,99.99966674800054,0.00041023502689100646,0.0013329730054374574,3,9,26,25,1,1,1,1,1,1,1,1
0.12,500,20261319,2.961941173419537e-06,1.6,4.219716888903395e-06,1.6,-25.284235711736844,32.04119982655924,-23.747166859367994,32.04119982655924,29.807111438955435,99.99981487867666,99.99981487867666,0.00044980555299449276,0.0016363471519606455,4,10,26,25,1,1,1,1,1,1,1,1
