4,4,0.08,1,20664820,0.0003501004669195198,0.0008895717341733812,-4.5580731002778165,-0.5081902509604743,60.6439308410755,9,20,1,1,1,1,1,0,0,1
4,4,0.08,2,20664821,0.0002624402792255025,0.00036960578425314925,-5.809695088432916,-4.3226124078102215,28.994542183421917,7,12,1,1,1,1,1,0,0,1
4,4,0.08,3,20664822,0.0010604325415062706,0.0013947340556125858,0.25483046465582704,1.444914053223771,23.968835690291186,6,18,1,1,1,1,1,0,0,1
4,4,0.08,4,20664823,0.0004808176528923243,0.0008030643902629125,-3.1801959588678903,-0.9524963129075708,40.12713566655457,10,25,1,0,1,1,1,0,0,1
4,4,0.08,5,20664824,0.0005865839189573999,0.0019144947177325755,-2.31669847260333,2.8205417242684607,69.3609016768603,13,17,1,1,1,1,1,0,0,1
4,4,0.08,6,20664825,0.0004460264307475865,0.0010549389775620505,-3.506394049925263,0.23227338804755718,57.7201676841681,7,19,1,1,1,1,1,0,0,1
4,4,0.08,7,20664826,0.00018354215053803736,0.0004147106650213304,-7.362641840333822,-3.822547958384038,55.7421195018949,5,16,1,1,1,1,1,0,0,1
4,4,0.08,8,20664827,0.00022138065914240943,0.0003936938450919066,-6.548603238124527,-4.04841374804681,43.76832101839722,7,15,1,1,1,1,1,0,0,1
4,4,0.08,9,20664828,0.00025403069720188615,0.0004527412155263869,-5.951137998373206,-3.441499674864115,43.89052984572361,8,19,1,1,1,1,1,0,0,1
4,4,0.08,10,20664829,0.0003316905571498285,0.0007901864028387022,-4.792668921708929,-1.022704477283863,58.023757943917026,8,25,1,0,1,1,1,0,0,1
4,4,0.08,11,20664830,0.0005104486102670317,0.0007132683224493732,-2.9204797424478923,-1.4674706336320607,28.435261429507452,6,20,1,1,1,1,1,0,0,1
4,4,0.08,12,20664831,0.0005237008867037653,0.0013482832934907428,-2.809166907725138,1.297811532329902,61.15794883522667,9,24,1,1,1,1,1,0,0,1
4,4,0.08,13,20664832,0.0002337148567317127,0.0004463505265730731,-6.313136795995501,-3.503239485396214,47.63871826788342,5,25,1,0,1,1,1,0,0,1
4,4,0.08,14,20664833,0.0004646800051841922,0.0006072471448096847,-3.328460144696885,-2.166345185093511,23.477613825615276,8,17,1,1,1,1,1,0,0,1
4,4,0.08,15,20664834,0.00029430234469196364,0.0005202709895617152,-5.312062778843332,-2.837703897959139,43.43287429116723,6,15,1,1,1,1,1,0,0,1
4,4,0.08,16,20664835,0.0005378162754468228,0.0011052732043160566,-2.6936605925330253,0.43469641334649434,51.34087451440355,8,25,1,0,1,1,1,0,0,1
4,4,0.08,17,20664836,0.0005602077952342761,0.0007840598359335142,-2.5165085230702893,-1.056507926419186,28.550377208483877,6,24,1,1,1,1,1,0,0,1
4,4,0.08,18,20664837,0.0004580856809637355,0.000742572355045166,-3.3905328337263474,-1.2926122299946208,38.31097025745416,8,25,1,0,1,1,1,0,0,1
4,4,0.08,19,20664838,0.0002133791131620299,0.000379878198856259,-6.708480942012603,-4.203556298148702,43.82959753824414,5,13,1,1,1,1,1,0,0,1
4,4,0.08,20,20664839,0.0002461412306353246,0.00047604994831351564,-6.088156323857643,-3.2234747765997467,48.29508300393269,4,11,1,1,1,1,1,0,0,1
4,4,0.08,21,20664840,0.00060228790683776,0.0007668177818667906,-2.2019585681340734,-1.153078247492639,21.45618932159978,8,19,1,1,1,1,1,0,0,1
4,4,0.08,22,20664841,0.00034639832532444456,0.000646812797029695,-4.604242162624011,-1.8922139627274484,46.44535066170908,6,25,1,0,1,1,1,0,0,1
4,4,0.08,23,20664842,0.00020744685509899537,0.00043611896809135647,-6.830931447034356,-3.6039502417669027,52.43342521723563,6,17,1,1,1,1,1,0,0,1
4,4,0.08,24,20664843,0.0006616423352604778,0.0010431899879688286,-1.7937671418436594,0.18363410260203017,36.57508767422639,12,25,1,0,1,1,1,0,0,1
4,4,0.08,25,20664844,0.00038735249383223936,0.0006521618858534735,-4.118936436366044,-1.856445861605496,40.60485559880312,23,17,1,1,1,1,1,0,0,1
4,4,0.08,26,20664845,0.0003255629478382024,0.0003336822130566924,-4.8736502781558295,-4.766669428124215,2.433232848737585,9,16,1,1,1,1,1,0,0,1
4,4,0.08,27,20664846,0.0008767065839403118,0.0011923739342975834,-0.5714573194433967,0.7641247363830437,26.47385532989098,10,25,1,0,1,1,1,0,0,1
4,4,0.08,28,20664847,0.0002569162426245894,0.0005219052544683469,-5.90208438126642,-2.8240833070705924,50.77339413141104,6,13,1,1,1,1,1,0,0,1
4,4,0.08,29,20664848,0.00036079404853481696,0.0006454149575318156,-4.427406349599349,-1.9016097401383438,44.098901904201426,13,25,1,0,1,1,1,0,0,1
4,4,0.08,30,20664849,0.00038258114559896507,0.0010038287920574804,-4.172764367240276,0.01659648062874169,61.8878090939378,7,18,1,1,1,1,1,0,0,1
4,4,0.08,31,20664850,0.00029879796569610306,0.0008431526061736518,-5.24622363650362,-0.7409381325075647,64.56181674488425,13,14,1,1,1,1,1,0,0,1
4,4,0.08,32,20664851,0.00037213976276498974,0.0006642238142819537,-4.2929392356402625,-1.776855577863559,43.97373976010116,9,21,1,1,1,1,1,0,0,1
4,4,0.08,33,20664852,0.000433655741152218,0.000743619724630204,-3.628548996271181,-1.2864909901788653,41.683130935254376,11,17,1,1,1,1,1,0,0,1
4,4,0.08,34,20664853,0.00030582661333237435,0.0004999701252527183,-5.1452472454670275,-3.010559453150136,38.83102251803763,6,25,1,0,1,1,1,0,0,1
4,4,0.08,35,20664854,0.00037360626974612877,0.0005738494309301645,-4.275858441836494,-2.4120204470002533,34.89472157521484,11,24,1,1,1,1,1,0,0,1
4,4,0.08,36,20664855,0.000565552673686781,0.0009135730728004172,-2.475269401175084,-0.39256709565097975,38.094423913659504,7,18,1,1,1,1,1,0,0,1
4,4,0.08,37,20664856,0.0005353943061153342,0.0008617420059375063,-2.7132625181894063,-0.6462273669092532,37.87069651631198,11,17,1,1,1,1,1,0,0,1
4,4,0.08,38,20664857,0.000423301281350934,0.0007106863667746186,-3.7335041689618165,-1.4832201562742409,40.43768093201985,6,19,1,1,1,1,1,0,0,1
4,4,0.08,39,20664858,0.0006033423690203985,0.0010877403870152029,-2.1943617578476244,0.3652525387263802,44.532502771549126,6,13,1,1,1,1,1,0,0,1
4,4,0.08,40,20664859,0.0003888937649663038,0.0005907119941786917,-4.101690197284356,-2.2862421087112237,34.16524993588287,7,17,1,1,1,1,1,0,0,1
4,4,0.08,41,20664860,0.000505619412813515,0.000732214965681918,-2.961762600501618,-1.3536139885430614,30.946588568750794,9,25,1,0,1,1,1,0,0,1
4,4,0.08,42,20664861,0.0004326203769441566,0.0009126958632574916,-3.6389302861863633,-0.3967391788063356,52.59972194898566,4,25,1,0,1,1,1,0,0,1
4,4,0.08,43,20664862,0.00043567832218751695,0.0006052896414843438,-3.608340484841559,-2.1803675824453266,28.021513614687215,4,25,1,0,1,1,1,0,0,1
4,4,0.08,44,20664863,0.00027041936949071915,0.0004150615339872207,-5.679622041443756,-3.818875131913803,34.848366483644064,7,15,1,1,1,1,1,0,0,1
4,4,0.08,45,20664864,0.000665965609536146,0.0009977671426381692,-1.7654819721755506,-0.009708018659578033,33.25440565468168,12,19,1,1,1,1,1,0,0,1
4,4,0.08,46,20664865,0.0006734487768746438,0.001358327637852906,-1.7169543151737132,1.330045373593462,50.420741056321496,6,20,1,1,1,1,1,0,0,1
4,4,0.08,47,20664866,0.0011952898451768428,0.002930958545719877,0.7747322988466889,4.6700967599816785,59.21846636410663,25,18,0,1,1,1,1,0,0,1
4,4,0.08,48,20664867,0.0005921622708015632,0.0015639982360808554,-2.2755926682965537,1.9423625891514447,62.137919523142635,6,25,1,0,1,1,1,0,0,1
4,4,0.08,49,20664868,0.0002591441832538104,0.00035622670565106944,-5.864585348820378,-4.482735254057914,27.253016367715325,5,13,1,1,1,1,1,0,0,1
4,4,0.08,50,20664869,0.0002307014768219299,0.00029338659581649133,-6.3694962535943525,-5.3255973199209805,21.36604735472304,6,13,1,1,1,1,1,0,0,1
4,4,0.08,51,20664870,0.0006822482654700213,0.0012842680982029873,-1.6605755979548769,1.0865569461775488,46.87649203272608,6,16,1,1,1,1,1,0,0,1
4,4,0.08,52,20664871,0.000447300134428241,0.0006221016052877768,-3.494009713077041,-2.06138677990679,28.098540394968886,12,25,1,0,1,1,1,0,0,1
4,4,0.08,53,20664872,0.00035517415174695277,0.00041083487610185133,-4.495586480796405,-3.8633269590322357,13.548198459446159,6,11,1,1,1,1,1,0,0,1
4,4,0.08,54,20664873,0.0005814401236754356,0.0012328691292617846,-2.354950019952822,0.9091697809129079,52.83845544712525,8,19,1,1,1,1,1,0,0,1
4,4,0.08,55,20664874,0.0007206190752469777,0.0007594071037991578,-1.4229424600909644,-1.1952534461214879,5.10767259854846,8,14,1,1,1,1,1,0,0,1
4,4,0.08,56,20664875,0.0005006950508590075,0.0008494447851648396,-3.0042670138168996,-0.7086484549129723,41.05619816574131,8,17,1,1,1,1,1,0,0,1
4,4,0.08,57,20664876,0.0002996297467193666,0.00039307945268883115,-5.234150728324689,-4.055196573172404,23.773744806610644,5,15,1,1,1,1,1,0,0,1
4,4,0.08,58,20664877,0.0005535044500100727,0.0012791002536843368,-2.5687888317360494,1.0690458506940679,56.727047124277284,4,15,1,1,1,1,1,0,0,1
4,4,0.08,59,20664878,0.00034426247396473846,0.0004241859870182118,-4.631103146123431,-3.724436824983491,18.841620303228435,7,13,1,1,1,1,1,0,0,1
4,4,0.08,60,20664879,0.0004331853494629746,0.0007923322474393452,-3.633262398467628,-1.010926681931104,45.32781533719719,9,25,1,0,1,1,1,0,0,1
4,4,0.08,61,20664880,0.00014093105876641327,0.00023108110621902645,-8.509932853546166,-6.362355620944945,39.0122969928861,8,25,1,0,1,1,1,0,0,1
4,4,0.08,62,20664881,0.00024719715166592325,0.0004606603428143227,-6.069565377211622,-3.3661917354768045,46.33852131578853,7,14,1,1,1,1,1,0,0,1
4,4,0.08,63,20664882,0.0009619042752835467,0.0013263227841414243,-0.16868144994038162,1.2264923018642346,27.475853782741023,11,18,1,1,1,1,1,0,0,1
4,4,0.08,64,20664883,0.0005777816879219071,0.0017347105885195627,-2.382362267017461,2.3922702939021376,66.69290590916393,11,23,1,1,1,1,1,0,0,1
4,4,0.08,65,20664884,0.000252846962982293,0.0004302201141297813,-5.9714225843623305,-3.663092888547296,41.228465458028644,8,15,1,1,1,1,1,0,0,1
4,4,0.08,66,20664885,0.00041942603092067843,0.0006332017922274843,-3.7734461932993253,-1.9845786457183392,33.761079632258,8,19,1,1,1,1,1,0,0,1
4,4,0.08,67,20664886,0.000416235868352003,0.0005944965098943383,-3.8066049799235757,-2.2585069064676877,29.98514517335318,12,22,1,1,1,1,1,0,0,1
4,4,0.08,68,20664887,0.0004822075787642027,0.0005748054301326663,-3.167659681816936,-2.4047913777943735,16.109425296676793,5,18,1,1,1,1,1,0,0,1
4,4,0.08,69,20664888,0.0002405873177631598,0.000537223606698857,-6.187272696422427,-2.6984491180043,55.21654023330698,6,15,1,1,1,1,1,0,0,1
4,4,0.08,70,20664889,0.00043316019661504915,0.0006725184464875068,-3.633514578284578,-1.7229579891237357,35.591328553529,5,25,1,0,1,1,1,0,0,1
4,4,0.08,71,20664890,0.00031794414743616003,0.0005272016145404367,-4.976491648919547,-2.7802326839711036,39.69211423729934,6,15,1,1,1,1,1,0,0,1
4,4,0.08,72,20664891,0.00032964845838463655,0.0003871875127855663,-4.819489509125766,-4.120786576027267,14.860772235905303,9,25,1,0,1,1,1,0,0,1
4,4,0.08,73,20664892,0.0007683234027026051,0.0013392706760328589,-1.144559382425838,1.2686835985554767,42.63120842916489,4,25,1,0,1,1,1,0,0,1
4,4,0.08,74,20664893,0.0007975257442821568,0.0016427752971313412,-0.9825528893633186,2.155781636239038,51.45253610309225,8,21,1,1,1,1,1,0,0,1
4,4,0.08,75,20664894,0.0005121212472148595,0.0007536638019784128,-2.906272055037265,-1.2282234313148819,32.0491118360056,5,24,1,1,1,1,1,0,0,1
4,4,0.08,76,20664895,0.0004119922571710259,0.0006683447026022123,-3.851109458588458,-1.749994898800597,38.35632188496047,4,20,1,1,1,1,1,0,0,1
4,4,0.08,77,20664896,0.0006785344871799508,0.001279888644187527,-1.6842807400082895,1.0717218580518038,46.98488104715669,6,25,1,0,1,1,1,0,0,1
4,4,0.08,78,20664897,0.0003641798981392619,0.0005471533402154363,-4.386840298978566,-2.618909451895704,33.440980549279,6,18,1,1,1,1,1,0,0,1
4,4,0.08,79,20664898,0.00023542345604723883,0.000683100852280022,-6.281502690865021,-1.6551517281146955,65.53606173064293,7,25,1,0,1,1,1,0,0,1
4,4,0.08,80,20664899,0.0002291507598778358,0.0003857776314906778,-6.398786982699306,-4.13662957619557,40.60029893584611,9,14,1,1,1,1,1,0,0,1
4,4,0.08,81,20664900,0.0004310713239964277,0.0008601709302002802,-3.654508666017745,-0.6541523867908663,49.88538802444091,4,21,1,1,1,1,1,0,0,1
4,4,0.08,82,20664901,0.0027949212658251107,0.005749247525220015,4.463695781260863,7.5961100694534,51.38631179880965,7,16,1,1,1,1,1,0,0,1
4,4,0.08,83,20664902,0.0008577046008628037,0.002036435687375453,-0.6666226029197858,3.0887069919540666,57.88206786101806,11,25,1,0,1,1,1,0,0,1
4,4,0.08,84,20664903,0.0010593175227096125,0.0015301435936499875,0.25026156227960916,1.84732188336299,30.770057979805134,25,25,0,0,1,1,1,0,0,1
4,4,0.08,85,20664904,0.00057905827348309,0.000778812431494885,-2.3727772888279226,-1.0856712483749522,25.648557975426574,7,11,1,1,1,1,1,0,0,1
4,4,0.08,86,20664905,0.000582186836412907,0.0015639120914064633,-2.349376184400919,1.9421233741303832,62.77368532336543,5,16,1,1,1,1,1,0,0,1
4,4,0.08,87,20664906,0.0007839616449178183,0.0013520186538936712,-1.0570518451966477,1.309826836375699,42.01547126142887,12,25,1,0,1,1,1,0,0,1
4,4,0.08,88,20664907,0.0006093920900377709,0.0010364672491203777,-2.151031872568355,0.155555835634864,41.2048870280324,6,25,1,0,1,1,1,0,0,1
4,4,0.08,89,20664908,0.0011699626193633433,0.0014185601881402908,0.6817198613627189,1.5184776721869673,17.52464018483804,9,17,1,1,1,1,1,0,0,1
4,4,0.08,90,20664909,0.0008159388406125067,0.0017459698040280106,-0.883423929372395,2.4203672845465363,53.26729942693691,15,25,1,0,1,1,1,0,0,1
4,4,0.08,91,20664910,0.00036591385309249133,0.0005978884554168648,-4.366211482949197,-2.2337983225831834,38.79897666909026,22,25,1,0,1,1,1,0,0,1
4,4,0.08,92,20664911,0.00020821863727637368,0.00050047095399976,-6.814804001663408,-3.0062112274744983,58.39546019358527,11,25,1,0,1,1,1,0,0,1
4,4,0.08,93,20664912,0.0002002329981587502,0.0003811819433375758,-6.984643497471387,-4.1886768016011695,47.47049233089635,7,15,1,1,1,1,1,0,0,1
4,4,0.08,94,20664913,0.0004685548232339397,0.0009330587668458948,-3.2923958719879565,-0.3009100222011925,49.782924732829095,5,17,1,1,1,1,1,0,0,1
4,4,0.08,95,20664914,0.00035419976944800247,0.0012449052459560302,-4.507517258322594,0.9513629703458816,71.54805391024011,5,12,1,1,1,1,1,0,0,1
4,4,0.08,96,20664915,0.00028273950089996696,0.000615264923054896,-5.486135129661394,-2.109378438229713,54.04589302830449,6,22,1,1,1,1,1,0,0,1
4,4,0.08,97,20664916,0.0006281804001710214,0.0012974344770371367,-2.0191561812911396,1.1308543435884177,51.58288057786513,7,25,1,0,1,1,1,0,0,1
4,4,0.08,98,20664917,0.0005709874452949809,0.00101880730752372,-2.4337344078927385,0.08092051334614789,43.95530527918921,6,12,1,1,1,1,1,0,0,1
4,4,0.08,99,20664918,0.00018956894670852693,0.0005624509406919185,-7.222328029560995,-2.499153525338725,66.29591436449157,10,17,1,1,1,1,1,0,0,1
4,4,0.08,100,20664919,0.0010599516130775088,0.0012571065066090854,0.2528604012035826,0.9937207424371541,15.683229105494132,13,25,1,0,1,1,1,0,0,1
4,4,0.08,101,20664920,0.0004770376529159931,0.0007959146320521083,-3.2144734043940164,-0.9913351117804643,40.06421873586544,5,18,1,1,1,1,1,0,0,1
4,4,0.08,102,20664921,0.00037018613439577077,0.00040471826626416635,-4.315798521097984,-3.9284719403020256,8.532387773636065,5,12,1,1,1,1,1,0,0,1
4,4,0.08,103,20664922,0.00038621046967763706,0.0009193014951008114,-4.131759572226162,-0.3654203357033221,57.988704278645294,4,18,1,1,1,1,1,0,0,1
4,4,0.08,104,20664923,0.0006676987124052256,0.001780253699570354,-1.7541946126216605,2.5048189695627023,62.49418200527442,9,18,1,1,1,1,1,0,0,1
4,4,0.08,105,20664924,0.00045469433891855095,0.0009516126707133407,-3.42280452858318,-0.21539783969522883,52.2185493203126,8,25,1,0,1,1,1,0,0,1
4,4,0.08,106,20664925,0.00032297133572105227,0.00048133104816185606,-4.908360203641981,-3.1755612334141325,32.900373463453064,5,19,1,1,1,1,1,0,0,1
4,4,0.08,107,20664926,0.0012286042897850155,0.0019189147827207431,0.8941202736536801,2.83055688536457,35.974004638026045,9,16,1,1,1,1,1,0,0,1
4,4,0.08,108,20664927,0.000471715892076609,0.0007771472188689226,-3.2631949215600544,-1.0949670283855453,39.30160455786552,6,14,1,1,1,1,1,0,0,1
4,4,0.08,109,20664928,0.0014542107440593094,0.002777829131960831,1.626273489919575,4.437055281802916,47.64938104624159,12,25,1,0,1,1,1,0,0,1
4,4,0.08,110,20664929,0.000401314305496929,0.000614133400172962,-3.9651535886161797,-2.1173728249674815,34.65356136241662,7,25,1,0,1,1,1,0,0,1
4,4,0.08,111,20664930,0.00037885216301593674,0.0006844011115313862,-4.21530228849543,-1.6468929379552608,44.644718333634266,14,23,1,1,1,1,1,0,0,1
4,4,0.08,112,20664931,0.0003032117673069861,0.000584108114107938,-5.182539482335074,-2.335067607388595,48.08978680769444,5,16,1,1,1,1,1,0,0,1
4,4,0.08,113,20664932,0.000354200521885846,0.0007784689470139155,-4.50750803247649,-1.0875870667900724,54.50036597548258,7,21,1,1,1,1,1,0,0,1
4,4,0.08,114,20664933,0.00026064210965544987,0.0006724788169447302,-5.839554178114534,-1.7232139136853855,61.2415881232328,6,25,1,0,1,1,1,0,0,1
4,4,0.08,115,20664934,0.00032840438364302546,0.0005468642186121203,-4.835910544171816,-2.6212049163300577,39.94772880250261,6,25,1,0,1,1,1,0,0,1
4,4,0.08,116,20664935,0.0002133236140505369,0.0003473000825027193,-6.709610672687881,-4.592951135205896,38.5765725958713,5,15,1,1,1,1,1,0,0,1
4,4,0.08,117,20664936,0.0002520276765674583,0.00038511311125688605,-5.985517642957521,-4.1441169547857735,34.5574925390308,6,23,1,1,1,1,1,0,0,1
4,4,0.08,118,20664937,0.0003604398214551912,0.0004144103335685753,-4.431672341111753,-3.8256942373614136,13.023447472613096,4,20,1,1,1,1,1,0,0,1
4,4,0.08,119,20664938,0.000369677628266315,0.0006084930495078968,-4.321768307752097,-2.157443781202047,39.24702532505797,4,15,1,1,1,1,1,0,0,1
4,4,0.08,120,20664939,0.0003337758731502723,0.000504764033069383,-4.765450593176407,-2.969115982884751,33.87486998218973,4,21,1,1,1,1,1,0,0,1
4,4,0.08,121,20664940,0.00023596760795069658,0.0003332651083243011,-6.271476099696594,-4.772101530524586,29.195225645681482,5,18,1,1,1,1,1,0,0,1
4,4,0.08,122,20664941,0.0010883742709249717,0.0013448085897625533,0.36778266544522403,1.2866047443094144,19.068462291935464,6,14,1,1,1,1,1,0,0,1
4,4,0.08,123,20664942,0.00013745266430417597,0.00025407982678807,-8.618468376219862,-5.950298153212087,45.901779750965304,3,22,1,1,1,1,1,0,0,1
4,4,0.08,124,20664943,0.0003223158669830055,0.00040923556927364985,-4.917183144890707,-3.8802662601576725,21.23952774801997,7,11,1,1,1,1,1,0,0,1
4,4,0.08,125,20664944,0.0005633938008824777,0.0007008059284470935,-2.4918793593978066,-1.5440223292306836,19.607729042633178,9,23,1,1,1,1,1,0,0,1
4,4,0.08,126,20664945,0.00017081015595904857,0.0002786357327145777,-7.674863107790598,-5.549631896864222,38.697684501930325,5,9,1,1,1,1,1,0,0,1
4,4,0.08,127,20664946,0.00041826372616884217,0.0008598770776435192,-3.785497978812395,-0.6556362819444213,51.357730419435306,10,25,1,0,1,1,1,0,0,1
4,4,0.08,128,20664947,0.00040887547460164624,0.0007599265216475752,-3.8840893875994524,-1.1922839822673357,46.19539350789142,8,25,1,0,1,1,1,0,0,1
4,4,0.08,129,20664948,0.0003304892767997871,0.0010932102731330243,-4.808426272592244,0.3870370419883481,69.76891958281365,4,14,1,1,1,1,1,0,0,1
4,4,0.08,130,20664949,0.0005206179662473845,0.0009266358231199729,-2.834808486980363,-0.33090914274674355,43.81633504147623,8,25,1,0,1,1,1,0,0,1
4,4,0.08,131,20664950,0.0006039406084656215,0.0007946756966563664,-2.190057678091221,-0.9981006868617386,24.001625945435517,5,25,1,0,1,1,1,0,0,1
4,4,0.08,132,20664951,0.0003197933290631298,0.0009290995237291448,-4.951305999434087,-0.31937762549594656,65.58029351047678,6,24,1,1,1,1,1,0,0,1
4,4,0.08,133,20664952,0.000324661750951157,0.0005419561704251659,-4.885688734599866,-2.660358347017967,40.09446359906575,4,17,1,1,1,1,1,0,0,1
4,4,0.08,134,20664953,0.00047478160753719305,0.0009343718270858729,-3.235061134323188,-0.2948026475821781,49.18708015652119,8,21,1,1,1,1,1,0,0,1
4,4,0.08,135,20664954,0.0005503649421714413,0.0004891903809954052,-2.593492381199364,-3.1052209113225215,-12.505266569542517,9,14,1,1,1,1,0,1,0,1
4,4,0.08,136,20664955,0.0013063840744889244,0.0017690887839104147,1.1607087748202685,2.4774962906280913,26.1549738842797,11,25,1,0,1,1,1,0,0,1
4,4,0.08,137,20664956,0.00030223221751873267,0.0006956779971337505,-5.196592423635651,-1.5759173226763497,56.55573142115263,9,19,1,1,1,1,1,0,0,1
4,4,0.08,138,20664957,0.0003257253259837156,0.00047522566418019247,-4.871484726068567,-3.2310011366896214,31.458809880223647,9,25,1,0,1,1,1,0,0,1
4,4,0.08,139,20664958,0.0004064199508608882,0.0007657776207941648,-3.910249809994293,-1.1589732969324038,46.92715746388588,18,25,1,0,1,1,1,0,0,1
4,4,0.08,140,20664959,0.0008721710469226472,0.001399273179394295,-0.5939833450555907,1.4590250986117361,37.66970883411165,4,11,1,1,1,1,1,0,0,1
4,4,0.08,141,20664960,0.0004747237946920291,0.0008286752418299602,-3.235589994919661,-0.8161563629477147,42.71292652068397,5,17,1,1,1,1,1,0,0,1
4,4,0.08,142,20664961,0.0004729602188559868,0.0012730293040816058,-3.2517538665730408,1.048384008684705,62.847656582643104,7,22,1,1,1,1,1,0,0,1
4,4,0.08,143,20664962,0.00032505579174655307,0.001213179768762463,-4.880420914268087,0.8392515931412442,73.20629636956977,9,20,1,1,1,1,1,0,0,1
4,4,0.08,144,20664963,0.0008879523726030075,0.003152347697754493,-0.516103279943912,4.986341132871121,71.83202940349754,11,25,1,0,1,1,1,0,0,1
4,4,0.08,145,20664964,0.0006821260012307258,0.0012554035752441683,-1.6613539574695375,0.9878336113690223,45.66480336030136,6,13,1,1,1,1,1,0,0,1
4,4,0.08,146,20664965,0.0004809537817567849,0.0017311478422430797,-3.178966560428138,2.383341587642446,72.21763675980417,11,25,1,0,1,1,1,0,0,1
4,4,0.08,147,20664966,0.0007149655420351782,0.0007500193874226181,-1.4571488863890936,-1.249275102858505,4.67372523634351,6,13,1,1,1,1,1,0,0,1
4,4,0.08,148,20664967,0.00033564675149578644,0.0011502767894187704,-4.741175517094541,0.6080235657388077,70.82034910350689,6,25,1,0,1,1,1,0,0,1
4,4,0.08,149,20664968,0.0003476385934756092,0.000693104954840363,-4.588720158738501,-1.5920099647517323,49.84329702913784,7,25,1,0,1,1,1,0,0,1
4,4,0.08,150,20664969,0.0005560919866385943,0.0024873788066807254,-2.5485336312075235,3.9574192967021538,77.64345401894498,10,25,1,0,1,1,1,0,0,1
4,4,0.08,151,20664970,0.00034979261047463685,0.00041749897754611955,-4.561893694256301,-3.793445837651025,16.217133624956823,5,17,1,1,1,1,1,0,0,1
4,4,0.08,152,20664971,0.00035105522112929957,0.0006019155810238882,-4.546245634617174,-2.2046441450023897,41.67700053018444,8,16,1,1,1,1,1,0,0,1
4,4,0.08,153,20664972,0.00034194179519489226,0.00041930744757134305,-4.660478125899169,-3.7746742376286804,18.450817609979946,6,13,1,1,1,1,1,0,0,1
4,4,0.08,154,20664973,0.0010108568803376364,0.004445234600464121,0.0468967143717724,6.478946861157774,77.25976306780088,10,25,1,0,1,1,1,0,0,1
4,4,0.08,155,20664974,0.0006731963965850037,0.0012251834094872908,-1.7185821733590065,0.8820110728495558,45.05341882920861,9,22,1,1,1,1,1,0,0,1
4,4,0.08,156,20664975,0.00017724274354196976,0.0002707429250905365,-7.514315361403319,-5.674428833057272,34.53467214971555,4,16,1,1,1,1,1,0,0,1
4,4,0.08,157,20664976,0.00031736948717887327,0.0004228328009627833,-4.984348299026685,-3.7383132996302706,24.942084328314124,9,13,1,1,1,1,1,0,0,1
4,4,0.08,158,20664977,0.0004645793530150992,0.0004874680722327025,-3.3294009516183087,-3.120538240828604,4.695429407872457,5,15,1,1,1,1,1,0,0,1
4,4,0.08,159,20664978,0.0006061812567105647,0.001107879061924819,-2.17397496264372,0.44492354611420637,45.28452810928741,10,15,1,1,1,1,1,0,0,1
4,4,0.08,160,20664979,0.0005775313562993467,0.0008306393542012165,-2.384244313525446,-0.8058749664590492,30.471467144157987,7,18,1,1,1,1,1,0,0,1
4,4,0.08,161,20664980,0.0004286292878001766,0.000849351964852429,-3.679181573832296,-0.7091230419938357,49.534550393999616,8,14,1,1,1,1,1,0,0,1
4,4,0.08,162,20664981,0.000621740817905913,0.000986915041061459,-2.0639061982922113,-0.0572023211891998,37.00158655630472,20,25,1,0,1,1,1,0,0,1
4,4,0.08,163,20664982,0.00025980461478617356,0.00042044018062348677,-5.853531390275382,-3.762957860091812,38.20652098453116,9,19,1,1,1,1,1,0,0,1
4,4,0.08,164,20664983,0.0007048305095105065,0.0011985207752855944,-1.5191530518443046,0.7864556654129874,41.19163188117844,10,25,1,0,1,1,1,0,0,1
4,4,0.08,165,20664984,0.00044779883067613623,0.0010596618163402536,-3.4891704481586445,0.2516728532960162,57.74134504320483,10,25,1,0,1,1,1,0,0,1
4,4,0.08,166,20664985,0.000829569618719475,0.0011784387062736725,-0.8114716146965613,0.7130699863854922,29.604347319628737,9,16,1,1,1,1,1,0,0,1
4,4,0.08,167,20664986,0.0003394373298416416,0.0009092603444728902,-4.692403975730512,-0.4131174936377685,62.668851456574,7,20,1,1,1,1,1,0,0,1
4,4,0.08,168,20664987,0.0003086619421952607,0.00046318968479975567,-5.105169154272451,-3.342411208791268,33.36165456087386,6,15,1,1,1,1,1,0,0,1
4,4,0.08,169,20664988,0.0005023168183906842,0.0009229841420363262,-2.990222807056904,-0.3480576060494496,45.576874453936796,6,12,1,1,1,1,1,0,0,1
4,4,0.08,170,20664989,0.0002816345169829881,0.0004186031024599002,-5.503141193573757,-3.781975572294825,32.72039425222198,7,11,1,1,1,1,1,0,0,1
4,4,0.08,171,20664990,0.00047207627961771986,0.00116093945759101,-3.25987820983575,0.6480957209023355,59.33670127835134,12,25,1,0,1,1,1,0,0,1
4,4,0.08,172,20664991,0.0003132879860218295,0.0004326819768782881,-5.040562591382959,-3.6383119471420766,27.593936710251214,4,11,1,1,1,1,1,0,0,1
4,4,0.08,173,20664992,0.0007223683517238029,0.0020616522766789295,-1.4124128951182546,3.1421541795328025,64.96167855777064,6,17,1,1,1,1,1,0,0,1
4,4,0.08,174,20664993,0.00020937972220295514,0.00044333324258649513,-6.7906538073640865,-3.532697026492423,52.77148156511075,6,25,1,0,1,1,1,0,0,1
4,4,0.08,175,20664994,0.0005391821279918353,0.0010715517730419649,-2.6826451158245828,0.30013159235282816,49.68212068174895,6,25,1,0,1,1,1,0,0,1
4,4,0.08,176,20664995,0.000974209466360069,0.003058902180876886,-0.11347654719117002,4.8556558911784435,68.15166328461032,7,25,1,0,1,1,1,0,0,1
4,4,0.08,177,20664996,0.0007326264880571223,0.0017746590286870567,-1.3511738350236957,2.4911492292095265,58.71733802300377,16,15,1,1,1,1,1,0,0,1
4,4,0.08,178,20664997,0.000396219326504997,0.0004995559348396618,-4.020643445729189,-3.0141587714335873,20.685693258319883,5,17,1,1,1,1,1,0,0,1
4,4,0.08,179,20664998,0.0003098685297542108,0.0008335630749505679,-5.088225284657673,-0.7906153192890163,62.82602492047927,5,19,1,1,1,1,1,0,0,1
4,4,0.08,180,20664999,0.0004565466002215714,0.0007429070236418351,-3.40514886944184,-1.2906553569562715,38.545930285661385,10,17,1,1,1,1,1,0,0,1
4,4,0.08,181,20665000,0.0004994006676697655,0.0009073343980004586,-3.0155088135771657,-0.42232624250451267,44.9595795364618,5,21,1,1,1,1,1,0,0,1
4,4,0.08,182,20665001,0.0002676079355041433,0.00036119617840507716,-5.725010123744612,-4.422568533373999,25.910640393314406,9,15,1,1,1,1,1,0,0,1
4,4,0.08,183,20665002,0.0003947175318906816,0.0006153570405348872,-4.037135834238793,-2.10872826109156,35.855526809674416,5,14,1,1,1,1,1,0,0,1
4,4,0.08,184,20665003,0.00028519914840072143,0.0004275802398149502,-5.448517756133686,-3.6898237347641123,33.299268337528645,8,11,1,1,1,1,1,0,0,1
4,4,0.08,185,20665004,0.000435824785211196,0.0006635906896327561,-3.6068807520409414,-1.780997158807747,34.32325196539604,5,25,1,0,1,1,1,0,0,1
4,4,0.08,186,20665005,0.0010156340997412806,0.0015449749983588762,0.06737273809462686,1.8892145582387367,34.26210127541734,10,25,1,0,1,1,1,0,0,1
4,4,0.08,187,20665006,0.000316357076445532,0.0005273561787714496,-4.998224465632214,-2.778959612100886,40.0107386278226,8,15,1,1,1,1,1,0,0,1
4,4,0.08,188,20665007,0.000191692502159558,0.00033813134034642854,-7.173948737385887,-4.709145739585213,43.308271287967074,5,25,1,0,1,1,1,0,0,1
4,4,0.08,189,20665008,0.0002703504218108226,0.0004561553818428053,-5.680729484853614,-3.4088719684787994,40.73282206632225,5,13,1,1,1,1,1,0,0,1
4,4,0.08,190,20665009,0.0004041865642987301,0.0009470545627083835,-3.9341812710944164,-0.2362499924324412,57.32172356122347,6,20,1,1,1,1,1,0,0,1
4,4,0.08,191,20665010,0.00047161951134698537,0.0014867940355362261,-3.2640823603020137,1.722508101995154,68.27943211536416,11,20,1,1,1,1,1,0,0,1
4,4,0.08,192,20665011,0.0006253175501905787,0.0009869623105030314,-2.038993822197558,-0.056994315786785134,36.642205732063964,11,25,1,0,1,1,1,0,0,1
4,4,0.08,193,20665012,0.0004744874875279655,0.000854299145778321,-3.237752356480876,-0.6839002789192149,44.45885965440395,6,21,1,1,1,1,1,0,0,1
4,4,0.08,194,20665013,0.00020225321124453136,0.000312502461795462,-6.9410457421651355,-5.051465570719907,35.279482253515994,12,15,1,1,1,1,1,0,0,1
4,4,0.08,195,20665014,0.0007644268097442222,0.0014490275137612981,-1.1666408990614172,1.6107663182125362,47.245528295044636,5,12,1,1,1,1,1,0,0,1
4,4,0.08,196,20665015,0.0003369828359156065,0.00044944274682817286,-4.723922191790349,-3.4732562388681707,25.02207716249142,5,16,1,1,1,1,1,0,0,1
4,4,0.08,197,20665016,0.0003822444466241215,0.0005783033429557245,-4.176588154461056,-2.3784429719488687,33.90243178079182,7,24,1,1,1,1,1,0,0,1
4,4,0.08,198,20665017,0.0005313490985893333,0.0012167441876514025,-2.746200518463073,0.8519928030946062,56.33025380503688,5,19,1,1,1,1,1,0,0,1
4,4,0.08,199,20665018,0.0001576844439065334,0.0003394102559740852,-8.022111491491492,-4.692750387253082,53.54163843576577,5,16,1,1,1,1,1,0,0,1
4,4,0.08,200,20665019,0.0006004431447051207,0.0010326407260064759,-2.215281091766828,0.1394924905819219,41.85362541072632,5,22,1,1,1,1,1,0,0,1
4,4,0.08,201,20665020,0.00039807975622753596,0.0006107893309025679,-4.000299072745214,-2.1410855768406774,34.8253585832466,4,25,1,0,1,1,1,0,0,1
4,4,0.08,202,20665021,0.0017321042921384778,0.0021293286588910825,2.3857403787568736,3.2824269935603283,18.654911025312188,6,19,1,1,1,1,1,0,0,1
4,4,0.08,203,20665022,0.001916447455608848,0.00440997161491944,2.824969164409002,6.444357941110294,56.54286188316301,22,25,1,0,1,1,1,0,0,1
4,4,0.08,204,20665023,0.0007399994662696237,0.0015949902763383152,-1.3076859350718715,2.0275803977847526,53.60476629559956,7,25,1,0,1,1,1,0,0,1
4,4,0.08,205,20665024,0.0002986941344411004,0.0006936941887085498,-5.247733057014461,-1.5883194370485143,56.94152563146317,7,18,1,1,1,1,1,0,0,1
4,4,0.08,206,20665025,0.0005413032899592708,0.0015933432140314652,-2.6655933332494657,2.023093350636097,66.02720084458959,9,21,1,1,1,1,1,0,0,1
4,4,0.08,207,20665026,0.0003504604574795623,0.0005609308131594477,-4.553609764625499,-2.5109070258709494,37.52162490315148,5,15,1,1,1,1,1,0,0,1
4,4,0.08,208,20665027,0.0005695463830598135,0.0012976378714316492,-2.4447090181023166,1.1315351189311156,56.108988832805245,6,25,1,0,1,1,1,0,0,1
4,4,0.08,209,20665028,0.00045397002715767,0.0006939518987403036,-3.4297281998373066,-1.586706316137918,34.581917279606955,5,11,1,1,1,1,1,0,0,1
4,4,0.08,210,20665029,0.0007420995702738394,0.0012068995713330742,-1.295378198970715,0.8167113303811614,38.51190373245741,16,22,1,1,1,1,1,0,0,1
4,4,0.08,211,20665030,0.00038555453545520825,0.0005093496690409201,-4.139141837034487,-2.9298397169616557,24.304547761621574,4,12,1,1,1,1,1,0,0,1
4,4,0.08,212,20665031,0.0008732893863953166,0.0009440151901330006,-0.5884181804827997,-0.2502101742029414,7.492019670543596,6,13,1,1,1,1,1,0,0,1
4,4,0.08,213,20665032,0.00037125450774600963,0.0008194259782476628,-4.303282644697947,-0.8649027173414846,54.6933441700329,7,11,1,1,1,1,1,0,0,1
4,4,0.08,214,20665033,0.0002735245035799406,0.0005084378735848921,-5.630037614955539,-2.937621062763771,46.20296445436393,5,15,1,1,1,1,1,0,0,1
4,4,0.08,215,20665034,0.0004187438137012967,0.0007508168811276118,-3.7805159594372144,-1.2446597140211475,44.228236707676615,6,25,1,0,1,1,1,0,0,1
4,4,0.08,216,20665035,0.0004654568976032753,0.0007523391010527253,-3.3212052950486273,-1.2358636616147947,38.1320342180839,8,18,1,1,1,1,1,0,0,1
4,4,0.08,217,20665036,0.0010884375355362896,0.002084906008786505,0.3680351031756819,3.1908648099540224,47.7944074721238,15,25,1,0,1,1,1,0,0,1
4,4,0.08,218,20665037,0.0003487711611200418,0.0006018892202408342,-4.574594328112191,-2.2048343476433625,42.05392796692923,10,13,1,1,1,1,1,0,0,1
4,4,0.08,219,20665038,0.0011797822459639466,0.002494898760230771,0.7180185637126663,3.970529272078283,52.71221963913196,10,25,1,0,1,1,1,0,0,1
4,4,0.08,220,20665039,0.00033517547361811836,0.0007640013181581907,-4.747277682697429,-1.1690589212020712,56.12894040207423,6,12,1,1,1,1,1,0,0,1
4,4,0.08,221,20665040,0.00040082915543648194,0.0007037686511952202,-3.970406963607067,-1.52570082366061,43.045323949035215,6,17,1,1,1,1,1,0,0,1
4,4,0.08,222,20665041,0.0008258293973247633,0.0012208417502742185,-0.831096614604842,0.8665937284185898,32.35573757702255,11,25,1,0,1,1,1,0,0,1
4,4,0.08,223,20665042,0.00044757168522399193,0.0008941868236650995,-3.491373960935091,-0.4857173398901163,49.94651303521988,6,11,1,1,1,1,1,0,0,1
4,4,0.08,224,20665043,0.0006506604063364195,0.00083623966634203,-1.8664561993401114,-0.7766923589480866,22.192113992558056,6,17,1,1,1,1,1,0,0,1
4,4,0.08,225,20665044,0.00037596129034272514,0.0007304393094090011,-4.248568685191123,-1.3641586280119835,48.529428044211414,8,15,1,1,1,1,1,0,0,1
4,4,0.08,226,20665045,0.00020361207454774505,0.00027730638975394174,-6.911964711586206,-5.570401231992538,26.575051253448144,5,18,1,1,1,1,1,0,0,1
4,4,0.08,227,20665046,0.0005958265552499201,0.0024169091170689167,-2.2488014472369287,3.8326031995769054,75.3475812953818,6,25,1,0,1,1,1,0,0,1
4,4,0.08,228,20665047,0.0015031329479191584,0.0033454225890491678,1.7699739442203053,5.244509850336398,55.06896638889567,18,25,1,0,1,1,1,0,0,1
4,4,0.08,229,20665048,0.00028983769078842796,0.00037052966433252256,-5.378451390957882,-4.3117701699583755,21.777466505807105,4,15,1,1,1,1,1,0,0,1
4,4,0.08,230,20665049,0.00023113394835693054,0.0003873307572711679,-6.361362617849242,-4.119180150645859,40.3264667166323,6,10,1,1,1,1,1,0,0,1
4,4,0.08,231,20665050,0.0010213443798393915,0.0016895347777443927,0.09172203444573848,2.277671358132128,39.548780333309644,6,14,1,1,1,1,1,0,0,1
4,4,0.08,232,20665051,0.0017051301332843645,0.0032767349741889802,2.3175752937581087,5.154413166030541,47.96252529680406,10,22,1,1,1,1,1,0,0,1
4,4,0.08,233,20665052,0.0005474508057521018,0.0007752943143023812,-2.616549006893072,-1.1053340096039832,29.38800199448072,7,13,1,1,1,1,1,0,0,1
4,4,0.08,234,20665053,0.00047104378144320906,0.000768618977504865,-3.2693872523727685,-1.1428889683771821,38.71556711072392,11,13,1,1,1,1,1,0,0,1
4,4,0.08,235,20665054,0.00042903172424662184,0.0010081841129376502,-3.67510593232872,0.03539849501779938,57.44510166932627,7,25,1,0,1,1,1,0,0,1
4,4,0.08,236,20665055,0.0006197268111241267,0.0013473967911102483,-2.0779971464363447,1.2949550872485927,54.005619190062426,6,18,1,1,1,1,1,0,0,1
4,4,0.08,237,20665056,0.0005909765266264809,0.0021224127393998163,-2.2842976879564207,3.2682984375642437,72.15543821162704,9,25,1,0,1,1,1,0,0,1
4,4,0.08,238,20665057,0.0010018379999547028,0.0022541981337306028,0.007975005593764196,3.529920858911608,55.556790462926024,6,20,1,1,1,1,1,0,0,1
4,4,0.08,239,20665058,0.0003348286138836744,0.0004615940056397478,-4.751774350253079,-3.357398396583987,27.462529887142377,4,14,1,1,1,1,1,0,0,1
4,4,0.08,240,20665059,0.0008389091102346341,0.0015799940213977327,-0.7628508930453725,1.986554436133551,46.9042857837843,11,25,1,0,1,1,1,0,0,1
4,4,0.08,241,20665060,0.00031757179286226933,0.0006721843360639782,-4.981580791299858,-1.7251161212872677,52.75525241753878,12,20,1,1,1,1,1,0,0,1
4,4,0.08,242,20665061,0.0014703029941043708,0.0018868974803692476,1.6740684162437702,2.757483045531454,22.07827879357565,7,14,1,1,1,1,1,0,0,1
4,4,0.08,243,20665062,0.0006376340559194602,0.0012287168525031813,-1.9542849540285199,0.8945181489379506,48.10569622932641,6,25,1,0,1,1,1,0,0,1
4,4,0.08,244,20665063,0.0005642465321151344,0.0007568368936698912,-2.485311014356487,-1.2099770545574384,25.44674594560116,12,25,1,0,1,1,1,0,0,1
4,4,0.08,245,20665064,0.00031497620749470394,0.000345856218993148,-5.017222504771089,-4.611044106745464,8.92856909970899,7,14,1,1,1,1,1,0,0,1
4,4,0.08,246,20665065,0.0007862847524379999,0.0017174168732639011,-1.044201460509502,2.3487572543670145,54.217012498329055,18,25,1,0,1,1,1,0,0,1
4,4,0.08,247,20665066,0.0001785008286026743,0.0003126546740675134,-7.483597635476765,-5.049350743987748,42.90799293660022,4,25,1,0,1,1,1,0,0,1
4,4,0.08,248,20665067,0.0005866139158168445,0.0010694092489434166,-2.3164763877997627,0.2914393584036391,45.145984439874354,7,19,1,1,1,1,1,0,0,1
4,4,0.08,249,20665068,0.00028141034700281467,0.00044614081071433446,-5.5065993830278845,-3.5052804786941634,36.92342411978923,4,15,1,1,1,1,1,0,0,1
4,4,0.08,250,20665069,0.0007910218151356548,0.0020989693935183026,-1.0181153917944865,3.220061058892025,62.313799449465044,10,25,1,0,1,1,1,0,0,1
4,4,0.08,251,20665070,0.0006340515036555216,0.0009646950742093075,-1.9787546318308413,-0.15609939003648074,34.274412650524944,6,13,1,1,1,1,1,0,0,1
4,4,0.08,252,20665071,0.0005237139758945375,0.0007474680949565004,-2.8090583630877033,-1.2640734010059271,29.93493910599415,7,12,1,1,1,1,1,0,0,1
4,4,0.08,253,20665072,0.00104022894065838,0.0027247292765816777,0.17128932301142583,4.35323358162223,61.822668050038196,13,25,1,0,1,1,1,0,0,1
4,4,0.08,254,20665073,0.0004454960890115223,0.0008009392408784882,-3.5115610426048516,-0.9640042817549099,44.37829160138388,6,18,1,1,1,1,1,0,0,1
4,4,0.08,255,20665074,0.0003114784999936525,0.00033121691646551004,-5.0657192542974885,-4.798874903050049,5.9593624270434615,13,19,1,1,1,1,1,0,0,1
4,4,0.08,256,20665075,0.0002376154486818376,0.0005602831026704437,-6.241253269098399,-2.5159247502956195,57.59010979461895,5,14,1,1,1,1,1,0,0,1
4,4,0.08,257,20665076,0.0008654883448718507,0.0011968497018952121,-0.6273877619057826,0.7803961595708084,27.686129386058298,7,22,1,1,1,1,1,0,0,1
4,4,0.08,258,20665077,0.0011358221269067094,0.0026928145608862615,0.5531032490377323,4.30206447003502,57.82026198889512,8,17,1,1,1,1,1,0,0,1
4,4,0.08,259,20665078,0.00016412173207686008,0.0002817799483432363,-7.848339083060684,-5.500899148239772,41.75535447364647,6,20,1,1,1,1,1,0,0,1
4,4,0.08,260,20665079,0.000274774723883429,0.0008420362331509702,-5.610232198760496,-0.7466922023554836,67.36782657734348,7,25,1,0,1,1,1,0,0,1
4,4,0.08,261,20665080,0.0005031325901858486,0.0007778265228282759,-2.9831755053458298,-1.091172520839356,35.315578034496085,6,21,1,1,1,1,1,0,0,1
4,4,0.08,262,20665081,0.00026553814317033925,0.00043911303801180007,-5.758730859626279,-3.574236677634857,39.52852222912052,7,17,1,1,1,1,1,0,0,1
4,4,0.08,263,20665082,0.002531152315008402,0.0033008866515231486,4.033182801157046,5.186306114362762,23.319017517901244,13,20,1,1,1,1,1,0,0,1
4,4,0.08,264,20665083,0.0003873675071468775,0.0007183843726482739,-4.118768112334265,-1.4364312364927088,46.07796022637933,6,25,1,0,1,1,1,0,0,1
4,4,0.08,265,20665084,0.00028851966170214365,0.00044120280856337914,-5.398245857048273,-3.5536173163598264,34.60611399061447,6,12,1,1,1,1,1,0,0,1
4,4,0.08,266,20665085,0.00024433337454093614,0.00035240193234443453,-6.120172068333789,-4.529617188632128,30.66627844079843,8,19,1,1,1,1,1,0,0,1
4,4,0.08,267,20665086,0.0002655955634119281,0.0007328034484550017,-5.757791838289102,-1.3501249561551374,63.75623450300437,7,25,1,0,1,1,1,0,0,1
4,4,0.08,268,20665087,0.00027456311181548994,0.0011996102117488826,-5.613578116408382,0.7904015405924179,77.11230622026707,7,25,1,0,1,1,1,0,0,1
4,4,0.08,269,20665088,0.0005001357946185823,0.0005532458916218241,-3.0091206197097238,-2.570818024392878,9.599727319718742,5,14,1,1,1,1,1,0,0,1
4,4,0.08,270,20665089,0.00027740862688305657,0.000793922968743235,-5.568800373166248,-1.0022163343268016,65.05849587370055,4,13,1,1,1,1,1,0,0,1
4,4,0.08,271,20665090,0.0007835586324289587,0.0016078034468611346,-1.0592850042368942,2.0623295538188264,51.26527225957401,15,24,1,1,1,1,1,0,0,1
4,4,0.08,272,20665091,0.0010115198310676637,0.0009825370620564074,0.04974401628653263,-0.07651058720466433,-2.949788881306581,15,25,1,0,1,1,0,1,0,1
4,4,0.08,273,20665092,0.0023555932887132265,0.0025810477722624098,3.721003083072658,4.117960429157975,8.734998475117793,25,25,0,0,1,1,1,0,0,1
4,4,0.08,274,20665093,0.0008352401639715433,0.0014450153775061514,-0.7818863003647587,1.5987246877459578,42.19852764383556,10,24,1,1,1,1,1,0,0,1
4,4,0.08,275,20665094,0.0005518962325545343,0.001693021550823248,-2.5814257057753625,2.2866248636885724,67.40170068797,6,24,1,1,1,1,1,0,0,1
4,4,0.08,276,20665095,0.00025994944757636496,0.00041118246623346965,-5.85111101157085,-3.859654129340002,36.78002616269987,8,16,1,1,1,1,1,0,0,1
4,4,0.08,277,20665096,0.000206261390892851,0.0004881984061799969,-6.855820579765525,-3.1140364275652455,57.75049891973568,6,20,1,1,1,1,1,0,0,1
4,4,0.08,278,20665097,0.0005011420244167409,0.0009968123838609276,-3.0003917696808857,-0.013865752103298162,49.72554188425304,6,10,1,1,1,1,1,0,0,1
4,4,0.08,279,20665098,0.0004073917904003114,0.0006208393193474416,-3.899877269798588,-2.0702078589472057,34.380478538550506,4,13,1,1,1,1,1,0,0,1
4,4,0.08,280,20665099,0.00093444007104403,0.0015598798609575816,-0.294485462374896,1.9309115109012163,40.09538205907766,11,25,1,0,1,1,1,0,0,1
4,4,0.08,281,20665100,0.0010143033275561886,0.0023539082119585428,0.06167850248243632,3.717895240056712,56.9098182162231,10,25,1,0,1,1,1,0,0,1
4,4,0.08,282,20665101,0.0006160229689349097,0.001078578070283349,-2.104030944983736,0.32851585939394273,42.88563935171826,14,25,1,0,1,1,1,0,0,1
4,4,0.08,283,20665102,0.00042008968805296737,0.0007547573282514591,-3.766579789634587,-1.221926615394192,44.34109185449234,8,15,1,1,1,1,1,0,0,1
4,4,0.08,284,20665103,0.0006349707649242608,0.0008679686797057463,-1.97246269864487,-0.6149594587924366,26.844046361266763,14,12,1,1,1,1,1,0,0,1
4,4,0.08,285,20665104,0.00046553405684322905,0.0006616633805644297,-3.3204854205523935,-1.7936290050659256,29.641858606999413,8,13,1,1,1,1,1,0,0,1
4,4,0.08,286,20665105,0.00030459127320806256,0.0013207589404429887,-5.1628254371788795,1.20823559182497,76.9381630605581,6,21,1,1,1,1,1,0,0,1
4,4,0.08,287,20665106,0.000299915220516169,0.0003875970425740462,-5.2300149349872695,-4.116195453433374,22.621901724424678,4,21,1,1,1,1,1,0,0,1
4,4,0.08,288,20665107,0.00018171489612683474,0.0002734291823263555,-7.406094698272585,-5.6315513626795575,33.542244986145555,4,17,1,1,1,1,1,0,0,1
4,4,0.08,289,20665108,0.0001701870365979723,0.00038921428329751894,-7.690735238541462,-4.098112304708145,56.27420577782861,4,25,1,0,1,1,1,0,0,1
4,4,0.08,290,20665109,0.0009704654284353519,0.003819959897753682,-0.13019931174315552,5.820588036772307,74.59487915027506,7,25,1,0,1,1,1,0,0,1
4,4,0.08,291,20665110,0.0004013802659278541,0.0006489260764041068,-3.964439836405589,-1.8780477382880953,38.14699693499419,4,21,1,1,1,1,1,0,0,1
4,4,0.08,292,20665111,0.0005672746762345424,0.0011903632259699494,-2.4620660338589957,0.7567950169893134,52.3444051480751,12,22,1,1,1,1,1,0,0,1
4,4,0.08,293,20665112,0.0008608094006814821,0.0019524925129807262,-0.6509299883172783,2.905893772088049,55.91228161139794,12,25,1,0,1,1,1,0,0,1
4,4,0.08,294,20665113,0.0006630097915073035,0.0018955614168335764,-1.784800577699011,2.777378602791015,65.02303826088514,9,25,1,0,1,1,1,0,0,1
4,4,0.08,295,20665114,0.000763833688860816,0.0015298692518411253,-1.1700119099582238,1.8465431602655424,50.07196282024896,10,25,1,0,1,1,1,0,0,1
4,4,0.08,296,20665115,0.0003080090044498985,0.00037291604723655326,-5.114365869874089,-4.283889277775137,17.405269434673063,9,13,1,1,1,1,1,0,0,1
4,4,0.08,297,20665116,0.00029109048099484615,0.00040710178413669746,-5.359719962753939,-3.902969943068575,28.496879076043744,6,25,1,0,1,1,1,0,0,1
4,4,0.08,298,20665117,0.0008842947484860594,0.0011949411733289067,-0.5340295409862756,0.7734652559587397,25.99679647638538,8,15,1,1,1,1,1,0,0,1
4,4,0.08,299,20665118,0.0006914191935316696,0.001070976126269792,-1.6025856877800004,0.29779789837595233,35.4402795195929,8,25,1,0,1,1,1,0,0,1
4,4,0.08,300,20665119,0.000441162436090269,0.0005470146444927335,-3.5540147377771136,-2.620010467246141,19.350891144902544,12,15,1,1,1,1,1,0,0,1
4,4,0.08,301,20665120,0.0007738783219681019,0.0007697129096653932,-1.113273187124333,-1.136712293695496,-0.5411644069370543,7,16,1,1,1,1,0,1,0,1
4,4,0.08,302,20665121,0.001036744717899714,0.001294912621444168,0.1567183135908337,1.122404639346911,19.93709067848369,4,25,1,0,1,1,1,0,0,1
4,4,0.08,303,20665122,0.0015760864729559803,0.001779851171243572,1.9758004164171266,2.503836887077946,11.44841218073433,11,25,1,0,1,1,1,0,0,1
4,4,0.08,304,20665123,0.0008974327822281922,0.002056397338908185,-0.46998070215501164,3.1310703319429662,56.358979597558154,7,19,1,1,1,1,1,0,0,1
4,4,0.08,305,20665124,0.00042189169771508626,0.0008632820349581353,-3.747990208897524,-0.6384729673477094,51.12933194126462,5,25,1,0,1,1,1,0,0,1
4,4,0.08,306,20665125,0.000514646159484449,0.0008071357084859027,-2.8849126377211465,-0.930534386465206,36.237964189458516,9,23,1,1,1,1,1,0,0,1
4,4,0.08,307,20665126,0.000269460032315163,0.0003512530563946083,-5.69505642470601,-4.543798880988555,23.28606757731855,6,17,1,1,1,1,1,0,0,1
4,4,0.08,308,20665127,0.00037693304843678917,0.000699980255028679,-4.237357831539769,-1.5491421034721764,46.150902724913884,12,25,1,0,1,1,1,0,0,1
4,4,0.08,309,20665128,0.0009169766580186193,0.0010362630804164,-0.37641719316602174,0.15470025552839273,11.511210295154783,4,11,1,1,1,1,1,0,0,1
4,4,0.08,310,20665129,0.0003367797979527149,0.0005719497756411411,-4.726539679467384,-2.4264210603140253,41.11724275524134,5,16,1,1,1,1,1,0,0,1
4,4,0.08,311,20665130,0.0008003120246737995,0.001098897199070462,-0.9674065779022801,0.40957066431989,27.171347297020187,8,17,1,1,1,1,1,0,0,1
4,4,0.08,312,20665131,0.001909564164342176,0.0032807257616219304,2.8093425592827486,5.159699288950321,41.79445942479134,9,25,1,0,1,1,1,0,0,1
4,4,0.08,313,20665132,0.0001462993504049536,0.00023871960753721777,-8.347576022148836,-6.221119082010612,38.71498369393696,4,12,1,1,1,1,1,0,0,1
4,4,0.08,314,20665133,0.0003355381213993374,0.0007041492917312926,-4.742581313135947,-1.5233525321388897,52.348440119232464,8,22,1,1,1,1,1,0,0,1
4,4,0.08,315,20665134,0.00041222058393028356,0.0004938988213765867,-3.8487032584127716,-3.063620102228522,16.537443280113717,7,14,1,1,1,1,1,0,0,1
4,4,0.08,316,20665135,0.0003796110958138255,0.0009311871821553308,-4.206611018814947,-0.30963010741354535,59.233642484728406,5,19,1,1,1,1,1,0,0,1
4,4,0.08,317,20665136,0.0003282447366736785,0.0005250470358189042,-4.838022289914281,-2.7980178901006116,37.482794058303284,7,25,1,0,1,1,1,0,0,1
4,4,0.08,318,20665137,0.0003594888666261004,0.0004974712104882444,-4.443145551774027,-3.032320475571981,27.73674957526103,7,14,1,1,1,1,1,0,0,1
4,4,0.08,319,20665138,0.00218632037403009,0.0038120554574373445,3.397138019314649,5.811592100890134,42.64720441659459,7,20,1,1,1,1,1,0,0,1
4,4,0.08,320,20665139,0.0004247972338633157,0.0005433633251046814,-3.7181831989694865,-2.6490967810469037,21.820775485449524,5,19,1,1,1,1,1,0,0,1
4,4,0.08,321,20665140,0.00043095402301019715,0.0005927282966390066,-3.655690607396455,-2.271443392012817,27.293158525774913,14,11,1,1,1,1,1,0,0,1
4,4,0.08,322,20665141,0.0002921679873330946,0.0007016570248591592,-5.343673711745751,-1.5387512235685854,58.36028472860507,5,11,1,1,1,1,1,0,0,1
4,4,0.08,323,20665142,0.0004378016274424617,0.0009202821638207403,-3.587226283597567,-0.36078995043196105,52.42745707198775,9,13,1,1,1,1,1,0,0,1
4,4,0.08,324,20665143,0.0005267935370156418,0.000495764052895335,-2.7835956183413613,-3.04724966465274,-6.258921746966131,6,12,1,1,1,1,0,1,0,1
4,4,0.08,325,20665144,0.0002407045477184162,0.0003243204222862786,-6.18515704364124,-4.890257031710431,25.781871514108484,3,17,1,1,1,1,1,0,0,1
4,4,0.08,326,20665145,0.0009644251787854966,0.0021022546432834604,-0.1573145977855554,3.2268532038621514,54.12424551579611,8,25,1,0,1,1,1,0,0,1
4,4,0.08,327,20665146,0.00017648485661939087,0.0003276537702638388,-7.532925535553991,-4.845848303162363,46.136784424217424,8,13,1,1,1,1,1,0,0,1
4,4,0.08,328,20665147,0.0002057633827616989,0.000499958690941758,-6.866319088712335,-3.0106587773835054,58.843923210113964,6,16,1,1,1,1,1,0,0,1
4,4,0.08,329,20665148,0.0002101123944072076,0.0005554232744803419,-6.775483280610212,-2.5537592551014705,62.170761640518165,6,12,1,1,1,1,1,0,0,1
4,4,0.08,330,20665149,0.00034919863764911656,0.0005037693586393761,-4.569274593038826,-2.9776825164245886,30.682834979828367,6,13,1,1,1,1,1,0,0,1
4,4,0.08,331,20665150,0.0008526158294930265,0.0009358780712028414,-0.6924660859053388,-0.2878072866902466,8.896697579718023,6,18,1,1,1,1,1,0,0,1
4,4,0.08,332,20665151,0.00039227588228540937,0.0009013575974824697,-4.064083921313378,-0.4510287627672043,56.479439083771794,9,15,1,1,1,1,1,0,0,1
4,4,0.08,333,20665152,0.00022074963140524128,0.0005721157520911376,-6.561000129091862,-2.4251609461838854,61.415215260481766,5,25,1,0,1,1,1,0,0,1
4,4,0.08,334,20665153,0.00022341536338269094,0.00046425145244972693,-6.508869654956586,-3.3324672885923223,51.876216605507715,5,25,1,0,1,1,1,0,0,1
4,4,0.08,335,20665154,0.00017978154583889847,0.000291239743182256,-7.452548896420421,-5.357493605849309,38.270256705180415,5,13,1,1,1,1,1,0,0,1
4,4,0.08,336,20665155,0.0005976060901490177,0.0010288979365011303,-2.2358498531475397,0.12372296227183,41.91784540056163,8,22,1,1,1,1,1,0,0,1
4,4,0.08,337,20665156,0.0004985861311174478,0.0006006216021665082,-3.022598061830947,-2.2139905186897764,16.988311889050816,4,12,1,1,1,1,1,0,0,1
4,4,0.08,338,20665157,0.0007901018812584886,0.0016076830192124773,-1.0231690413294605,2.062004246504635,50.85462296880391,11,25,1,0,1,1,1,0,0,1
4,4,0.08,339,20665158,0.0005759546696044394,0.0011481141108794556,-2.3961169629094523,0.5998505466685351,49.8347190277752,12,13,1,1,1,1,1,0,0,1
4,4,0.08,340,20665159,0.0005910184769390408,0.0017312111221753296,-2.2839894161073597,2.38350033562714,65.86098198142324,7,25,1,0,1,1,1,0,0,1
4,4,0.08,341,20665160,0.000930769810591426,0.001687294846743906,-0.31157711446955366,2.2719098011440226,44.83656413770247,13,25,1,0,1,1,1,0,0,1
4,4,0.08,342,20665161,0.0005837242597684909,0.0010936601688908772,-2.3379225689602916,0.3888239539523037,46.626541189621264,8,12,1,1,1,1,1,0,0,1
4,4,0.08,343,20665162,0.0003403189645564663,0.0005716525194628697,-4.681138488097557,-2.42867878087641,40.46751252382595,8,11,1,1,1,1,1,0,0,1
4,4,0.08,344,20665163,0.000999622268720272,0.0017391238182812834,-0.0016407760100046872,2.403305030389678,42.521500872309105,8,17,1,1,1,1,1,0,0,1
4,4,0.08,345,20665164,0.0005595763335243817,0.0010574202879306861,-2.521406616518242,0.24247638631813734,47.08099136064033,7,23,1,1,1,1,1,0,0,1
4,4,0.08,346,20665165,0.0005767903671734714,0.0011152047690934407,-2.389820012677188,0.4735461798719852,48.279420680531246,6,16,1,1,1,1,1,0,0,1
4,4,0.08,347,20665166,0.00034857669795495616,0.0003566611447188504,-4.577016484590346,-4.4774420087565945,2.2667024102855504,5,14,1,1,1,1,1,0,0,1
4,4,0.08,348,20665167,0.0008777891032098795,0.0012382564806876072,-0.5660981474781651,0.9281060963612222,29.110881558040322,16,25,1,0,1,1,1,0,0,1
4,4,0.08,349,20665168,0.0005082517110875206,0.000623656464436063,-2.939211505854135,-2.050545716697247,18.504538945635126,8,19,1,1,1,1,1,0,0,1
4,4,0.08,350,20665169,0.00024743807368024474,0.00045043711668848736,-6.06533473999448,-3.4636583017083113,45.06712157751254,6,24,1,1,1,1,1,0,0,1
4,4,0.08,351,20665170,0.00026987824928330795,0.0005426854647631566,-5.6883211580244355,-2.654518103676238,50.26985854484042,10,25,1,0,1,1,1,0,0,1
4,4,0.08,352,20665171,0.002092401009461928,0.0033253660752201345,3.206449208773059,5.21839461878759,37.07757395331538,12,25,1,0,1,1,1,0,0,1
4,4,0.08,353,20665172,0.0015582164029011116,0.0021667658768538328,1.9262777173156098,3.358119875156927,28.08561277678701,6,18,1,1,1,1,1,0,0,1
4,4,0.08,354,20665173,0.00033285358596051224,0.0006908585189650469,-4.7774675986456,-1.6061088276176778,51.820296511773556,6,25,1,0,1,1,1,0,0,1
4,4,0.08,355,20665174,0.0004981919611689438,0.0009197255518938652,-3.0260328452359033,-0.36341747741146796,45.83254100714227,7,15,1,1,1,1,1,0,0,1
4,4,0.08,356,20665175,0.0008284537475735767,0.0011866335272722388,-0.8173173315205727,0.7431661477812869,30.184532247460094,6,23,1,1,1,1,1,0,0,1
4,4,0.08,357,20665176,0.000370485038180498,0.0009135893189468483,-4.312293260567254,-0.3924898653863974,59.44731067920329,6,14,1,1,1,1,1,0,0,1
4,4,0.08,358,20665177,0.0007599749959001723,0.0012910213151519454,-1.1920069629975822,1.1093341265871468,41.13381498966748,8,16,1,1,1,1,1,0,0,1
4,4,0.08,359,20665178,0.0005079206850580586,0.000951494471233681,-2.942041001785973,-0.21593730886871426,46.618640421577766,13,25,1,0,1,1,1,0,0,1
4,4,0.08,360,20665179,0.0005221383843265002,0.0027443344773688725,-2.8221437901982425,4.3843704173699996,80.97395238691533,14,25,1,0,1,1,1,0,0,1
4,4,0.08,361,20665180,0.0002404474844024058,0.0003147973072089521,-6.189797622203209,-5.019689912726135,23.618316009671368,11,24,1,1,1,1,1,0,0,1
4,4,0.08,362,20665181,0.0006347782847166716,0.0010387796954712787,-1.973779385476736,0.1652345209418965,38.89192410247466,9,25,1,0,1,1,1,0,0,1
4,4,0.08,363,20665182,0.0007397077505292355,0.001320567589379834,-1.309398308121593,1.2076063420140017,43.98561978364033,5,22,1,1,1,1,1,0,0,1
4,4,0.08,364,20665183,0.0005036042094648209,0.0007857116452727428,-2.9791064842179416,-1.0473680999598223,35.90470339917063,5,17,1,1,1,1,1,0,0,1
4,4,0.08,365,20665184,0.00032404519312503606,0.0005305998803778833,-4.893944164720728,-2.7523285226403837,38.928521262715485,9,22,1,1,1,1,1,0,0,1
4,4,0.08,366,20665185,0.00081348635302156,0.005018385019804228,-0.8964972835360632,7.005639781347952,83.78987762375205,10,25,1,0,1,1,1,0,0,1
4,4,0.08,367,20665186,0.0004771111532986021,0.0011945181698606237,-3.2138043093757114,0.7719276020577099,60.05827576869163,7,25,1,0,1,1,1,0,0,1
4,4,0.08,368,20665187,0.0003703599391908851,0.000623483332280314,-4.313759958811999,-2.051751521219928,40.59826141039907,9,20,1,1,1,1,1,0,0,1
4,4,0.08,369,20665188,0.0006448564816702169,0.0011414572236540844,-1.9053693056490717,0.5745964085553034,43.50585652208033,10,25,1,0,1,1,1,0,0,1
4,4,0.08,370,20665189,0.00025206878250619194,0.0005596624305706597,-5.984809362544766,-2.5207384575269716,54.960567524754154,7,21,1,1,1,1,1,0,0,1
4,4,0.08,371,20665190,0.0002452804304170482,0.00025606963142546437,-6.103371003909356,-5.91641923625995,4.213385612481986,6,14,1,1,1,1,1,0,0,1
4,4,0.08,372,20665191,0.00025705668989884457,0.0003338904861725263,-5.899710891385306,-4.76395955493813,23.0116758205505,4,12,1,1,1,1,1,0,0,1
4,4,0.08,373,20665192,0.0003248011447061926,0.0005363771523966801,-4.883824488313955,-2.7052972970070632,39.445380315904195,6,23,1,1,1,1,1,0,0,1
4,4,0.08,374,20665193,0.0002948184744724679,0.0004744179513694081,-5.304453053786031,-3.238388861843167,37.85680461258391,7,16,1,1,1,1,1,0,0,1
4,4,0.08,375,20665194,0.002233053194624055,0.005061495585897723,3.4889906873042964,7.042788624388874,55.8815540441098,19,25,1,0,1,1,1,0,0,1
4,4,0.08,376,20665195,0.0009520905155136596,0.0028251709779948935,-0.21321761153944813,4.510447362449198,66.29972051499036,7,21,1,1,1,1,1,0,0,1
4,4,0.08,377,20665196,0.0009204806220053118,0.0019774089055764714,-0.3598534984844797,2.9609648573901137,53.45016301840891,12,19,1,1,1,1,1,0,0,1
4,4,0.08,378,20665197,0.002114736255646324,0.0032982134258796106,3.252562110208147,5.182787552147438,35.882370769188825,12,25,1,0,1,1,1,0,0,1
4,4,0.08,379,20665198,0.0002983848703448232,0.0005087984163941716,-5.2522320161605265,-2.9345424907415336,41.35499232496408,7,18,1,1,1,1,1,0,0,1
4,4,0.08,380,20665199,0.0004833753823075751,0.001067936478191448,-3.1571547142985907,0.28545421239941093,54.737440645704694,6,17,1,1,1,1,1,0,0,1
4,4,0.08,381,20665200,0.000879418677561819,0.0010448343244713074,-0.5580431484106356,0.1904743143063711,15.831758493691302,5,15,1,1,1,1,1,0,0,1
4,4,0.08,382,20665201,0.0004629848878426736,0.0008797559454982202,-3.3443318443269026,-0.5563778946765666,47.373485770479476,6,25,1,0,1,1,1,0,0,1
4,4,0.08,383,20665202,0.00037523368595513,0.0006371326855785325,-4.256981805068955,-1.9577011458163027,41.10588038433339,6,23,1,1,1,1,1,0,0,1
4,4,0.08,384,20665203,0.0003785207966083533,0.0011754087278459376,-4.2191025459420555,0.7018891118802502,67.79666616037187,5,19,1,1,1,1,1,0,0,1
4,4,0.08,385,20665204,0.00044221716278544643,0.0008104372812095499,-3.5436440613005553,-0.9128058905550546,45.43474578002477,8,25,1,0,1,1,1,0,0,1
4,4,0.08,386,20665205,0.000730047331986025,0.0012414553742206296,-1.3664898186041,0.9393111287321686,41.19423483551797,7,25,1,0,1,1,1,0,0,1
4,4,0.08,387,20665206,0.00021764096215079007,0.0005581513951294606,-6.622593628256109,-2.532479853789899,61.00682287100451,5,25,1,0,1,1,1,0,0,1
4,4,0.08,388,20665207,0.00038367706699719134,0.0005867678541060254,-4.16034158514012,-2.315336868648501,34.61177801197963,6,17,1,1,1,1,1,0,0,1
4,4,0.08,389,20665208,0.0007690371192321107,0.0017251332316881485,-1.1405269753456078,2.3682264117891205,55.42158106365149,6,19,1,1,1,1,1,0,0,1
4,4,0.08,390,20665209,0.00035858850541420795,0.0006730917851168877,-4.454036358981819,-1.7192570984464508,46.725169829262406,9,21,1,1,1,1,1,0,0,1
4,4,0.08,391,20665210,0.0002014670561655441,0.00027714322453673224,-6.957959594246982,-5.572957343627998,27.305797750490598,9,16,1,1,1,1,1,0,0,1
4,4,0.08,392,20665211,0.000370118643235716,0.0005334642819924174,-4.316590385188447,-2.728946533770787,30.619789228742246,7,13,1,1,1,1,1,0,0,1
4,4,0.08,393,20665212,0.0012016448260670142,0.0026211364354132172,0.7977612085053438,4.18489627434562,54.155578861442315,8,19,1,1,1,1,1,0,0,1
4,4,0.08,394,20665213,0.0003010026694801586,0.0004882995295066238,-5.2142965279365985,-3.1131369417333197,38.356960985751776,5,25,1,0,1,1,1,0,0,1
4,4,0.08,395,20665214,0.00022699279423681588,0.00039803591764502646,-6.439879290309265,-4.000777366418418,42.97178114482348,5,18,1,1,1,1,1,0,0,1
4,4,0.08,396,20665215,0.0006004339750142918,0.0008707331858733372,-2.2153474157239166,-0.601149031492919,31.042713800776735,7,18,1,1,1,1,1,0,0,1
4,4,0.08,397,20665216,0.0006046135700075149,0.000863484817454481,-2.185221096999701,-0.6374529417493336,29.97982618966114,6,20,1,1,1,1,1,0,0,1
4,4,0.08,398,20665217,0.0004726949305426545,0.0010654328714134627,-3.254190553005496,0.27526091785447565,55.633532320478245,10,16,1,1,1,1,1,0,0,1
4,4,0.08,399,20665218,0.0002466342563683958,0.0007310752391319781,-6.079466020366437,-1.3603792501430134,66.26417594702973,6,19,1,1,1,1,1,0,0,1
4,4,0.08,400,20665219,0.0004239058302807409,0.0014868994828946764,-3.7273061022738867,1.7228161041859757,71.49061956390713,10,25,1,0,1,1,1,0,0,1
4,4,0.08,401,20665220,0.0007098918132830063,0.0018087411493522023,-1.4880783223056746,2.573764190147765,60.752161052052536,15,25,1,0,1,1,1,0,0,1
4,4,0.08,402,20665221,0.000844980233764637,0.0013611682684705106,-0.7315345018326674,1.3391181627685176,37.92242639375461,8,25,1,0,1,1,1,0,0,1
4,4,0.08,403,20665222,0.0002059887534792121,0.0003166848859596333,-6.861564904815859,-4.993726631862276,34.954662312028134,7,21,1,1,1,1,1,0,0,1
4,4,0.08,404,20665223,0.0012000868612459976,0.0021260515745233958,0.7921268104312735,3.2757379558673216,43.553257332667236,7,18,1,1,1,1,1,0,0,1
4,4,0.08,405,20665224,0.0011921315373607014,0.00234109656560078,0.7632417721480522,3.6941932785408733,49.078070726451536,14,24,1,1,1,1,1,0,0,1
4,4,0.08,406,20665225,0.0002794472797515099,0.0005585431980402354,-5.537001136188712,-2.5294323267370036,49.9685466169835,5,21,1,1,1,1,1,0,0,1
4,4,0.08,407,20665226,0.00043728593840994826,0.0008878871473285046,-3.592344878258565,-0.5164223062578559,50.74982899283267,7,25,1,0,1,1,1,0,0,1
4,4,0.08,408,20665227,0.0004219284055402995,0.0004622362079482739,-3.7476123557062735,-3.3513603831117744,8.720174169584967,6,13,1,1,1,1,1,0,0,1
4,4,0.08,409,20665228,0.00023543376866973944,0.00042632404621835304,-6.281312454215286,-3.702601708822593,44.77586456637356,6,16,1,1,1,1,1,0,0,1
4,4,0.08,410,20665229,0.00024585427347772364,0.0004302684349617521,-6.09322238333089,-3.6626051314300136,42.86025803878028,7,16,1,1,1,1,1,0,0,1
4,4,0.08,411,20665230,0.0004573348985934416,0.0007524464472771046,-3.3976565694368652,-1.2352440401274416,39.220272718622034,5,12,1,1,1,1,1,0,0,1
4,4,0.08,412,20665231,0.0003070185665876637,0.0005446638874469516,-5.1283536027931556,-2.6387141856279883,43.63155449376726,10,18,1,1,1,1,1,0,0,1
4,4,0.08,413,20665232,0.0003050503313125741,0.0005818162799018632,-5.156284989877891,-2.3521413084999967,47.569302913966595,7,25,1,0,1,1,1,0,0,1
4,4,0.08,414,20665233,0.0009256147459912639,0.0017495038048681243,-0.33569735245131527,2.4291489133532074,47.09272746845865,9,25,1,0,1,1,1,0,0,1
4,4,0.08,415,20665234,0.0002573890252852078,0.00039350540885700977,-5.89409974757532,-4.05049293748097,34.59072747365039,8,19,1,1,1,1,1,0,0,1
4,4,0.08,416,20665235,0.0003035474333222195,0.0005450396255641065,-5.1777343499893735,-2.6357192242382217,44.307272520222135,7,20,1,1,1,1,1,0,0,1
4,4,0.08,417,20665236,0.00019373848799132117,0.00037488168542706345,-7.127840939849085,-4.261057762022237,48.320097907526424,4,14,1,1,1,1,1,0,0,1
4,4,0.08,418,20665237,0.00041957890635780916,0.0006393588023704862,-3.7718635337332316,-1.9425535129797644,34.375048126000806,5,25,1,0,1,1,1,0,0,1
4,4,0.08,419,20665238,0.00032814461777772486,0.0005481655895711444,-4.839347146391285,-2.6108823024930405,40.13768393699288,9,25,1,0,1,1,1,0,0,1
4,4,0.08,420,20665239,0.0007225948548406427,0.0012678260041185628,-1.411051351043828,1.030596552521575,43.00520319876101,6,25,1,0,1,1,1,0,0,1
4,4,0.08,421,20665240,0.0003844601568734564,0.0006609257108684039,-4.1514866118528495,-1.79847353181647,41.83004979965051,11,21,1,1,1,1,1,0,0,1
4,4,0.08,422,20665241,0.00036323477974639737,0.0005180886018706686,-4.398125744439488,-2.8559596223734256,29.889447782703332,4,20,1,1,1,1,1,0,0,1
4,4,0.08,423,20665242,0.00026478359430324034,0.001198337985127991,-5.771089268014294,0.7857932587809536,77.90409737575334,6,23,1,1,1,1,1,0,0,1
4,4,0.08,424,20665243,0.00021422871610225392,0.0003740084677574425,-6.69122314975383,-4.271185650222452,42.72089148495197,7,25,1,0,1,1,1,0,0,1
4,4,0.08,425,20665244,0.0004872299741195346,0.0016180282503284297,-3.1226600199610073,2.0898610000470965,69.88742477020189,6,22,1,1,1,1,1,0,0,1
4,4,0.08,426,20665245,0.0008360194775209747,0.0011295055666045086,-0.7778360428186715,0.528883756190766,25.983589436022385,4,14,1,1,1,1,1,0,0,1
4,4,0.08,427,20665246,0.00042461208085601263,0.0006383225062915355,-3.720076536592694,-1.949598427299858,33.48000788459067,6,15,1,1,1,1,1,0,0,1
4,4,0.08,428,20665247,0.0004462118499964394,0.00048166631524610977,-3.504589003907566,-3.1725372448536087,7.360794003532244,8,14,1,1,1,1,1,0,0,1
4,4,0.08,429,20665248,0.001144051836216151,0.0020289201280790517,0.5844570249251553,3.0726495062265453,43.61277112966883,8,25,1,0,1,1,1,0,0,1
4,4,0.08,430,20665249,0.00024204478251132854,0.0005638158293870461,-6.161042745226216,-2.488627352772204,57.070239979876376,5,24,1,1,1,1,1,0,0,1
4,4,0.08,431,20665250,0.0004166387830760242,0.0005591265441128861,-3.802403059390389,-2.524898894474469,25.483991510890245,7,14,1,1,1,1,1,0,0,1
4,4,0.08,432,20665251,0.00023575295148065781,0.00034144877695905206,-6.275428614591839,-4.666744385492842,30.955104428758787,4,17,1,1,1,1,1,0,0,1
4,4,0.08,433,20665252,0.0004529406453726381,0.0006744811366176037,-3.43958705439786,-1.7103019184447303,32.84606184184032,10,21,1,1,1,1,1,0,0,1
4,4,0.08,434,20665253,0.00044090330963904843,0.0004476544390789875,-3.5565664113153392,-3.4905710455217105,1.5081118046833093,6,10,1,1,1,1,1,0,0,1
4,4,0.08,435,20665254,0.0006987787848025377,0.001262900514403399,-1.5566028883944136,1.0136914014568976,44.668738603480215,5,20,1,1,1,1,1,0,0,1
4,4,0.08,436,20665255,0.00028414308213246537,0.0005394850906967638,-5.464629130074952,-2.6802055305261114,47.33068864507735,5,25,1,0,1,1,1,0,0,1
4,4,0.08,437,20665256,0.00026431646664722635,0.0005515528983589191,-5.778757799206561,-2.5841282889255757,52.07776671400532,7,22,1,1,1,1,1,0,0,1
4,4,0.08,438,20665257,0.00018842199411313998,0.0006081400622726868,-7.2486840427954675,-2.159963857488828,69.01667793287847,7,25,1,0,1,1,1,0,0,1
4,4,0.08,439,20665258,0.0005957885604030215,0.0011525915156768794,-2.249078398278211,0.6167541837888264,48.308784829711826,6,21,1,1,1,1,1,0,0,1
4,4,0.08,440,20665259,0.0002767815027027035,0.0009424513734239504,-5.5786293712919495,-0.25741048335379,70.6317471110314,8,25,1,0,1,1,1,0,0,1
4,4,0.08,441,20665260,0.0003739086823286309,0.0005479281705780328,-4.272344502145003,-2.6127637065109943,31.759543968294473,4,16,1,1,1,1,1,0,0,1
4,4,0.08,442,20665261,0.0006859678000168022,0.0015026677153008564,-1.636962700122464,1.7686295572620097,54.3500007997802,6,19,1,1,1,1,1,0,0,1
4,4,0.08,443,20665262,0.00029359679305510235,0.0007534617383850705,-5.322486925096433,-1.2293879674037176,61.03361616153436,15,20,1,1,1,1,1,0,0,1
4,4,0.08,444,20665263,0.0006518090122663163,0.0013406840953957212,-1.8587963903737956,1.2732645735283752,51.3823566263814,14,25,1,0,1,1,1,0,0,1
4,4,0.08,445,20665264,0.0018881591031179104,0.002730057897286869,2.760385867284025,4.361718573724699,30.83812966038697,7,19,1,1,1,1,1,0,0,1
4,4,0.08,446,20665265,0.0006539048877970076,0.0010794122203918938,-1.8448541636818012,0.3318733055217398,39.420281200855825,8,25,1,0,1,1,1,0,0,1
4,4,0.08,447,20665266,0.0009585402837388828,0.001627427295112358,-0.18389630685888986,2.1150159568151397,41.10088440708469,5,16,1,1,1,1,1,0,0,1
4,4,0.08,448,20665267,0.0006848991680868505,0.0010338104900805716,-1.6437336130581215,0.1444093464246057,33.7500272382154,9,25,1,0,1,1,1,0,0,1
4,4,0.08,449,20665268,0.00026426985761941085,0.0004972038719202954,-5.779523692787621,-3.034654979968627,46.848793313143226,7,19,1,1,1,1,1,0,0,1
4,4,0.08,450,20665269,0.0004297167500386762,0.0006782978308271974,-3.6681771751090575,-1.6857957179136116,36.64777764147819,8,23,1,1,1,1,1,0,0,1
4,4,0.08,451,20665270,0.0009164092026429976,0.001341137722071326,-0.3791055824627455,1.2747337804880243,31.6692694895163,10,20,1,1,1,1,1,0,0,1
4,4,0.08,452,20665271,0.0007263549471266098,0.0011902378945179218,-1.388511011900295,0.7563377311583825,38.9739689458633,14,25,1,0,1,1,1,0,0,1
4,4,0.08,453,20665272,0.0004734447155253711,0.0008341383054160656,-3.2473072657417976,-0.7876193461509406,43.24146098419274,5,16,1,1,1,1,1,0,0,1
4,4,0.08,454,20665273,0.0005126347681317493,0.001491618045508064,-2.9019194224910754,1.736576287903483,65.63230314385615,11,25,1,0,1,1,1,0,0,1
4,4,0.08,455,20665274,0.00039244405438713795,0.0007387639048901385,-4.0622224618678935,-1.3149433181596404,46.87828522895982,8,23,1,1,1,1,1,0,0,1
4,4,0.08,456,20665275,0.0013049359940979506,0.001637826994789188,1.1558921045454746,2.1426802491123857,20.325162654562632,9,14,1,1,1,1,1,0,0,1
4,4,0.08,457,20665276,0.0004029764493832243,0.0007731629114404835,-3.947203340121738,-1.1172898721341196,47.87949041264318,7,20,1,1,1,1,1,0,0,1
4,4,0.08,458,20665277,0.0004271613944239923,0.000630729932268901,-3.694080044491797,-2.0015655839822,32.27507169552256,5,14,1,1,1,1,1,0,0,1
4,4,0.08,459,20665278,0.0004999526662375657,0.000603102915804415,-3.010711111938305,-2.1960857185286313,17.103258310278306,8,25,1,0,1,1,1,0,0,1
4,4,0.08,460,20665279,0.00029589728962170947,0.0005470468304545675,-5.28859012898598,-2.619754938906219,45.910062329429046,7,25,1,0,1,1,1,0,0,1
4,4,0.08,461,20665280,0.0002881211723173561,0.00048837609691172,-5.404248268193968,-3.1124560032375577,41.00424362713281,8,17,1,1,1,1,1,0,0,1
4,4,0.08,462,20665281,0.0003293160982979891,0.00043789803423199207,-4.823870387047397,-3.5862700439480015,24.796168844292595,4,15,1,1,1,1,1,0,0,1
4,4,0.08,463,20665282,0.0003867037616603644,0.0004365569891569944,-4.126216033073502,-3.599590544535441,11.419637924683823,4,13,1,1,1,1,1,0,0,1
4,4,0.08,464,20665283,0.0004642279832621779,0.0007718384486207262,-3.3326868419449855,-1.1247359113400437,39.85425524062032,6,15,1,1,1,1,1,0,0,1
4,4,0.08,465,20665284,0.000596260792916286,0.0013268979782202173,-2.245637467165023,1.228375323600687,55.06355404082709,7,18,1,1,1,1,1,0,0,1
4,4,0.08,466,20665285,0.0003581352345538027,0.00047634799785253125,-4.459529495283807,-3.2207565583407725,24.816471116002273,7,12,1,1,1,1,1,0,0,1
4,4,0.08,467,20665286,0.0006253918973668034,0.0008952725900729394,-2.0384774981467473,-0.48044711790232064,30.14508605520341,6,21,1,1,1,1,1,0,0,1
4,4,0.08,468,20665287,0.00036834108680468757,0.0005298441901215985,-4.337498348314263,-2.7585182345359387,30.481244548486263,8,18,1,1,1,1,1,0,0,1
4,4,0.08,469,20665288,0.00035267640156026264,0.0005665567960508901,-4.526235990652397,-2.4675654656830175,37.75091852775445,18,16,1,1,1,1,1,0,0,1
4,4,0.08,470,20665289,0.00025112048640537645,0.0004060207471922352,-6.001178561047392,-3.9145177390830215,38.150824030063525,16,22,1,1,1,1,1,0,0,1
4,4,0.08,471,20665290,0.0001812661644635732,0.0005913726126696623,-7.416832546917988,-2.2813879215662687,69.34823145676725,5,14,1,1,1,1,1,0,0,1
4,4,0.08,472,20665291,0.0007898792001307903,0.0009834981620296189,-1.0243932228942,-0.07226447357395167,19.686763979229237,5,16,1,1,1,1,1,0,0,1
4,4,0.08,473,20665292,0.0003329361731354713,0.0004946291140600181,-4.776390166797043,-3.0572032448202684,32.689733848729134,11,25,1,0,1,1,1,0,0,1
4,4,0.08,474,20665293,0.0006909611275163125,0.0011840588201802388,-1.6054638472426173,0.733732772561482,41.644695707673236,5,19,1,1,1,1,1,0,0,1
4,4,0.08,475,20665294,0.0017121368348769507,0.0035692437869256246,2.3353847077175622,5.525762122035513,52.03082397597438,9,20,1,1,1,1,1,0,0,1
4,4,0.08,476,20665295,0.0030022078888668684,0.004637681299982136,4.774407618118989,6.66300900745529,35.264894358341685,4,13,1,1,1,1,1,0,0,1
4,4,0.08,477,20665296,0.00028246023793907345,0.00037379166308007907,-5.490426793809532,-4.273703892030257,24.433778000404274,6,16,1,1,1,1,1,0,0,1
4,4,0.08,478,20665297,0.0004904212542985294,0.0011458358357920371,-3.094307162536243,0.5912240060111724,57.19969309918336,7,23,1,1,1,1,1,0,0,1
4,4,0.08,479,20665298,0.00046142861356865937,0.0005514512325465144,-3.3589547802109583,-2.584928882508382,16.324674543231108,9,25,1,0,1,1,1,0,0,1
4,4,0.08,480,20665299,0.0010530764482670845,0.0017297140701001633,0.2245990001302528,2.379743181341532,39.11846666044038,12,24,1,1,1,1,1,0,0,1
4,4,0.08,481,20665300,0.0003899411924636941,0.00043963607468801476,-4.09000884548525,-3.569066784070139,11.303640689537668,4,11,1,1,1,1,1,0,0,1
4,4,0.08,482,20665301,0.0002970389764990059,0.0005750572867072448,-5.271865602187402,-2.4028888911632693,48.34619378534627,8,12,1,1,1,1,1,0,0,1
4,4,0.08,483,20665302,0.0003053853427457799,0.0005466924367573744,-5.151518111479204,-2.6225693433463353,44.13946083521329,9,25,1,0,1,1,1,0,0,1
4,4,0.08,484,20665303,0.000756961900236902,0.0015764593492840087,-1.209259790643683,1.9768277647354782,51.98341774047669,5,25,1,0,1,1,1,0,0,1
4,4,0.08,485,20665304,0.001381136854403749,0.0034706558189408388,1.4023671418153865,5.4041154730834515,60.20530624597518,8,25,1,0,1,1,1,0,0,1
4,4,0.08,486,20665305,0.0005870215436131294,0.000813009236634492,-2.313459599097735,-0.8990452033876801,27.79644840898171,8,25,1,0,1,1,1,0,0,1
4,4,0.08,487,20665306,0.0006238257053626233,0.0007588742421281296,-2.0493673367131846,-1.1983018783961485,17.795904679382236,8,16,1,1,1,1,1,0,0,1
4,4,0.08,488,20665307,0.00038081028339750103,0.0005403591460296051,-4.192913324448922,-2.673174933372906,29.526448067812055,7,17,1,1,1,1,1,0,0,1
4,4,0.08,489,20665308,0.0006802873552583086,0.0016208559124915808,-1.6730760134955756,2.097444095486201,58.0291283132891,6,14,1,1,1,1,1,0,0,1
4,4,0.08,490,20665309,0.0007665708051353146,0.0016008388401097325,-1.1544772488087474,2.0434761276002806,52.1144298895966,10,25,1,0,1,1,1,0,0,1
4,4,0.08,491,20665310,0.00020598662252035687,0.0004402530534100334,-6.861609832922047,-3.562976232663529,53.21176743128469,5,14,1,1,1,1,1,0,0,1
4,4,0.08,492,20665311,0.0011314137620059188,0.003930279953897418,0.5362145699841638,5.944234862793895,71.21289640235511,10,25,1,0,1,1,1,0,0,1
4,4,0.08,493,20665312,0.00047199165164843736,0.0007392421100765618,-3.2606568288091378,-1.31213301997648,36.15195276151758,5,25,1,0,1,1,1,0,0,1
4,4,0.08,494,20665313,0.000652423590777308,0.0018936902165568076,-1.8547034383167385,2.7730893546786324,65.54750164134164,9,25,1,0,1,1,1,0,0,1
4,4,0.08,495,20665314,0.0004924921357182822,0.0008541098432952856,-3.076007000728127,-0.684862730236846,42.33854818741197,10,12,1,1,1,1,1,0,0,1
4,4,0.08,496,20665315,0.0005813845651596691,0.0009655742139451951,-2.355365022438926,-0.15214340767836448,39.788722941945935,14,20,1,1,1,1,1,0,0,1
4,4,0.08,497,20665316,0.0003413100971089638,0.0008775277091913197,-4.668508636292364,-0.5673916117679176,61.10549062621669,6,25,1,0,1,1,1,0,0,1
4,4,0.08,498,20665317,0.0003898043816535871,0.0010209288837304197,-4.091532834398459,0.08995490883050206,61.818654769638535,10,17,1,1,1,1,1,0,0,1
4,4,0.08,499,20665318,0.0007005402652451686,0.0015784039484724802,-1.5456689753562762,1.9821815865927999,55.617174809837174,10,25,1,0,1,1,1,0,0,1
4,4,0.08,500,20665319,0.00024270421835463705,0.00045202728681858817,-6.149226752864387,-3.4483534802699474,46.30761782926583,6,15,1,1,1,1,1,0,0,1
4,6,0.08,1,20666820,0.00014796768736004604,0.00023640733493337346,-8.29833113884608,-6.263390528683176,37.409857692551,7,17,1,1,1,1,1,0,0,1
4,6,0.08,2,20666821,0.0001756449405727594,0.0002684576620057172,-7.553643554818507,-5.711241963968988,34.57257309757142,5,23,1,1,1,1,1,0,0,1
4,6,0.08,3,20666822,0.0002394307464934272,0.0005204386489817547,-6.208200804332341,-2.8363045919683905,53.99443393339894,5,25,1,0,1,1,1,0,0,1
4,6,0.08,4,20666823,0.00028000176637307415,0.00044161920691419105,-5.528392289304258,-3.549520465210416,36.59656056864393,6,25,1,0,1,1,1,0,0,1
4,6,0.08,5,20666824,0.0003951129816905252,0.0009108251061250805,-4.0327870106028545,-0.4056500693116926,56.62032381041266,7,25,1,0,1,1,1,0,0,1
4,6,0.08,6,20666825,0.00026510244557109616,0.0003401339611234759,-5.765862658801347,-4.683500031976006,22.059401332506663,7,25,1,0,1,1,1,0,0,1
4,6,0.08,7,20666826,0.0014523809583007717,0.0025958717014401204,1.620805463830253,4.142832240553316,44.050356668435136,19,25,1,0,1,1,1,0,0,1
4,6,0.08,8,20666827,0.000607844227527058,0.0013793544244774124,-2.1620770328183845,1.3967587228003477,55.93270179581667,12,21,1,1,1,1,1,0,0,1
4,6,0.08,9,20666828,0.0005660105560334097,0.0010316074393692855,-2.471754691928049,0.13514465363321276,45.13314518365019,6,13,1,1,1,1,1,0,0,1
4,6,0.08,10,20666829,0.0002069667067385609,0.00022878097638506065,-6.840995107876708,-6.4058009086887155,9.535001550908769,8,17,1,1,1,1,1,0,0,1
4,6,0.08,11,20666830,0.00019152646222898233,0.00033633756177158246,-7.177712133085892,-4.732246284950757,43.055286117863325,4,19,1,1,1,1,1,0,0,1
4,6,0.08,12,20666831,0.00027772983284704957,0.00041094570085501667,-5.563774672250061,-3.862155586030746,32.41690270291116,17,18,1,1,1,1,1,0,0,1
4,6,0.08,13,20666832,0.0006748560146328409,0.0007609722394168916,-1.7078887712569837,-1.1863118618338846,11.316605300876525,13,15,1,1,1,1,1,0,0,1
4,6,0.08,14,20666833,0.0003508158360733739,0.0005656038557549209,-4.549208105053958,-2.474876385899088,37.974992124985754,6,13,1,1,1,1,1,0,0,1
4,6,0.08,15,20666834,0.0006770506464639054,0.0010340665047645057,-1.6937884289964056,0.14548470792206453,34.52542526574784,5,10,1,1,1,1,1,0,0,1
4,6,0.08,16,20666835,0.00030237533422567233,0.00032628242176754337,-5.194536385894356,-4.864063228869504,7.327114777547961,11,18,1,1,1,1,1,0,0,1
4,6,0.08,17,20666836,0.00023134866331760053,0.00046858765144526255,-6.357330054161575,-3.2920916042502473,50.628518996594764,6,22,1,1,1,1,1,0,0,1
4,6,0.08,18,20666837,0.00039952661611775863,0.0005727858707651407,-3.9845428306330484,-2.4200770355707144,30.248521042591065,6,17,1,1,1,1,1,0,0,1
4,6,0.08,19,20666838,0.0001430718625530156,0.00024178191085364438,-8.444457690320323,-6.165761944194776,40.826068398632195,4,13,1,1,1,1,1,0,0,1
4,6,0.08,20,20666839,0.00039986696479610913,0.0005784847213641304,-3.980844738344316,-2.3770810691944706,30.876832174032366,6,16,1,1,1,1,1,0,0,1
4,6,0.08,21,20666840,0.0004935276540526795,0.0008974063288334618,-3.0668850729830837,-0.4701087199064535,45.00510658374607,8,18,1,1,1,1,1,0,0,1
4,6,0.08,22,20666841,0.0002130758213348644,0.00029833397529342395,-6.714658288245314,-5.252972848805383,28.578090669929427,13,24,1,1,1,1,1,0,0,1
4,6,0.08,23,20666842,0.0006174596789986779,0.001490898554441861,-2.0939139719399606,1.7344809365756992,58.58472884294715,12,25,1,0,1,1,1,0,0,1
4,6,0.08,24,20666843,0.000286165229947851,0.00031233803742271727,-5.433831356325815,-5.053751229204305,8.379641394571502,5,22,1,1,1,1,1,0,0,1
4,6,0.08,25,20666844,0.0002637826957099063,0.000401639581092797,-5.787536978123783,-3.961634945603922,34.32353081531561,10,25,1,0,1,1,1,0,0,1
4,6,0.08,26,20666845,0.0004042693790939112,0.000667985770637796,-3.9332915254258527,-1.7523278872101977,39.47934269499291,12,25,1,0,1,1,1,0,0,1
4,6,0.08,27,20666846,0.00022032902585227923,0.0005356091698322971,-6.569282857039421,-2.7115199630999824,58.863843589297446,10,25,1,0,1,1,1,0,0,1
4,6,0.08,28,20666847,0.00026175723703186586,0.00031729051663463066,-5.821013021627567,-4.9854290815423115,17.5023445994489,13,18,1,1,1,1,1,0,0,1
4,6,0.08,29,20666848,0.0001984138673505342,0.0003307757580588257,-7.024279778302733,-4.804663265894642,40.0155959085587,7,20,1,1,1,1,1,0,0,1
4,6,0.08,30,20666849,0.0006730842910755632,0.0006620132279760867,-1.7193054520140412,-1.7913333264545748,-1.6723326108336276,8,12,1,1,1,1,0,1,0,1
4,6,0.08,31,20666850,0.0008117770930463215,0.0014094033932145358,-0.9056320788931891,1.4903531274985091,42.40278567835441,10,25,1,0,1,1,1,0,0,1
4,6,0.08,32,20666851,0.0003199862537848973,0.0007422608941232591,-4.948686780350759,-1.2944341956836614,56.89032571723215,12,18,1,1,1,1,1,0,0,1
4,6,0.08,33,20666852,0.00015151320694701943,0.0002665389283837248,-8.195495093780188,-5.742393526877633,43.15531773696775,5,25,1,0,1,1,1,0,0,1
4,6,0.08,34,20666853,0.0006748095222546167,0.0008776368070945355,-1.7081879769900998,-0.5668517123228775,23.110617421731618,8,19,1,1,1,1,1,0,0,1
4,6,0.08,35,20666854,0.00021603895643228604,0.0003881584098159037,-6.654679292282552,-4.109910000014663,44.34257999594823,7,17,1,1,1,1,1,0,0,1
4,6,0.08,36,20666855,0.0003228207581991145,0.00041553910253075877,-4.9103854680785375,-3.813881025313695,22.312784468889088,5,16,1,1,1,1,1,0,0,1
4,6,0.08,37,20666856,0.000475761507900446,0.0008164199314537183,-3.2261069803365467,-0.8808640129219526,41.72588277538687,18,25,1,0,1,1,1,0,0,1
4,6,0.08,38,20666857,0.00025601963316366344,0.0003686168660685016,-5.917267290330807,-4.334247975138386,30.545871138710655,11,20,1,1,1,1,1,0,0,1
4,6,0.08,39,20666858,0.0004310174712727622,0.0005442225040775288,-3.6550512537623527,-2.642235037274867,20.801240661051317,9,18,1,1,1,1,1,0,0,1
4,6,0.08,40,20666859,0.0005506041876512155,0.0008925888877356338,-2.591604898789417,-0.49348524200772936,38.31379762658518,9,23,1,1,1,1,1,0,0,1
4,6,0.08,41,20666860,0.00035295020867203857,0.0004839187257141905,-4.522865570036337,-3.1522757211126953,27.064155628377954,6,25,1,0,1,1,1,0,0,1
4,6,0.08,42,20666861,0.0005622464765210039,0.0008556676768459251,-2.500732575148823,-0.6769487333101766,34.29149052427695,8,25,1,0,1,1,1,0,0,1
4,6,0.08,43,20666862,0.0016306524134292522,0.002169130004397661,2.1236139757176558,3.362855817516548,24.824588193271385,8,22,1,1,1,1,1,0,0,1
4,6,0.08,44,20666863,0.0009621395158974169,0.0015468261297180508,-0.16761948137708096,1.8944149977063918,37.799116693691246,16,20,1,1,1,1,1,0,0,1
4,6,0.08,45,20666864,0.0002468913783435264,0.00037706402855534985,-6.074940757351731,-4.235848967777881,34.52269120195729,9,15,1,1,1,1,1,0,0,1
4,6,0.08,46,20666865,0.00044746234481691355,0.0006234393860773817,-3.492435058817084,-2.052057644336638,28.226808442068137,7,16,1,1,1,1,1,0,0,1
4,6,0.08,47,20666866,0.00045495850959056245,0.0006523673036160577,-3.420282074692147,-1.8550781374911924,30.260375241257893,11,25,1,0,1,1,1,0,0,1
4,6,0.08,48,20666867,0.00039295300045817726,0.0007196168351430322,-4.056593907500045,-1.4289868506495687,45.39413459107397,9,25,1,0,1,1,1,0,0,1
4,6,0.08,49,20666868,0.0003632675250798295,0.000435110844417847,-4.397734248981516,-3.614000925010326,16.51149822159447,10,23,1,1,1,1,1,0,0,1
4,6,0.08,50,20666869,0.0002977185677775306,0.000507666079209596,-5.261940789177432,-2.9442185393682756,41.355434217495954,9,23,1,1,1,1,1,0,0,1
4,6,0.08,51,20666870,0.0001781508882391108,0.00023931124512986625,-7.492120079670056,-6.210368936009129,25.55682532075154,8,25,1,0,1,1,1,0,0,1
4,6,0.08,52,20666871,0.0004044514836750911,0.0008854463311599342,-3.9313356709471736,-0.5283775721524282,54.32230396784638,6,25,1,0,1,1,1,0,0,1
4,6,0.08,53,20666872,0.0006602949984428142,0.0007058735020221033,-1.80261992378532,-1.512731208973167,6.457035637224124,14,21,1,1,1,1,1,0,0,1
4,6,0.08,54,20666873,0.0002885098780563872,0.0003616519896771099,-5.3983931279615485,-4.417091412307318,20.224446072044408,7,25,1,0,1,1,1,0,0,1
4,6,0.08,55,20666874,0.0004982885891734002,0.0012536218040232958,-3.0251905807431374,0.981665371336756,60.25208020678773,10,25,1,0,1,1,1,0,0,1
4,6,0.08,56,20666875,0.0003757078354077098,0.00046869433114642774,-4.251497476067032,-3.291102992357398,19.839475231388594,10,18,1,1,1,1,1,0,0,1
4,6,0.08,57,20666876,0.0004993514017317235,0.0007156837985500724,-3.0159372667580966,-1.4527881411195347,30.22737097816436,6,12,1,1,1,1,1,0,0,1
4,6,0.08,58,20666877,0.00030101115262857195,0.0004707691060074051,-5.214174132589181,-3.2719204525668975,36.05970553559708,13,25,1,0,1,1,1,0,0,1
4,6,0.08,59,20666878,0.0003584934370063292,0.0007452254119179908,-4.455187906182899,-1.2771234423796667,51.89463063482059,11,24,1,1,1,1,1,0,0,1
4,6,0.08,60,20666879,0.00046004373572847005,0.0006572342563558335,-3.37200878573573,-1.8227980835538207,30.003080137776998,7,15,1,1,1,1,1,0,0,1
4,6,0.08,61,20666880,0.0007321568442670489,0.0011096809215585068,-1.353958734455265,0.4519811939263969,34.020957732718244,5,16,1,1,1,1,1,0,0,1
4,6,0.08,62,20666881,0.00036616804754918057,0.0005265836292048927,-4.363195556610619,-2.785326466665148,30.463457798323372,5,25,1,0,1,1,1,0,0,1
4,6,0.08,63,20666882,0.0004253317410960435,0.0004960607289935654,-3.7127220612095275,-3.044651528397839,14.258130862529802,6,25,1,0,1,1,1,0,0,1
4,6,0.08,64,20666883,0.0001983487307588211,0.0003357522288898084,-7.025705742480806,-4.739810955875225,40.92407624078117,5,23,1,1,1,1,1,0,0,1
4,6,0.08,65,20666884,0.0015129356394276087,0.001776603313164911,1.7982045344555087,2.495904676839508,14.84111122519491,25,25,0,0,1,1,1,0,0,1
4,6,0.08,66,20666885,0.0003405414404209085,0.0005596312292960263,-4.678300313252427,-2.520980584180432,39.14895692127763,5,11,1,1,1,1,1,0,0,1
4,6,0.08,67,20666886,0.0002709009311509178,0.0004375196421036651,-5.671895021908613,-3.5900244489138746,38.082567025246604,16,25,1,0,1,1,1,0,0,1
4,6,0.08,68,20666887,0.00028287654047386135,0.0003497277643583385,-5.484030679732261,-4.562698883399466,19.11521780580736,8,25,1,0,1,1,1,0,0,1
4,6,0.08,69,20666888,0.0003639046436728431,0.0004348489664257561,-4.390124024829482,-3.6166155784440743,16.314704237666767,8,25,1,0,1,1,1,0,0,1
4,6,0.08,70,20666889,0.000999309124094956,0.0014991962779060174,-0.003001472874476858,1.7585849531072248,33.34367628695505,23,25,1,0,1,1,1,0,0,1
4,6,0.08,71,20666890,0.00041347331650216695,0.0007276985405934817,-3.83552512398715,-1.3804849605949279,43.180686309339755,7,20,1,1,1,1,1,0,0,1
4,6,0.08,72,20666891,0.0007642879157855422,0.0014346500573594882,-1.167430070238786,1.5674598003053073,46.72652666307807,5,16,1,1,1,1,1,0,0,1
4,6,0.08,73,20666892,0.0002613522327647139,0.0005640245053919414,-5.827737853184686,-2.487020266455619,53.66296494810986,6,25,1,0,1,1,1,0,0,1
4,6,0.08,74,20666893,0.0004544522623408269,0.00056555643030679,-3.425117302435989,-2.475240553748523,19.64510736898419,15,22,1,1,1,1,1,0,0,1
4,6,0.08,75,20666894,0.0002154395384599457,0.00030543036827783,-6.666745899925424,-5.1508778417612975,29.463615659863105,10,11,1,1,1,1,1,0,0,1
4,6,0.08,76,20666895,0.0002533315923026906,0.00044519838145312717,-5.963106471333416,-3.514464232395156,43.096919742651245,6,16,1,1,1,1,1,0,0,1
4,6,0.08,77,20666896,0.000578177983642478,0.0009349601871588641,-2.3793844978855043,-0.2920688203159384,38.160149321498686,10,25,1,0,1,1,1,0,0,1
4,6,0.08,78,20666897,0.0006110544183156967,0.0012953958054570708,-2.1392011132564606,1.1240248645741624,52.828748113778964,7,13,1,1,1,1,1,0,0,1
4,6,0.08,79,20666898,0.001359006262007604,0.0021601639911724892,1.332214578723637,3.34486722335114,37.08781983399485,23,25,1,0,1,1,1,0,0,1
4,6,0.08,80,20666899,0.0007157475723237928,0.0017401907999257046,-1.4524011634606848,2.4059686828950615,58.869592210558125,11,23,1,1,1,1,1,0,0,1
4,6,0.08,81,20666900,0.0005180879385349197,0.001206195318385041,-2.8559651828748307,0.8141763850776698,57.04775747027597,6,20,1,1,1,1,1,0,0,1
4,6,0.08,82,20666901,0.0008350456136695307,0.0008326491165749287,-0.7828980089493589,-0.7953797439050074,-0.2878159655606102,11,19,1,1,1,1,0,1,0,1
4,6,0.08,83,20666902,0.0010916382492860005,0.0015293193292063615,0.3807874425951494,1.8449817765064394,28.619338784365922,11,21,1,1,1,1,1,0,0,1
4,6,0.08,84,20666903,0.00021106907067888606,0.0003379880820607821,-6.7557540201973145,-4.710986132918471,37.551327433809206,5,24,1,1,1,1,1,0,0,1
4,6,0.08,85,20666904,0.00021590294154416422,0.0003536784024854487,-6.657414406315116,-4.513914597435567,38.95501109852274,9,17,1,1,1,1,1,0,0,1
4,6,0.08,86,20666905,0.00027200138683345086,0.0006186476865847502,-5.654288816548469,-2.0855660676670236,56.03290972685328,5,17,1,1,1,1,1,0,0,1
4,6,0.08,87,20666906,0.00040405898654569675,0.00044957737088910333,-3.935552297871075,-3.471955567479883,10.124705399070129,4,14,1,1,1,1,1,0,0,1
4,6,0.08,88,20666907,0.00035301383553375905,0.000694399961773856,-4.522082731441436,-1.5839031173911615,49.16275130085268,4,23,1,1,1,1,1,0,0,1
4,6,0.08,89,20666908,0.0004392904420714871,0.000991979461229311,-3.572482458600353,-0.03497319748156957,55.71577242868555,6,25,1,0,1,1,1,0,0,1
4,6,0.08,90,20666909,0.0005049283906917917,0.0008061054611158715,-2.9677020947061035,-0.9360813662603761,37.3619935544374,7,21,1,1,1,1,1,0,0,1
4,6,0.08,91,20666910,0.0005747254342825393,0.001044421109609154,-2.4053958288346515,0.18875641103914734,44.9718672865953,6,25,1,0,1,1,1,0,0,1
4,6,0.08,92,20666911,0.0006130714536580842,0.0006480828702048702,-2.124889053821441,-1.8836945744488482,5.402305500794726,12,19,1,1,1,1,1,0,0,1
4,6,0.08,93,20666912,0.00047761809805586515,0.0006322042168866558,-3.2091922514317877,-1.9914261168451612,24.451927826749294,9,19,1,1,1,1,1,0,0,1
4,6,0.08,94,20666913,0.0005148238411921396,0.0009573060633250539,-2.8834134937752203,-0.18949190370987123,46.22160446743867,9,25,1,0,1,1,1,0,0,1
4,6,0.08,95,20666914,0.0005501266593695087,0.0008825734875712976,-2.5953730844684135,-0.5424912286030639,37.66789200938155,9,25,1,0,1,1,1,0,0,1
4,6,0.08,96,20666915,0.0008112183056605759,0.0020472277603391723,-0.9086225776705574,3.1116616193753925,60.37478968504324,10,25,1,0,1,1,1,0,0,1
4,6,0.08,97,20666916,0.00046352082854407784,0.0008208321606368677,-3.33930745837674,-0.8574563601210582,43.53037676003812,5,12,1,1,1,1,1,0,0,1
4,6,0.08,98,20666917,0.0002732402944544787,0.0005447548007781887,-5.634552553241802,-2.6379893374386536,49.84159954824598,8,25,1,0,1,1,1,0,0,1
4,6,0.08,99,20666918,0.0004884820447678078,0.0005750412387291258,-3.111513951009386,-2.403010090316022,15.052693290766202,12,22,1,1,1,1,1,0,0,1
4,6,0.08,100,20666919,0.00029793714298924215,0.0005191219487847072,-5.258753511329775,-2.847306085039948,42.607484871959414,13,25,1,0,1,1,1,0,0,1
4,6,0.08,101,20666920,0.00021186378378872364,0.00045686459849291427,-6.7394327568637,-3.4021249323525424,53.62657021629362,7,15,1,1,1,1,1,0,0,1
4,6,0.08,102,20666921,0.0005397746984621018,0.0011647469776919412,-2.677874765335286,0.6623159220597185,53.657342856410104,9,24,1,1,1,1,1,0,0,1
4,6,0.08,103,20666922,0.0005984106158048124,0.0006404590729903021,-2.2300071069079324,-1.9350861758576645,6.56536209084611,8,17,1,1,1,1,1,0,0,1
4,6,0.08,104,20666923,0.0002651253667445941,0.000259938719599394,-5.765487177208572,-5.851290246317678,-1.995334574700359,7,10,1,1,1,1,0,1,0,1
4,6,0.08,105,20666924,0.0006153205506901108,0.0016869770276031538,-2.1089857995134755,2.2710916862758666,63.52525608695725,7,25,1,0,1,1,1,0,0,1
4,6,0.08,106,20666925,0.000699459008094252,0.0007498566037685731,-1.5523773232314677,-1.2502177946995445,6.720964437872082,16,24,1,1,1,1,1,0,0,1
4,6,0.08,107,20666926,0.0004897007349827933,0.0007944223031369638,-3.100692441567219,-0.9994857167110444,38.357630060347695,9,17,1,1,1,1,1,0,0,1
4,6,0.08,108,20666927,0.00023036584331562413,0.0004597959942775321,-6.37581913960736,-3.3743481660467314,49.89824918383789,11,25,1,0,1,1,1,0,0,1
4,6,0.08,109,20666928,0.00031888410708922883,0.00048113160370430837,-4.963671250826803,-3.1773611500847903,33.722061773932616,5,11,1,1,1,1,1,0,0,1
4,6,0.08,110,20666929,0.00043495269714666495,0.0005347914249234685,-3.6155797174703648,-2.7181556501939568,18.6687226316486,11,16,1,1,1,1,1,0,0,1
4,6,0.08,111,20666930,0.0001500739533142471,0.0002511615500865256,-8.236946769338209,-6.000468452826361,40.24803825961962,6,20,1,1,1,1,1,0,0,1
4,6,0.08,112,20666931,0.000323813244217975,0.0005425210233010939,-4.8970539223133684,-2.6558342775270583,40.313235743813415,6,21,1,1,1,1,1,0,0,1
4,6,0.08,113,20666932,0.0005414860314268555,0.000868112988521807,-2.664127422750111,-0.6142374590870483,37.62493608707787,17,21,1,1,1,1,1,0,0,1
4,6,0.08,114,20666933,0.0004551768055351534,0.0008217418442160218,-3.418198764125024,-0.8526459759565896,44.60829654239985,14,18,1,1,1,1,1,0,0,1
4,6,0.08,115,20666934,0.00047892961606375254,0.0007494552318198719,-3.1972830621199244,-1.2525430431573792,36.09630092236636,11,19,1,1,1,1,1,0,0,1
4,6,0.08,116,20666935,0.0007199362244548024,0.0010077079847410479,-1.4270597383832737,0.033346997791871474,28.557058656252938,8,25,1,0,1,1,1,0,0,1
4,6,0.08,117,20666936,0.0002865960302223565,0.0002924856032035836,-5.427298295160129,-5.338955060027169,2.0136283347689043,8,17,1,1,1,1,1,0,0,1
4,6,0.08,118,20666937,0.0008641129942945332,0.0014598044333232385,-0.6342946401416094,1.6429467823821562,40.80624948320072,11,20,1,1,1,1,1,0,0,1
4,6,0.08,119,20666938,0.00017072380640153424,0.00021797451383206182,-7.677059149255003,-6.615942823089491,21.67717069296084,6,15,1,1,1,1,1,0,0,1
4,6,0.08,120,20666939,0.0005080908531581291,0.000850403154150998,-2.9405862335128212,-0.7037513768062847,40.25294348003885,7,24,1,1,1,1,1,0,0,1
4,6,0.08,121,20666940,0.00029091103142163014,0.00047810646595954835,-5.362398098814917,-3.2047538282258907,39.15350405525711,9,22,1,1,1,1,1,0,0,1
4,6,0.08,122,20666941,0.0001661719163186166,0.00028159510845576714,-7.794423717578825,-5.503748935253774,40.98906148267883,5,20,1,1,1,1,1,0,0,1
4,6,0.08,123,20666942,0.00028936553805379583,0.000546253769615893,-5.385531923747603,-2.6260555300965462,47.027269348224756,10,25,1,0,1,1,1,0,0,1
4,6,0.08,124,20666943,0.0002263709702511523,0.0003963978083960438,-6.451792677138438,-4.0186875530718575,42.89298137970947,12,25,1,0,1,1,1,0,0,1
4,6,0.08,125,20666944,0.0006325308551739155,0.0008911911377056293,-1.9891828453170284,-0.5002914091437596,29.02410847549881,6,25,1,0,1,1,1,0,0,1
4,6,0.08,126,20666945,0.0014925962018935406,0.0015465987826949659,1.7394233216661172,1.8937766401539942,3.491699424935866,12,25,1,0,1,1,1,0,0,1
4,6,0.08,127,20666946,0.0006361030191707092,0.0008131485652265022,-1.964725431028149,-0.898300999611636,21.772841228155766,6,14,1,1,1,1,1,0,0,1
4,6,0.08,128,20666947,0.0007428589992790879,0.001050158597301464,-1.2909361106607389,0.2125489214761325,29.26220847137064,13,13,1,1,1,1,1,0,0,1
4,6,0.08,129,20666948,0.0005112085712505718,0.0009460538670509446,-2.914018731289605,-0.24084134743077507,45.964115886538266,12,19,1,1,1,1,1,0,0,1
4,6,0.08,130,20666949,0.001206756147031668,0.0016733978623328799,0.816195197261836,2.2359920986444943,27.885879730398837,19,24,1,1,1,1,1,0,0,1
4,6,0.08,131,20666950,0.0003537652572031279,0.0006347039261526937,-4.512848207927703,-1.9742881521814328,44.26294802562464,10,24,1,1,1,1,1,0,0,1
4,6,0.08,132,20666951,0.0004843241541285139,0.0009399025735135757,-3.1486387135580096,-0.2691716127083702,48.47081306331603,9,25,1,0,1,1,1,0,0,1
4,6,0.08,133,20666952,0.0006113790883052846,0.0007488474115329328,-2.13689420024288,-1.2560666705401158,18.357321012333177,10,17,1,1,1,1,1,0,0,1
4,6,0.08,134,20666953,0.00018094479149120815,0.0002169652206210216,-7.4245391357365,-6.636098776857086,16.601936949485186,3,12,1,1,1,1,1,0,0,1
4,6,0.08,135,20666954,0.00016396784786172126,0.0002494009214102452,-7.852413035692769,-6.031019463560895,34.255315924832985,6,16,1,1,1,1,1,0,0,1
4,6,0.08,136,20666955,0.0003275396864910821,0.0005097678720881326,-4.847360710008703,-2.926275392365436,35.74728726049363,4,15,1,1,1,1,1,0,0,1
4,6,0.08,137,20666956,0.00048156289126101345,0.000689372440953116,-3.173469867450452,-1.615460823745787,30.144742862767792,12,21,1,1,1,1,1,0,0,1
4,6,0.08,138,20666957,0.000677382955947838,0.0007340634805825168,-1.691657351063979,-1.342663813992038,7.721474522843713,17,16,1,1,1,1,1,0,0,1
4,6,0.08,139,20666958,0.00015991182302818515,0.0003185516493106879,-7.961194256466344,-4.968201420034548,49.80034685922442,9,24,1,1,1,1,1,0,0,1
4,6,0.08,140,20666959,0.00021099130229884446,0.0002568963644165775,-6.757354472685311,-5.902420418021287,17.869097611398807,11,21,1,1,1,1,1,0,0,1
4,6,0.08,141,20666960,0.0003944057307895461,0.0005110320264100699,-4.040567833043685,-2.915518817491937,22.82171949961876,10,21,1,1,1,1,1,0,0,1
4,6,0.08,142,20666961,0.00042418662254586404,0.0008273508912365309,-3.7244303182634644,-0.8231026093379206,48.729538211787144,18,20,1,1,1,1,1,0,0,1
4,6,0.08,143,20666962,0.0005631425824516312,0.0009780480639488365,-2.493816319121285,-0.0963980227287976,42.4217885389025,8,18,1,1,1,1,1,0,0,1
4,6,0.08,144,20666963,0.0008206033568863678,0.001295553636499284,-0.8586671077363451,1.1245539767959676,36.66002442757055,13,25,1,0,1,1,1,0,0,1
4,6,0.08,145,20666964,0.0003278298040365115,0.0007195908808086951,-4.84351565896087,-1.4291434899457645,54.44219586717278,6,12,1,1,1,1,1,0,0,1
4,6,0.08,146,20666965,0.00030409953968183845,0.0005729895332944416,-5.169842372507668,-2.4185331114602127,46.92755765827033,5,11,1,1,1,1,1,0,0,1
4,6,0.08,147,20666966,0.00019003138481598676,0.0003710951576975394,-7.211746668009715,-4.3051471258454725,48.79173687012333,6,16,1,1,1,1,1,0,0,1
4,6,0.08,148,20666967,0.00040601646993687797,0.0007904626562784971,-3.9145634903949116,-1.021186425632369,48.635591231038546,6,25,1,0,1,1,1,0,0,1
4,6,0.08,149,20666968,0.0012334945801894398,0.0018455402011997204,0.9113724559795562,2.6612350982376354,33.16349438567696,13,25,1,0,1,1,1,0,0,1
4,6,0.08,150,20666969,0.00040747409184707683,0.000814522636121836,-3.8989999950204157,-0.8909684185737187,49.973877486429124,9,25,1,0,1,1,1,0,0,1
4,6,0.08,151,20666970,0.00031079525920981897,0.0003940279392498553,-5.075256144358542,-4.044729826621315,21.12354778660962,7,25,1,0,1,1,1,0,0,1
4,6,0.08,152,20666971,0.00039861598771186884,0.000701454388398606,-3.9944528657933853,-1.540005634250886,43.17292837501606,7,18,1,1,1,1,1,0,0,1
4,6,0.08,153,20666972,0.0002958292095689429,0.0004949122698089421,-5.2895894687625535,-3.0547177907576506,40.22592939893248,7,25,1,0,1,1,1,0,0,1
4,6,0.08,154,20666973,0.00034669782150739296,0.0005440033453420383,-4.600488872455085,-2.643984296049081,36.269174725495645,7,25,1,0,1,1,1,0,0,1
4,6,0.08,155,20666974,0.00205416526728069,0.0027914752569914857,3.1263538170559246,4.4583378271495,26.412915101580804,14,25,1,0,1,1,1,0,0,1
4,6,0.08,156,20666975,0.00036217413889558605,0.0005192447666188043,-4.410825637843045,-2.8462787195228287,30.249823940648266,7,25,1,0,1,1,1,0,0,1
4,6,0.08,157,20666976,0.0008435594337655208,0.0014981716064212383,-0.738843133746931,1.755615619971539,43.6940714835348,9,25,1,0,1,1,1,0,0,1
4,6,0.08,158,20666977,0.00041250799607017014,0.0011245649973975545,-3.8456762865225103,0.5098456176837984,63.3184389497461,7,22,1,1,1,1,1,0,0,1
4,6,0.08,159,20666978,0.00034114857092497987,0.0004663275065001155,-4.670564436445042,-3.313089667696288,26.84356677019322,13,25,1,0,1,1,1,0,0,1
4,6,0.08,160,20666979,0.00019891220640178914,0.00033486985628984216,-7.013385652401583,-4.751239442373206,40.600145798246075,7,20,1,1,1,1,1,0,0,1
4,6,0.08,161,20666980,0.0002674996215042432,0.0004099974505041861,-5.726768281426963,-3.872188438544259,34.755784170050106,5,25,1,0,1,1,1,0,0,1
4,6,0.08,162,20666981,0.00020558995694817516,0.0002644199559047526,-6.869981044069183,-5.777057715303245,22.248698573177567,5,20,1,1,1,1,1,0,0,1
4,6,0.08,163,20666982,0.0003603438948492799,0.0005657824291861477,-4.432828316057318,-2.473505440228761,36.31051862681239,5,20,1,1,1,1,1,0,0,1
4,6,0.08,164,20666983,0.0004356735664957051,0.0004979772153796231,-3.608387890963893,-3.0279052764444603,12.511345290451109,8,17,1,1,1,1,1,0,0,1
4,6,0.08,165,20666984,0.00048648011105280244,0.0007286569101695756,-3.1293491045541284,-1.3747691213967006,33.236053310797935,8,18,1,1,1,1,1,0,0,1
4,6,0.08,166,20666985,0.000668287408329409,0.0013066690205067158,-1.7503672164538222,1.1616559464173144,48.85564761685002,7,25,1,0,1,1,1,0,0,1
4,6,0.08,167,20666986,0.0017327681818664893,0.0033840456329419346,2.387404645774832,5.294362107503351,48.79595697531715,8,25,1,0,1,1,1,0,0,1
4,6,0.08,168,20666987,0.0002666382612562561,0.00038891344192343985,-5.740775313655114,-4.101470461755269,31.440204293904152,7,13,1,1,1,1,1,0,0,1
4,6,0.08,169,20666988,0.00040405846024700956,0.00044567685455222596,-3.935557954687831,-3.509799196523471,9.338244488157374,13,17,1,1,1,1,1,0,0,1
4,6,0.08,170,20666989,0.0008709142529613906,0.0012572659040646706,-0.6002460193708805,0.9942713803234825,30.729509951254272,10,25,1,0,1,1,1,0,0,1
4,6,0.08,171,20666990,0.0005212834299665224,0.0007523898759444037,-2.829260797698484,-1.235570568896828,30.71631521992441,15,25,1,0,1,1,1,0,0,1
4,6,0.08,172,20666991,0.0003136752848680643,0.001153755621737305,-5.035196989250514,0.6211383016271572,72.81267549572262,17,25,1,0,1,1,1,0,0,1
4,6,0.08,173,20666992,0.0005249400534324081,0.0007489134624328391,-2.79890288879731,-1.2556836248634493,29.906447171193218,13,25,1,0,1,1,1,0,0,1
4,6,0.08,174,20666993,0.0005016428169221852,0.000680875865888636,-2.9960540208277306,-1.6693205941417784,26.32389513946528,8,20,1,1,1,1,1,0,0,1
4,6,0.08,175,20666994,0.00023145059704771423,0.000537874261215291,-6.355416945778942,-2.6931923742408537,56.96938601881283,5,25,1,0,1,1,1,0,0,1
4,6,0.08,176,20666995,0.00019492886127273935,0.0002860027213981572,-7.10123854245495,-5.436298344143847,31.843704031973118,13,22,1,1,1,1,1,0,0,1
4,6,0.08,177,20666996,0.00014618157876584824,0.0003279230505294096,-8.351073520320597,-4.842280546149284,55.4219874053233,7,25,1,0,1,1,1,0,0,1
4,6,0.08,178,20666997,0.0002903942540549391,0.0005477993516832525,-5.3701198114316036,-2.6137848606627174,46.9889379820131,6,25,1,0,1,1,1,0,0,1
4,6,0.08,179,20666998,0.00017034507561613854,0.00021401381652596353,-7.68670416622958,-6.695581881120731,20.404636307454115,8,14,1,1,1,1,1,0,0,1
4,6,0.08,180,20666999,0.00022839457428207847,0.0002977697137688525,-6.413142173585108,-5.261194765366534,23.29825240072177,5,15,1,1,1,1,1,0,0,1
4,6,0.08,181,20667000,0.0003561384809038497,0.0006734126936976323,-4.483810980996959,-1.7171870150468886,47.11437960155845,6,10,1,1,1,1,1,0,0,1
4,6,0.08,182,20667001,0.00048397113976192017,0.0009568314565233408,-3.151805354957673,-0.19164555377047934,49.419394976787714,10,25,1,0,1,1,1,0,0,1
4,6,0.08,183,20667002,0.0008897042317830466,0.0016130689077031267,-0.5075434375155629,2.07652920145328,44.84400340653085,25,25,0,0,1,1,1,0,0,1
4,6,0.08,184,20667003,0.000281402843217937,0.00042397052912998296,-5.5067151888555586,-3.726643308625875,33.626791514166044,6,15,1,1,1,1,1,0,0,1
4,6,0.08,185,20667004,0.0003692768304512878,0.0005933858639466385,-4.3264794044764106,-2.2666280396305374,37.76784165446587,10,18,1,1,1,1,1,0,0,1
4,6,0.08,186,20667005,0.0006502447759003432,0.001775668867305114,-1.869231282620668,2.493619802993753,63.380290780949345,9,25,1,0,1,1,1,0,0,1
4,6,0.08,187,20667006,0.000474278275826067,0.0006616513392632007,-3.239667676208172,-1.7937080409989579,28.31900312418137,10,25,1,0,1,1,1,0,0,1
4,6,0.08,188,20667007,0.0002764504879144266,0.0003981179370771783,-5.583826392273027,-3.999882549751837,30.560654979774377,8,16,1,1,1,1,1,0,0,1
4,6,0.08,189,20667008,0.0003282947607893918,0.000557727497003649,-4.837360480608294,-2.5357794345433753,41.13706737553162,9,23,1,1,1,1,1,0,0,1
4,6,0.08,190,20667009,0.0003556837058369797,0.00048731707973184756,-4.4893602974583,-3.1218836698253916,27.011853138268986,12,14,1,1,1,1,1,0,0,1
4,6,0.08,191,20667010,0.0012194564204406776,0.0015828613389084131,0.8616628460028813,1.9944287166303494,22.95873362592519,9,25,1,0,1,1,1,0,0,1
4,6,0.08,192,20667011,0.0005180909505102848,0.0008117664715782335,-2.8559399346422225,-0.905688903299764,36.17734057148059,7,25,1,0,1,1,1,0,0,1
4,6,0.08,193,20667012,0.00022823070951586094,0.000250359208730243,-6.4162591961997855,-6.0143642972072335,8.838699933033054,7,14,1,1,1,1,1,0,0,1
4,6,0.08,194,20667013,0.0006736787966477879,0.0008650879517315315,-1.715471214075652,-0.6293973645436612,22.12597628953511,6,15,1,1,1,1,1,0,0,1
4,6,0.08,195,20667014,0.0002965884373561283,0.0006552835095920251,-5.278457841583213,-1.8357076105851131,54.738913307801354,9,24,1,1,1,1,1,0,0,1
4,6,0.08,196,20667015,0.0003087631599160963,0.0004479893998819891,-5.103745231018499,-3.4873226195547886,31.07802104303545,6,17,1,1,1,1,1,0,0,1
4,6,0.08,197,20667016,0.00013607313428354263,0.0002620900328316618,-8.662276116382417,-5.815494947669343,48.0815302995741,5,25,1,0,1,1,1,0,0,1
4,6,0.08,198,20667017,0.00034110445264389796,0.0006489760267989117,-4.671126114455683,-1.8777134575932741,47.43959120856851,5,17,1,1,1,1,1,0,0,1
4,6,0.08,199,20667018,0.0003018743227371712,0.0004577009519799803,-5.201738262541909,-3.3941818427529524,34.04551128170364,7,12,1,1,1,1,1,0,0,1
4,6,0.08,200,20667019,0.00026668598316223355,0.00043083049755010647,-5.739998099391777,-3.656935615279038,38.09955778926318,14,25,1,0,1,1,1,0,0,1
4,6,0.08,201,20667020,0.000409178617842611,0.0007618539649871031,-3.8808706898624834,-1.1812826787087132,46.291725626244165,6,17,1,1,1,1,1,0,0,1
4,6,0.08,202,20667021,9.575023223019748e-05,0.0001847285650493109,-10.18860164031183,-7.334659433032159,48.167067608283425,7,18,1,1,1,1,1,0,0,1
4,6,0.08,203,20667022,0.0001717532297876893,0.0002162394858274292,-7.650950873642923,-6.650649999701511,20.57267934647344,7,13,1,1,1,1,1,0,0,1
4,6,0.08,204,20667023,0.0005305734050171573,0.0007323546913484631,-2.7525452281159235,-1.3527853207381046,27.552398955726204,15,23,1,1,1,1,1,0,0,1
4,6,0.08,205,20667024,0.0005017890766100353,0.0005765423535080226,-2.994787970262318,-2.391687833923734,12.96579105474984,15,22,1,1,1,1,1,0,0,1
4,6,0.08,206,20667025,0.0002539261144373291,0.0004979633803448496,-5.952926328292222,-3.0280259358348953,49.007070708396235,5,25,1,0,1,1,1,0,0,1
4,6,0.08,207,20667026,0.00033536744326695595,0.0009524610262459492,-4.744791000358045,-0.21152786185275235,64.78937888001774,8,25,1,0,1,1,1,0,0,1
4,6,0.08,208,20667027,0.00020655431330493984,0.0003445255096572752,-6.8496573157591945,-4.627786161562676,40.04672875735252,5,25,1,0,1,1,1,0,0,1
4,6,0.08,209,20667028,0.0005785153424952893,0.0008277683437821132,-2.3768511886834753,-0.8209118627498633,30.111443999896757,16,25,1,0,1,1,1,0,0,1
4,6,0.08,210,20667029,0.0005618121701779863,0.0007555728542901902,-2.50408857188739,-1.2172365350795018,25.644209292594162,5,25,1,0,1,1,1,0,0,1
4,6,0.08,211,20667030,0.00022752998866603548,0.0002990523926012734,-6.42961354814081,-5.242527186176201,23.916345665422828,5,22,1,1,1,1,1,0,0,1
4,6,0.08,212,20667031,0.0004326537993972591,0.0004930226680596957,-3.6385947812710855,-3.0713311239230063,12.244643618521641,9,19,1,1,1,1,1,0,0,1
4,6,0.08,213,20667032,0.0003693018807787756,0.0004331365104971864,-4.326184805706189,-3.6337520662076788,14.737762384689447,10,25,1,0,1,1,1,0,0,1
4,6,0.08,214,20667033,0.00021484456431162952,0.0003576751878671838,-6.6787562973585075,-4.46511186063271,39.93305334016958,5,25,1,0,1,1,1,0,0,1
4,6,0.08,215,20667034,0.0004002521248538185,0.00042709207963086783,-3.976663538250556,-3.6947848243527757,6.28434851806357,12,19,1,1,1,1,1,0,0,1
4,6,0.08,216,20667035,0.00033126423674227444,0.0005016893604709362,-4.7982544798118525,-2.9956510913321823,33.97024875486368,9,25,1,0,1,1,1,0,0,1
4,6,0.08,217,20667036,0.00024185267021019764,0.00045816846493478285,-6.164491133565569,-3.3897480597185097,47.21315657448757,6,24,1,1,1,1,1,0,0,1
4,6,0.08,218,20667037,0.00048210319444996655,0.000506312539904146,-3.1685999084141354,-2.9558131625579653,4.78150224340932,11,18,1,1,1,1,1,0,0,1
4,6,0.08,219,20667038,0.0004908282815220979,0.0006233263735818005,-3.09070421179098,-2.052844972717631,21.256615743423957,9,17,1,1,1,1,1,0,0,1
4,6,0.08,220,20667039,0.0004306723948966085,0.0007188536225742877,-3.6585296461606824,-1.433595343461491,40.088999850299565,7,25,1,0,1,1,1,0,0,1
4,6,0.08,221,20667040,0.00031269677490924674,0.0003701699291204692,-5.04876597958668,-4.3159886420948705,15.52615425779716,11,23,1,1,1,1,1,0,0,1
4,6,0.08,222,20667041,0.00033104051153363164,0.00046932101688754055,-4.801188555930885,-3.285299970044013,29.463949062192523,10,25,1,0,1,1,1,0,0,1
4,6,0.08,223,20667042,0.00048419496340929447,0.0007216455534263963,-3.14979732397234,-1.4167606003195612,32.90404671513305,12,25,1,0,1,1,1,0,0,1
4,6,0.08,224,20667043,0.00031835984398286997,0.0003881719066516521,-4.970817168026734,-4.1097589920953554,17.984831326660622,10,14,1,1,1,1,1,0,0,1
4,6,0.08,225,20667044,0.0015154001285176358,0.002236554060727185,1.8052731974493788,3.4957940015756916,32.24397500032151,8,15,1,1,1,1,1,0,0,1
4,6,0.08,226,20667045,0.0003069132574646806,0.0010212686926564978,-5.129843513224977,0.09140018664853003,69.94784431643099,9,25,1,0,1,1,1,0,0,1
4,6,0.08,227,20667046,0.0003267635105753807,0.00037344562533336335,-4.857664467557384,-4.2777262366589826,12.500377991122802,17,25,1,0,1,1,1,0,0,1
4,6,0.08,228,20667047,0.0006783569126756321,0.0008568503792518705,-1.685417450400894,-0.6709500670950236,20.831345926704714,18,25,1,0,1,1,1,0,0,1
4,6,0.08,229,20667048,0.0006976807231753118,0.0008069555342922633,-1.563432763532996,-0.9315039556733167,13.541614930838833,5,21,1,1,1,1,1,0,0,1
4,6,0.08,230,20667049,0.00029134868233866764,0.00046520864213824356,-5.35586941721213,-3.3235222601992396,37.37246990951447,7,20,1,1,1,1,1,0,0,1
4,6,0.08,231,20667050,0.0004987633286739488,0.0009107977459436784,-3.021054853057947,-0.40578052854252816,45.23884903149606,9,25,1,0,1,1,1,0,0,1
4,6,0.08,232,20667051,0.0009132572015911095,0.0011773537330771566,-0.39406894425163536,0.7090696517405172,22.431366552497256,17,25,1,0,1,1,1,0,0,1
4,6,0.08,233,20667052,0.0004279304039000409,0.0006344838629541126,-3.6862685636034693,-1.9757941898945564,32.55456460190701,16,25,1,0,1,1,1,0,0,1
4,6,0.08,234,20667053,0.00010528405808386384,0.0001568744419924932,-9.776373838985888,-8.044478059717763,32.886417477168195,6,15,1,1,1,1,1,0,0,1
4,6,0.08,235,20667054,0.0005056563976255595,0.000773456846877017,-2.9614449364256763,-1.1156391168146855,34.623838464001466,6,16,1,1,1,1,1,0,0,1
4,6,0.08,236,20667055,0.0005321862179295979,0.0008121144938123697,-2.739363765990369,-0.9038273858437385,34.46906538617279,7,21,1,1,1,1,1,0,0,1
4,6,0.08,237,20667056,0.000426683719835047,0.0006434823266532173,-3.6989392737899944,-1.9146337656439187,33.69146250616553,11,17,1,1,1,1,1,0,0,1
4,6,0.08,238,20667057,0.0003962514108064195,0.0005868623585089701,-4.020291785171516,-2.314637453443235,32.47966834792951,5,12,1,1,1,1,1,0,0,1
4,6,0.08,239,20667058,0.0004099012224407151,0.0007111398226431762,-3.8732078649329242,-1.4804500091262445,42.35996784469368,11,25,1,0,1,1,1,0,0,1
4,6,0.08,240,20667059,0.0004689009912455446,0.000653343148223467,-3.2891884917197345,-1.848586590969494,28.230518293403236,11,18,1,1,1,1,1,0,0,1
4,6,0.08,241,20667060,0.0005723799674542192,0.0007551591438153749,-2.4231557438174764,-1.2196151459917552,24.20406054248116,14,25,1,0,1,1,1,0,0,1
4,6,0.08,242,20667061,0.0008016517912626082,0.0011514059002366106,-0.9601423267821539,0.6122845061298041,30.376265129623615,12,22,1,1,1,1,1,0,0,1
4,6,0.08,243,20667062,0.0016077066564884337,0.0026384054107119097,2.062068099036058,4.21341528931097,39.0652153015926,25,25,0,0,1,1,1,0,0,1
4,6,0.08,244,20667063,0.00032327868726752623,0.0004188995268584228,-4.904229260943217,-3.7789013016848254,22.82667643671365,15,25,1,0,1,1,1,0,0,1
4,6,0.08,245,20667064,0.00029763170281767686,0.0005959101276985532,-5.263208109437997,-2.248192335276891,50.05426338915376,8,22,1,1,1,1,1,0,0,1
4,6,0.08,246,20667065,0.00022363968633926307,0.00040453840160361047,-6.504511255227493,-3.930402458367719,44.717315969820376,8,17,1,1,1,1,1,0,0,1
4,6,0.08,247,20667066,0.0004310142147447209,0.0006835432332970568,-3.655084066759402,-1.6523401161765936,36.94411797981927,13,25,1,0,1,1,1,0,0,1
4,6,0.08,248,20667067,9.038489113137669e-05,0.00015688149839020106,-10.439041607488823,-8.044282713323147,42.386519724226325,7,13,1,1,1,1,1,0,0,1
4,6,0.08,249,20667068,0.0006393847371953068,0.0008801442095974809,-1.9423773501924382,-0.5544616387108229,27.354548240711758,22,25,1,0,1,1,1,0,0,1
4,6,0.08,250,20667069,0.0007601778519753006,0.0009327354297871652,-1.1908478785713696,-0.3024152632621863,18.500163315468715,12,25,1,0,1,1,1,0,0,1
4,6,0.08,251,20667070,0.00031288161334840347,0.0006654928329102854,-5.0461995764623975,-1.7685661734073381,52.98497626486342,8,25,1,0,1,1,1,0,0,1
4,6,0.08,252,20667071,0.00028581974901275577,0.0007912364860526702,-5.439077664794728,-1.0169369445689362,63.876823926730594,11,25,1,0,1,1,1,0,0,1
4,6,0.08,253,20667072,0.00029112073126554027,0.00038954650405723904,-5.3592686651707355,-4.094406888261516,25.26675808063119,7,23,1,1,1,1,1,0,0,1
4,6,0.08,254,20667073,0.0005384836355018855,0.0007146103844552302,-2.6882749035898024,-1.4593067708007244,24.646542057685274,9,21,1,1,1,1,1,0,0,1
4,6,0.08,255,20667074,0.00023363078680732255,0.0003876858211261052,-6.314699284280359,-4.115200821996401,39.7370824321873,7,25,1,0,1,1,1,0,0,1
4,6,0.08,256,20667075,0.0005724837540341381,0.0007316165718825907,-2.4223683323861964,-1.357164658587528,21.750849278738055,9,25,1,0,1,1,1,0,0,1
4,6,0.08,257,20667076,0.0006487133708126254,0.0008604653830995236,-1.8794715061255451,-0.652665968428291,24.6090100131787,9,25,1,0,1,1,1,0,0,1
4,6,0.08,258,20667077,0.0007871312765745681,0.0008702447617207885,-1.0395283061751983,-0.6035858219202571,9.550587237304937,7,17,1,1,1,1,1,0,0,1
4,6,0.08,259,20667078,0.00027547135712541204,0.0003582905454242671,-5.599235514004691,-4.457646518513178,23.115091747895647,9,22,1,1,1,1,1,0,0,1
4,6,0.08,260,20667079,0.0003395183885425176,0.0005051276868057284,-4.691366990674942,-2.965988265036663,32.78563076010997,6,14,1,1,1,1,1,0,0,1
4,6,0.08,261,20667080,0.0004285438303976447,0.0006461656531362763,-3.680047529091332,-1.8965613057994304,33.67895239902749,8,24,1,1,1,1,1,0,0,1
4,6,0.08,262,20667081,0.00023141129074525792,0.00038124800676722105,-6.3561545528601044,-4.1879241820846245,39.301639185604735,12,20,1,1,1,1,1,0,0,1
4,6,0.08,263,20667082,0.00012705868210152678,0.00024400853544848946,-8.959956536363855,-6.125949817213324,47.92859115850518,5,24,1,1,1,1,1,0,0,1
4,6,0.08,264,20667083,0.0004821818744535094,0.0006606712253338778,-3.1678911907837874,-1.8001460790463766,27.01636518075488,7,23,1,1,1,1,1,0,0,1
4,6,0.08,265,20667084,0.000636865559550756,0.0011071882909989474,-1.9595223627917533,0.4422148428262975,42.479019627623444,6,25,1,0,1,1,1,0,0,1
4,6,0.08,266,20667085,0.00019155627152143466,0.00021004497883808337,-7.177036247168461,-6.776876958873674,8.802261029482182,8,13,1,1,1,1,1,0,0,1
4,6,0.08,267,20667086,0.00035736706138549834,0.0008466734421217675,-4.468854790204972,-0.7228406266942253,57.79162973508006,18,25,1,0,1,1,1,0,0,1
4,6,0.08,268,20667087,0.00045804685235428084,0.0007211869168036089,-3.3909009693447856,-1.4195216050140602,36.48708238019596,18,25,1,0,1,1,1,0,0,1
4,6,0.08,269,20667088,0.00030325527776714527,0.0004927783002573279,-5.181916320600628,-3.073484248006017,38.46009907319662,10,17,1,1,1,1,1,0,0,1
4,6,0.08,270,20667089,0.0010247633324227063,0.0015534336649747943,0.10623577303197233,1.912927126598717,34.032372573866304,13,22,1,1,1,1,1,0,0,1
4,6,0.08,271,20667090,0.00032373785230634133,0.0005186987076384637,-4.898065187417429,-2.850848340696173,37.58653192327044,11,25,1,0,1,1,1,0,0,1
4,6,0.08,272,20667091,0.000293296003192981,0.000931876341448778,-5.326938552024023,-0.3064171402961545,68.52629580261723,6,17,1,1,1,1,1,0,0,1
4,6,0.08,273,20667092,0.0006242900812094673,0.0009725294477621568,-2.0461356513312796,-0.12097239558054668,35.8075909530562,19,23,1,1,1,1,1,0,0,1
4,6,0.08,274,20667093,0.0003107286287264559,0.00043513915014277275,-5.076187315369783,-3.613718408027329,28.590974031064942,9,25,1,0,1,1,1,0,0,1
4,6,0.08,275,20667094,0.00030774936648775774,0.0004224143176724419,-5.118028324052707,-3.742613698758695,27.145138407358694,8,18,1,1,1,1,1,0,0,1
4,6,0.08,276,20667095,0.0002658914638137604,0.000544406227474425,-5.752956050455975,-2.640769155364653,51.159364019903435,7,25,1,0,1,1,1,0,0,1
4,6,0.08,277,20667096,0.00017389268869771982,0.0001948318404737762,-7.597186774854221,-7.10340066902651,10.747294551618596,8,18,1,1,1,1,1,0,0,1
4,6,0.08,278,20667097,0.00045898453449854965,0.0007239717931856117,-3.382019477853885,-1.4027835411014102,36.601876092584824,7,25,1,0,1,1,1,0,0,1
4,6,0.08,279,20667098,0.00032681994603417786,0.0005052955969789357,-4.856914460556675,-2.9645448608016087,35.32103822234532,10,16,1,1,1,1,1,0,0,1
4,6,0.08,280,20667099,0.00030609044686117335,0.00042292207405295127,-5.141502246013592,-3.737396466355483,27.624859131176542,4,17,1,1,1,1,1,0,0,1
4,6,0.08,281,20667100,0.0005988756355553917,0.0012882643142496189,-2.22663355239533,1.1000497672215546,53.51298418102798,10,25,1,0,1,1,1,0,0,1
4,6,0.08,282,20667101,0.0013704974246975014,0.0022479724291009887,1.3687822379327335,3.5179098040114716,39.03406434368094,9,25,1,0,1,1,1,0,0,1
4,6,0.08,283,20667102,0.000211380828423372,0.0003019311884908104,-6.74934404386698,-5.200920234795273,29.990396328398646,9,15,1,1,1,1,1,0,0,1
4,6,0.08,284,20667103,0.0004032951099407333,0.0006014896939851436,-3.943770438952602,-2.207718095273405,32.950620106436205,9,16,1,1,1,1,1,0,0,1
4,6,0.08,285,20667104,0.0003877925665255763,0.0005341270403173707,-4.11400520032622,-2.723554352056237,27.396941691033746,7,25,1,0,1,1,1,0,0,1
4,6,0.08,286,20667105,0.0005455058604380972,0.0010711607032297568,-2.632005793703127,0.2985463170044322,49.073387513816414,8,25,1,0,1,1,1,0,0,1
4,6,0.08,287,20667106,0.0002591191808771447,0.0005738102083873485,-5.865004378795495,-2.4123172969256887,54.84235430293579,7,17,1,1,1,1,1,0,0,1
4,6,0.08,288,20667107,0.0003030900001905906,0.0006075544502007564,-5.18428392018018,-2.1641479367692327,50.113113303599455,9,17,1,1,1,1,1,0,0,1
4,6,0.08,289,20667108,0.0002696895018970889,0.0007982151053212997,-5.691359588378098,-0.9788005794060035,66.21343042756216,6,25,1,0,1,1,1,0,0,1
4,6,0.08,290,20667109,0.00036303984087989567,0.0005612911623737405,-4.400457118100604,-2.508117957680944,35.32058489134691,11,25,1,0,1,1,1,0,0,1
4,6,0.08,291,20667110,0.0005731430882904989,0.0007526576177578526,-2.417369405156083,-1.2340253845239926,23.850755673226672,5,23,1,1,1,1,1,0,0,1
4,6,0.08,292,20667111,0.00024293610070793816,0.00036891170980749715,-6.145079435181337,-4.33077559400281,34.14790199131784,8,18,1,1,1,1,1,0,0,1
4,6,0.08,293,20667112,0.00024694722700326386,0.0003998582195616654,-6.0739584621408484,-3.980939721149317,38.24130281128806,6,15,1,1,1,1,1,0,0,1
4,6,0.08,294,20667113,0.0003362326984857206,0.000423942969294513,-4.73360053890649,-3.72692562715231,20.689167449751977,16,25,1,0,1,1,1,0,0,1
4,6,0.08,295,20667114,0.00023563175332089658,0.00037638458451773663,-6.277661851802331,-4.243681721629017,37.396013807841605,12,16,1,1,1,1,1,0,0,1
4,6,0.08,296,20667115,0.00035818788183523617,0.00039385157116562534,-4.45889111231579,-4.046674176893958,9.055109066809237,11,18,1,1,1,1,1,0,0,1
4,6,0.08,297,20667116,0.000490605751802026,0.0005877499985281521,-3.092673644842237,-2.3080736329058644,16.528157714912034,13,25,1,0,1,1,1,0,0,1
4,6,0.08,298,20667117,0.00020378889856228382,0.0003703156871598534,-6.9081947795696905,-4.314278901578015,44.9688723355879,7,22,1,1,1,1,1,0,0,1
4,6,0.08,299,20667118,0.00033490825523470086,0.0007612957276987225,-4.750741472983214,-1.184466074089425,56.00812627084144,10,23,1,1,1,1,1,0,0,1
4,6,0.08,300,20667119,0.00036632149050977154,0.0005120790872603021,-4.361376023946087,-2.906629599064847,28.463883875897956,8,25,1,0,1,1,1,0,0,1
4,6,0.08,301,20667120,0.00048388726735260046,0.0008746605600657704,-3.1525580544098846,-0.5816045611092964,44.67713654355075,9,22,1,1,1,1,1,0,0,1
4,6,0.08,302,20667121,0.00037995421719036243,0.0005324129102828603,-4.202687308028315,-2.737514220241354,28.635423775035733,6,12,1,1,1,1,1,0,0,1
4,6,0.08,303,20667122,0.0005787966384337436,0.0006300821569049576,-2.374739998645329,-2.006028188572409,8.139497033709835,7,15,1,1,1,1,1,0,0,1
4,6,0.08,304,20667123,0.0003822119378303695,0.0004494101707523437,-4.176957525167755,-3.4735710314155206,14.95253941615957,11,19,1,1,1,1,1,0,0,1
4,6,0.08,305,20667124,0.00033475185061245823,0.0005154417456370874,-4.752770133941994,-2.8782041084207894,35.05534748670695,8,18,1,1,1,1,1,0,0,1
4,6,0.08,306,20667125,0.0003999302195484003,0.0006873748793716074,-3.9801577844397706,-1.6280634352501246,41.8177429012225,8,21,1,1,1,1,1,0,0,1
4,6,0.08,307,20667126,0.00036601408064196734,0.00048442799704244345,-4.365022068802312,-3.147707651786997,24.44406952600248,8,19,1,1,1,1,1,0,0,1
4,6,0.08,308,20667127,0.0007679164348088571,0.0008752386136275214,-1.14686037619498,-0.5787353045827661,12.262047988702859,11,25,1,0,1,1,1,0,0,1
4,6,0.08,309,20667128,0.0009101771567791135,0.0015647182932277915,-0.4087406842232125,1.9443615995965327,41.831244594095764,7,25,1,0,1,1,1,0,0,1
4,6,0.08,310,20667129,0.0003193300659805525,0.0005082319532613143,-4.957601892753851,-2.9393803371929517,37.16843973870241,11,25,1,0,1,1,1,0,0,1
4,6,0.08,311,20667130,0.00021139262454966087,0.00039890647038509625,-6.7491016921998925,-3.991289192435498,47.006970244030704,6,25,1,0,1,1,1,0,0,1
4,6,0.08,312,20667131,0.0002489626656627362,0.00033788420108806075,-6.038657746405207,-4.71232114649153,26.317162844246,17,25,1,0,1,1,1,0,0,1
4,6,0.08,313,20667132,0.0002867890243877348,0.0004520969436533001,-5.424374734332911,-3.4476842895109225,36.56470621759724,22,25,1,0,1,1,1,0,0,1
4,6,0.08,314,20667133,0.0012099938409669377,0.0018712276622216751,0.8278315970415222,2.7212662899211444,35.33689858291568,6,20,1,1,1,1,1,0,0,1
4,6,0.08,315,20667134,0.0003522912867127521,0.0006079869730416217,-4.530980981737603,-2.161057259850767,42.05611265808571,14,25,1,0,1,1,1,0,0,1
4,6,0.08,316,20667135,0.00021497695478273613,0.00041986449168537925,-6.676080933267963,-3.7689085248082597,48.798491170378206,6,13,1,1,1,1,1,0,0,1
4,6,0.08,317,20667136,0.00020743241402695867,0.0003163444212542372,-6.831233784527095,-4.998398199368187,34.428300266989375,15,20,1,1,1,1,1,0,0,1
4,6,0.08,318,20667137,0.0002762965399604089,0.000506009538219047,-5.586245536846848,-2.9584129668419843,45.396969999248796,8,18,1,1,1,1,1,0,0,1
4,6,0.08,319,20667138,0.0014055468825809416,0.0019283167709192495,1.478453362519792,2.8517837840599674,27.110166556768462,17,24,1,1,1,1,1,0,0,1
4,6,0.08,320,20667139,0.0003968953343204285,0.000589535038855944,-4.013240063858627,-2.2949037762645745,32.67654877805966,9,10,1,1,1,1,1,0,0,1
4,6,0.08,321,20667140,0.0007157458226238706,0.0011444757116075047,-1.4524117801358847,0.586065803860411,37.46081149956864,11,25,1,0,1,1,1,0,0,1
4,6,0.08,322,20667141,0.0005362011284270613,0.000672105426024196,-2.7067227638609275,-1.725625984500542,20.22068150841593,4,20,1,1,1,1,1,0,0,1
4,6,0.08,323,20667142,0.00023303026967709273,0.00048389242949198883,-6.32587662236253,-3.1525117238522475,51.842546922724544,5,18,1,1,1,1,1,0,0,1
4,6,0.08,324,20667143,0.0003679453023358802,0.0004887794445502412,-4.342167374658274,-3.1088706648504822,24.721608807741216,6,17,1,1,1,1,1,0,0,1
4,6,0.08,325,20667144,0.00039340923095269257,0.0005200141985957316,-4.051554540130631,-2.8398479811983126,24.346444382658873,11,25,1,0,1,1,1,0,0,1
4,6,0.08,326,20667145,0.00014275168279170657,0.00014266413126304647,-8.454187634825013,-8.456852038484483,-0.061368984540813444,8,17,1,1,1,1,0,1,0,1
4,6,0.08,327,20667146,0.00040903325635847703,0.0007646841572614912,-3.8824138034030065,-1.16517907437834,46.509516056495976,6,25,1,0,1,1,1,0,0,1
4,6,0.08,328,20667147,0.0005430710608984562,0.000653780425395324,-2.6514333921983644,-1.8456808661594315,16.933722729603705,10,21,1,1,1,1,1,0,0,1
4,6,0.08,329,20667148,0.0003431352519664772,0.0004789631697744215,-4.645346624507683,-3.19697880695458,28.358739539809616,5,18,1,1,1,1,1,0,0,1
4,6,0.08,330,20667149,0.00029711899010033144,0.00042193445931492984,-5.270695897573599,-3.7475500441382166,29.581719733736357,6,25,1,0,1,1,1,0,0,1
4,6,0.08,331,20667150,0.00032280610645646303,0.00047958736562625905,-4.910582584132198,-3.1913226658877143,32.69086519096818,4,25,1,0,1,1,1,0,0,1
4,6,0.08,332,20667151,0.00021877362034823373,0.0003717734284207063,-6.60005046268596,-4.297216535706972,41.15404608726767,6,15,1,1,1,1,1,0,0,1
4,6,0.08,333,20667152,0.0004933264571464098,0.0006169184274239487,-3.068655926575079,-2.0977225713645304,20.033762128587878,14,25,1,0,1,1,1,0,0,1
4,6,0.08,334,20667153,0.000549294819342923,0.0006070094612114796,-2.6019449699428137,-2.168045396991818,9.50803003191561,10,14,1,1,1,1,1,0,0,1
4,6,0.08,335,20667154,0.00037566293646746745,0.0007635240774652361,-4.252016510417146,-1.171772630667425,50.79880942136082,9,13,1,1,1,1,1,0,0,1
4,6,0.08,336,20667155,0.0004641810053655735,0.0008043399669567207,-3.3331263517199665,-0.9456035104442141,42.290446274622354,18,25,1,0,1,1,1,0,0,1
4,6,0.08,337,20667156,0.00040026434945074644,0.0005082221901955769,-3.9765308970080553,-2.9394637653653617,21.242252469000906,8,17,1,1,1,1,1,0,0,1
4,6,0.08,338,20667157,0.000755934252892174,0.0009593150315801823,-1.2151597546151003,-0.18038750483448387,21.20062461160437,10,25,1,0,1,1,1,0,0,1
4,6,0.08,339,20667158,0.0004948847336177332,0.0007341052300205097,-3.054959432545944,-1.3424168185286856,32.58667648997584,25,19,0,1,1,1,1,0,0,1
4,6,0.08,340,20667159,0.0004388163021927223,0.0009384056289683946,-3.577172465922464,-0.2760939579600053,53.23809995948974,8,25,1,0,1,1,1,0,0,1
4,6,0.08,341,20667160,0.0006632277129282409,0.0013855365143533584,-1.7833733511104568,1.4161797564204108,52.13206537268526,8,20,1,1,1,1,1,0,0,1
4,6,0.08,342,20667161,0.00032928968970087917,0.000637187316344225,-4.824218671505712,-1.957328777179522,48.321367790223185,4,25,1,0,1,1,1,0,0,1
4,6,0.08,343,20667162,0.0005413683851249854,0.0007128180064088755,-2.6650710978949603,-1.4702133817258232,24.052369572934992,13,22,1,1,1,1,1,0,0,1
4,6,0.08,344,20667163,0.0005757924746069812,0.0018421283649969976,-2.39734015487842,2.653198898496845,68.74308622852568,8,25,1,0,1,1,1,0,0,1
4,6,0.08,345,20667164,0.0005179186044294244,0.0009136129999559016,-2.857384881790227,-0.3923772940367236,43.31094189176124,12,25,1,0,1,1,1,0,0,1
4,6,0.08,346,20667165,0.000320882352867083,0.0005917260590945326,-4.936541665541942,-2.2787930435531387,45.77180640681913,7,25,1,0,1,1,1,0,0,1
4,6,0.08,347,20667166,0.0002617921117730741,0.0003517234438256424,-5.82043443595187,-4.537986831906399,25.56876251250098,12,21,1,1,1,1,1,0,0,1
4,6,0.08,348,20667167,0.0005091552671993129,0.0005465102865576192,-2.9314975910691436,-2.6240165923455603,6.835190531105932,10,17,1,1,1,1,1,0,0,1
4,6,0.08,349,20667168,0.00083739460669895,0.0009519693283980806,-0.7706984054107215,-0.2137704397062,12.035547604451757,8,19,1,1,1,1,1,0,0,1
4,6,0.08,350,20667169,0.0011871364001242812,0.0022698618762521084,0.7450062158138919,3.559994306703858,47.70005996644931,22,25,1,0,1,1,1,0,0,1
4,6,0.08,351,20667170,0.0006480977807711568,0.0008702482008783043,-1.8835946566379211,-0.6035686588846845,25.527248419811805,11,25,1,0,1,1,1,0,0,1
4,6,0.08,352,20667171,0.000561985152318016,0.0008355897744818908,-2.5027515836605585,-0.7800688333182235,32.74389305847165,12,25,1,0,1,1,1,0,0,1
4,6,0.08,353,20667172,0.00029916324683899724,0.00042756148040822787,-5.2409176199557255,-3.690014278778792,30.03035573893101,6,13,1,1,1,1,1,0,0,1
4,6,0.08,354,20667173,0.0002390454184373076,0.00023718038409801127,-6.215195756095367,-6.249212319615056,-0.7863358289046528,5,10,1,1,1,1,0,1,0,1
4,6,0.08,355,20667174,0.0003522741802634774,0.00042853976713625954,-4.531191870203603,-3.6800887071515165,17.79661835876542,9,16,1,1,1,1,1,0,0,1
4,6,0.08,356,20667175,0.00017837844979336757,0.00024057117605558818,-7.486576146524305,-6.187564087081412,25.852110498827965,5,21,1,1,1,1,1,0,0,1
4,6,0.08,357,20667176,0.00038010566994581583,0.0005810770475861698,-4.200956520811511,-2.3576627875764604,34.5860120400903,8,25,1,0,1,1,1,0,0,1
4,6,0.08,358,20667177,0.0004111196458324263,0.0005867322416429457,-3.860317694547408,-2.3156004612338483,29.930619684163865,7,16,1,1,1,1,1,0,0,1
4,6,0.08,359,20667178,0.00031422578441448726,0.0007963229676954632,-5.027581809463313,-0.9891075809070659,60.54040921061864,7,25,1,0,1,1,1,0,0,1
4,6,0.08,360,20667179,0.00033598315081283627,0.0004245640581430301,-4.736825014568501,-3.7205677420874967,20.863967552418693,10,25,1,0,1,1,1,0,0,1
4,6,0.08,361,20667180,0.0009807799454810092,0.0011671720847311936,-0.08428422980614139,0.6713489198325274,15.969550821900574,20,25,1,0,1,1,1,0,0,1
4,6,0.08,362,20667181,0.0008912011982197081,0.0009770409497728673,-0.5002423826117047,-0.10087233734963852,8.785686165264043,12,22,1,1,1,1,1,0,0,1
4,6,0.08,363,20667182,0.0004990259359422843,0.0008801868698259231,-3.018768821443385,-0.5542511430599832,43.30454667643724,8,21,1,1,1,1,1,0,0,1
4,6,0.08,364,20667183,0.0003503215911699483,0.0004828421457995025,-4.555330952344084,-3.1619482869627102,27.445937721555612,8,15,1,1,1,1,1,0,0,1
4,6,0.08,365,20667184,0.00013955429838231046,0.000264107751809689,-8.552567823572252,-5.78218851656513,47.16008999127348,5,25,1,0,1,1,1,0,0,1
4,6,0.08,366,20667185,0.0003284522385934007,0.0004318506561601855,-4.835277738161709,-3.6466641619236553,23.9430960893183,7,14,1,1,1,1,1,0,0,1
4,6,0.08,367,20667186,0.0009782864949836312,0.0010867341039740137,-0.09533941766796353,0.3612329633758352,9.979222018873504,8,21,1,1,1,1,1,0,0,1
4,6,0.08,368,20667187,0.00023881780940296612,0.00033433522804418185,-6.21933289615395,-4.758178605024307,28.569355134958517,14,23,1,1,1,1,1,0,0,1
4,6,0.08,369,20667188,0.0003607506532121929,0.0006037767069297676,-4.427928738555519,-2.1912364561401305,40.25098201508525,11,23,1,1,1,1,1,0,0,1
4,6,0.08,370,20667189,0.00016236309954605212,0.00024313553604954265,-7.895126665017223,-6.141515611799521,33.22115632123471,4,25,1,0,1,1,1,0,0,1
4,6,0.08,371,20667190,0.000863301279685926,0.0012826280368045053,-0.6383761532639088,1.0810072887328843,32.692779596746945,6,17,1,1,1,1,1,0,0,1
4,6,0.08,372,20667191,0.00018246398526237473,0.0002916348803130516,-7.388228437846386,-5.351605344639429,37.43410079531255,4,20,1,1,1,1,1,0,0,1
4,6,0.08,373,20667192,0.00012395259619998414,0.00022731798849812466,-9.067443724579267,-6.433661956152973,45.47171694641019,8,25,1,0,1,1,1,0,0,1
4,6,0.08,374,20667193,0.0003311437632199005,0.00046042120299218245,-4.7998342006655355,-3.3684468475885447,28.078081316006845,9,18,1,1,1,1,1,0,0,1
4,6,0.08,375,20667194,0.00047441426782401995,0.0008175074055787012,-3.238422582102736,-0.8750830449348933,41.96819935983464,6,20,1,1,1,1,1,0,0,1
4,6,0.08,376,20667195,0.00045721262775884835,0.0010906856412531362,-3.398817833286974,0.3769959573792323,58.080256082445814,12,25,1,0,1,1,1,0,0,1
4,6,0.08,377,20667196,0.00011744725068489769,0.00024104435819283923,-9.301571451388497,-6.179030290197712,51.27566910695413,4,16,1,1,1,1,1,0,0,1
4,6,0.08,378,20667197,0.0006126977402692029,0.0006514350854970036,-2.1275372141510913,-1.8612885457157362,5.946462831096454,13,22,1,1,1,1,1,0,0,1
4,6,0.08,379,20667198,0.0004526884882466199,0.0006616193883326626,-3.442005493627936,-1.7939177654723815,31.57871485788323,8,23,1,1,1,1,1,0,0,1
4,6,0.08,380,20667199,0.00031377754332882985,0.0005331063932721436,-5.033781415564786,-2.7318610917234567,41.14166566210159,18,15,1,1,1,1,1,0,0,1
4,6,0.08,381,20667200,0.00019368678138995354,0.00031040477523442935,-7.129000177181287,-5.0807160622180545,37.601867998430755,12,25,1,0,1,1,1,0,0,1
4,6,0.08,382,20667201,0.0005119286464636227,0.000614913955362854,-2.9079056755273447,-2.1118565060748007,16.747921884202608,10,18,1,1,1,1,1,0,0,1
4,6,0.08,383,20667202,0.0002385305676518278,0.0003896852583619519,-6.224559582932195,-4.092860230837622,38.788916815972264,6,25,1,0,1,1,1,0,0,1
4,6,0.08,384,20667203,0.0005423243010867318,0.0010494261444617776,-2.6574093476532985,0.2095187962031955,48.32182293639394,9,17,1,1,1,1,1,0,0,1
4,6,0.08,385,20667204,0.0002226588645784958,0.0003458875462397645,-6.523600098932411,-4.610650745763208,35.62680501247311,8,25,1,0,1,1,1,0,0,1
4,6,0.08,386,20667205,0.0004025360271599002,0.0006905740160810746,-3.951952440003548,-1.60789766682925,41.709937271569494,7,18,1,1,1,1,1,0,0,1
4,6,0.08,387,20667206,0.00045095432386195233,0.0007699161575935733,-3.458674445949703,-1.1355656609635378,41.42812572326816,9,25,1,0,1,1,1,0,0,1
4,6,0.08,388,20667207,0.0002959052928103238,0.0008129005769831671,-5.288472666144276,-0.8996256819191578,63.59883346269895,6,17,1,1,1,1,1,0,0,1
4,6,0.08,389,20667208,0.00044386869430516147,0.0010288562773834418,-3.5274548432800747,0.12354711692729353,56.858046739628605,6,25,1,0,1,1,1,0,0,1
4,6,0.08,390,20667209,0.0015372509092492293,0.0023601735259956226,1.8674475859214936,3.7294393458532564,34.86703870213311,17,25,1,0,1,1,1,0,0,1
4,6,0.08,391,20667210,0.0007743461716244742,0.0009834793217447075,-1.110648444638365,-0.07234766956213405,21.264620973344705,14,25,1,0,1,1,1,0,0,1
4,6,0.08,392,20667211,0.00018027563620928383,0.00023131648700501592,-7.440629630992045,-6.357934119326902,22.06537521669405,12,15,1,1,1,1,1,0,0,1
4,6,0.08,393,20667212,0.0007329351968978138,0.0010143587520675158,-1.3493442218537237,0.06191580725270246,27.743986493544885,15,25,1,0,1,1,1,0,0,1
4,6,0.08,394,20667213,0.00023459958701357715,0.0004150424234285468,-6.296727567468425,-3.819075097474874,43.47575723088328,7,25,1,0,1,1,1,0,0,1
4,6,0.08,395,20667214,0.0004065579681086718,0.0005415892020494586,-3.9087752280088015,-2.663300029955194,24.932408812769427,7,25,1,0,1,1,1,0,0,1
4,6,0.08,396,20667215,0.0004853247673359467,0.0005442451467060344,-3.1396754498624437,-2.642054350809631,10.826073457282044,6,25,1,0,1,1,1,0,0,1
4,6,0.08,397,20667216,0.000558046497863816,0.000871142875507662,-2.533296130259444,-0.5991061082941228,35.94087565273237,9,23,1,1,1,1,1,0,0,1
4,6,0.08,398,20667217,0.0007972682180255297,0.0012055328136678406,-0.9839554809935087,0.8117903603319432,33.8659048524912,9,25,1,0,1,1,1,0,0,1
4,6,0.08,399,20667218,0.00036198655183109526,0.0005929157655674093,-4.413075636492523,-2.270070016572289,38.948064319949246,4,18,1,1,1,1,1,0,0,1
4,6,0.08,400,20667219,0.0004342850564555728,0.0005665187846472682,-3.6222511424942345,-2.4678568521206,23.341455177700436,12,13,1,1,1,1,1,0,0,1
4,6,0.08,401,20667220,0.00022065756089120268,0.0003389951733785714,-6.562811867435537,-4.698064852481724,34.9083473100709,7,17,1,1,1,1,1,0,0,1
4,6,0.08,402,20667221,0.00061060968145344,0.0008235948817883099,-2.1423631407523307,-0.8428636095881564,25.860432725420196,14,17,1,1,1,1,1,0,0,1
4,6,0.08,403,20667222,0.0004522527467997572,0.0007003222758876667,-3.4461878673159854,-1.5470205937065582,35.422195984481355,13,25,1,0,1,1,1,0,0,1
4,6,0.08,404,20667223,0.0010244006426675732,0.002046065208723173,0.10469842255288184,3.1091947069449963,49.93313808865161,19,25,1,0,1,1,1,0,0,1
4,6,0.08,405,20667224,0.0002641117120034619,0.0004568152902887417,-5.7821233962725,-3.4025936803521084,42.18413489694633,5,17,1,1,1,1,1,0,0,1
4,6,0.08,406,20667225,0.0003476637798577358,0.0007146507389066797,-4.588405524208231,-1.4590615291817794,51.35193165970625,7,15,1,1,1,1,1,0,0,1
4,6,0.08,407,20667226,0.00019655617366801998,0.00041867341250034296,-7.065133107965923,-3.781246177355092,53.052625793891565,7,15,1,1,1,1,1,0,0,1
4,6,0.08,408,20667227,0.0005848658875507801,0.0012693604827307093,-2.3294370823232127,1.035849738903902,53.92436620584024,11,19,1,1,1,1,1,0,0,1
4,6,0.08,409,20667228,0.0002613522627311314,0.0006449018904126759,-5.827737355226476,-1.9050635000545495,59.4741050357457,7,24,1,1,1,1,1,0,0,1
4,6,0.08,410,20667229,0.0005912784519400032,0.0009129073780488227,-2.282079477793005,-0.39573282972622165,35.23127688991234,10,25,1,0,1,1,1,0,0,1
4,6,0.08,411,20667230,0.00025293964378645593,0.0002850673593460002,-5.969830973918789,-5.4505250723439875,11.270218952198336,6,13,1,1,1,1,1,0,0,1
4,6,0.08,412,20667231,0.00041653810584031073,0.0007627726161051316,-3.803452622063528,-1.1760490672187371,45.39157580574445,8,25,1,0,1,1,1,0,0,1
4,6,0.08,413,20667232,0.00036852786891565504,0.0005943652202678391,-4.335296642265473,-2.2594661157534253,37.996394077435234,17,13,1,1,1,1,1,0,0,1
4,6,0.08,414,20667233,0.00036122486927331397,0.0003910970994056022,-4.422223574272853,-4.077154050062241,7.638059749788147,7,18,1,1,1,1,1,0,0,1
4,6,0.08,415,20667234,0.00040285800265396377,0.0007048973455955509,-3.9484800480400395,-1.5187412483484262,42.848699151562464,7,18,1,1,1,1,1,0,0,1
4,6,0.08,416,20667235,0.0003941002770994695,0.000479174247515402,-4.043932597735032,-3.195065304820352,17.754286850150063,6,17,1,1,1,1,1,0,0,1
4,6,0.08,417,20667236,0.00045557401999788517,0.0006811882577500286,-3.4144105038149957,-1.6673284696651323,33.12068803084619,8,17,1,1,1,1,1,0,0,1
4,6,0.08,418,20667237,0.0004894599513346354,0.0006335749004857593,-3.1028283731522297,-1.9820203595841042,22.74631602998028,8,25,1,0,1,1,1,0,0,1
4,6,0.08,419,20667238,0.00022594470668903593,0.00039055082026049823,-6.459978286309457,-4.083224457235467,42.14716882726547,6,23,1,1,1,1,1,0,0,1
4,6,0.08,420,20667239,0.0007364880032873122,0.0010998959146980443,-1.3283432302169649,0.4135158896633857,33.0402092192968,16,25,1,0,1,1,1,0,0,1
4,6,0.08,421,20667240,0.0004971707089712808,0.0007702218141560047,-3.0349446592513196,-1.1338418548812363,35.45097011877396,14,17,1,1,1,1,1,0,0,1
4,6,0.08,422,20667241,0.0001627414292687439,0.0003178609381469847,-7.885018741533406,-4.97762839148917,48.80106054632945,7,19,1,1,1,1,1,0,0,1
4,6,0.08,423,20667242,0.0003447923073635854,0.0005383316999446177,-4.624424322522402,-2.689500457728791,35.95169903628994,7,25,1,0,1,1,1,0,0,1
4,6,0.08,424,20667243,0.0001909013896451457,0.0002606181869973525,-7.191909101971035,-5.839952807301455,26.75054958958602,6,24,1,1,1,1,1,0,0,1
4,6,0.08,425,20667244,0.0005265522201717101,0.0007166483754543043,-2.7855855171913495,-1.446938792793654,26.52572192912413,6,12,1,1,1,1,1,0,0,1
4,6,0.08,426,20667245,0.00022325838283923454,0.00040468194833667367,-6.511922253734679,-3.9288616776712604,44.8311485706559,6,17,1,1,1,1,1,0,0,1
4,6,0.08,427,20667246,0.0003245015697164585,0.0003700872604919844,-4.887831980391213,-4.316958643597876,12.3175520051475,10,25,1,0,1,1,1,0,0,1
4,6,0.08,428,20667247,0.0006191950726226454,0.0011524191918849186,-2.0817250830273135,0.6161048221885252,46.26997910284032,7,17,1,1,1,1,1,0,0,1
4,6,0.08,429,20667248,0.00035817221586715377,0.0005429772981647612,-4.45908106269172,-2.65218327847393,34.03550809992245,6,24,1,1,1,1,1,0,0,1
4,6,0.08,430,20667249,0.0002668891022823938,0.00043664091138265464,-5.7366915912836545,-3.5987557518818396,38.87675311109296,9,25,1,0,1,1,1,0,0,1
4,6,0.08,431,20667250,0.00017341165375817747,0.0003095283006548542,-7.60921720050098,-5.092996366072366,43.9755093827289,5,23,1,1,1,1,1,0,0,1
4,6,0.08,432,20667251,0.0003940769778375025,0.0005390317368374935,-4.044189360813242,-2.683856638900139,26.89169284362411,5,16,1,1,1,1,1,0,0,1
4,6,0.08,433,20667252,0.0002503378073516792,0.00034786377733736165,-6.014735559680247,-4.585907914924704,28.035678429117038,8,22,1,1,1,1,1,0,0,1
4,6,0.08,434,20667253,0.0012256775628647029,0.001320403382587105,0.8837623601755449,1.2070662822797442,7.174006138700055,12,22,1,1,1,1,1,0,0,1
4,6,0.08,435,20667254,0.0003104290081940871,0.0005456702242115069,-5.080377026522969,-2.63069743877562,43.11050989768467,12,19,1,1,1,1,1,0,0,1
4,6,0.08,436,20667255,0.000431985130858601,0.001057026805615526,-3.6453120155822583,0.24086000915084127,59.13205525501804,5,23,1,1,1,1,1,0,0,1
4,6,0.08,437,20667256,0.00034718313711031284,0.0005653005805256415,-4.59441376922359,-2.477205685484551,38.584330342012635,6,16,1,1,1,1,1,0,0,1
4,6,0.08,438,20667257,0.000432110663913217,0.000843889243587386,-3.644050157495931,-0.7371454870041326,48.79533455405735,14,25,1,0,1,1,1,0,0,1
4,6,0.08,439,20667258,0.0007549683266590543,0.001190029545379562,-1.2207126803403958,0.7555774394381048,36.55885859386325,9,25,1,0,1,1,1,0,0,1
4,6,0.08,440,20667259,0.00033990451356364536,0.0005157027792998807,-4.686430684184994,-2.8760052802444824,34.08906695730814,11,25,1,0,1,1,1,0,0,1
4,6,0.08,441,20667260,0.0009389183196084271,0.0013173439591650546,-0.2737218716549884,1.1969918427396755,28.726410966842504,7,19,1,1,1,1,1,0,0,1
4,6,0.08,442,20667261,0.00033713074717427166,0.0005141283768300967,-4.722016369208163,-2.88928424997748,34.42673807408168,15,25,1,0,1,1,1,0,0,1
4,6,0.08,443,20667262,0.0001783074863689804,0.00029192603363252913,-7.488304222734234,-5.347271733956909,38.920320277625386,11,25,1,0,1,1,1,0,0,1
4,6,0.08,444,20667263,0.00012511073305314184,0.00019739273096807444,-9.027054312673737,-7.046688443643564,36.61836865037508,7,10,1,1,1,1,1,0,0,1
4,6,0.08,445,20667264,0.00020340347184449157,0.0002985170687809188,-6.9164163848290805,-5.2503083148458565,31.8620296403322,5,14,1,1,1,1,1,0,0,1
4,6,0.08,446,20667265,0.0003991788613172817,0.0006146883263715445,-3.988324650207669,-2.113450345455851,35.059957348856415,7,25,1,0,1,1,1,0,0,1
4,6,0.08,447,20667266,0.001768347748563996,0.003047959370802386,2.475676738171966,4.840091735750658,41.98256822240803,8,25,1,0,1,1,1,0,0,1
4,6,0.08,448,20667267,0.0002486042035504496,0.0003300376145273562,-6.044915323181447,-4.814365605744252,24.673978780729776,10,19,1,1,1,1,1,0,0,1
4,6,0.08,449,20667268,0.00021684489977096433,0.0003216436311057069,-6.638507880753993,-4.926250436823347,32.582249794431924,4,25,1,0,1,1,1,0,0,1
4,6,0.08,450,20667269,0.0002480864250569407,0.0004064055168464846,-6.053969990657887,-3.9104040525237638,38.95594061272235,5,20,1,1,1,1,1,0,0,1
4,6,0.08,451,20667270,0.00031941894938634376,0.0004375946467020061,-4.956393231073336,-3.5892799956767756,27.005745661266698,12,19,1,1,1,1,1,0,0,1
4,6,0.08,452,20667271,0.0005173297144222407,0.0010111846267113892,-2.8623257583605315,0.04830458302664453,48.8392425323238,12,25,1,0,1,1,1,0,0,1
4,6,0.08,453,20667272,0.0002700378116331144,0.00034818699858747465,-5.685754201600125,-4.581874496090821,22.444602260106198,13,18,1,1,1,1,1,0,0,1
4,6,0.08,454,20667273,0.00023169411780456044,0.0003456477030276342,-6.350849918356111,-4.6136632483894155,32.96813033181456,6,20,1,1,1,1,1,0,0,1
4,6,0.08,455,20667274,0.0009398585945571966,0.0018206244238907505,-0.2693748280785269,2.6022036454579944,48.3771291747982,10,19,1,1,1,1,1,0,0,1
4,6,0.08,456,20667275,0.0005513379160043977,0.0005806155495855399,-2.585821396715427,-2.3611133741793973,5.042516274674591,7,17,1,1,1,1,1,0,0,1
4,6,0.08,457,20667276,0.0002697234179492652,0.00037740713518933093,-5.6908134555812895,-4.231898934025099,28.532506993023567,6,25,1,0,1,1,1,0,0,1
4,6,0.08,458,20667277,0.0002787395555547511,0.000381473944529638,-5.548013967686044,-4.185351199199459,26.930905884426693,13,22,1,1,1,1,1,0,0,1
4,6,0.08,459,20667278,0.00030548063581036617,0.00045278907670406356,-5.150163141521737,-3.441040588170714,32.53356771898808,6,14,1,1,1,1,1,0,0,1
4,6,0.08,460,20667279,0.0005969110786203992,0.001128161913274227,-2.240903605637507,0.523714338630114,47.089945902534154,8,25,1,0,1,1,1,0,0,1
4,6,0.08,461,20667280,0.00021119278928567387,0.000412584871796861,-6.753209139171181,-3.8448670029790213,48.812279915668825,5,24,1,1,1,1,1,0,0,1
4,6,0.08,462,20667281,0.00022432128135998518,0.00032814410197195746,-6.491295229449729,-4.83935397300865,31.639398662982753,11,22,1,1,1,1,1,0,0,1
4,6,0.08,463,20667282,0.00013450526229408946,0.00016234343018156847,-8.712607242818061,-7.895652819910098,17.14770216222744,12,13,1,1,1,1,1,0,0,1
4,6,0.08,464,20667283,0.0006282830971811618,0.0012637264706133531,-2.0184462403337586,1.0165308252355691,50.28330008184265,9,25,1,0,1,1,1,0,0,1
4,6,0.08,465,20667284,0.0003173854185176164,0.00036189516859918354,-4.98413029700906,-4.414172148048167,12.299072754647314,9,22,1,1,1,1,1,0,0,1
4,6,0.08,466,20667285,0.00037691167407449225,0.0005671866520670381,-4.2376041095151935,-2.4627399820905356,33.54715371017872,7,21,1,1,1,1,1,0,0,1
4,6,0.08,467,20667286,0.00018917014410639138,0.0003380716223196486,-7.23147405317925,-4.709912823168102,44.04435876385686,6,23,1,1,1,1,1,0,0,1
4,6,0.08,468,20667287,0.0005052101949929686,0.0007589913513972174,-2.9652789409351827,-1.1976317280262814,33.43663349220862,5,25,1,0,1,1,1,0,0,1
4,6,0.08,469,20667288,0.00023099091966419352,0.0003862650463990502,-6.364050920439793,-4.131145899210092,40.198855211569686,8,25,1,0,1,1,1,0,0,1
4,6,0.08,470,20667289,0.00023153441365190942,0.0002923984003138003,-6.353844493615254,-5.340250076949902,20.815430794618575,6,16,1,1,1,1,1,0,0,1
4,6,0.08,471,20667290,0.00015839501789983757,0.0002046971804772663,-8.002584826747865,-6.8888813931892106,22.619834073665245,7,12,1,1,1,1,1,0,0,1
4,6,0.08,472,20667291,0.0001626128409428565,0.00024423755581552724,-7.888451627368376,-6.1218755484901415,33.42021443021725,9,13,1,1,1,1,1,0,0,1
4,6,0.08,473,20667292,0.0006955363566289262,0.00095327476359843,-1.5768016391687052,-0.2078190406692276,27.037158310641786,5,19,1,1,1,1,1,0,0,1
4,6,0.08,474,20667293,0.00014509749839858196,0.00023948990925936052,-8.383400750953944,-6.207127805596494,39.413940717875654,14,21,1,1,1,1,1,0,0,1
4,6,0.08,475,20667294,0.0007010318458985168,0.0008929676422639126,-1.5426225281243968,-0.49164277999288086,21.494149091313886,10,23,1,1,1,1,1,0,0,1
4,6,0.08,476,20667295,0.00034890527473013376,0.0004172886055277221,-4.572924648629394,-3.795634739607006,16.387538478580705,6,22,1,1,1,1,1,0,0,1
4,6,0.08,477,20667296,0.00025670941659033,0.0003327286853440885,-5.9055820028760975,-4.779097559402504,22.84722421066397,5,19,1,1,1,1,1,0,0,1
4,6,0.08,478,20667297,0.000510750921456683,0.0006904900405697584,-2.917908411748261,-1.6084258117918093,26.030660625425313,8,23,1,1,1,1,1,0,0,1
4,6,0.08,479,20667298,0.0005691129565921026,0.0008872756221779249,-2.4480152700386753,-0.5194145052100848,35.85838015078716,10,25,1,0,1,1,1,0,0,1
4,6,0.08,480,20667299,0.0005729838638503302,0.0009486087492614947,-2.4185760829340555,-0.22912874056417215,39.59745107807552,7,25,1,0,1,1,1,0,0,1
4,6,0.08,481,20667300,0.00023813824208458083,0.0003207070918509504,-6.231708566207747,-4.938914363369783,25.745875867548225,7,18,1,1,1,1,1,0,0,1
4,6,0.08,482,20667301,0.00029731151505781283,0.0004309266779398728,-5.26788269976962,-3.65596618644446,31.006472730078524,7,22,1,1,1,1,1,0,0,1
4,6,0.08,483,20667302,0.00020391842577193115,0.0002934894232964773,-6.905435302320143,-5.324075451378102,30.51932724473798,7,22,1,1,1,1,1,0,0,1
4,6,0.08,484,20667303,0.0003223100519055792,0.0004342612797897134,-4.917261499048185,-3.622488920822286,25.779693722255285,7,22,1,1,1,1,1,0,0,1
4,6,0.08,485,20667304,0.00034306671491784937,0.0003904712051438613,-4.646214160992871,-4.084109871598355,12.14032932557644,10,25,1,0,1,1,1,0,0,1
4,6,0.08,486,20667305,0.0003045523213358106,0.00042449876544997433,-5.163380859031902,-3.7212356845664436,28.256017184648094,5,20,1,1,1,1,1,0,0,1
4,6,0.08,487,20667306,0.0010409397158494056,0.0012026169282854252,0.17425578855349183,0.8012731277174943,13.44378318925905,11,16,1,1,1,1,1,0,0,1
4,6,0.08,488,20667307,0.00019436269900590937,0.0003058088355022033,-7.113870787630011,-5.145499710021212,36.44307278214366,11,25,1,0,1,1,1,0,0,1
4,6,0.08,489,20667308,0.00024410067859345906,0.0003773306343633461,-6.124310132539089,-4.232779342772093,35.30854471826287,8,22,1,1,1,1,1,0,0,1
4,6,0.08,490,20667309,9.647537640608737e-05,0.00020501702522517993,-10.155835183199988,-6.882100723377481,52.94274887652677,5,17,1,1,1,1,1,0,0,1
4,6,0.08,491,20667310,0.0002848765975309573,0.0005402548793832767,-5.4534322636818375,-2.6740130203905204,47.26996304852337,6,25,1,0,1,1,1,0,0,1
4,6,0.08,492,20667311,0.0002037824392094433,0.00042146147232839963,-6.90833243700708,-3.752421200189373,51.648619722312944,7,25,1,0,1,1,1,0,0,1
4,6,0.08,493,20667312,0.000649561568393369,0.0008880458034600662,-1.8737967823799448,-0.5156463368429065,26.854947586881018,9,17,1,1,1,1,1,0,0,1
4,6,0.08,494,20667313,0.00046769727013464934,0.0007494598773915308,-3.3003516498334555,-1.2525161230719877,37.59542248446261,7,25,1,0,1,1,1,0,0,1
4,6,0.08,495,20667314,0.0002863292245575849,0.00039802105526800613,-5.431343228957703,-4.000939531905267,28.06178950387785,17,24,1,1,1,1,1,0,0,1
4,6,0.08,496,20667315,0.0006221436257876477,0.000908281348072036,-2.061093441089459,-0.4177960413437893,31.503203593441466,11,21,1,1,1,1,1,0,0,1
4,6,0.08,497,20667316,0.0007687379554359486,0.0013851180690001483,-1.1422167567660222,1.4148679472158223,44.50018575016754,9,25,1,0,1,1,1,0,0,1
4,6,0.08,498,20667317,0.0003083968536485613,0.000633558077693516,-5.1089006139293005,-1.9821356757500905,51.32303343502655,12,25,1,0,1,1,1,0,0,1
4,6,0.08,499,20667318,0.0005297376274455009,0.0007405004427047802,-2.7593917788266156,-1.304746775017387,28.462213268831952,8,15,1,1,1,1,1,0,0,1
4,6,0.08,500,20667319,0.00013549069804344566,0.000208158666311859,-8.680905197495221,-6.8160550333079675,34.90989328282095,8,14,1,1,1,1,1,0,0,1
4,8,0.08,1,20668820,0.0004903660008581502,0.0006720148876055284,-3.0947964891289788,-1.7262110561684332,27.03048549930426,25,25,0,0,1,1,1,0,0,1
4,8,0.08,2,20668821,0.00035275042907591324,0.00048267974065966225,-4.525324493094384,-3.1634092928232653,26.91832713056881,17,25,1,0,1,1,1,0,0,1
4,8,0.08,3,20668822,0.000626407333485235,0.0009660651685296988,-2.031431665415442,-0.14993576091530048,35.15889466974629,19,19,1,1,1,1,1,0,0,1
4,8,0.08,4,20668823,0.0002586257875822819,0.0003492316252619659,-5.87328173785394,-4.568864349124636,25.944339265299543,7,19,1,1,1,1,1,0,0,1
4,8,0.08,5,20668824,0.00033877333274313806,0.00042001276897956323,-4.700907834013057,-3.76737506237653,19.342134867423063,8,21,1,1,1,1,1,0,0,1
4,8,0.08,6,20668825,0.000549237153013864,0.0009137332552385139,-2.6024009269682837,-0.3918056869252069,39.89086531927796,6,19,1,1,1,1,1,0,0,1
4,8,0.08,7,20668826,0.0002610271458306788,0.0003215406533594855,-5.833143253382368,-4.92764110100483,18.81986209101591,10,23,1,1,1,1,1,0,0,1
4,8,0.08,8,20668827,0.000749095560186877,0.0011369071261006889,-1.2546277694054244,0.5572498863724608,34.111103449928216,13,25,1,0,1,1,1,0,0,1
4,8,0.08,9,20668828,0.00020201253128057986,0.00027766389479659824,-6.946216894781006,-5.564805887770428,27.245661007325612,10,22,1,1,1,1,1,0,0,1
4,8,0.08,10,20668829,0.0002827588526449167,0.00038826161919995736,-5.48583789250774,-4.108755386157111,27.173112493693587,7,25,1,0,1,1,1,0,0,1
4,8,0.08,11,20668830,0.00035191307108133096,0.0003831974181163668,-4.535646018972078,-4.16577425745874,8.164028658861058,8,18,1,1,1,1,1,0,0,1
4,8,0.08,12,20668831,0.0003275633407906999,0.0005117685195734805,-4.847047082033439,-2.909264323918049,35.99384716674276,10,25,1,0,1,1,1,0,0,1
4,8,0.08,13,20668832,0.00012173433551494617,0.0001691037075983091,-9.14586910500177,-7.718468703925899,28.012024547613525,12,12,1,1,1,1,1,0,0,1
4,8,0.08,14,20668833,0.00036998418892822616,0.0005624204737058328,-4.318168348733936,-2.4993887814537104,34.21573249452119,11,25,1,0,1,1,1,0,0,1
4,8,0.08,15,20668834,0.0004886965697461806,0.0005070679632984529,-3.1096070935638647,-2.949338274371716,3.623063352842726,9,19,1,1,1,1,1,0,0,1
4,8,0.08,16,20668835,0.00023094013385972512,0.00034137779014906046,-6.365005867917787,-4.6676473726191015,32.35056862987877,10,20,1,1,1,1,1,0,0,1
4,8,0.08,17,20668836,0.00023971509061296558,0.00023971849126370917,-6.2030462527528325,-6.202984643224061,0.0014186017631176234,4,11,1,1,1,1,1,0,0,1
4,8,0.08,18,20668837,0.0005102271703042837,0.0005956879555787021,-2.9223641832709975,-2.249811809630807,14.346569285825913,12,21,1,1,1,1,1,0,0,1
4,8,0.08,19,20668838,0.00024450091458255767,0.00025739683302335474,-6.117195120110556,-5.893968009007179,5.01013096755039,11,25,1,0,1,1,1,0,0,1
4,8,0.08,20,20668839,0.0007405305321156998,0.0014090087356962706,-1.3045703078759154,1.4891368569482495,47.443155364841516,9,25,1,0,1,1,1,0,0,1
4,8,0.08,21,20668840,0.0008091466410856624,0.0010218977995462338,-0.9197276436653729,0.09407463986041113,20.819220723935608,6,25,1,0,1,1,1,0,0,1
4,8,0.08,22,20668841,0.000524400699233694,0.0006251544650969813,-2.8033673789512568,-2.040126625743191,16.11661940983772,15,25,1,0,1,1,1,0,0,1
4,8,0.08,23,20668842,0.0005109793032065643,0.0008304401249937774,-2.915966902473141,-0.8069167485883617,38.46885671493858,17,25,1,0,1,1,1,0,0,1
4,8,0.08,24,20668843,0.0006858063432455452,0.0008490774464969362,-1.6379850227182204,-0.7105269485349407,19.229235675144047,25,25,0,0,1,1,1,0,0,1
4,8,0.08,25,20668844,0.0002414747533341761,0.00040164949074024414,-6.171282688909921,-3.9615277935124764,39.87923328643199,12,15,1,1,1,1,1,0,0,1
4,8,0.08,26,20668845,0.0005620236370265453,0.0011373035936057074,-2.5024541892501793,0.5587641141433162,50.58279599339826,25,25,0,0,1,1,1,0,0,1
4,8,0.08,27,20668846,0.0003952216999151871,0.0003983789526135678,-4.031592181970131,-3.99703614538617,0.7925249759475345,8,17,1,1,1,1,1,0,0,1
4,8,0.08,28,20668847,0.00011495868171887916,0.00012393727554029885,-9.394582250886799,-9.067980549897882,7.244466027091461,8,17,1,1,1,1,1,0,0,1
4,8,0.08,29,20668848,0.0004538026973799972,0.00045381509381751364,-3.431329270192476,-3.431210636457853,0.0027316053796685516,4,13,1,1,1,1,1,0,0,1
4,8,0.08,30,20668849,0.0010711709530674162,0.001447610380236677,0.2985878740427449,1.6065168859984427,26.004195072690404,25,25,0,0,1,1,1,0,0,1
4,8,0.08,31,20668850,0.0002672487337891793,0.00038116143272025826,-5.730843437793344,-4.188910492827547,29.885683375180744,10,25,1,0,1,1,1,0,0,1
4,8,0.08,32,20668851,0.0003764804538837134,0.00037649816033427305,-4.24257566583605,-4.2423714153134355,0.004702931494790859,6,25,1,0,1,1,1,0,0,1
4,8,0.08,33,20668852,0.000808433671330911,0.000981153676536731,-0.9235560637806156,-0.08262964439756762,17.603766803941024,20,22,1,1,1,1,1,0,0,1
4,8,0.08,34,20668853,0.00020720521801300822,0.00023486410567894413,-6.8359931202660364,-6.291833514502264,11.77654950124444,6,14,1,1,1,1,1,0,0,1
4,8,0.08,35,20668854,0.00022018220268360381,0.00022019200881951407,-6.572177879467995,-6.571984464385818,0.0044534476808799905,4,12,1,1,1,1,1,0,0,1
4,8,0.08,36,20668855,0.00034748285016050317,0.000817061425300514,-4.590666249284114,-0.8774529271325915,57.47163684386404,8,20,1,1,1,1,1,0,0,1
4,8,0.08,37,20668856,0.000199360567312558,0.0002610435399991355,-7.003607391643689,-5.832870497332595,23.629381016968193,7,25,1,0,1,1,1,0,0,1
4,8,0.08,38,20668857,0.0001807434830537625,0.00018484269080878081,-7.429373528152508,-7.331977179563002,2.217673707887612,11,25,1,0,1,1,1,0,0,1
4,8,0.08,39,20668858,0.0005092319618880612,0.0008446816651884087,-2.9308434571753503,-0.7330693258889547,39.71315077917838,13,25,1,0,1,1,1,0,0,1
4,8,0.08,40,20668859,0.000338822442981639,0.000459492830750248,-4.700278305129101,-3.3772126031681724,26.26164755858791,21,25,1,0,1,1,1,0,0,1
4,8,0.08,41,20668860,0.0002315777514019052,0.00033040458826946565,-6.353031673432307,-4.809539303399287,29.910854865901854,11,25,1,0,1,1,1,0,0,1
4,8,0.08,42,20668861,0.0005961835543303212,0.0006531091970715074,-2.2462000811234666,-1.8501420046940429,8.71609877742289,8,25,1,0,1,1,1,0,0,1
4,8,0.08,43,20668862,0.000724316218155713,0.0007243918290462528,-1.4007179040790323,-1.4002645706054393,0.010437844203640282,7,24,1,1,1,1,1,0,0,1
4,8,0.08,44,20668863,0.0003193066287716443,0.00044163708716662975,-4.957920654597267,-3.5493446318759183,27.69931736933818,11,24,1,1,1,1,1,0,0,1
4,8,0.08,45,20668864,0.0004243006917389003,0.0004764999010948937,-3.7232626020099566,-3.219371851703481,10.954715674872322,12,20,1,1,1,1,1,0,0,1
4,8,0.08,46,20668865,0.00023711697664294563,0.00026207766496720125,-6.250373511318403,-5.815699893350342,9.52415701940088,8,23,1,1,1,1,1,0,0,1
4,8,0.08,47,20668866,0.00020551669796012713,0.0002250805654431501,-6.871528865016181,-6.476620024902705,8.69193990360946,9,25,1,0,1,1,1,0,0,1
4,8,0.08,48,20668867,0.0007493210696211744,0.0020575095414964322,-1.253320556154802,3.1334185788656326,63.58116186055733,15,25,1,0,1,1,1,0,0,1
4,8,0.08,49,20668868,0.00038087640799784253,0.0006793152706686746,-4.192159272961796,-1.6792862257606505,43.93230589046937,14,19,1,1,1,1,1,0,0,1
4,8,0.08,50,20668869,0.00016504384195485374,0.0002086269359808739,-7.824006752410845,-6.806296202016867,20.890444381551806,13,25,1,0,1,1,1,0,0,1
4,8,0.08,51,20668870,0.0004426793543092129,0.0005617735774264763,-3.539107321857469,-2.50438691349709,21.1996839835085,16,25,1,0,1,1,1,0,0,1
4,8,0.08,52,20668871,0.00031501105204200045,0.00047673818842021366,-5.0167420888769065,-3.21720058150797,33.92367976942121,7,19,1,1,1,1,1,0,0,1
4,8,0.08,53,20668872,0.0004401518910006509,0.0006357402056485808,-3.5639742796791234,-1.9672032193564508,30.76544678315431,11,25,1,0,1,1,1,0,0,1
4,8,0.08,54,20668873,0.0002704074634011025,0.00037852953339609873,-5.6798132578815475,-4.219002305877235,28.563707836729282,8,24,1,1,1,1,1,0,0,1
4,8,0.08,55,20668874,0.000588156066187607,0.0007590728176646755,-2.305074193476438,-1.1971656034556168,22.516515872996507,13,20,1,1,1,1,1,0,0,1
4,8,0.08,56,20668875,0.00013416219335029883,0.00013416240014110575,-8.723698502816282,-8.72369180882635,0.0001541346954883365,4,12,1,1,1,1,1,0,0,1
4,8,0.08,57,20668876,0.0007110550022191908,0.0010963014349179268,-1.4809680400104699,0.39929982544690773,35.140557188778736,25,25,0,0,1,1,1,0,0,1
4,8,0.08,58,20668877,0.000123080948664828,0.0002164136028403741,-9.098091650219777,-6.647154448000142,43.12698136835138,6,13,1,1,1,1,1,0,0,1
4,8,0.08,59,20668878,0.00036037116676189857,0.00045966553637019684,-4.432499641334179,-3.375580564527103,21.60143881840435,11,14,1,1,1,1,1,0,0,1
4,8,0.08,60,20668879,0.0009418537622542195,0.0009847576723084088,-0.26016523084267185,-0.06670626890259797,4.356798759802152,13,25,1,0,1,1,1,0,0,1
4,8,0.08,61,20668880,0.00010721563584781321,0.00013626388497613496,-9.69741874463692,-8.656192331887425,21.31764343384838,6,22,1,1,1,1,1,0,0,1
4,8,0.08,62,20668881,0.000965867168907839,0.001152336064907692,-0.1508259592087644,0.6157915430460562,16.181815503170082,16,25,1,0,1,1,1,0,0,1
4,8,0.08,63,20668882,0.0002405110997328831,0.00037461343417076855,-6.188648758743311,-4.264166522634569,35.79752411568736,14,20,1,1,1,1,1,0,0,1
4,8,0.08,64,20668883,0.000564343722462993,0.000652904460514746,-2.4845630151299765,-1.8515036437099484,13.564119010908918,7,15,1,1,1,1,1,0,0,1
4,8,0.08,65,20668884,0.0002200222538813716,0.0002485643042813086,-6.5753339077279325,-6.04561239196936,11.482763175695167,8,20,1,1,1,1,1,0,0,1
4,8,0.08,66,20668885,0.00015318471642052257,0.00020556470796997766,-8.147845630672695,-6.870514443923511,25.481023501906314,6,12,1,1,1,1,1,0,0,1
4,8,0.08,67,20668886,0.0019555128523627524,0.0025008643765825093,2.9126067464349603,3.980901403115063,21.806521350229826,21,23,1,1,1,1,1,0,0,1
4,8,0.08,68,20668887,0.0006381401108829553,0.0007971707819042645,-1.9508395654098851,-0.9844862754592492,19.949385330132156,6,25,1,0,1,1,1,0,0,1
4,8,0.08,69,20668888,0.0003048717944170353,0.00035611743185376605,-5.158827530556195,-4.4840676720581225,14.390095191345178,12,20,1,1,1,1,1,0,0,1
4,8,0.08,70,20668889,0.00012397102594863027,0.00014156313991377958,-9.066798046843095,-8.490498131431343,12.427044197991057,12,23,1,1,1,1,1,0,0,1
4,8,0.08,71,20668890,0.0008649202800095877,0.0008678631847522172,-0.6302391975766303,-0.6154873425947897,0.3390977742038569,5,25,1,0,1,1,1,0,0,1
4,8,0.08,72,20668891,0.001238297121261069,0.0019493900871118853,0.9282486329635682,2.898987532934392,36.47771528911048,14,25,1,0,1,1,1,0,0,1
4,8,0.08,73,20668892,0.00021212523252647178,0.00032302109858577815,-6.734076686110586,-4.907691101762479,34.33084295261847,18,25,1,0,1,1,1,0,0,1
4,8,0.08,74,20668893,0.0002517869441569307,0.00028389816147637994,-5.9896679300338915,-5.468374199547643,11.310822568366959,6,14,1,1,1,1,1,0,0,1
4,8,0.08,75,20668894,0.00053798954927691,0.0007185960720696561,-2.692261606448614,-1.4351516102941544,25.13324659186827,11,25,1,0,1,1,1,0,0,1
4,8,0.08,76,20668895,0.0005396577467214927,0.0007404915694047171,-2.678815843140032,-1.3047988161522783,27.121689291435843,13,25,1,0,1,1,1,0,0,1
4,8,0.08,77,20668896,0.00029172050260250907,0.0003125542858624787,-5.350330468665183,-5.0507454151029645,6.665652720928076,11,25,1,0,1,1,1,0,0,1
4,8,0.08,78,20668897,0.0009716269954983953,0.0014675740185349385,-0.12500427344553056,1.666000145401735,33.79366333642518,25,14,0,1,1,1,1,0,0,1
4,8,0.08,79,20668898,0.0002340156038116339,0.0003242618453130924,-6.30755183515687,-4.89104150139335,27.831285982574016,7,25,1,0,1,1,1,0,0,1
4,8,0.08,80,20668899,0.00012445743909696166,0.00021206506978573947,-9.049791395358696,-6.7353086023684074,41.31167418438709,9,25,1,0,1,1,1,0,0,1
4,8,0.08,81,20668900,0.0004280684597580706,0.0005530463011657332,-3.684867699644366,-2.5723850793757554,22.59807924657108,11,25,1,0,1,1,1,0,0,1
4,8,0.08,82,20668901,0.0004184335367458798,0.0004836802257322838,-3.783735147717862,-3.1544166748212326,13.489633339386904,17,25,1,0,1,1,1,0,0,1
4,8,0.08,83,20668902,0.0005577851871251054,0.001078797848886243,-2.5353302329917007,0.32940071802205106,48.29567117685987,11,22,1,1,1,1,1,0,0,1
4,8,0.08,84,20668903,0.00028884592919825743,0.00028901148529732515,-5.393337487360068,-5.3908489806650195,0.05728357089248721,8,25,1,0,1,1,1,0,0,1
4,8,0.08,85,20668904,0.0010710800175457629,0.001347900614852069,0.29821917032101913,1.296578714184819,20.53716678040739,13,25,1,0,1,1,1,0,0,1
4,8,0.08,86,20668905,0.0006256144045849686,0.0011041854412755397,-2.0369326033224597,0.4304201665362182,43.34154561372702,11,25,1,0,1,1,1,0,0,1
4,8,0.08,87,20668906,0.00023064901468727243,0.0003096951644331396,-6.3704839632037755,-5.090655756454715,25.523856625450325,9,15,1,1,1,1,1,0,0,1
4,8,0.08,88,20668907,0.00045233617607737643,0.0004523526285981937,-3.445386776918223,-3.445228816767325,0.0036371007433348705,5,17,1,1,1,1,1,0,0,1
4,8,0.08,89,20668908,0.00023099343563235205,0.00044316770102239574,-6.364003617059262,-3.534318994053044,47.87674392798796,4,12,1,1,1,1,1,0,0,1
4,8,0.08,90,20668909,0.00021263506828392826,0.0003029758080575176,-6.723651090213302,-5.185920475589915,29.817806363087193,11,17,1,1,1,1,1,0,0,1
4,8,0.08,91,20668910,0.0003351379379196106,0.00045762778857606453,-4.747764068512565,-3.394876117088668,26.766261515190816,6,25,1,0,1,1,1,0,0,1
4,8,0.08,92,20668911,0.00019229731858643568,0.00029124890451039895,-7.1602677156616785,-5.357356994971983,33.97492124143946,13,25,1,0,1,1,1,0,0,1
4,8,0.08,93,20668912,0.00015147695003139483,0.0002043058729435774,-8.196534479258501,-6.897191490291849,25.857760303724696,9,16,1,1,1,1,1,0,0,1
4,8,0.08,94,20668913,0.0003177076450704074,0.00036261511409373755,-4.979723345214712,-4.405540981149957,12.384334595529682,6,13,1,1,1,1,1,0,0,1
4,8,0.08,95,20668914,0.00026665651179762304,0.00045515222903852877,-5.740478063060844,-3.41843326036684,41.41377438469042,25,25,0,0,1,1,1,0,0,1
4,8,0.08,96,20668915,0.0004387298203276784,0.0005013435785699821,-3.5780284573269268,-2.9986454332252594,12.489191229077143,18,25,1,0,1,1,1,0,0,1
4,8,0.08,97,20668916,0.0003768179312739,0.0004601242030013062,-4.238684390319779,-3.3712492180267346,18.105170556996264,18,25,1,0,1,1,1,0,0,1
4,8,0.08,98,20668917,0.0005152703267214859,0.0006642587877335164,-2.8796486687751783,-1.7766269143190434,22.429279636688957,13,20,1,1,1,1,1,0,0,1
4,8,0.08,99,20668918,0.000212695259703657,0.00029662176826393354,-6.722421890229171,-5.277969804485579,28.29411646066342,6,21,1,1,1,1,1,0,0,1
4,8,0.08,100,20668919,0.00040984426970673516,0.0006937579216179561,-3.8738113268213645,-1.5879204488501575,40.92402307264301,9,25,1,0,1,1,1,0,0,1
4,8,0.08,101,20668920,0.000669251968249501,0.0013373130990254104,-1.7441034289240764,1.2623309855586902,49.95547648959471,11,25,1,0,1,1,1,0,0,1
4,8,0.08,102,20668921,0.0003687580619050084,0.0005713477084783149,-4.33258476227107,-2.4309951011800752,35.45820584681589,8,25,1,0,1,1,1,0,0,1
4,8,0.08,103,20668922,0.0005822780864121509,0.0006139507024803272,-2.3486955392316293,-2.1186649938048054,5.158820722937643,10,18,1,1,1,1,1,0,0,1
4,8,0.08,104,20668923,0.0008735248942185964,0.0012593764029996376,-0.5872471372889096,1.0015555164425958,30.638299071032556,7,25,1,0,1,1,1,0,0,1
4,8,0.08,105,20668924,0.0003966362714621132,0.0008185653980266859,-4.016075730970301,-0.8694661757455697,51.54495017523541,6,25,1,0,1,1,1,0,0,1
4,8,0.08,106,20668925,0.0002729566234208558,0.0003973910936000017,-5.639063628702797,-4.007818706024436,31.312848270423675,8,25,1,0,1,1,1,0,0,1
4,8,0.08,107,20668926,0.00037465232287318246,0.0007390364304839745,-4.263715703983826,-1.3133415271721984,49.30529708422722,10,25,1,0,1,1,1,0,0,1
4,8,0.08,108,20668927,0.0005806483374922979,0.0008193293225687017,-2.360868130920902,-0.8654150211374838,29.13126364477089,14,19,1,1,1,1,1,0,0,1
4,8,0.08,109,20668928,0.0006235644002383717,0.0007482746318162268,-2.051186869747893,-1.259389780817646,16.666371713705697,24,25,1,0,1,1,1,0,0,1
4,8,0.08,110,20668929,0.0006688366759756925,0.0011182581010835517,-1.7467992017259981,0.48542053049157047,40.1894182275439,20,21,1,1,1,1,1,0,0,1
4,8,0.08,111,20668930,0.00039756356803085486,0.00044958745933620367,-4.005934203715572,-3.471858113559099,11.57147296371652,10,23,1,1,1,1,1,0,0,1
4,8,0.08,112,20668931,0.0002881451426377301,0.0003977598926750015,-5.40388697073119,-4.003790102213257,27.558019814439803,10,25,1,0,1,1,1,0,0,1
4,8,0.08,113,20668932,0.000917725856886129,0.0011098819296169937,-0.3728703189512697,0.4527678054955297,17.313199503768416,16,25,1,0,1,1,1,0,0,1
4,8,0.08,114,20668933,0.0003402079750073234,0.00037502097046061595,-4.682555100618436,-4.259444466704393,9.282946340449662,10,20,1,1,1,1,1,0,0,1
4,8,0.08,115,20668934,0.00013014402713085128,0.0002017971990844638,-8.855757587390409,-6.950848660010087,35.50751560412962,14,25,1,0,1,1,1,0,0,1
4,8,0.08,116,20668935,0.0004183413502265045,0.0005873388139903252,-3.784692062115172,-2.311112980761247,28.77341999852992,11,25,1,0,1,1,1,0,0,1
4,8,0.08,117,20668936,0.0005618682381437212,0.0007893712241110311,-2.5036551744912954,-1.0271870950571265,28.820785331200504,18,23,1,1,1,1,1,0,0,1
4,8,0.08,118,20668937,0.00011140210783456421,0.0001884851967370007,-9.531065918170508,-7.24722752767938,40.896097007550644,6,25,1,0,1,1,1,0,0,1
4,8,0.08,119,20668938,0.00020583642743515908,0.0002722034461319479,-6.864777644903892,-5.651063808717912,24.381402821997362,14,21,1,1,1,1,1,0,0,1
4,8,0.08,120,20668939,0.00017801925097503285,0.0002478924320620186,-7.495330306115829,-6.057367316584571,28.186895624754136,6,19,1,1,1,1,1,0,0,1
4,8,0.08,121,20668940,0.00014850993777266484,0.00022911187431832073,-8.282444838859991,-6.399524017870995,35.18016549140972,7,23,1,1,1,1,1,0,0,1
4,8,0.08,122,20668941,0.0004769000111474915,0.000600963473942936,-3.2157266741454142,-2.2115192325032322,20.644093721946383,13,25,1,0,1,1,1,0,0,1
4,8,0.08,123,20668942,0.000640117752110722,0.0007974906884874399,-1.9374012853483982,-0.9827437906969222,19.733513964307118,13,25,1,0,1,1,1,0,0,1
4,8,0.08,124,20668943,0.0003960505084630228,0.00045671176917998175,-4.022494248118698,-3.4035779674845235,13.28217593907756,16,24,1,1,1,1,1,0,0,1
4,8,0.08,125,20668944,0.0011117878240615548,0.0013462042114798997,0.4602191347675011,1.2911094487443395,17.413137280312615,16,25,1,0,1,1,1,0,0,1
4,8,0.08,126,20668945,0.0005840881371476371,0.0008423198774510558,-2.3352161420824094,-0.7452295050702769,30.657206034939342,15,20,1,1,1,1,1,0,0,1
4,8,0.08,127,20668946,0.00011756510303655566,0.00017384033426118647,-9.297215711829764,-7.598494516228216,32.371791888112725,5,20,1,1,1,1,1,0,0,1
4,8,0.08,128,20668947,0.0002923922482804429,0.00041840978941478876,-5.340341453039656,-3.783981629574935,30.11821050138454,18,25,1,0,1,1,1,0,0,1
4,8,0.08,129,20668948,0.0009569347679900356,0.001006401106197338,-0.1911766605548736,0.027711054612252293,4.915171287341848,5,14,1,1,1,1,1,0,0,1
4,8,0.08,130,20668949,0.0002370167443245084,0.00033486810620519784,-6.252209716655805,-4.751262139372524,29.220866385145932,16,25,1,0,1,1,1,0,0,1
4,8,0.08,131,20668950,0.0007039866380429361,0.0014876060739626828,-1.5243558386824554,1.72487942934509,52.676541836935534,13,25,1,0,1,1,1,0,0,1
4,8,0.08,132,20668951,0.0003922887150339724,0.0007989669622296581,-4.063941850363245,-0.9747117865597306,50.90050858433225,13,25,1,0,1,1,1,0,0,1
4,8,0.08,133,20668952,0.0002701662687034805,0.00039688874688003587,-5.683688752637273,-4.013312146156073,31.92896729189923,14,25,1,0,1,1,1,0,0,1
4,8,0.08,134,20668953,0.00022557729665803345,0.00026312539893738124,-6.467046122786747,-5.7983722836449605,14.270040988435143,8,21,1,1,1,1,1,0,0,1
4,8,0.08,135,20668954,0.0003394607767378062,0.0004057179742101274,-4.692103993817839,-3.9177575165638734,16.330850907287036,18,25,1,0,1,1,1,0,0,1
4,8,0.08,136,20668955,0.0003011920071726532,0.0005200934802148848,-5.211565573281424,-2.8391859041752756,42.08887082218162,25,25,0,0,1,1,1,0,0,1
4,8,0.08,137,20668956,0.0002064750883130998,0.0002427763248344985,-6.85132339459388,-6.147936672469493,14.952543888348822,8,25,1,0,1,1,1,0,0,1
4,8,0.08,138,20668957,0.0001619626710524347,0.00032109434266351606,-7.905850695563299,-4.933673461671055,49.55916391770253,7,25,1,0,1,1,1,0,0,1
4,8,0.08,139,20668958,0.00033040121463193145,0.00039198590466037734,-4.809583647809055,-4.067295494037232,15.710945035588415,6,16,1,1,1,1,1,0,0,1
4,8,0.08,140,20668959,0.00030516731988628463,0.0003699328266580554,-5.154619764608484,-4.318771290687672,17.50736947484692,8,25,1,0,1,1,1,0,0,1
4,8,0.08,141,20668960,0.00022818396808731395,0.00044754195342997286,-6.417148718187632,-3.4916624685284665,49.0139491195169,6,24,1,1,1,1,1,0,0,1
4,8,0.08,142,20668961,0.00032185199297450563,0.0003414025120548539,-4.923437972848937,-4.667332876514329,5.7265305292209,7,25,1,0,1,1,1,0,0,1
4,8,0.08,143,20668962,0.00010979084346935663,0.00012005769578697241,-9.594338784337612,-9.206099961176262,8.551598671219745,6,25,1,0,1,1,1,0,0,1
4,8,0.08,144,20668963,0.00029196867913443346,0.0003238941865392366,-5.346637348826061,-4.895968469159982,9.856770739210441,12,16,1,1,1,1,1,0,0,1
4,8,0.08,145,20668964,0.0002485071714346771,0.00031351513109111273,-6.046610738539178,-5.0374149409706925,20.735190493100397,7,13,1,1,1,1,1,0,0,1
4,8,0.08,146,20668965,0.0011067204028484571,0.0016900665193513987,0.44037916418701256,2.2790379835256336,34.5161631109534,16,25,1,0,1,1,1,0,0,1
4,8,0.08,147,20668966,0.0002740362536124478,0.00046701453194466407,-5.621919784120422,-3.3066960541849815,41.321685971665225,5,25,1,0,1,1,1,0,0,1
4,8,0.08,148,20668967,0.000492203462588259,0.0008999472955428671,-3.0785533541646593,-0.4578292381082388,45.3075235598823,9,13,1,1,1,1,1,0,0,1
4,8,0.08,149,20668968,0.0002905373735048243,0.0008003722244723148,-5.367979938660113,-0.9670799120987885,63.69971812847759,5,21,1,1,1,1,1,0,0,1
4,8,0.08,150,20668969,0.00013164291366772883,0.00025176392065334177,-8.80602513981636,-5.990065068883946,47.711763732425226,8,20,1,1,1,1,1,0,0,1
4,8,0.08,151,20668970,0.0001560667437942104,0.00020728239225194193,-8.066896307324548,-6.834375877884298,24.70815195700817,9,25,1,0,1,1,1,0,0,1
4,8,0.08,152,20668971,0.0009761419822657989,0.0015491310557110506,-0.10487008532187717,1.9008816040897882,36.987772682812164,14,24,1,1,1,1,1,0,0,1
4,8,0.08,153,20668972,0.00045564388765330816,0.0005031227726533983,-3.413744513012611,-2.983260249245374,9.436838795766144,16,25,1,0,1,1,1,0,0,1
4,8,0.08,154,20668973,0.0005235602566718991,0.000753889595421285,-2.8103332805555024,-1.2269225043004002,30.55213126010505,15,25,1,0,1,1,1,0,0,1
4,8,0.08,155,20668974,0.00019472018427918374,0.00027250621023697464,-7.105890281064364,-5.646235959894785,28.544680097436032,8,25,1,0,1,1,1,0,0,1
4,8,0.08,156,20668975,0.00019491456459859704,0.0002640843226816749,-7.101557078886773,-5.782573798416579,26.19230001261927,13,16,1,1,1,1,1,0,0,1
4,8,0.08,157,20668976,0.00019590718529210338,0.0002882642538519303,-7.07949635084974,-5.40209208868689,32.03902923297143,11,25,1,0,1,1,1,0,0,1
4,8,0.08,158,20668977,0.0002445174678982438,0.00041462378184457577,-6.116901101974634,-3.823457914180892,41.02666595475157,8,25,1,0,1,1,1,0,0,1
4,8,0.08,159,20668978,0.0003946481959378124,0.00033175875627398303,-4.037898781520248,-4.7917760576183035,-18.95637672691663,4,25,1,0,1,1,0,1,0,1
4,8,0.08,160,20668979,0.00032397712506776466,0.0003508499948882448,-4.894856527796678,-4.548785254626763,7.659361610947111,12,23,1,1,1,1,1,0,0,1
4,8,0.08,161,20668980,0.0007535793733561586,0.0007682423112366292,-1.2287099737043004,-1.1450177757885953,1.9086345110135694,18,25,1,0,1,1,1,0,0,1
4,8,0.08,162,20668981,0.00022973921428918228,0.00027861033840991813,-6.387648685583702,-5.550027722226285,17.541030386615443,8,25,1,0,1,1,1,0,0,1
4,8,0.08,163,20668982,0.0006625156091142966,0.0007298165164841595,-1.7880388513100596,-1.3678631233782166,9.2216202086081,14,25,1,0,1,1,1,0,0,1
4,8,0.08,164,20668983,0.0004301748108142465,0.00043111984884152224,-3.6635502362000185,-3.654019816835663,0.21920540884749104,8,25,1,0,1,1,1,0,0,1
4,8,0.08,165,20668984,0.000737530143117609,0.0017217849690628446,-1.3222022521810501,2.3597891216951616,57.164793724558905,24,19,1,1,1,1,1,0,0,1
4,8,0.08,166,20668985,0.0004711477783978488,0.00047986079130006007,-3.2684285236886397,-3.1888473416359577,1.815737618113289,11,25,1,0,1,1,1,0,0,1
4,8,0.08,167,20668986,0.0012570584292076051,0.0016724845894612794,0.9935546455365717,2.233621247999425,24.838863261962036,10,18,1,1,1,1,1,0,0,1
4,8,0.08,168,20668987,0.0004007797010433697,0.0006931365349571831,-3.970942830193075,-1.5918120905634878,42.17882324322625,13,25,1,0,1,1,1,0,0,1
4,8,0.08,169,20668988,0.0002646183923199128,0.000284074664777178,-5.77379973431024,-5.465674971398032,6.8489995306432085,11,25,1,0,1,1,1,0,0,1
4,8,0.08,170,20668989,0.0002428400831629289,0.00031577225775075967,-6.146796270707286,-5.0062602770010765,23.096447771354388,10,15,1,1,1,1,1,0,0,1
4,8,0.08,171,20668990,0.0009812788447782737,0.0012735557859703149,-0.08207563934419762,1.0501797325600948,22.949677148956376,20,25,1,0,1,1,1,0,0,1
4,8,0.08,172,20668991,0.00035543111273119105,0.00043067912870355644,-4.492445588152857,-3.6584617422882304,17.47194395021632,12,18,1,1,1,1,1,0,0,1
4,8,0.08,173,20668992,0.00016238930342825624,0.000343804321818886,-7.894425810990206,-4.636886682821927,52.76693947035316,8,25,1,0,1,1,1,0,0,1
4,8,0.08,174,20668993,0.000957531108875116,0.0014635224612333012,-0.18847107496852616,1.653993921027959,34.573528303200035,25,25,0,0,1,1,1,0,0,1
4,8,0.08,175,20668994,0.00016244269789604407,0.00023495064334274493,-7.89299806231774,-6.290233614525996,30.860926539761202,10,19,1,1,1,1,1,0,0,1
4,8,0.08,176,20668995,0.0004841942625353852,0.00047487078962955956,-3.1498036104047604,-3.234245440268632,-1.9633704808625467,9,18,1,1,1,1,0,1,0,1
4,8,0.08,177,20668996,0.0006627061696111115,0.0009247883537258142,-1.786789862285966,-0.33957648154149267,28.339693407558432,11,25,1,0,1,1,1,0,0,1
4,8,0.08,178,20668997,0.0010080791129623119,0.0016673327630477466,0.034946164098455024,2.220222841310833,39.53941676767471,13,25,1,0,1,1,1,0,0,1
4,8,0.08,179,20668998,0.0010303974403114203,0.0011214018100286027,0.13004771153153064,0.4976125274767263,8.115232997070093,13,25,1,0,1,1,1,0,0,1
4,8,0.08,180,20668999,0.00046514616928769795,0.0008157286010270787,-3.3241055132542736,-0.8845431021891608,42.977827588485276,25,25,0,0,1,1,1,0,0,1
4,8,0.08,181,20669000,0.00033964330843160153,0.00037718979718462706,-4.68976937351359,-4.234400632473933,9.954269450890596,7,11,1,1,1,1,1,0,0,1
4,8,0.08,182,20669001,0.0003060497637518302,0.0004110444810194121,-5.14207951408434,-3.8611117857160733,25.543395451312087,11,25,1,0,1,1,1,0,0,1
4,8,0.08,183,20669002,0.00020832920523749734,0.00024651969683477175,-6.8124984294520985,-6.081483750281167,15.491862146362825,7,25,1,0,1,1,1,0,0,1
4,8,0.08,184,20669003,0.0002835478258828842,0.00033594215576751417,-5.473736783398456,-4.737354952102226,15.596235537908793,18,25,1,0,1,1,1,0,0,1
4,8,0.08,185,20669004,0.0003803502571597583,0.0003764371454557055,-4.198162857767121,-4.243075285219127,-1.0395126387741724,5,21,1,1,1,1,0,1,0,1
4,8,0.08,186,20669005,0.00024884647197455357,0.0003579283463297367,-6.040685120943393,-4.462039060606816,30.475897054181036,9,25,1,0,1,1,1,0,0,1
4,8,0.08,187,20669006,0.00012015377780562645,0.0001715629215717831,-9.202625698093582,-7.655765667014399,29.965183208101706,8,24,1,1,1,1,1,0,0,1
4,8,0.08,188,20669007,0.0002589483771109611,0.0003657090144698934,-5.867868064609661,-4.368643344766086,29.192782549723354,5,18,1,1,1,1,1,0,0,1
4,8,0.08,189,20669008,0.00014194400203283266,0.00022037166432398248,-8.478829542411775,-6.568442483813417,35.58881425692202,6,20,1,1,1,1,1,0,0,1
4,8,0.08,190,20669009,0.0002893456134994718,0.0003671947030554043,-5.385830971864353,-4.351035923139356,21.201038279734174,14,25,1,0,1,1,1,0,0,1
4,8,0.08,191,20669010,0.00024160067720387874,0.00026684420087910417,-6.169018527268352,-5.737422309476013,9.460023336486973,4,13,1,1,1,1,1,0,0,1
4,8,0.08,192,20669011,0.0007516483322416796,0.0009174148574605809,-1.2398530181394773,-0.37434230782523115,18.068872971792246,25,25,0,0,1,1,1,0,0,1
4,8,0.08,193,20669012,0.00015691295058830728,0.00022997587459838286,-8.04341211053387,-6.3831772084477425,31.769821133485685,14,21,1,1,1,1,1,0,0,1
4,8,0.08,194,20669013,0.0004947655940744037,0.0007898258191203055,-3.0560050876636478,-1.0246867343791708,37.357632265622165,8,25,1,0,1,1,1,0,0,1
4,8,0.08,195,20669014,0.0003511610226137961,0.0003511646050214307,-4.544936949389478,-4.544892644588217,0.0010201505457454038,5,20,1,1,1,1,1,0,0,1
4,8,0.08,196,20669015,0.000557578265297862,0.0009596343064654596,-2.5369416361373363,-0.178942346075818,41.89679740071578,11,25,1,0,1,1,1,0,0,1
4,8,0.08,197,20669016,0.0005114203312131739,0.0007586723585151906,-2.912220108458995,-1.1994573874205987,32.59009301273575,12,25,1,0,1,1,1,0,0,1
4,8,0.08,198,20669017,0.00020986614779503217,0.00034648675034001594,-6.780576091140462,-4.603133681639729,39.43025307920566,10,25,1,0,1,1,1,0,0,1
4,8,0.08,199,20669018,0.0005093134434931433,0.0006565206597795683,-2.9301486032915207,-1.827516027244066,22.422328085737757,23,25,1,0,1,1,1,0,0,1
4,8,0.08,200,20669019,0.00031578876017421324,0.0003925194008565763,-5.006033318362334,-4.061388727359876,19.548241568421197,9,15,1,1,1,1,1,0,0,1
4,8,0.08,201,20669020,0.0006308594303523559,0.0006451008332888652,-2.0006740053921246,-1.90372397119247,2.207624328107527,14,23,1,1,1,1,1,0,0,1
4,8,0.08,202,20669021,0.0009656112580544462,0.0012001653322999768,-0.15197679445068588,0.7924107768064409,19.543480213349863,9,20,1,1,1,1,1,0,0,1
4,8,0.08,203,20669022,0.0006645765791390907,0.0008075415394727503,-1.7745496809775916,-0.9283512856367597,17.70372833414891,14,25,1,0,1,1,1,0,0,1
4,8,0.08,204,20669023,0.00039513822550371136,0.0008322020408438847,-4.032509548229551,-0.7977122350323641,52.51895500003508,22,25,1,0,1,1,1,0,0,1
4,8,0.08,205,20669024,0.000405612768527708,0.0006502192369391448,-3.9188838204295817,-1.8694018591197326,37.61907592320741,18,25,1,0,1,1,1,0,0,1
4,8,0.08,206,20669025,0.0004896549203997731,0.0006602369153577499,-3.101098770371297,-1.8030019692790786,25.836482479254716,21,18,1,1,1,1,1,0,0,1
4,8,0.08,207,20669026,0.00029411021529109006,0.00038721377447830123,-5.314898909383392,-4.120492017936205,24.04448532665217,10,25,1,0,1,1,1,0,0,1
4,8,0.08,208,20669027,0.00041980496904799844,0.0006869763508614566,-3.769524251691635,-1.6305821325653869,38.89091399994044,11,25,1,0,1,1,1,0,0,1
4,8,0.08,209,20669028,0.00013684575785481267,0.0001819721050631076,-8.637686609414846,-7.399951809471077,24.798497106270872,10,25,1,0,1,1,1,0,0,1
4,8,0.08,210,20669029,0.0005995527625739033,0.0008534572715421752,-2.2217259157031526,-0.6881821701904081,29.75011373556793,23,25,1,0,1,1,1,0,0,1
4,8,0.08,211,20669030,0.0005575976727722918,0.0006374368725978443,-2.5367904750735866,-1.955628183291592,12.525036322447349,9,21,1,1,1,1,1,0,0,1
4,8,0.08,212,20669031,0.0005316786231845138,0.0006279588431444594,-2.743508006969893,-2.020688192898493,15.33225003693382,9,25,1,0,1,1,1,0,0,1
4,8,0.08,213,20669032,0.0001718199737057004,0.0002278917485638889,-7.649263517623145,-6.422713993393531,24.604565637649188,8,15,1,1,1,1,1,0,0,1
4,8,0.08,214,20669033,0.00023667281867887057,0.00041709575908730395,-6.258516169151184,-3.7976422591620547,43.25695873850118,16,25,1,0,1,1,1,0,0,1
4,8,0.08,215,20669034,0.00047346167599910635,0.0006305506455505125,-3.247151688797331,-2.0028002534818876,24.912982114903244,17,25,1,0,1,1,1,0,0,1
4,8,0.08,216,20669035,0.00031040634611029526,0.00031041198732471425,-5.080694083787035,-5.0806151573713185,0.0018173313690644662,4,13,1,1,1,1,1,0,0,1
4,8,0.08,217,20669036,0.00018834886563242272,0.00018834931889408972,-7.250369910755944,-7.250359459469003,0.00024064948557152546,5,15,1,1,1,1,1,0,0,1
4,8,0.08,218,20669037,0.00044367605941780173,0.0005681568347475942,-3.5293400500725234,-2.455317645290178,21.909579840765886,5,25,1,0,1,1,1,0,0,1
4,8,0.08,219,20669038,0.0009801156554236192,0.0013814028577565098,-0.08722673747672798,1.4032035011127415,29.049252365425662,14,23,1,1,1,1,1,0,0,1
4,8,0.08,220,20669039,0.000264665089326588,0.00045163752190671187,-5.773033405751866,-3.4520998419591438,41.398781879496724,15,16,1,1,1,1,1,0,0,1
4,8,0.08,221,20669040,0.00036679177639092745,0.0004910192972490041,-4.355804099378891,-3.0890143959989484,25.299926409018262,10,19,1,1,1,1,1,0,0,1
4,8,0.08,222,20669041,0.00023534631771639203,0.0002617807379722649,-6.282925923774049,-5.820623123311533,10.097924110319209,13,19,1,1,1,1,1,0,0,1
4,8,0.08,223,20669042,0.00023869133335703847,0.0003429635297903025,-6.2216334950411785,-4.647520597033896,30.40328996410171,11,25,1,0,1,1,1,0,0,1
4,8,0.08,224,20669043,0.000510792663398691,0.0007184991437086077,-2.9175534920883113,-1.4357374511200771,28.908382442575817,11,25,1,0,1,1,1,0,0,1
4,8,0.08,225,20669044,0.0005733839118675207,0.0006142178905331593,-2.4155449674910914,-2.116775378658056,6.648125900434689,12,24,1,1,1,1,1,0,0,1
4,8,0.08,226,20669045,0.0015264623616519353,0.0020623462496886717,1.8368610026363839,3.1436158127008973,25.984186123820507,22,25,1,0,1,1,1,0,0,1
4,8,0.08,227,20669046,0.00022407415603493708,0.00035491966371026425,-6.496082306521567,-4.498699386510277,36.86623229253982,16,25,1,0,1,1,1,0,0,1
4,8,0.08,228,20669047,0.000669970923933819,0.0010481747064363333,-1.739440448351526,0.20433675508088497,36.082132127416166,14,25,1,0,1,1,1,0,0,1
4,8,0.08,229,20669048,0.0003139952316956091,0.0004398135010147864,-5.030769470350933,-3.5673144317389633,28.607186689102416,9,11,1,1,1,1,1,0,0,1
4,8,0.08,230,20669049,0.0005259071731089707,0.0006696309163462201,-2.7909090558814227,-1.7416450350851398,21.46312837846032,12,25,1,0,1,1,1,0,0,1
4,8,0.08,231,20669050,0.0005822593828467032,0.0011820164140475705,-2.3488350427767015,0.7262350740884925,50.74016097180271,14,25,1,0,1,1,1,0,0,1
4,8,0.08,232,20669051,0.001040086318596626,0.001093879990309477,0.17069383658946263,0.3896967811689556,4.917694097104007,22,25,1,0,1,1,1,0,0,1
4,8,0.08,233,20669052,0.0004848879165641099,0.0005078126896128255,-3.1435863839409888,-2.9429645084321407,4.51441516087245,11,16,1,1,1,1,1,0,0,1
4,8,0.08,234,20669053,0.0003609250220704549,0.00046531564253301,-4.425830082967525,-3.322523475278118,22.434367324143743,9,25,1,0,1,1,1,0,0,1
4,8,0.08,235,20669054,0.0005023435825046052,0.0006374471216963873,-2.989991415295443,-1.9555583553392173,21.194470034195426,6,25,1,0,1,1,1,0,0,1
4,8,0.08,236,20669055,0.0002992106404388125,0.0004674301240393385,-5.240229662831995,-3.3028330246479367,35.98815629314657,13,19,1,1,1,1,1,0,0,1
4,8,0.08,237,20669056,0.00025791698999089613,0.0003676066477725604,-5.885200482604417,-4.346166434642865,29.83886674691739,9,25,1,0,1,1,1,0,0,1
4,8,0.08,238,20669057,0.00020553745706378907,0.00026596447587841007,-6.871090209229973,-5.7517636697896135,22.71995860163151,11,23,1,1,1,1,1,0,0,1
4,8,0.08,239,20669058,0.00014132511183481477,0.00014132552254519728,-8.497806621974123,-8.497794000792275,0.00029061302948620553,5,18,1,1,1,1,1,0,0,1
4,8,0.08,240,20669059,0.0002448016205677387,0.00034744044824748277,-6.111857115211786,-4.591196233439544,29.541415859167373,8,25,1,0,1,1,1,0,0,1
4,8,0.08,241,20669060,0.0003638514234499178,0.000741738129359374,-4.390759217038176,-1.2974939532453202,50.94610765605783,9,25,1,0,1,1,1,0,0,1
4,8,0.08,242,20669061,0.00036077080005263135,0.000625847882222628,-4.4276862049040835,-2.0353121301858965,42.35487403562114,7,25,1,0,1,1,1,0,0,1
4,8,0.08,243,20669062,0.00021533643967342711,0.00030161492662188444,-6.668824717557032,-5.205471694696781,28.605509652584004,21,25,1,0,1,1,1,0,0,1
4,8,0.08,244,20669063,0.00022696705528592082,0.00028836701780899493,-6.440371769296886,-5.400544138648189,21.292297222334724,12,20,1,1,1,1,1,0,0,1
4,8,0.08,245,20669064,0.0002643194410701928,0.00039413371297623785,-5.778708927177161,-4.043564153415968,32.93660695142603,8,25,1,0,1,1,1,0,0,1
4,8,0.08,246,20669065,0.00011741700907777796,0.00019991367611968394,-9.302689864482241,-6.991574947255637,41.26614478967263,11,25,1,0,1,1,1,0,0,1
4,8,0.08,247,20669066,0.00043721294689545503,0.0009737931208647663,-3.5930698605901945,-0.1153329775174369,55.1020707039712,11,14,1,1,1,1,1,0,0,1
4,8,0.08,248,20669067,0.00036747152486412527,0.0004232479022163162,-4.347763084804917,-3.7340518574858623,13.178181642512762,7,17,1,1,1,1,1,0,0,1
4,8,0.08,249,20669068,0.00020170107187123795,0.0002612106344312795,-6.952917938718798,-5.8300914600030325,22.78221278762584,4,12,1,1,1,1,1,0,0,1
4,8,0.08,250,20669069,0.0003438866365645661,0.0004205798442666509,-4.635847005345786,-3.761515441402336,18.2351124875734,11,25,1,0,1,1,1,0,0,1
4,8,0.08,251,20669070,0.0002680605837721432,0.00026806464750317086,-5.71767040954632,-5.717604572094235,0.0015159518666599348,4,13,1,1,1,1,1,0,0,1
4,8,0.08,252,20669071,0.00019543458748189324,0.00035844565616100193,-7.089985735586511,-4.455766782622886,45.477205784826005,9,17,1,1,1,1,1,0,0,1
4,8,0.08,253,20669072,0.0002500741714632669,0.0004068089724229674,-6.019311614091787,-3.9060947701081723,38.52786235912717,12,25,1,0,1,1,1,0,0,1
4,8,0.08,254,20669073,0.0002829920532037848,0.0002829993988736477,-5.482257598757185,-5.482144869708865,0.002595648574570403,6,19,1,1,1,1,1,0,0,1
4,8,0.08,255,20669074,0.00028289112322661274,0.0003319023811177819,-5.483806799526353,-4.789896318860511,14.766768989758038,10,16,1,1,1,1,1,0,0,1
4,8,0.08,256,20669075,0.0008333732298550351,0.001273170241223681,-0.7916045433826436,1.048864789723833,34.543456729395764,13,25,1,0,1,1,1,0,0,1
4,8,0.08,257,20669076,0.0001669560062419256,0.00019492044084549236,-7.773979525856229,-7.101426150593239,14.34658904026045,12,23,1,1,1,1,1,0,0,1
4,8,0.08,258,20669077,0.0002893770638834304,0.0004231653414023565,-5.3853589416932826,-3.7348990962621498,31.616076372312534,8,25,1,0,1,1,1,0,0,1
4,8,0.08,259,20669078,0.0004885956391246385,0.0006500526213791902,-3.1105041356511505,-1.8705148605004918,24.837524985591937,10,21,1,1,1,1,1,0,0,1
4,8,0.08,260,20669079,0.0004077418858383138,0.00040829980069570553,-3.896146727664332,-3.890208320700874,0.13664343123388062,9,25,1,0,1,1,1,0,0,1
4,8,0.08,261,20669080,0.0003776707098465998,0.000496224133035525,-4.228866954617326,-3.043221183602694,23.891103897689288,25,21,0,1,1,1,1,0,0,1
4,8,0.08,262,20669081,0.00020051582199239826,0.00024646787798015076,-6.978513530543471,-6.082396740541084,18.644237279250337,13,25,1,0,1,1,1,0,0,1
4,8,0.08,263,20669082,0.0002819949831995729,0.00032473600035573427,-5.497586178796557,-4.884695626546501,13.161773597426963,6,12,1,1,1,1,1,0,0,1
4,8,0.08,264,20669083,0.0003309960662759581,0.00036497542069312836,-4.80177167568077,-4.3773638216483555,9.310039112398238,9,25,1,0,1,1,1,0,0,1
4,8,0.08,265,20669084,0.000835612468433423,0.0009187220608151898,-0.7799508840040043,-0.3681585500248675,9.046217123383636,13,25,1,0,1,1,1,0,0,1
4,8,0.08,266,20669085,0.000743815488427128,0.000978332519212016,-1.2853478259387676,-0.09513510534880418,23.97109634807768,15,25,1,0,1,1,1,0,0,1
4,8,0.08,267,20669086,0.0001470655080487567,0.00031312499124041757,-8.324891724157911,-5.042822689379433,53.03297016754575,11,22,1,1,1,1,1,0,0,1
4,8,0.08,268,20669087,0.00043355647832334717,0.000494353498489523,-3.6295432004130705,-3.0596238803900464,12.298288644044929,22,20,1,1,1,1,1,0,0,1
4,8,0.08,269,20669088,0.00037637553557989974,0.00047532119888378716,-4.24378613480567,-3.2301281614297297,20.816589610613807,15,25,1,0,1,1,1,0,0,1
4,8,0.08,270,20669089,0.0002594844651308397,0.0003313177801189624,-5.858886374683403,-4.797552571444378,21.681092684591317,16,20,1,1,1,1,1,0,0,1
4,8,0.08,271,20669090,0.00033340177703539283,0.000379833160481075,-4.770320897071482,-4.204071228394218,12.224152147978552,8,25,1,0,1,1,1,0,0,1
4,8,0.08,272,20669091,0.00034350379102484,0.00042178285241702216,-4.640684655561527,-3.749110804809424,18.55909052338302,10,15,1,1,1,1,1,0,0,1
4,8,0.08,273,20669092,0.0002711024755505691,0.000428546248100528,-5.668665166760871,-3.680023027698831,36.739038843020246,18,23,1,1,1,1,1,0,0,1
4,8,0.08,274,20669093,0.00040225960106576603,0.00043535968509437713,-3.9549358143621327,-3.61151789699341,7.602928144675517,9,18,1,1,1,1,1,0,0,1
4,8,0.08,275,20669094,0.0008341405285096666,0.0009240085035076509,-0.787607771619585,-0.343240320164124,9.725881813515164,6,14,1,1,1,1,1,0,0,1
4,8,0.08,276,20669095,0.00041242983187285675,0.0007424691151280614,-3.846499288657394,-1.2932160720728845,44.45158411717629,16,25,1,0,1,1,1,0,0,1
4,8,0.08,277,20669096,0.00021198926496129454,0.00028244666410932477,-6.7368613098688925,-5.490635502159098,24.945381943246726,7,25,1,0,1,1,1,0,0,1
4,8,0.08,278,20669097,0.00016550373058139936,0.00024164502158629937,-7.811922124462326,-6.168221478450702,31.50956328628829,6,25,1,0,1,1,1,0,0,1
4,8,0.08,279,20669098,0.0013144769618001334,0.0015161767898570551,1.1875297884043854,1.8074984402881953,13.303186634055908,14,25,1,0,1,1,1,0,0,1
4,8,0.08,280,20669099,0.0006217573909761123,0.0006219199908693485,-2.063790434668512,-2.0626548308885653,0.02614482499732379,8,25,1,0,1,1,1,0,0,1
4,8,0.08,281,20669100,0.0003929399024641842,0.0004533569967690872,-4.056738669884196,-3.4355967730968153,13.326604582144755,10,25,1,0,1,1,1,0,0,1
4,8,0.08,282,20669101,0.00024378364915497074,0.00024379969915800192,-6.129954263628548,-6.129668346245291,0.006583274338161325,6,25,1,0,1,1,1,0,0,1
4,8,0.08,283,20669102,0.0004296453833533198,0.0008720456529224935,-3.6688985044883484,-0.594607784925123,50.73131986686181,9,25,1,0,1,1,1,0,0,1
4,8,0.08,284,20669103,0.0005253555425531592,0.0009357479953135562,-2.795466815323604,-0.2884109461716653,43.857155432417485,24,19,1,1,1,1,1,0,0,1
4,8,0.08,285,20669104,0.0005505497721480887,0.0008685705321505922,-2.592034127646052,-0.6119490896122011,36.61427002538065,13,25,1,0,1,1,1,0,0,1
4,8,0.08,286,20669105,0.0004970474136979401,0.0006997533362983362,-3.036021816384351,-1.550550222187086,28.968196660940748,14,21,1,1,1,1,1,0,0,1
4,8,0.08,287,20669106,0.0004802339772931899,0.0006037245092410727,-3.1854711618877936,-2.1916119285268874,20.45478195064828,10,21,1,1,1,1,1,0,0,1
4,8,0.08,288,20669107,0.00016672793582450004,0.0002611939873835539,-7.779916265789471,-5.83036824625904,36.16700847724105,8,25,1,0,1,1,1,0,0,1
4,8,0.08,289,20669108,0.0001597525942050672,0.00029458267040141043,-7.965520806512663,-5.3079280525445185,45.769860125382884,9,23,1,1,1,1,1,0,0,1
4,8,0.08,290,20669109,0.00018278242067389674,0.00037197517469003346,-7.380655754043986,-4.294860435990056,50.861661446571226,10,21,1,1,1,1,1,0,0,1
4,8,0.08,291,20669110,0.0002367420948845497,0.000497673723456811,-6.257245137199869,-3.0305528885004627,52.43026028375503,7,16,1,1,1,1,1,0,0,1
4,8,0.08,292,20669111,0.0005796176294675856,0.0006781510065671909,-2.3685841363555395,-1.6867358929415452,14.529710366188572,15,21,1,1,1,1,1,0,0,1
4,8,0.08,293,20669112,0.0002920802489713055,0.0003722379986896427,-5.3449780986243045,-4.2917929542100985,21.53400512588978,10,25,1,0,1,1,1,0,0,1
4,8,0.08,294,20669113,0.000891643120636291,0.0018192427881516177,-0.4980893682531071,2.5989066196525528,50.98822837482753,18,25,1,0,1,1,1,0,0,1
4,8,0.08,295,20669114,0.00029176207004176177,0.00038065530539222164,-5.349711683790667,-4.1946811283898855,23.352685248630802,8,25,1,0,1,1,1,0,0,1
4,8,0.08,296,20669115,0.000235964948148684,0.0003335874781322973,-6.271525053188871,-4.767902598331943,29.26444677425729,7,21,1,1,1,1,1,0,0,1
4,8,0.08,297,20669116,0.0006393752916511854,0.0007075056751610884,-1.942441508401923,-1.5027007215524883,9.629658941518842,19,23,1,1,1,1,1,0,0,1
4,8,0.08,298,20669117,0.00043664490202470686,0.0006333009196758451,-3.598716060092601,-1.9838988129234854,31.052539407616294,11,25,1,0,1,1,1,0,0,1
4,8,0.08,299,20669118,0.0005587196608397077,0.0006898786224011195,-2.528060459407839,-1.6122731253575828,19.011889527017612,12,25,1,0,1,1,1,0,0,1
4,8,0.08,300,20669119,0.00045553036420017067,0.0007119662534003021,-3.4148266904209175,-1.475405910673099,36.01798371417341,11,25,1,0,1,1,1,0,0,1
4,8,0.08,301,20669120,0.00024659820160831235,0.00028169687898961466,-6.0801009495210465,-5.502179646759126,12.45973242841512,6,25,1,0,1,1,1,0,0,1
4,8,0.08,302,20669121,0.00036776222879442497,0.0003939824836476602,-4.344328772417936,-4.045230863578523,6.6551828930252865,11,25,1,0,1,1,1,0,0,1
4,8,0.08,303,20669122,0.0010279420542274994,0.0018179792523645077,0.1196863388247482,2.5958892254105144,43.456887481497205,20,25,1,0,1,1,1,0,0,1
4,8,0.08,304,20669123,0.00040114734835792337,0.000401738920085079,-3.966960742014287,-3.96056092193158,0.14725277974818465,8,25,1,0,1,1,1,0,0,1
4,8,0.08,305,20669124,0.0002467793714738608,0.0003162983168356701,-6.076911462170021,-4.999031191526476,21.978917263074543,12,25,1,0,1,1,1,0,0,1
4,8,0.08,306,20669125,0.00046201198624500734,0.000516972243827357,-3.3534675714400564,-2.865327734944716,10.631181507048897,25,25,0,0,1,1,1,0,0,1
4,8,0.08,307,20669126,0.000298354105011432,0.0003348781008171117,-5.25267982383153,-4.751132519980647,10.906654008297402,13,25,1,0,1,1,1,0,0,1
4,8,0.08,308,20669127,0.0012333440390903758,0.0015376176739871853,0.9108423915627486,1.8684836230612587,19.78864057329672,9,25,1,0,1,1,1,0,0,1
4,8,0.08,309,20669128,0.00038611557745697473,0.0007396151111348336,-4.132826768345455,-1.3099422431731051,47.79506642792416,6,13,1,1,1,1,1,0,0,1
4,8,0.08,310,20669129,0.00010765859429274616,0.00015865945725816353,-9.679512951026188,-7.995340356806735,32.14486160911988,7,25,1,0,1,1,1,0,0,1
4,8,0.08,311,20669130,0.0001706438211809527,0.00018251507351951752,-7.679094324108229,-7.387012622978205,6.504258585138374,11,16,1,1,1,1,1,0,0,1
4,8,0.08,312,20669131,0.0011302882716516568,0.0015479852783199205,0.5318922120133537,1.897668261305787,26.983267381044087,22,25,1,0,1,1,1,0,0,1
4,8,0.08,313,20669132,0.00046971148189462733,0.0005701874685186147,-3.2816882354566057,-2.4398233177054474,17.621570478395597,25,25,0,0,1,1,1,0,0,1
4,8,0.08,314,20669133,0.00023155521229099022,0.00038050633464358874,-6.353454386228522,-4.196381087282173,39.14550397488586,13,11,1,1,1,1,1,0,0,1
4,8,0.08,315,20669134,0.0003162321042518767,0.0003162376814234162,-4.999940420835308,-4.9998638279330345,0.0017636011984335806,4,12,1,1,1,1,1,0,0,1
4,8,0.08,316,20669135,0.00019061958691917288,0.00028302924985694136,-7.198324759229734,-5.481686796875805,32.65021653573878,11,20,1,1,1,1,1,0,0,1
4,8,0.08,317,20669136,0.0003404496845364146,0.0003742174257520808,-4.679470639064279,-4.268759930739406,9.023561943381381,18,25,1,0,1,1,1,0,0,1
4,8,0.08,318,20669137,0.001500287629029191,0.0029450459593236625,1.7617452820587,4.690920766188469,49.05724223829308,17,25,1,0,1,1,1,0,0,1
4,8,0.08,319,20669138,0.00035642220902349617,0.0003599222198371492,-4.480352424694955,-4.437913413026705,0.9724353265093298,7,25,1,0,1,1,1,0,0,1
4,8,0.08,320,20669139,0.0006475311002908483,0.0009566974224690084,-1.8873936800294322,-0.19225396110540863,32.31599823696351,8,22,1,1,1,1,1,0,0,1
4,8,0.08,321,20669140,0.00026707106240797757,0.0003385538022698585,-5.733731659560199,-4.70372304313624,21.114144748226053,7,25,1,0,1,1,1,0,0,1
4,8,0.08,322,20669141,0.0009292084255908223,0.0013835687798488742,-0.3188686089180752,1.4100075362251103,32.839737414982814,13,25,1,0,1,1,1,0,0,1
4,8,0.08,323,20669142,0.00013711278321805974,0.00017269626400426654,-8.629220534361565,-7.6271705756792985,20.604661595532658,9,22,1,1,1,1,1,0,0,1
4,8,0.08,324,20669143,0.00033174000553094546,0.0004557540481414875,-4.7920215243683195,-3.4126946512454492,27.21073858065705,14,22,1,1,1,1,1,0,0,1
4,8,0.08,325,20669144,0.0004335100371820617,0.0005055453589785644,-3.6300084272682693,-2.9623987217913927,14.249032360231208,9,12,1,1,1,1,1,0,0,1
4,8,0.08,326,20669145,0.0007235892133293983,0.000999114460151323,-1.4050791586755451,-0.0038475545308300865,27.576945166041785,20,25,1,0,1,1,1,0,0,1
4,8,0.08,327,20669146,0.0003281268870087908,0.0003855330624883956,-4.83958181679991,-4.1393837185282125,14.890078456327656,12,21,1,1,1,1,1,0,0,1
4,8,0.08,328,20669147,0.000997443198842504,0.0018361089862590433,-0.011118266002581749,2.6389845612782006,45.67625308153783,9,25,1,0,1,1,1,0,0,1
4,8,0.08,329,20669148,0.0009578715776239314,0.0010718456896485523,-0.18692713121747484,0.30132265806418324,10.63344407924912,11,25,1,0,1,1,1,0,0,1
4,8,0.08,330,20669149,0.00014809192052519545,0.00026217255574841476,-8.294686347066078,-5.8141277226011026,43.51356872482604,10,15,1,1,1,1,1,0,0,1
4,8,0.08,331,20669150,0.00019247909430265126,0.00019249390048178215,-7.156164335427086,-7.155830273454692,0.007691765346242648,6,20,1,1,1,1,1,0,0,1
4,8,0.08,332,20669151,0.00044331324194950397,0.0004800150130521044,-3.532892959514947,-3.187451793249907,7.645963168784588,5,13,1,1,1,1,1,0,0,1
4,8,0.08,333,20669152,0.00020161012186114787,0.0002460131005367272,-6.954876678708888,-6.090417655010059,18.049030144616403,11,25,1,0,1,1,1,0,0,1
4,8,0.08,334,20669153,0.00041434519131289407,0.0006863998756394527,-3.8263769699982406,-1.6342280384394356,39.63501363882263,10,25,1,0,1,1,1,0,0,1
4,8,0.08,335,20669154,0.0005901999931370314,0.0008508287172248073,-2.2900079988612605,-0.7015786018704053,30.632337485961013,19,25,1,0,1,1,1,0,0,1
4,8,0.08,336,20669155,0.0002906561384142108,0.00039459945867746746,-5.366205006750157,-4.038435148606904,26.341475634972042,16,17,1,1,1,1,1,0,0,1
4,8,0.08,337,20669156,0.00029819360935841294,0.0003231707129044706,-5.255016682274815,-4.905680037152018,7.728764565816613,9,20,1,1,1,1,1,0,0,1
4,8,0.08,338,20669157,0.00045467792647840014,0.0005908192570772333,-3.4229612923742927,-2.2854535779799705,23.04280521801551,16,24,1,1,1,1,1,0,0,1
4,8,0.08,339,20669158,0.0003853200237684439,0.0006682243833844017,-4.141784215964413,-1.7507768108326953,42.336730991933095,10,25,1,0,1,1,1,0,0,1
4,8,0.08,340,20669159,0.0004801403117278731,0.0005186735645054765,-3.186318299066609,-2.8510588634604583,7.429191579166468,13,25,1,0,1,1,1,0,0,1
4,8,0.08,341,20669160,0.0003670865843956198,0.000517771820910714,-4.352314870008273,-2.858615891966191,29.102633714220367,9,20,1,1,1,1,1,0,0,1
4,8,0.08,342,20669161,0.00016534105830243265,0.0003156919734493596,-7.81619286900362,-5.00736460017717,47.625827639562985,10,18,1,1,1,1,1,0,0,1
4,8,0.08,343,20669162,0.0001462941252235449,0.0001953437463301058,-8.347731136164834,-7.092004875761292,25.10938897612486,20,25,1,0,1,1,1,0,0,1
4,8,0.08,344,20669163,0.0013682529898992966,0.0017717266529283823,1.361664058336161,2.48396718520514,22.77290700358365,8,25,1,0,1,1,1,0,0,1
4,8,0.08,345,20669164,0.00032693487705454555,0.00046561126575935126,-4.855387468886508,-3.319765202011023,29.783727092307917,16,16,1,1,1,1,1,0,0,1
4,8,0.08,346,20669165,0.0008033411864992666,0.0010263679662230437,-0.950999666220224,0.1130308889525452,21.72970972043279,23,25,1,0,1,1,1,0,0,1
4,8,0.08,347,20669166,0.00041129685679723127,0.0007993000226664182,-3.858446094327992,-0.9729017471447148,48.54286936898001,14,25,1,0,1,1,1,0,0,1
4,8,0.08,348,20669167,0.000248834552199363,0.0002898552052456605,-6.040893153491966,-5.378188961240909,14.152118817921997,7,25,1,0,1,1,1,0,0,1
4,8,0.08,349,20669168,0.00023050009692829142,0.0003886804588148418,-6.373288876478114,-4.104072932823331,40.69676216007139,6,25,1,0,1,1,1,0,0,1
4,8,0.08,350,20669169,0.00018963953330566885,0.00028691875510208735,-7.220711221308818,-5.422410621718398,33.90479711296879,9,25,1,0,1,1,1,0,0,1
4,8,0.08,351,20669170,0.0007811046770550803,0.0014774482903650108,-1.0729076174223904,1.695122898225819,47.131504896045826,17,25,1,0,1,1,1,0,0,1
4,8,0.08,352,20669171,0.000221739225353571,0.0002739198786699908,-6.54157474013375,-5.623764493691979,19.04960442074569,8,20,1,1,1,1,1,0,0,1
4,8,0.08,353,20669172,0.0009214522548892357,0.0009215905626176722,-0.3552716285981525,-0.35461981212588417,0.015007502685752332,6,18,1,1,1,1,1,0,0,1
4,8,0.08,354,20669173,0.0005617861355350366,0.0005545352131576407,-2.504289830677402,-2.5607087080518687,-1.3075675277873928,8,25,1,0,1,1,0,1,0,1
4,8,0.08,355,20669174,0.00045570611117741423,0.0005223357802897028,-3.413151473384795,-2.8205022373194106,12.756098974367372,9,25,1,0,1,1,1,0,0,1
4,8,0.08,356,20669175,0.0003007347842282494,0.0004037509878304705,-5.218163366992615,-3.9388640210035137,25.514786763933866,16,25,1,0,1,1,1,0,0,1
4,8,0.08,357,20669176,0.0001286224598330551,0.0001580689069440071,-8.90683189033247,-8.011535498696132,18.62886742259997,14,25,1,0,1,1,1,0,0,1
4,8,0.08,358,20669177,0.0005558798511881574,0.000737152149323359,-2.5501906741923266,-1.3244286384809747,24.590893250680164,11,25,1,0,1,1,1,0,0,1
4,8,0.08,359,20669178,0.00040187014018672846,0.0008531483549386605,-3.959142616205949,-0.6897544230373259,52.895632059722836,16,25,1,0,1,1,1,0,0,1
4,8,0.08,360,20669179,0.0001409451912001769,0.00017648310127190545,-8.50949736896701,-7.532968731414109,20.136721201978258,5,22,1,1,1,1,1,0,0,1
4,8,0.08,361,20669180,0.0006230543177010673,0.0006232450126883444,-2.054740900189462,-2.0534118810793984,0.030597114039396193,10,25,1,0,1,1,1,0,0,1
4,8,0.08,362,20669181,0.0005014309223320668,0.0004372699006612232,-2.9978888740194987,-3.5925041615304405,-14.673093568485218,11,25,1,0,1,1,0,1,0,1
4,8,0.08,363,20669182,0.0006667318175399603,0.0007666692870558814,-1.7604881913225214,-1.153919343299414,13.035277557510517,5,16,1,1,1,1,1,0,0,1
4,8,0.08,364,20669183,0.0006527961092006934,0.0009731141809542774,-1.8522244273107131,-0.11836198530169463,32.91680236737136,9,25,1,0,1,1,1,0,0,1
4,8,0.08,365,20669184,0.0007892063372718614,0.0009700797890955902,-1.0280943605143595,-0.13192543528776582,18.645213915069604,12,16,1,1,1,1,1,0,0,1
4,8,0.08,366,20669185,0.0002563252884023377,0.00028540091808257773,-5.912085453108196,-5.445446341731723,10.18764406070596,18,25,1,0,1,1,1,0,0,1
4,8,0.08,367,20669186,0.00021036747917879404,0.0002589517475542168,-6.770213971458125,-5.8678115376911375,18.761900174182323,11,25,1,0,1,1,1,0,0,1
4,8,0.08,368,20669187,0.0012408775787607395,0.0014941907059040842,0.937289374284367,1.7440603070307548,16.953199222991653,14,25,1,0,1,1,1,0,0,1
4,8,0.08,369,20669188,0.0008531462740101343,0.0011461379182786335,-0.6897650160001216,0.5923688075826138,25.563384615050403,17,25,1,0,1,1,1,0,0,1
4,8,0.08,370,20669189,0.00016868209694100383,0.00017441943011976905,-7.729310087702506,-7.584051368130424,3.289388788178903,10,20,1,1,1,1,1,0,0,1
4,8,0.08,371,20669190,0.00034034741906206506,0.0003590506728936161,-4.680775384084448,-4.448442550286912,5.209084745843851,25,25,0,0,1,1,1,0,0,1
4,8,0.08,372,20669191,0.0005331800167638853,0.0005812953604502699,-2.7312613602450897,-2.356031433069652,8.277262637897987,19,25,1,0,1,1,1,0,0,1
4,8,0.08,373,20669192,0.0005608224415714079,0.0008314594887041636,-2.5117461619755908,-0.8015890610873456,32.54963721137464,25,22,0,1,1,1,1,0,0,1
4,8,0.08,374,20669193,0.0008471941044252754,0.0008473355296128155,-0.7201707512021187,-0.7194458281620064,0.016690576825533415,7,25,1,0,1,1,1,0,0,1
4,8,0.08,375,20669194,0.00036469481345403703,0.0005568963961571057,-4.380704130073286,-2.5422559255043993,34.5129873400809,10,23,1,1,1,1,1,0,0,1
4,8,0.08,376,20669195,0.0003213445338821748,0.0004308462638633431,-4.930290831038194,-3.6567766874038536,25.415499486819346,16,25,1,0,1,1,1,0,0,1
4,8,0.08,377,20669196,0.0004563650621499694,0.0004899401075044138,-3.4068761117817288,-3.0985700684929385,6.852887697940089,22,22,1,1,1,1,1,0,0,1
4,8,0.08,378,20669197,0.00029085373984339444,0.00033582394036050654,-5.363253476025662,-4.738883469238332,13.391004961956154,15,25,1,0,1,1,1,0,0,1
4,8,0.08,379,20669198,0.000199014730906671,0.000529915880739029,-7.011147762802227,-2.7579306517337954,62.44409006404527,11,25,1,0,1,1,1,0,0,1
4,8,0.08,380,20669199,0.0005461566784536793,0.0009904867875372965,-2.6268275138536863,-0.0415131329849382,44.85977144514773,8,16,1,1,1,1,1,0,0,1
4,8,0.08,381,20669200,0.00026691022946043923,0.00031903865269438314,-5.73634781352664,-4.961566973974953,16.339218710241767,11,25,1,0,1,1,1,0,0,1
4,8,0.08,382,20669201,0.0006185361193189855,0.0007957532435430084,-2.086349347366979,-0.9922158249023361,22.27036153003689,17,21,1,1,1,1,1,0,0,1
4,8,0.08,383,20669202,0.0003647537732501001,0.0006272723867185897,-4.380002067868853,-2.025438302048903,41.8508161728251,16,25,1,0,1,1,1,0,0,1
4,8,0.08,384,20669203,0.00011378620088562401,0.00016349240044422408,-9.439104026386548,-7.865024296816394,30.40275843008219,12,25,1,0,1,1,1,0,0,1
4,8,0.08,385,20669204,0.0006484561579397007,0.0009021507293657219,-1.8811938119672056,-0.44720895425957646,28.121084777527937,7,25,1,0,1,1,1,0,0,1
4,8,0.08,386,20669205,0.00021587612792776554,0.0003702761126879377,-6.65795380280189,-4.314743043222497,41.69860800345438,7,15,1,1,1,1,1,0,0,1
4,8,0.08,387,20669206,0.0005210415663219035,0.0006448566972380949,-2.83127629283657,-1.9053678538543406,19.200410175855893,10,16,1,1,1,1,1,0,0,1
4,8,0.08,388,20669207,0.00016527655070389796,0.00018182119417634035,-7.817887593886795,-7.403554941759579,9.099403151206051,10,22,1,1,1,1,1,0,0,1
4,8,0.08,389,20669208,0.0006548268557630058,0.0007737219615350368,-1.8387351760690498,-1.1141507583450558,15.366644826281961,10,25,1,0,1,1,1,0,0,1
4,8,0.08,390,20669209,0.00030115883833834774,0.00042130730603931265,-5.212043867346486,-3.754010095533182,28.518011906908097,7,25,1,0,1,1,1,0,0,1
4,8,0.08,391,20669210,0.0007114446135316236,0.0009327720452404369,-1.4785890439751226,-0.30224478000738086,23.727922898006945,25,23,0,1,1,1,1,0,0,1
4,8,0.08,392,20669211,0.00028167273545643795,0.0003512121519663561,-5.502551885622204,-4.544304658848696,19.799832130119345,13,23,1,1,1,1,1,0,0,1
4,8,0.08,393,20669212,0.00013440159085232017,0.00023516961838763306,-8.715955906996397,-6.286187855672852,42.849084089261765,8,21,1,1,1,1,1,0,0,1
4,8,0.08,394,20669213,0.0002730986387606473,0.0003592081321541384,-5.636804645626203,-4.446538398508075,23.972033393871218,11,15,1,1,1,1,1,0,0,1
4,8,0.08,395,20669214,0.0004955272512413515,0.000609751862515098,-3.0493245674216367,-2.148468644397436,18.732966358248436,21,25,1,0,1,1,1,0,0,1
4,8,0.08,396,20669215,0.00046024982251531186,0.0005576499393955978,-3.3700637029952736,-2.5363834066188593,17.466175462307387,9,15,1,1,1,1,1,0,0,1
4,8,0.08,397,20669216,0.0008528212276681144,0.0014778109507582312,-0.6914199811066841,1.6961888040941064,42.29158829615174,23,24,1,1,1,1,1,0,0,1
4,8,0.08,398,20669217,0.00024301169556497455,0.0004493459905744693,-6.143728243560025,-3.4741912907994363,45.91880184481124,20,22,1,1,1,1,1,0,0,1
4,8,0.08,399,20669218,0.0008588042913375201,0.0009605074105897012,-0.6610579411521532,-0.1749928008307931,10.588478353305023,19,25,1,0,1,1,1,0,0,1
4,8,0.08,400,20669219,0.0005714975483384579,0.0006338259189811555,-2.4298562834020085,-1.980300052209244,9.83367337563087,11,19,1,1,1,1,1,0,0,1
4,8,0.08,401,20669220,0.00022037053742714473,0.0003265912505958819,-6.56846469203747,-4.859954542252743,32.52405353019478,8,13,1,1,1,1,1,0,0,1
4,8,0.08,402,20669221,0.0001506471762573623,0.0001760046510264032,-8.220390043645972,-7.544758555471391,14.407275387987847,19,13,1,1,1,1,1,0,0,1
4,8,0.08,403,20669222,0.00033761989941637503,0.0004346021541818715,-4.715719638472336,-3.619081253533194,22.315180408634497,25,25,0,0,1,1,1,0,0,1
4,8,0.08,404,20669223,0.0002154862204015203,0.00022281256089910377,-6.665804962453352,-6.520603297667059,3.288118258692358,11,24,1,1,1,1,1,0,0,1
4,8,0.08,405,20669224,0.0001754232953877276,0.0002767889098832165,-7.5591273487781585,-5.578513147680633,36.62199274467223,8,16,1,1,1,1,1,0,0,1
4,8,0.08,406,20669225,0.00025859446278000216,0.0004458287489113703,-5.873807787976065,-3.5083192981943823,41.99690724040541,8,25,1,0,1,1,1,0,0,1
4,8,0.08,407,20669226,0.0002635481884745599,0.0003178250257648951,-5.791399646063233,-4.978119091308751,17.07758448527128,11,25,1,0,1,1,1,0,0,1
4,8,0.08,408,20669227,0.00038568682342484707,0.0006232226451380813,-4.137651980839969,-2.053567747195827,38.11411917816397,25,25,0,0,1,1,1,0,0,1
4,8,0.08,409,20669228,0.000408902950536945,0.000515392031045537,-3.8837975567875107,-2.8786230076320014,20.6617631034313,12,23,1,1,1,1,1,0,0,1
4,8,0.08,410,20669229,0.0007388712241172526,0.0007561853723155453,-1.3143124702959865,-1.2137172790456623,2.2896698127437083,25,25,0,0,1,1,1,0,0,1
4,8,0.08,411,20669230,0.0002879172044637627,0.0003935343505964299,-5.407323831231915,-4.050173532074025,26.838100911037813,7,25,1,0,1,1,1,0,0,1
4,8,0.08,412,20669231,0.00022789722874854673,0.00030226022603915386,-6.422609558487235,-5.196189972091267,24.602309825896306,6,18,1,1,1,1,1,0,0,1
4,8,0.08,413,20669232,0.0004926099727266871,0.0007996238835859971,-3.074968002591393,-0.9711424262458189,38.394789995825775,15,25,1,0,1,1,1,0,0,1
4,8,0.08,414,20669233,0.00020733027731302534,0.00024299902533209358,-6.833372714237205,-6.143954683512448,14.678556002569024,10,24,1,1,1,1,1,0,0,1
4,8,0.08,415,20669234,0.0005682904608293665,0.0006468485002758773,-2.4542963384430343,-1.8919742442966783,12.144735500353825,13,25,1,0,1,1,1,0,0,1
4,8,0.08,416,20669235,0.0003590088298956908,0.00040357867971599945,-4.448948697286018,-3.940717847697771,11.043658166400833,20,25,1,0,1,1,1,0,0,1
4,8,0.08,417,20669236,0.00042524738579510313,0.0004252595910206803,-3.7135834752903474,-3.7134588281736653,0.002870064740427978,6,18,1,1,1,1,1,0,0,1
4,8,0.08,418,20669237,0.0007469115816646352,0.0008462198978679302,-1.267308063076309,-0.7251676695952775,11.735521281584667,14,24,1,1,1,1,1,0,0,1
4,8,0.08,419,20669238,0.0007679978095902283,0.0011119119338059325,-1.146400186198338,0.4607039140368146,30.929978693414153,25,25,0,0,1,1,1,0,0,1
4,8,0.08,420,20669239,0.00033940835849547417,0.0004452812649317255,-4.692774666625295,-3.5136557728723297,23.776636201499453,15,21,1,1,1,1,1,0,0,1
4,8,0.08,421,20669240,0.0002487095651577612,0.0003865195641961133,-6.04307511813491,-4.128285188028945,35.65408113945552,13,21,1,1,1,1,1,0,0,1
4,8,0.08,422,20669241,0.001988959924320105,0.0019352353690528503,2.9862603258548166,2.8673379274743342,-2.7761251228861514,8,25,1,0,1,1,0,1,0,1
4,8,0.08,423,20669242,0.0005232136554059134,0.000668065213413747,-2.813209298404296,-1.751811416511473,21.682248244547342,18,25,1,0,1,1,1,0,0,1
4,8,0.08,424,20669243,0.0005614467669317064,0.0009207352268992583,-2.5069141468974596,-0.3586524062684092,39.02190873890212,11,15,1,1,1,1,1,0,0,1
4,8,0.08,425,20669244,0.0006602711664697408,0.0010246836078852098,-1.8027766761643331,0.10589788746837411,35.56341085299105,20,11,1,1,1,1,1,0,0,1
4,8,0.08,426,20669245,0.0005005587096832166,0.000624047881541858,-3.005449775330547,-2.047820867732926,19.788412958558915,9,17,1,1,1,1,1,0,0,1
4,8,0.08,427,20669246,0.0002841791008920032,0.0005772018480648093,-5.4640786413204925,-2.3867228706734447,50.766079172342664,14,25,1,0,1,1,1,0,0,1
4,8,0.08,428,20669247,0.000528809776600333,0.0011024972261766955,-2.7670052424040597,0.4237750547985767,52.035273736318544,13,25,1,0,1,1,1,0,0,1
4,8,0.08,429,20669248,0.0002069240713693205,0.00020189078210902778,-6.841889851448681,-6.948835095386445,-2.493075319097316,5,22,1,1,1,1,0,1,0,1
4,8,0.08,430,20669249,0.00034218790813760064,0.0004959679883297224,-4.657353411476349,-3.0454635363159364,31.00604954565895,12,20,1,1,1,1,1,0,0,1
4,8,0.08,431,20669250,0.0006208789634082052,0.0008633896919017475,-2.069930546499209,-0.6379314073524579,28.088212167483196,17,14,1,1,1,1,1,0,0,1
4,8,0.08,432,20669251,0.00021020041643449386,0.00029572864300469976,-6.773664279128022,-5.291066095406778,28.921184536340864,25,25,0,0,1,1,1,0,0,1
4,8,0.08,433,20669252,0.00043414926920929396,0.0004341855308312644,-3.6236092567582503,-3.623246534399662,0.008351642188766393,5,14,1,1,1,1,1,0,0,1
4,8,0.08,434,20669253,0.00014143094158319098,0.00021006590097298912,-8.494555672802102,-6.77644438889354,32.673060726130615,6,25,1,0,1,1,1,0,0,1
4,8,0.08,435,20669254,0.00045208871501935114,0.0005215993352888776,-3.447763336336836,-2.826629707281233,13.326439580493204,9,24,1,1,1,1,1,0,0,1
4,8,0.08,436,20669255,0.0003284621965698911,0.0004492402126312837,-4.835146071265398,-3.4752137586958036,26.884952118149272,17,16,1,1,1,1,1,0,0,1
4,8,0.08,437,20669256,0.00037385655484856644,0.0007927796286314419,-4.272950004403163,-1.0084751806695575,52.842310606044855,19,25,1,0,1,1,1,0,0,1
4,8,0.08,438,20669257,0.00048360504403643684,0.00048368680107194363,-3.1550917806402223,-3.1543576355186342,0.016902887431619766,7,25,1,0,1,1,1,0,0,1
4,8,0.08,439,20669258,0.00035406100551352824,0.0004789021677160315,-4.50921901603475,-3.197531971503759,26.068197351850102,9,10,1,1,1,1,1,0,0,1
4,8,0.08,440,20669259,0.0005122244024729403,0.0006435991204712832,-2.905397354987943,-1.9138455807010157,20.412507385364698,21,16,1,1,1,1,1,0,0,1
4,8,0.08,441,20669260,0.0004501678549398535,0.0005276876102373808,-3.466255198212051,-2.7762310265574737,14.690463409337001,11,25,1,0,1,1,1,0,0,1
4,8,0.08,442,20669261,0.0001683465961378487,0.00018861910178895937,-7.737956603480297,-7.244143276036739,10.747853986598345,6,20,1,1,1,1,1,0,0,1
4,8,0.08,443,20669262,0.00032316359406938197,0.0004608374232745241,-4.905775705005738,-3.3645226035375835,29.874706838452415,25,24,0,1,1,1,1,0,0,1
4,8,0.08,444,20669263,0.0016928449792582405,0.002199523267923704,2.2861718980696857,3.423285605740414,23.035823082869932,20,22,1,1,1,1,1,0,0,1
4,8,0.08,445,20669264,0.00015162314156578875,0.0002621700378698127,-8.192345092097513,-5.8141694320024095,42.166106089864805,5,16,1,1,1,1,1,0,0,1
4,8,0.08,446,20669265,0.0002461775476575431,0.00033676728340746364,-6.087515589314387,-4.726701063818892,26.899802983627012,12,18,1,1,1,1,1,0,0,1
4,8,0.08,447,20669266,0.0007356826373316001,0.0009008852289884146,-1.333094935158228,-0.453305337622463,18.337806675142968,6,25,1,0,1,1,1,0,0,1
4,8,0.08,448,20669267,0.000677812334359609,0.0010858037713106805,-1.6889053243641494,0.3575134575268156,37.57506169448855,25,25,0,0,1,1,1,0,0,1
4,8,0.08,449,20669268,0.00017644902410566613,0.00019819740467563133,-7.533807392688527,-7.029020367449501,10.973090493065975,7,16,1,1,1,1,1,0,0,1
4,8,0.08,450,20669269,0.0004319507860101059,0.0006272339459129329,-3.645657313836443,-2.0257044566205877,31.134022827574206,9,21,1,1,1,1,1,0,0,1
4,8,0.08,451,20669270,0.00012188356827558003,0.00014861266918015346,-9.14054839814397,-8.279441655384597,17.985748491046532,7,14,1,1,1,1,1,0,0,1
4,8,0.08,452,20669271,0.00011335918644072651,0.00011335938303508501,-9.455432796057888,-9.455425264266799,0.0001734257484751545,4,12,1,1,1,1,1,0,0,1
4,8,0.08,453,20669272,0.00037724443608069444,0.0004416112073063046,-4.233771568466641,-3.549599135181618,14.57543879337395,5,25,1,0,1,1,1,0,0,1
4,8,0.08,454,20669273,0.0002589149861677576,0.0004929312799508744,-5.868428115906093,-3.07213621936517,47.47442560481024,9,25,1,0,1,1,1,0,0,1
4,8,0.08,455,20669274,0.00022289496939848264,0.00039883228352940114,-6.518997331668409,-3.992096949160188,44.113107538334155,6,25,1,0,1,1,1,0,0,1
4,8,0.08,456,20669275,0.00018681813770411674,0.00022758089160318827,-7.285809614977041,-6.4286420545655645,17.91132533663932,8,25,1,0,1,1,1,0,0,1
4,8,0.08,457,20669276,0.00024574037351594266,0.00040869351109498866,-6.095234859507274,-3.886022576101869,39.871721266739755,6,21,1,1,1,1,1,0,0,1
4,8,0.08,458,20669277,0.0002340360290969246,0.000260453012923302,-6.30717279198834,-5.8427061427890905,10.142706175626632,7,18,1,1,1,1,1,0,0,1
4,8,0.08,459,20669278,0.0005239528254373333,0.0009024330981828544,-2.8070781334935866,-0.44584984621182666,41.93998131358786,25,22,0,1,1,1,1,0,0,1
4,8,0.08,460,20669279,0.0002860450336391934,0.00039710393035600355,-5.4356558812490725,-4.01095814463498,27.967211660999148,7,22,1,1,1,1,1,0,0,1
4,8,0.08,461,20669280,0.0005751794961397429,0.0007529906273794169,-2.4019660397441243,-1.2321042951342043,23.613989972026374,18,22,1,1,1,1,1,0,0,1
4,8,0.08,462,20669281,0.00042303205970250254,0.0007583187174202883,-3.7362671814675252,-1.201482242824283,44.2144773715189,14,25,1,0,1,1,1,0,0,1
4,8,0.08,463,20669282,0.0002811753565559393,0.00038725014015533206,-5.510227454614759,-4.120084163868938,27.391799924680345,5,25,1,0,1,1,1,0,0,1
4,8,0.08,464,20669283,0.000303034149500707,0.00039157303265425553,-5.185084272599991,-4.071872253794452,22.611077824586836,7,23,1,1,1,1,1,0,0,1
4,8,0.08,465,20669284,0.0002027007111805178,0.0002778175385253366,-6.931447275712602,-5.562403408721841,27.038187633344197,7,18,1,1,1,1,1,0,0,1
4,8,0.08,466,20669285,0.000421071496638909,0.0006516618766682954,-3.7564415604210843,-1.8597768522947467,35.38497314102663,18,25,1,0,1,1,1,0,0,1
4,8,0.08,467,20669286,0.0002723105853612489,0.0004561991833638462,-5.649354762706603,-3.408454964835104,40.308839802533164,5,13,1,1,1,1,1,0,0,1
4,8,0.08,468,20669287,0.00046641279329191895,0.0007416235579483183,-3.312295457707271,-1.2981648311860152,37.10922633279915,7,25,1,0,1,1,1,0,0,1
4,8,0.08,469,20669288,0.0005061484567794051,0.0006026999070648299,-2.9572208295496956,-2.1989887549945966,16.019821664754154,10,20,1,1,1,1,1,0,0,1
4,8,0.08,470,20669289,0.0004903370270274544,0.0005646109849517431,-3.0950531045250096,-2.4825067656544237,13.154890695340772,10,20,1,1,1,1,1,0,0,1
4,8,0.08,471,20669290,0.0004059067064452722,0.0004059459033751494,-3.915737731515152,-3.9153183694250266,0.009655702779917136,7,21,1,1,1,1,1,0,0,1
4,8,0.08,472,20669291,0.00011277178562282199,0.0002134536160233672,-9.47799542914944,-6.706964836068471,47.168013489883144,9,20,1,1,1,1,1,0,0,1
4,8,0.08,473,20669292,0.0003933374344335947,0.0007555090483228326,-4.05234719254398,-1.2176032998392998,47.93742903453359,7,19,1,1,1,1,1,0,0,1
4,8,0.08,474,20669293,0.00030210084283303093,0.00040940942402558847,-5.198480630841379,-3.8784216471404864,26.21057916484371,8,23,1,1,1,1,1,0,0,1
4,8,0.08,475,20669294,0.00020193550225487445,0.0002405273405836489,-6.947873210863198,-6.188355505178501,16.044678428294212,19,25,1,0,1,1,1,0,0,1
4,8,0.08,476,20669295,0.0001589218669843661,0.0002978359960274136,-7.988163415763696,-5.260228152092466,46.64114844945118,13,25,1,0,1,1,1,0,0,1
4,8,0.08,477,20669296,0.00038481524076474754,0.0006833515589870838,-4.1474773588330365,-1.6535581045127752,43.68707648298187,13,15,1,1,1,1,1,0,0,1
4,8,0.08,478,20669297,0.0004121463361196113,0.0004133537683137556,-3.849485565751198,-3.836780987997022,0.2921062505538292,10,25,1,0,1,1,1,0,0,1
4,8,0.08,479,20669298,0.00027163334318137537,0.0003875645215508438,-5.660169211703194,-4.11655986007025,29.912742762306657,9,25,1,0,1,1,1,0,0,1
4,8,0.08,480,20669299,0.00027246988999682386,0.00029671349460373686,-5.646814835918724,-5.276627014126328,8.170711830714177,13,25,1,0,1,1,1,0,0,1
4,8,0.08,481,20669300,0.0005763883280709469,0.0007549327422186418,-2.392848222815477,-1.2209173841641645,23.650373624407635,10,25,1,0,1,1,1,0,0,1
4,8,0.08,482,20669301,0.0007229579894029941,0.0013145622277101058,-1.4088693852919296,1.1878114921869398,45.003897558935144,12,25,1,0,1,1,1,0,0,1
4,8,0.08,483,20669302,0.00031040092806946086,0.000448193393752292,-5.080769889124216,-3.485345491353398,30.74397516867159,16,17,1,1,1,1,1,0,0,1
4,8,0.08,484,20669303,0.00025877365228632035,0.0003473672409728138,-5.870799445766545,-4.592111407984525,25.50430156809954,10,25,1,0,1,1,1,0,0,1
4,8,0.08,485,20669304,0.00029260160762523206,0.0004360458457230978,-5.337232920834037,-3.6046784674556682,32.896595508206524,15,24,1,1,1,1,1,0,0,1
4,8,0.08,486,20669305,0.0005641361666172625,0.0008463979578625568,-2.486160568801534,-0.7242539314690079,33.348590769063456,7,25,1,0,1,1,1,0,0,1
4,8,0.08,487,20669306,0.0004977661219747591,0.0008288930583356035,-3.0297466485899283,-0.8150149739985728,39.948088964062386,10,25,1,0,1,1,1,0,0,1
4,8,0.08,488,20669307,0.0013648288386739166,0.002221942160752725,1.3507819051206593,3.4673274965756478,38.57496100566565,10,25,1,0,1,1,1,0,0,1
4,8,0.08,489,20669308,0.0002567341122008355,0.0006537656415401733,-5.905164228894087,-1.8457790737388944,60.729947264281336,19,25,1,0,1,1,1,0,0,1
4,8,0.08,490,20669309,0.00031423944846543375,0.00037034807832874843,-5.027392961405632,-4.313899044844691,15.150241933619137,7,13,1,1,1,1,1,0,0,1
4,8,0.08,491,20669310,0.0001564345666465454,0.00024249358841675774,-8.056672765629248,-6.152997397505161,35.48919471730873,15,19,1,1,1,1,1,0,0,1
4,8,0.08,492,20669311,0.00018321302417033053,0.00023435794189345565,-7.370436566274811,-6.301203245757688,21.823419897746305,14,25,1,0,1,1,1,0,0,1
4,8,0.08,493,20669312,0.0002750870953502999,0.0002960922883795264,-5.605297823824299,-5.285729035118528,7.0941371503409,15,24,1,1,1,1,1,0,0,1
4,8,0.08,494,20669313,0.0001273864289773523,0.00019230691949031532,-8.948768367901936,-7.160050889159822,33.758790731517315,7,18,1,1,1,1,1,0,0,1
4,8,0.08,495,20669314,0.00027910085082424,0.0002749825203775415,-5.542388395855026,-5.606949117873734,-1.4976699031793603,8,25,1,0,1,1,0,1,0,1
4,8,0.08,496,20669315,0.00038460784146595705,0.0010363506668237313,-4.149818655195908,0.15506731179699962,62.88825261774319,18,25,1,0,1,1,1,0,0,1
4,8,0.08,497,20669316,0.00031033156941872946,0.00041056330624326216,-5.081740422470936,-3.8661986794199565,24.413223320338464,13,22,1,1,1,1,1,0,0,1
4,8,0.08,498,20669317,0.0002792566619427855,0.00035002310935888705,-5.539964575660521,-4.559032815476428,20.217650070510924,7,25,1,0,1,1,1,0,0,1
4,8,0.08,499,20669318,0.00019880802349440613,0.00023061954159168203,-7.015660923278891,-6.371038954547656,13.793938656594435,11,25,1,0,1,1,1,0,0,1
4,8,0.08,500,20669319,0.0005001707845012015,0.0008082280829668596,-3.008816794597156,-0.9246606348796099,38.1151440982891,12,25,1,0,1,1,1,0,0,1
8,4,0.08,1,21064820,0.00011746237854050695,0.000176492803594848,-9.301012092094043,-7.532729980538565,33.44636373381527,6,13,1,1,1,1,1,0,0,1
8,4,0.08,2,21064821,7.459618536590053e-05,0.00010733619813737706,-11.272833805286442,-9.692537915457166,30.502303360487357,6,16,1,1,1,1,1,0,0,1
8,4,0.08,3,21064822,0.00013270887790152298,0.00017715777580720775,-8.771000229179798,-7.516397808636847,25.090006748592486,5,11,1,1,1,1,1,0,0,1
8,4,0.08,4,21064823,0.00011826506544600076,0.00016930482019881222,-9.271435235431229,-7.713306771187929,30.146663687942382,4,12,1,1,1,1,1,0,0,1
8,4,0.08,5,21064824,0.00018281388155841919,0.00032355324346313667,-7.379908301813525,-4.900542422300224,43.49805317922962,5,25,1,0,1,1,1,0,0,1
8,4,0.08,6,21064825,0.00011963003167429179,0.00016436016240916484,-9.221597822773917,-7.8420343827066,27.214703416707543,6,16,1,1,1,1,1,0,0,1
8,4,0.08,7,21064826,0.0001796833413273831,0.0002468031893221089,-7.454921850221078,-6.076492324181989,27.195697178420993,6,18,1,1,1,1,1,0,0,1
8,4,0.08,8,21064827,0.00027487113598313794,0.00036577866677085953,-5.608708627079927,-4.367816273830276,24.853152752254474,9,23,1,1,1,1,1,0,0,1
8,4,0.08,9,21064828,0.00010553085435252574,0.00021131849323072964,-9.766205459020789,-6.750624946343154,50.06075770315989,7,20,1,1,1,1,1,0,0,1
8,4,0.08,10,21064829,0.00012794219154389316,0.0002229745263870958,-8.929862144495642,-6.517447498730978,42.62026536530069,5,15,1,1,1,1,1,0,0,1
8,4,0.08,11,21064830,7.696355981914714e-05,0.00011797766950605276,-11.137148529497447,-9.282001869993673,34.76429892082367,7,10,1,1,1,1,1,0,0,1
8,4,0.08,12,21064831,0.0001443033028045658,0.0003042577368025348,-8.407237286890249,-5.167583695221287,52.57201860466754,3,18,1,1,1,1,1,0,0,1
8,4,0.08,13,21064832,0.00014508357524097666,0.0003873510800427252,-8.383817508011699,-4.118952287615613,62.54468292047261,3,14,1,1,1,1,1,0,0,1
8,4,0.08,14,21064833,0.00012115065784503607,0.00014806722538668446,-9.16674223311919,-8.295410617280796,18.17861276954067,6,19,1,1,1,1,1,0,0,1
8,4,0.08,15,21064834,0.00011210144343227632,0.0002063168497713103,-9.503887953386867,-6.854653020129141,45.66539594001461,6,16,1,1,1,1,1,0,0,1
8,4,0.08,16,21064835,0.00010226920617640035,0.00017255017086080624,-9.90255115074688,-7.630846063297904,40.730741867013585,4,19,1,1,1,1,1,0,0,1
8,4,0.08,17,21064836,0.00012054462470166516,0.00019743258756439063,-9.188521508149684,-7.045811625511904,38.94390678420767,7,18,1,1,1,1,1,0,0,1
8,4,0.08,18,21064837,7.704415718705365e-05,0.00010261198740294972,-11.132602913730434,-9.888019008338656,24.917001281237336,3,17,1,1,1,1,1,0,0,1
8,4,0.08,19,21064838,0.00012080557383377442,0.00016985836717270294,-9.17913027391985,-7.699130550498721,28.878644105329386,4,10,1,1,1,1,1,0,0,1
8,4,0.08,20,21064839,8.821623154814775e-05,0.0001877855194327722,-10.544514985050277,-7.2633790021106135,53.022878540041305,4,17,1,1,1,1,1,0,0,1
8,4,0.08,21,21064840,0.0001229654601551095,0.00022692753268594568,-9.102168606792148,-6.441128087947864,45.812895112517516,5,12,1,1,1,1,1,0,0,1
8,4,0.08,22,21064841,0.00011679338388415257,0.00023130332163138426,-9.325817584563868,-6.35818130498628,49.506395731627265,4,17,1,1,1,1,1,0,0,1
8,4,0.08,23,21064842,8.082351144606156e-05,0.00016538184536389069,-10.924622851910685,-7.815121664341485,51.129151287298136,7,21,1,1,1,1,1,0,0,1
8,4,0.08,24,21064843,0.00015688449549605566,0.00023775827057975464,-8.044199745343205,-6.238643669050548,34.015125903504725,6,10,1,1,1,1,1,0,0,1
8,4,0.08,25,21064844,9.25593753164547e-05,0.00011910950258937263,-10.335795851013819,-9.240535890000064,22.290519812217582,4,10,1,1,1,1,1,0,0,1
8,4,0.08,26,21064845,0.00017121812926513495,0.0003683069522569642,-7.664502523752289,-4.337900832131312,53.51211042422091,6,14,1,1,1,1,1,0,0,1
8,4,0.08,27,21064846,0.00018160758345816603,0.0002532206800886003,-7.408660204334839,-5.9650082913804345,28.28090367871112,5,16,1,1,1,1,1,0,0,1
8,4,0.08,28,21064847,7.504855757232406e-05,0.00011781255265187147,-11.246576504480288,-9.288084340225513,36.29833503897693,3,9,1,1,1,1,1,0,0,1
8,4,0.08,29,21064848,0.00013521717525820953,0.000224114381471974,-8.689681408935126,-6.495302737928342,39.66599806308336,3,11,1,1,1,1,1,0,0,1
8,4,0.08,30,21064849,0.0001561134124348716,0.00022666081879141239,-8.065597830604382,-6.44623546716584,31.1246587445989,6,19,1,1,1,1,1,0,0,1
8,4,0.08,31,21064850,0.00018248416833944076,0.0002632216130001178,-7.387748073777132,-5.796784538828491,30.67280218385445,3,16,1,1,1,1,1,0,0,1
8,4,0.08,32,21064851,0.0001612418529374977,0.00023577961344583496,-7.925222197232362,-6.274937486503273,31.613318649137838,4,9,1,1,1,1,1,0,0,1
8,4,0.08,33,21064852,0.00013327687476928423,0.0001550796063926759,-8.752451996585348,-8.094453099456235,14.059057880367023,5,11,1,1,1,1,1,0,0,1
8,4,0.08,34,21064853,0.00014805477000400435,0.00028128724598539245,-8.295775960217513,-5.50849958996327,47.36527442424709,6,19,1,1,1,1,1,0,0,1
8,4,0.08,35,21064854,9.172669675334531e-05,0.00015163408228119587,-10.375042459519598,-8.192031728262602,39.50786302564623,6,25,1,0,1,1,1,0,0,1
8,4,0.08,36,21064855,8.949925140306597e-05,0.00019685460639821647,-10.48180597230203,-7.058544182630307,54.535353253548834,3,13,1,1,1,1,1,0,0,1
8,4,0.08,37,21064856,9.369510573668978e-05,0.00018120612325663198,-10.282830943530207,-7.418271308775556,48.29363155460552,3,25,1,0,1,1,1,0,0,1
8,4,0.08,38,21064857,0.0001347565536949737,0.00014836278875012305,-8.7045010432786,-8.286750119071442,9.170921610313874,4,8,1,1,1,1,1,0,0,1
8,4,0.08,39,21064858,0.00010682867221930412,0.00012089466840570048,-9.713121694476358,-9.175928516044142,11.634918538502824,7,12,1,1,1,1,1,0,0,1
8,4,0.08,40,21064859,0.00012573189332319164,0.0002265928650539464,-9.005545446101488,-6.447537693026507,44.51198042212942,6,14,1,1,1,1,1,0,0,1
8,4,0.08,41,21064860,0.00011265893740327305,0.00021321106146792476,-9.482343493377648,-6.711902677042628,47.16083836005791,4,24,1,1,1,1,1,0,0,1
8,4,0.08,42,21064861,0.00012106612730716589,0.0002688690192600893,-9.169773496837488,-5.704592369716742,54.97207984752863,4,25,1,0,1,1,1,0,0,1
8,4,0.08,43,21064862,0.00016330321270674738,0.00039080895123342935,-7.870052711905357,-4.080354975971637,58.2140551818613,6,16,1,1,1,1,1,0,0,1
8,4,0.08,44,21064863,7.652550080146114e-05,0.00010385899420754156,-11.161938195927718,-9.835558875201817,26.317887646263813,3,10,1,1,1,1,1,0,0,1
8,4,0.08,45,21064864,7.360353770165086e-05,0.00011547928447325933,-11.331013111056818,-9.374959157358777,36.26256169027903,4,11,1,1,1,1,1,0,0,1
8,4,0.08,46,21064865,0.00010057064700047199,0.00018684282960536268,-9.97528755918889,-7.285235642450468,46.17366520679932,6,25,1,0,1,1,1,0,0,1
8,4,0.08,47,21064866,0.00015851071582378233,0.0004800137593114148,-7.999413727785476,-3.187463136507086,66.97788079009074,8,24,1,1,1,1,1,0,0,1
8,4,0.08,48,21064867,0.0001822182099892868,0.0002885425777518465,-7.394082239454494,-5.3979009267008085,36.84876200627873,3,13,1,1,1,1,1,0,0,1
8,4,0.08,49,21064868,9.900253414127288e-05,0.0002168342007419481,-10.04353688740979,-6.638722164968238,54.34182716448193,4,8,1,1,1,1,1,0,0,1
8,4,0.08,50,21064869,0.0001242060671891088,0.00015821832593491237,-9.05857189325349,-8.00743214950442,21.497041221252392,7,11,1,1,1,1,1,0,0,1
8,4,0.08,51,21064870,0.00013496768593907585,0.0002690400770548772,-8.697701981583766,-5.701830213085591,49.833613112017524,6,18,1,1,1,1,1,0,0,1
8,4,0.08,52,21064871,6.51758894710026e-05,0.00011157031901849813,-11.859130331981865,-9.52451325120027,41.583128878392316,3,19,1,1,1,1,1,0,0,1
8,4,0.08,53,21064872,8.686565056923979e-05,0.00018050906022248645,-10.611519234054892,-7.4350099483378065,51.87740135471675,6,21,1,1,1,1,1,0,0,1
8,4,0.08,54,21064873,7.382555701806803e-05,0.00011927845278268193,-11.317932675737115,-9.234380029579928,38.10654372540052,3,9,1,1,1,1,1,0,0,1
8,4,0.08,55,21064874,0.0002459387959380594,0.00033144926875787196,-6.091729575043628,-4.795829347842439,25.79896258038785,4,20,1,1,1,1,1,0,0,1
8,4,0.08,56,21064875,0.00014918603934327505,0.0002253322528997327,-8.262718157363828,-6.47176641148481,33.792860354678496,5,10,1,1,1,1,1,0,0,1
8,4,0.08,57,21064876,0.00012428537347380502,0.00018775159284996373,-9.055799783043067,-7.264163698336991,33.80329211208126,7,21,1,1,1,1,1,0,0,1
8,4,0.08,58,21064877,7.245445752048503e-05,0.0001536775505518023,-11.39934890841541,-8.133895702592836,52.85293313152999,3,13,1,1,1,1,1,0,0,1
8,4,0.08,59,21064878,0.0001297397783802025,0.00023596331259535065,-8.869268482613288,-6.271555155721252,45.01697024287375,4,25,1,0,1,1,1,0,0,1
8,4,0.08,60,21064879,0.0001300461814758189,0.00022729148052102435,-8.859023953968109,-6.434168424626626,42.78440125529048,6,13,1,1,1,1,1,0,0,1
8,4,0.08,61,21064880,0.00015057478964946997,0.00024173164958163454,-8.222477348592799,-6.166664843097809,37.70993996439024,6,15,1,1,1,1,1,0,0,1
8,4,0.08,62,21064881,5.8026290148103165e-05,8.939178637670674e-05,-12.363751947242958,-10.487023838343708,35.087671362138295,4,9,1,1,1,1,1,0,0,1
8,4,0.08,63,21064882,0.00014914729411555044,0.00023275584041218195,-8.26384621358875,-6.3309941270125165,35.921137853542604,3,9,1,1,1,1,1,0,0,1
8,4,0.08,64,21064883,0.00014523146212611608,0.00020345027800987276,-8.379392903327094,-6.915417123574094,28.615746536817962,5,12,1,1,1,1,1,0,0,1
8,4,0.08,65,21064884,9.49862382397185e-05,0.00011693192532710424,-10.22339311442568,-9.32066899441429,18.767917338224866,3,9,1,1,1,1,1,0,0,1
8,4,0.08,66,21064885,0.00014537133994942952,0.0002240740914688032,-8.37521206466599,-6.496083557925129,35.12353927376343,7,10,1,1,1,1,1,0,0,1
8,4,0.08,67,21064886,0.00014405445202122298,0.0002560616124256894,-8.414733152497757,-5.916555240746875,43.742269426258325,5,16,1,1,1,1,1,0,0,1
8,4,0.08,68,21064887,7.655858923266628e-05,0.00018925241777217942,-11.160060780278867,-7.229585635139728,59.54683689968659,4,15,1,1,1,1,1,0,0,1
8,4,0.08,69,21064888,0.00012124519512037759,0.0001348912565315491,-9.163354632333581,-8.700161997955846,10.1163424242993,4,10,1,1,1,1,1,0,0,1
8,4,0.08,70,21064889,0.00013165167695387513,0.0002380329097548916,-8.805736045626533,-6.233629944691911,44.691817156946854,6,13,1,1,1,1,1,0,0,1
8,4,0.08,71,21064890,9.604136326621103e-05,0.00014006088250855718,-10.175416839462184,-8.536831415365839,31.428846123154145,4,11,1,1,1,1,1,0,0,1
8,4,0.08,72,21064891,0.0001650315750779887,0.00019720007487256084,-7.824329553604768,-7.050929245026482,16.312620477127506,3,24,1,1,1,1,1,0,0,1
8,4,0.08,73,21064892,0.00012325880260338564,0.00021018575269505005,-9.091820555349893,-6.773967256799257,41.35720379572216,6,14,1,1,1,1,1,0,0,1
8,4,0.08,74,21064893,0.0001670767259995216,0.00037836997154938037,-7.770840436671084,-4.220833376716254,55.84302704695034,4,23,1,1,1,1,1,0,0,1
8,4,0.08,75,21064894,8.895717772255698e-05,0.00013571647344796754,-10.508190040777004,-8.67367433892719,34.453662504970445,5,20,1,1,1,1,1,0,0,1
8,4,0.08,76,21064895,0.0001683442211177461,0.0002665700724716331,-7.7380178738252035,-5.7418860994841285,36.84804165866732,6,24,1,1,1,1,1,0,0,1
8,4,0.08,77,21064896,0.00014036413845821793,0.00020552690147598155,-8.527438356470583,-6.871313251361641,31.7052232821107,4,14,1,1,1,1,1,0,0,1
8,4,0.08,78,21064897,6.997999233865349e-05,0.00010303261570754221,-11.550261093992784,-9.8702527452216,32.07976730660562,4,18,1,1,1,1,1,0,0,1
8,4,0.08,79,21064898,0.00010257574709069398,0.00016204080157873583,-9.889553112493331,-7.903756171277932,36.69758104667712,6,14,1,1,1,1,1,0,0,1
8,4,0.08,80,21064899,9.201139809301265e-05,0.000218023039643011,-10.361583702383202,-6.614976097847839,57.79739689728604,5,10,1,1,1,1,1,0,0,1
8,4,0.08,81,21064900,0.00011199917002910817,0.00016327193851186045,-9.507851956611935,-7.870884508829048,31.40329498753866,8,11,1,1,1,1,1,0,0,1
8,4,0.08,82,21064901,0.00033537532616550444,0.0005767520719437513,-4.7446889195158155,-2.3901083662980485,41.85104094464138,5,13,1,1,1,1,1,0,0,1
8,4,0.08,83,21064902,0.00016467826876117024,0.0002819866761596846,-7.833637073256491,-5.497714115637228,41.60069156320153,7,15,1,1,1,1,1,0,0,1
8,4,0.08,84,21064903,6.720904042988873e-05,0.0001051885330856713,-11.725723051494255,-9.780316013329527,36.10611493635908,6,8,1,1,1,1,1,0,0,1
8,4,0.08,85,21064904,0.0001446585991377117,0.00017185950043618501,-8.39655744891519,-7.648264549555256,15.827406241398664,4,11,1,1,1,1,1,0,0,1
8,4,0.08,86,21064905,0.00010953183066734012,0.00014990902213560736,-9.604596536610225,-8.24172228754133,26.934463912213452,8,25,1,0,1,1,1,0,0,1
8,4,0.08,87,21064906,0.00020058394992426512,0.00030085712689295954,-6.977038207582482,-5.216396962094702,33.32916790246758,5,19,1,1,1,1,1,0,0,1
8,4,0.08,88,21064907,0.00014899771234707079,0.0003610940261888029,-8.26820399525113,-4.423796963272555,58.73714281023156,7,15,1,1,1,1,1,0,0,1
8,4,0.08,89,21064908,0.0001073729922288406,0.00014725800649713447,-9.691049439717638,-8.319210830740007,27.085124413299734,11,11,1,1,1,1,1,0,0,1
8,4,0.08,90,21064909,0.00011843600052669729,0.00020567209286306316,-9.265162667548182,-6.86824632650443,42.41513329396994,3,14,1,1,1,1,1,0,0,1
8,4,0.08,91,21064910,0.00016479703453848853,0.0003122378655323265,-7.830506075367074,-5.055144305671256,47.22067605172416,5,9,1,1,1,1,1,0,0,1
8,4,0.08,92,21064911,0.00012330522863280376,0.00025412347876111564,-9.090185071980306,-5.949552081281522,51.478222620777714,5,14,1,1,1,1,1,0,0,1
8,4,0.08,93,21064912,9.58967960457618e-05,0.00013767368745094775,-10.181959025570768,-8.611490552899548,30.34486268123732,4,13,1,1,1,1,1,0,0,1
8,4,0.08,94,21064913,0.0001530497998165738,0.00021689719278702766,-8.15167234107249,-6.6374606884792255,29.436707847641856,4,11,1,1,1,1,1,0,0,1
8,4,0.08,95,21064914,9.321695699625649e-05,0.00014200652532909397,-10.305050784180727,-8.476916989316855,34.357272118143705,6,24,1,1,1,1,1,0,0,1
8,4,0.08,96,21064915,0.00018407705873390882,0.0002489216309528653,-7.3500033363666635,-6.0393736214880285,26.0501957868158,6,12,1,1,1,1,1,0,0,1
8,4,0.08,97,21064916,0.0002691547028584432,0.00039793855123927604,-5.699980274863108,-4.001839855093722,32.3627474593173,3,15,1,1,1,1,1,0,0,1
8,4,0.08,98,21064917,0.00014222254159820482,0.00019863742602272932,-8.470315645354875,-7.019389210781794,28.40093408080568,7,20,1,1,1,1,1,0,0,1
8,4,0.08,99,21064918,0.00011366121954083475,0.0001689885651283184,-9.443876884548152,-7.721426815974997,32.740289584370295,4,11,1,1,1,1,1,0,0,1
8,4,0.08,100,21064919,0.00012767498412013948,0.00017678503997883382,-8.938941874887625,-7.525544889243761,27.77953149461867,7,23,1,1,1,1,1,0,0,1
8,4,0.08,101,21064920,0.00015014601621135532,0.0003099090581352114,-8.2348618634464,-5.087657298573695,51.55158835472064,5,23,1,1,1,1,1,0,0,1
8,4,0.08,102,21064921,0.00025366323070783305,0.000357100092025791,-5.957424805827339,-4.4721003788818114,28.965789600101086,4,10,1,1,1,1,1,0,0,1
8,4,0.08,103,21064922,0.00014176392420263317,0.00028631989902869746,-8.484342734764853,-5.431484677728693,50.48757537162153,3,9,1,1,1,1,1,0,0,1
8,4,0.08,104,21064923,8.651439025848996e-05,0.00014351928694075782,-10.629116487193919,-8.43089732037326,39.71932825014554,4,25,1,0,1,1,1,0,0,1
8,4,0.08,105,21064924,0.00013258072294373334,0.00015062324402221458,-8.775196171662929,-8.22108003091233,11.978576876103034,8,21,1,1,1,1,1,0,0,1
8,4,0.08,106,21064925,0.00016571384827676708,0.00027960064189226354,-7.8064119719997525,-5.534618358950686,40.73194998578709,4,15,1,1,1,1,1,0,0,1
8,4,0.08,107,21064926,0.00014089257326354817,0.00019400783934688665,-8.51111898840016,-7.121807210166374,27.37789682218367,6,25,1,0,1,1,1,0,0,1
8,4,0.08,108,21064927,8.622383426611514e-05,0.00015512530268980225,-10.643726685200487,-8.093173580709248,44.41665365286447,6,15,1,1,1,1,1,0,0,1
8,4,0.08,109,21064928,0.00016978006498600268,0.00021160297077750295,-7.701133045210008,-6.744782393626567,19.764800861645924,6,10,1,1,1,1,1,0,0,1
8,4,0.08,110,21064929,6.477538520720298e-05,0.00010662638635004774,-11.885899956657159,-9.721353091162229,39.250135520349104,5,23,1,1,1,1,1,0,0,1
8,4,0.08,111,21064930,8.542617081556709e-05,0.00018486066411873048,-10.684090602288707,-7.331554910777243,53.78888676895567,7,25,1,0,1,1,1,0,0,1
8,4,0.08,112,21064931,0.00012040775630693825,0.00018963646611320053,-9.193455362276472,-7.220781463811164,36.5060113306147,4,12,1,1,1,1,1,0,0,1
8,4,0.08,113,21064932,0.000146646852803409,0.00016967237046214742,-8.337272530024158,-7.703888726662051,13.570575807965875,6,14,1,1,1,1,1,0,0,1
8,4,0.08,114,21064933,0.00011086560337712314,0.00014925425590325578,-9.552031750465876,-8.260732763530497,25.720306797157964,5,13,1,1,1,1,1,0,0,1
8,4,0.08,115,21064934,0.00014778377924941566,0.00018575355581765436,-8.303732314964279,-7.310628639350582,20.440941978796822,5,16,1,1,1,1,1,0,0,1
8,4,0.08,116,21064935,0.0001337166144139521,0.00024814516821237336,-8.738146278912573,-6.052941768000596,46.11355305555995,4,12,1,1,1,1,1,0,0,1
8,4,0.08,117,21064936,9.92373414601121e-05,0.00012425956507934027,-10.033248788684768,-9.05670170793507,20.137060356883897,5,13,1,1,1,1,1,0,0,1
8,4,0.08,118,21064937,0.00014640280059246338,0.00021799147216121115,-8.344506154209364,-6.615604956879181,32.840124826445425,9,25,1,0,1,1,1,0,0,1
8,4,0.08,119,21064938,0.00011097009885555038,0.00017681649123005183,-9.54794027081994,-7.52477231878332,37.23996099935624,3,10,1,1,1,1,1,0,0,1
8,4,0.08,120,21064939,8.583558253135636e-05,0.00013683598986940088,-10.663326411308955,-8.637996617824303,37.271194067233615,5,11,1,1,1,1,1,0,0,1
8,4,0.08,121,21064940,9.283106403425249e-05,0.0002094513860689716,-10.32306671613303,-6.789167612988748,55.67894499218852,4,19,1,1,1,1,1,0,0,1
8,4,0.08,122,21064941,0.0001178457353736815,0.00023149112332555673,-9.286861291955697,-6.3546565762503615,49.092762745831266,5,25,1,0,1,1,1,0,0,1
8,4,0.08,123,21064942,8.310147391216643e-05,0.0001770090938194871,-10.803912733730003,-7.520044212417466,53.052426788358765,3,20,1,1,1,1,1,0,0,1
8,4,0.08,124,21064943,0.00017835937119558643,0.0003004075943338484,-7.487040674211542,-5.222890925214157,40.62754252564852,3,10,1,1,1,1,1,0,0,1
8,4,0.08,125,21064944,0.00021042852784805446,0.00026491958024348414,-6.7689538311559065,-5.7688594175017975,20.56890334242099,4,11,1,1,1,1,1,0,0,1
8,4,0.08,126,21064945,8.532078528283505e-05,0.0001330571168903151,-10.689451560070378,-8.759618911724914,35.876571447757456,6,13,1,1,1,1,1,0,0,1
8,4,0.08,127,21064946,8.037410061482641e-05,0.00015612186848731657,-10.948838737903142,-8.065362596654804,48.518358514677885,4,17,1,1,1,1,1,0,0,1
8,4,0.08,128,21064947,0.00021430975356342229,0.00024194793604707455,-6.689580631047875,-6.162780783174555,11.423194152925051,4,10,1,1,1,1,1,0,0,1
8,4,0.08,129,21064948,0.00016060700534411914,0.00019365547987043613,-7.942355156205844,-7.129702092701012,17.065602557917725,7,16,1,1,1,1,1,0,0,1
8,4,0.08,130,21064949,0.00017516047339196977,0.00029451490789093486,-7.565638897459407,-5.308927170028401,40.52577010572401,4,14,1,1,1,1,1,0,0,1
8,4,0.08,131,21064950,0.00010174177773390659,0.00012481419821229592,-9.92500678211635,-9.037360087680016,18.48541336550955,6,22,1,1,1,1,1,0,0,1
8,4,0.08,132,21064951,0.0001528804617042566,0.00017164673081445747,-8.15648014366779,-7.6536446373699025,10.933076919761657,3,11,1,1,1,1,1,0,0,1
8,4,0.08,133,21064952,8.585025943532839e-05,0.00012484468270722174,-10.662583880841796,-9.036299500694533,31.234348493111824,4,11,1,1,1,1,1,0,0,1
8,4,0.08,134,21064953,0.000161434319371284,0.00021749128757335648,-7.920041330020529,-6.62558135650036,25.77435116023456,8,22,1,1,1,1,1,0,0,1
8,4,0.08,135,21064954,0.00013130886030547273,0.00018637561377135169,-8.817059681074204,-7.296109133199161,29.546115155084426,6,13,1,1,1,1,1,0,0,1
8,4,0.08,136,21064955,0.0002328472224623446,0.00035482174724889537,-6.329289382185658,-4.4998976984158015,34.37628210003424,8,17,1,1,1,1,1,0,0,1
8,4,0.08,137,21064956,6.629849153208768e-05,0.00010244526712935103,-11.784963528432398,-9.895081007775328,35.2839878406712,4,15,1,1,1,1,1,0,0,1
8,4,0.08,138,21064957,0.00015844713904782358,0.000185447054072766,-8.001155981080165,-7.317800612844342,14.559365830825303,4,10,1,1,1,1,1,0,0,1
8,4,0.08,139,21064958,5.5178279961616e-05,8.308088453166376e-05,-12.582318416390306,-10.804988883384826,33.58486699718938,3,20,1,1,1,1,1,0,0,1
8,4,0.08,140,21064959,0.00020566296764115558,0.0003123908717550228,-6.868439017762813,-5.053016649494837,34.164860040329,6,19,1,1,1,1,1,0,0,1
8,4,0.08,141,21064960,8.959440163603527e-05,0.0001638535129569243,-10.477191266608422,-7.85544243073473,45.320426752407265,4,13,1,1,1,1,1,0,0,1
8,4,0.08,142,21064961,0.00013065948586884297,0.00021425671658918547,-8.838590550453628,-6.690655547868002,39.017320927507406,3,25,1,0,1,1,1,0,0,1
8,4,0.08,143,21064962,9.331306222821116e-05,0.00020142542956733307,-10.300575582195897,-6.958857014904253,53.67364367614855,4,25,1,0,1,1,1,0,0,1
8,4,0.08,144,21064963,0.0001478254834062943,0.0002173201132810521,-8.302506921337418,-6.629000772563777,31.978001863492015,6,12,1,1,1,1,1,0,0,1
8,4,0.08,145,21064964,0.0001279582455629091,0.00019585574824750209,-8.929317231641333,-7.080636776492478,34.667097234639854,7,14,1,1,1,1,1,0,0,1
8,4,0.08,146,21064965,0.00010996225946048786,0.0001453167779551076,-9.58756345027728,-8.376842401227712,24.329274975764836,5,11,1,1,1,1,1,0,0,1
8,4,0.08,147,21064966,0.00013566018410398438,0.0002342206993574831,-8.675475978910006,-6.303747266014375,42.080189976321925,9,11,1,1,1,1,1,0,0,1
8,4,0.08,148,21064967,0.00011933123606013855,0.00019622193316975192,-9.232458608314825,-7.072524499519471,39.18557720206289,6,9,1,1,1,1,1,0,0,1
8,4,0.08,149,21064968,7.097363976391714e-05,0.0001338941167560976,-11.489029221368813,-8.732385052620446,46.99271223902751,5,25,1,0,1,1,1,0,0,1
8,4,0.08,150,21064969,0.00013674718138821667,0.00017422929101008097,-8.640816165130662,-7.58878830644762,21.51309312261138,5,22,1,1,1,1,1,0,0,1
8,4,0.08,151,21064970,0.00012773347977317908,0.00013788061026602088,-8.936952564166488,-8.60496803052175,7.359360009550558,6,14,1,1,1,1,1,0,0,1
8,4,0.08,152,21064971,0.00013229098437846377,0.00014818352696522908,-8.784697519432578,-8.292000726437154,10.72490506349903,7,12,1,1,1,1,1,0,0,1
8,4,0.08,153,21064972,6.955607661559184e-05,0.00014039445791342697,-11.576649228201763,-8.526500356899923,50.45667923837635,6,12,1,1,1,1,1,0,0,1
8,4,0.08,154,21064973,7.519373548898801e-05,0.0001163677996872186,-11.238183396728756,-9.341671773562592,35.38269547838928,4,15,1,1,1,1,1,0,0,1
8,4,0.08,155,21064974,0.00011765056986976385,0.00020047908554222504,-9.294059648696475,-6.979309273199538,41.31529004556228,4,25,1,0,1,1,1,0,0,1
8,4,0.08,156,21064975,0.00010961917204752164,0.00019264920810200463,-9.601134824731833,-7.1523277184504455,43.0990798625655,4,15,1,1,1,1,1,0,0,1
8,4,0.08,157,21064976,0.0001531612640017381,0.0002036124449469232,-8.148510581854444,-6.911956811162165,24.7780438756268,5,21,1,1,1,1,1,0,0,1
8,4,0.08,158,21064977,7.520813556230468e-05,9.334437368356115e-05,-11.237351775106522,-10.299118539529477,19.429385409707276,3,9,1,1,1,1,1,0,0,1
8,4,0.08,159,21064978,0.00024752416549540985,0.00030461113113655657,-6.063823949971282,-5.162542306688635,18.740932226654166,7,10,1,1,1,1,1,0,0,1
8,4,0.08,160,21064979,0.00011233841413883975,0.00013492794956255724,-9.494717112735874,-8.698980793606454,16.741924484107127,9,14,1,1,1,1,1,0,0,1
8,4,0.08,161,21064980,0.00016006039064186674,0.0001780639713402119,-7.957161275057859,-7.494239448321305,10.110737485432827,4,16,1,1,1,1,1,0,0,1
8,4,0.08,162,21064981,0.00012011055657214283,0.00018696862638165767,-9.204188205775306,-7.282312626209339,35.75897791164062,5,10,1,1,1,1,1,0,0,1
8,4,0.08,163,21064982,0.00011292674203183011,0.0001653279394343528,-9.47203201196272,-7.81653747052707,31.69530666250743,5,20,1,1,1,1,1,0,0,1
8,4,0.08,164,21064983,0.00013052951408645903,0.000181612354984637,-8.842912787037957,-7.408546100047194,28.127404053815166,3,13,1,1,1,1,1,0,0,1
8,4,0.08,165,21064984,0.00013173633133105263,0.00021120720469173908,-8.802944352080385,-6.752912712495036,37.62697085862942,6,10,1,1,1,1,1,0,0,1
8,4,0.08,166,21064985,0.00015692763966600307,0.00031745119414698663,-8.043005573865877,-4.9832303491354955,50.566372860030185,6,25,1,0,1,1,1,0,0,1
8,4,0.08,167,21064986,0.00016850314099568967,0.0002920755332064148,-7.733919992176772,-5.345048217956596,42.30836826835284,7,25,1,0,1,1,1,0,0,1
8,4,0.08,168,21064987,6.697138381777358e-05,0.00011345373237773131,-11.741107272215931,-9.451812122128052,40.97031237826539,4,9,1,1,1,1,1,0,0,1
8,4,0.08,169,21064988,9.906543042746257e-05,0.00014713430438521104,-10.040778691655923,-8.322860596429127,32.670065732529494,7,25,1,0,1,1,1,0,0,1
8,4,0.08,170,21064989,0.00010308411523117137,0.0001865221484825226,-9.868082522620421,-7.292695907045167,44.733579325658205,4,11,1,1,1,1,1,0,0,1
8,4,0.08,171,21064990,0.00010378817659289579,0.0001372395082182458,-9.838521179030575,-8.625208468566456,24.374418168384768,7,9,1,1,1,1,1,0,0,1
8,4,0.08,172,21064991,0.00020997871475137453,0.00025611408936925396,-6.778247268591149,-5.915665294307905,18.013602739115022,7,10,1,1,1,1,1,0,0,1
8,4,0.08,173,21064992,9.209012463980166e-05,0.00015935067542542663,-10.357869392319241,-7.976460913812491,42.209140693038194,3,10,1,1,1,1,1,0,0,1
8,4,0.08,174,21064993,0.00018100963844286567,0.00024417824486921595,-7.422982991026263,-6.122930322589994,25.869874877749222,3,15,1,1,1,1,1,0,0,1
8,4,0.08,175,21064994,0.0001741262353995815,0.00029264471935893066,-7.591357893026943,-5.336593081258077,40.49910219428407,5,17,1,1,1,1,1,0,0,1
8,4,0.08,176,21064995,7.43041498011522e-05,0.00011391844601166448,-11.289869307156824,-9.434059479800611,34.77425965453922,9,13,1,1,1,1,1,0,0,1
8,4,0.08,177,21064996,0.00012188004673062546,0.0002055390166732689,-9.140673879343584,-6.871057255274478,40.70223322885226,4,11,1,1,1,1,1,0,0,1
8,4,0.08,178,21064997,8.971474459834394e-05,0.00015740506821378383,-10.471361748883147,-8.029812881024753,43.00390348518162,6,13,1,1,1,1,1,0,0,1
8,4,0.08,179,21064998,0.00024391734436789828,0.00031310383808724393,-6.127573169660855,-5.043116086849221,22.09698039538799,3,8,1,1,1,1,1,0,0,1
8,4,0.08,180,21064999,0.00014483942938357556,0.00021573553992506833,-8.391131948192111,-6.660783040308665,32.86250868360271,8,12,1,1,1,1,1,0,0,1
8,4,0.08,181,21065000,0.00011309422753431855,0.00018887197231388136,-9.465595614226457,-7.238324844949483,40.12122277922199,5,9,1,1,1,1,1,0,0,1
8,4,0.08,182,21065001,0.00016047432309095722,0.00025266711834997596,-7.945944475706641,-5.974512727153392,36.487848462861734,7,15,1,1,1,1,1,0,0,1
8,4,0.08,183,21065002,8.696899387171131e-05,0.00013438686810204295,-10.60635554169233,-8.716431672156487,35.28460399443656,4,14,1,1,1,1,1,0,0,1
8,4,0.08,184,21065003,0.00011590030328981953,0.00018308612965870316,-9.359154275659753,-7.373445559760712,36.69629506840683,8,11,1,1,1,1,1,0,0,1
8,4,0.08,185,21065004,0.00012899618475787944,0.00023264321288818445,-8.894231343759678,-6.3330961301339475,44.55192431516194,6,25,1,0,1,1,1,0,0,1
8,4,0.08,186,21065005,8.006556519377512e-05,0.00010385226395718632,-10.96554226260051,-9.83584031498683,22.90436227102126,6,11,1,1,1,1,1,0,0,1
8,4,0.08,187,21065006,0.00019198060632279147,0.000246306204781067,-7.1674264104853656,-6.0852464756716165,22.056122583904724,5,10,1,1,1,1,1,0,0,1
8,4,0.08,188,21065007,0.00016300221310218668,0.00030251328850255244,-7.878064990835098,-5.192555433368831,46.11733788322117,4,9,1,1,1,1,1,0,0,1
8,4,0.08,189,21065008,0.00014258523967062916,0.0002348423563898558,-8.459254300338161,-6.292235705956115,39.28470065513776,8,18,1,1,1,1,1,0,0,1
8,4,0.08,190,21065009,0.00022419993277720933,0.0004126294067943938,-6.493645219573322,-3.844398244640717,45.66554659325957,6,13,1,1,1,1,1,0,0,1
8,4,0.08,191,21065010,9.873906406667742e-05,0.00018853117900593624,-10.05510993711625,-7.246168165431585,47.62719642061516,4,23,1,1,1,1,1,0,0,1
8,4,0.08,192,21065011,0.00022715198072083498,0.0003505606281728999,-6.436834718699215,-4.552368615662895,35.20322521535378,7,18,1,1,1,1,1,0,0,1
8,4,0.08,193,21065012,7.757964390909172e-05,0.00018078112733704594,-11.102522181449782,-7.4284690970795255,57.086425418482285,6,14,1,1,1,1,1,0,0,1
8,4,0.08,194,21065013,8.72413893907329e-05,0.00019788047884477494,-10.592774265421724,-7.0359704737096616,55.9120788972982,5,15,1,1,1,1,1,0,0,1
8,4,0.08,195,21065014,0.00010693885649031794,0.0001818171964136679,-9.708644641724662,-7.4036504325720776,41.18331016005099,4,13,1,1,1,1,1,0,0,1
8,4,0.08,196,21065015,0.00010140675624527082,0.00012995812391112933,-9.939331090826483,-8.861965668017021,21.969667464100283,6,8,1,1,1,1,1,0,0,1
8,4,0.08,197,21065016,0.00015565361156254757,0.0002606106474096232,-8.078407981199888,-5.840078448905709,40.27350259489053,4,21,1,1,1,1,1,0,0,1
8,4,0.08,198,21065017,9.839530677013155e-05,0.00019751291578003322,-10.070256159227558,-7.044044996902117,50.182849368841914,5,19,1,1,1,1,1,0,0,1
8,4,0.08,199,21065018,8.748098717362278e-05,0.0001345755542125728,-10.580863248383547,-8.710338229856792,34.994889907390174,3,21,1,1,1,1,1,0,0,1
8,4,0.08,200,21065019,0.00011451909031103474,0.0001883044751030341,-9.411221104798749,-7.251393587435081,39.184084579841446,6,15,1,1,1,1,1,0,0,1
8,4,0.08,201,21065020,0.00013670228751693162,0.00028330216822496145,-8.642242180754215,-5.4775010163723,51.74682623382516,7,10,1,1,1,1,1,0,0,1
8,4,0.08,202,21065021,0.00012909690299082451,0.00020927078191706924,-8.890841762473558,-6.792914029942083,38.31107151786549,5,25,1,0,1,1,1,0,0,1
8,4,0.08,203,21065022,0.0001188758274187828,0.0001608560073534666,-9.249064471972341,-7.935627152298793,26.097987029129804,3,12,1,1,1,1,1,0,0,1
8,4,0.08,204,21065023,7.038855020999157e-05,0.00012181483259403862,-11.524979798498109,-9.142998272898042,42.216765634305645,5,10,1,1,1,1,1,0,0,1
8,4,0.08,205,21065024,0.00011354532710369054,0.00014648104381410117,-9.448307342301627,-8.342185739419614,22.484627261537877,5,15,1,1,1,1,1,0,0,1
8,4,0.08,206,21065025,8.002638659250587e-05,0.00014247741071854626,-10.967667922321658,-8.462539860270239,43.83222842911416,7,10,1,1,1,1,1,0,0,1
8,4,0.08,207,21065026,0.00012616568258316853,0.00015338623133147355,-8.990587583369374,-8.142136229498618,17.74640951278108,3,12,1,1,1,1,1,0,0,1
8,4,0.08,208,21065027,8.842507124475282e-05,0.00020706400666720977,-10.534245815987006,-6.838953866900544,57.29577889079086,4,25,1,0,1,1,1,0,0,1
8,4,0.08,209,21065028,0.0001075420440430494,0.00018194494647558597,-9.6842171317989,-7.400600024478808,40.893085449075784,8,8,1,1,1,1,1,0,0,1
8,4,0.08,210,21065029,0.0001553680906974734,0.00020444767505950557,-8.086381712299826,-6.894178237967012,24.005939097985486,6,14,1,1,1,1,1,0,0,1
8,4,0.08,211,21065030,9.387099595418168e-05,0.00020469965626803118,-10.274685743242928,-6.888828866048254,54.14208422936081,6,16,1,1,1,1,1,0,0,1
8,4,0.08,212,21065031,7.043946050057124e-05,0.00016162625747642514,-11.521839789756603,-7.91488083222466,56.41830628241481,6,10,1,1,1,1,1,0,0,1
8,4,0.08,213,21065032,0.00020779807614660143,0.0003023240812435851,-6.823584775814531,-5.195272582648825,31.266449139003004,6,20,1,1,1,1,1,0,0,1
8,4,0.08,214,21065033,8.684666887868496e-05,0.00015214744866812028,-10.612468348490085,-8.177353258470365,42.919405064672574,4,13,1,1,1,1,1,0,0,1
8,4,0.08,215,21065034,6.947282907930227e-05,8.767111560465239e-05,-11.58185015383413,-10.571434670642105,20.75744833385513,3,11,1,1,1,1,1,0,0,1
8,4,0.08,216,21065035,6.855249008754432e-05,0.00010420791001378576,-11.639767653582195,-9.820993141943013,34.21565591472332,3,13,1,1,1,1,1,0,0,1
8,4,0.08,217,21065036,0.00013438685459070109,0.0001921687005480375,-8.716432108798966,-7.163173465644946,30.0682919708313,8,9,1,1,1,1,1,0,0,1
8,4,0.08,218,21065037,0.00017554059944861202,0.00026289117503271246,-7.556224229169929,-5.802239924365201,33.22689533919543,9,17,1,1,1,1,1,0,0,1
8,4,0.08,219,21065038,6.13003288649667e-05,0.00011139978892373203,-12.125371955654803,-9.531156320468975,44.97267054344697,4,15,1,1,1,1,1,0,0,1
8,4,0.08,220,21065039,0.00013250661961197561,0.0001934470211298269,-8.77762425205342,-7.134379535459373,31.502372671302464,4,16,1,1,1,1,1,0,0,1
8,4,0.08,221,21065040,0.00015828545894883427,0.00025842093818615624,-8.005589801998351,-5.876723011633645,38.748980612858986,7,25,1,0,1,1,1,0,0,1
8,4,0.08,222,21065041,0.00010557904406265179,0.00021737333752863187,-9.764222745210315,-6.627937264608928,51.42962551755218,8,13,1,1,1,1,1,0,0,1
8,4,0.08,223,21065042,0.00018149039088008668,0.00023982878057126478,-7.411463640065373,-6.200987007481268,24.325016185387693,6,11,1,1,1,1,1,0,0,1
8,4,0.08,224,21065043,0.00019849781658447593,0.000288331161595231,-7.022442659816167,-5.401084183904297,31.156308084682905,6,23,1,1,1,1,1,0,0,1
8,4,0.08,225,21065044,0.00011795648873484398,0.00017776599459317638,-9.282781637718001,-7.501513129551808,33.64507705492747,6,17,1,1,1,1,1,0,0,1
8,4,0.08,226,21065045,0.00019153639306658304,0.00018985731868317721,-7.177486952914438,-7.2157265687311405,-0.8843874942781481,4,10,1,1,1,1,0,1,0,1
8,4,0.08,227,21065046,0.00010501461813784752,0.00017217216653347164,-9.787502425041732,-7.6403705554173404,39.00604246771104,4,10,1,1,1,1,1,0,0,1
8,4,0.08,228,21065047,6.691485426360554e-05,0.00010243643791520625,-11.744774635680663,-9.895455319281975,34.67670720940569,3,15,1,1,1,1,1,0,0,1
8,4,0.08,229,21065048,0.000151232401334006,0.000247310145305635,-8.203551518703014,-6.067580673836302,38.849091230322394,5,14,1,1,1,1,1,0,0,1
8,4,0.08,230,21065049,9.754534206411297e-05,0.00012722929159296486,-10.107934639850003,-8.954128909462494,23.331065635276445,3,14,1,1,1,1,1,0,0,1
8,4,0.08,231,21065050,0.00016845605082378094,0.00019126070621933684,-7.735133848479937,-7.183742449490344,11.923335350128657,5,8,1,1,1,1,1,0,0,1
8,4,0.08,232,21065051,0.00013315224126265145,0.00015826537915084022,-8.756515189748713,-8.006140774823482,15.867739377323852,8,17,1,1,1,1,1,0,0,1
8,4,0.08,233,21065052,0.00023994479742701284,0.0005433891839372765,-6.198886621651292,-2.648890103846471,55.84291985931216,4,25,1,0,1,1,1,0,0,1
8,4,0.08,234,21065053,0.00011962653823522373,0.00019869737689063498,-9.221724647404967,-7.018078662039353,39.79460619600057,4,15,1,1,1,1,1,0,0,1
8,4,0.08,235,21065054,0.00010373174322183068,0.00019795893686472597,-9.840883236829637,-7.034248872261211,47.59936335043306,5,23,1,1,1,1,1,0,0,1
8,4,0.08,236,21065055,0.00013224408771138934,0.00028159720903787633,-8.786237350335341,-5.503716538816873,53.0378556793147,9,14,1,1,1,1,1,0,0,1
8,4,0.08,237,21065056,0.00011338654154523115,0.00017181031681380544,-9.454384911178078,-7.649507613384149,34.00481202295285,6,10,1,1,1,1,1,0,0,1
8,4,0.08,238,21065057,0.00015879402577114748,0.0002923275388060743,-7.9916584084740405,-5.341302698695457,45.67941617143055,9,13,1,1,1,1,1,0,0,1
8,4,0.08,239,21065058,9.616391352887526e-05,0.00018181563561098658,-10.169878707426408,-7.40368771457371,47.109106867669,4,19,1,1,1,1,1,0,0,1
8,4,0.08,240,21065059,0.000256931593071393,0.0006695656182618716,-5.901824903114312,-1.7420685516788739,61.62712271003955,5,12,1,1,1,1,1,0,0,1
8,4,0.08,241,21065060,0.00010682076748722634,0.0002353947600997191,-9.713443060310837,-6.282032088039932,54.62058397477735,4,25,1,0,1,1,1,0,0,1
8,4,0.08,242,21065061,0.0001615830649705723,0.0002955992837497264,-7.916041582596655,-5.292966225908733,45.33712567876889,3,25,1,0,1,1,1,0,0,1
8,4,0.08,243,21065062,0.00011644166519232363,0.00018107219968032377,-9.338915924923608,-7.4214822253087505,35.69323982483393,7,12,1,1,1,1,1,0,0,1
8,4,0.08,244,21065063,7.890818731853567e-05,0.00016959098995896106,-11.028779331303827,-7.70597224691619,53.471474317338156,4,20,1,1,1,1,1,0,0,1
8,4,0.08,245,21065064,0.00014559943981925526,0.00035048329792646265,-8.368402959287117,-4.553326732499739,58.457524030202286,3,22,1,1,1,1,1,0,0,1
8,4,0.08,246,21065065,0.00010106795713701343,0.0001514244178997353,-9.953865125033206,-8.198040871605748,33.255178696519785,7,18,1,1,1,1,1,0,0,1
8,4,0.08,247,21065066,9.900768084576203e-05,0.0001565479149922683,-10.043311122758176,-8.053527122270893,36.75566943791497,4,12,1,1,1,1,1,0,0,1
8,4,0.08,248,21065067,0.00019528714621100385,0.00026603948914932774,-7.093263410098562,-5.7505389477203614,26.594677040073048,9,25,1,0,1,1,1,0,0,1
8,4,0.08,249,21065068,0.00016978468508936604,0.0002395418001368368,-7.701014865369715,-6.206186910812489,29.121061546511893,9,17,1,1,1,1,1,0,0,1
8,4,0.08,250,21065069,8.188739265243763e-05,0.00016867556346707472,-10.867829568835823,-7.729478303931655,51.45272322245898,10,10,1,1,1,1,1,0,0,1
8,4,0.08,251,21065070,0.00010747788867329354,0.00011378155139684416,-9.686808735613882,-9.439281489783781,5.540144817998553,5,11,1,1,1,1,1,0,0,1
8,4,0.08,252,21065071,0.0002142230197022776,0.0003642218476249667,-6.691338631376138,-4.386340068706292,41.18336911989432,4,25,1,0,1,1,1,0,0,1
8,4,0.08,253,21065072,0.00013315787668080918,0.00018256174516160847,-8.756331386667677,-7.385902213568749,27.061457172785946,3,9,1,1,1,1,1,0,0,1
8,4,0.08,254,21065073,0.00012345056904675234,0.00016176291161247965,-9.085069038422564,-7.911210447040307,23.684256288307065,5,13,1,1,1,1,1,0,0,1
8,4,0.08,255,21065074,0.00011663803764662393,0.00014804708749606543,-9.331597956654344,-8.29600131988489,21.215581056450194,4,15,1,1,1,1,1,0,0,1
8,4,0.08,256,21065075,0.00027395390095005985,0.0003314376645799916,-5.6232251107514415,-4.795981398823309,17.343763178749466,3,20,1,1,1,1,1,0,0,1
8,4,0.08,257,21065076,0.00015761118344164332,0.0002507662043688052,-8.024129700020648,-6.007309935395629,37.14815605302123,3,15,1,1,1,1,1,0,0,1
8,4,0.08,258,21065077,9.677819113209184e-05,0.00019124409041218298,-10.142224994901824,-7.1841197599673565,49.39546057422818,3,13,1,1,1,1,1,0,0,1
8,4,0.08,259,21065078,0.00022037654036657328,0.0003207864821436285,-6.568346390925539,-4.9378394105534005,31.30117613001467,5,21,1,1,1,1,1,0,0,1
8,4,0.08,260,21065079,0.00023853557482638572,0.0004876719257842174,-6.224468417867779,-3.1187224508085243,51.08687578379656,5,19,1,1,1,1,1,0,0,1
8,4,0.08,261,21065080,7.640810451443807e-05,9.595528437077814e-05,-11.1686057389519,-10.179311031601442,20.371134309610675,5,11,1,1,1,1,1,0,0,1
8,4,0.08,262,21065081,0.0001809931095234387,0.0002985909985750595,-7.423379585723087,-5.2492328880156744,39.38427133196354,9,15,1,1,1,1,1,0,0,1
8,4,0.08,263,21065082,0.00013475445694249104,0.00017147393671071038,-8.704568618108365,-7.658018814690549,21.414029719378235,5,12,1,1,1,1,1,0,0,1
8,4,0.08,264,21065083,0.0001594261317980428,0.00022768015665167879,-7.974404911862468,-6.426748184503378,29.978029643600347,4,13,1,1,1,1,1,0,0,1
8,4,0.08,265,21065084,8.909904314245319e-05,8.839196977313796e-05,-10.501269599382535,-10.535871879464871,-0.7999294179436919,5,8,1,1,1,1,0,1,0,1
8,4,0.08,266,21065085,0.00013914970904465175,0.0001991630842929489,-8.565176974178602,-7.00791156743654,30.132780611101353,7,17,1,1,1,1,1,0,0,1
8,4,0.08,267,21065086,9.364914210723928e-05,0.00018855940873636104,-10.284961967169188,-7.245517922939699,50.334410393608565,3,13,1,1,1,1,1,0,0,1
8,4,0.08,268,21065087,0.00010067899880649594,0.00019394485646980928,-9.97061111905718,-7.123217336529941,48.088853378708556,7,17,1,1,1,1,1,0,0,1
8,4,0.08,269,21065088,0.00013921954953565282,0.00022598626295068617,-8.562997757935666,-6.45917959551876,38.39468482823986,4,18,1,1,1,1,1,0,0,1
8,4,0.08,270,21065089,0.0002062964116865296,0.00035250902252256425,-6.855083260660763,-4.5282976269636785,41.47769319200206,9,25,1,0,1,1,1,0,0,1
8,4,0.08,271,21065090,6.644589167343671e-05,0.00013185948118800222,-11.775318661691667,-8.79888637356392,49.608559752559856,10,25,1,0,1,1,1,0,0,1
8,4,0.08,272,21065091,0.0003091205944499395,0.0005179085442011937,-5.098720601000036,-2.857469241456088,40.313671610357844,12,18,1,1,1,1,1,0,0,1
8,4,0.08,273,21065092,9.626456292362015e-05,0.00019963926432387362,-10.165335566875005,-6.997540391899607,51.78074651314547,5,23,1,1,1,1,1,0,0,1
8,4,0.08,274,21065093,0.00010194328015375071,0.0002024291709994068,-9.916413965492032,-6.937269034369179,49.64002487860337,4,11,1,1,1,1,1,0,0,1
8,4,0.08,275,21065094,0.00010965394430857804,0.00011327968294979728,-9.599757419103852,-9.458479751676025,3.200696318002653,5,10,1,1,1,1,1,0,0,1
8,4,0.08,276,21065095,0.00011036734533658147,0.00016853409763970272,-9.571594033995527,-7.733122199044752,34.513343660267424,3,12,1,1,1,1,1,0,0,1
8,4,0.08,277,21065096,0.00013892865440542058,0.00018780597614297215,-8.572081706287083,-7.262905922369929,26.025434728627832,4,14,1,1,1,1,1,0,0,1
8,4,0.08,278,21065097,8.92133568481644e-05,0.0001370242954076799,-10.49570119041039,-8.632024224346956,34.89230754098503,6,25,1,0,1,1,1,0,0,1
8,4,0.08,279,21065098,0.00010201753257977402,0.000164283975919011,-9.913251846270962,-7.844047951123212,37.90171438870776,6,13,1,1,1,1,1,0,0,1
8,4,0.08,280,21065099,8.942446979832015e-05,0.00011676511239465532,-10.48543626122761,-9.326868983004895,23.415078387392217,5,11,1,1,1,1,1,0,0,1
8,4,0.08,281,21065100,0.00012741466147280978,0.00015890009420294385,-8.947805953100957,-7.988758453237308,19.814609228564425,5,11,1,1,1,1,1,0,0,1
8,4,0.08,282,21065101,0.00013739296941179814,0.00023400910493106425,-8.620354901569723,-6.307672445368998,41.28734031427019,4,22,1,1,1,1,1,0,0,1
8,4,0.08,283,21065102,0.00015705262838047794,0.0002108401795089913,-8.03954790996861,-6.760466226992961,25.511053563782223,6,10,1,1,1,1,1,0,0,1
8,4,0.08,284,21065103,8.907440948762237e-05,0.0001475630536244198,-10.502470480913694,-8.31022366195888,39.63637421441806,6,16,1,1,1,1,1,0,0,1
8,4,0.08,285,21065104,0.0001180238859631028,0.00019943498489633714,-9.28030090217703,-7.001986553788906,40.82087151136017,4,25,1,0,1,1,1,0,0,1
8,4,0.08,286,21065105,0.00012104438843535346,0.00018965088874464144,-9.170553394568682,-7.220451177595601,36.17515360113304,4,12,1,1,1,1,1,0,0,1
8,4,0.08,287,21065106,0.00014819948805724702,0.00020146306592945217,-8.291532965881123,-6.9580456110236515,26.438383445855457,3,18,1,1,1,1,1,0,0,1
8,4,0.08,288,21065107,0.0001159764515198744,0.00016409601737016382,-9.356301833004556,-7.849019591976707,29.32403029729994,3,13,1,1,1,1,1,0,0,1
8,4,0.08,289,21065108,0.00012916522213725994,0.0002070946527115558,-8.888544048166233,-6.838311146644695,37.62986129962371,7,20,1,1,1,1,1,0,0,1
8,4,0.08,290,21065109,0.00015830944669962237,0.00014359740288083647,-8.004931689840854,-8.42853414722697,-10.245341157732922,5,10,1,1,1,1,0,1,0,1
8,4,0.08,291,21065110,0.00015836861261044912,0.0002490315433901698,-8.003308879031428,-6.037456398413708,36.406203626050164,6,15,1,1,1,1,1,0,0,1
8,4,0.08,292,21065111,0.00010469994762926577,0.00018363258388664583,-9.800535355544582,-7.360502547981021,42.98400348497205,6,14,1,1,1,1,1,0,0,1
8,4,0.08,293,21065112,0.0001782612240645817,0.00027120550439648574,-7.48943115636836,-5.667015002593966,34.27079422253364,9,25,1,0,1,1,1,0,0,1
8,4,0.08,294,21065113,0.0002289283578466871,0.00036334178590991233,-6.403004070042688,-4.3968465348179055,36.993660865792066,10,16,1,1,1,1,1,0,0,1
8,4,0.08,295,21065114,0.0002459396319295532,0.0003396736553001157,-6.091714812595343,-4.689381352067016,27.595317419522747,6,14,1,1,1,1,1,0,0,1
8,4,0.08,296,21065115,0.00023400651906983365,0.00034476972473360053,-6.307720436299466,-4.624708778775394,32.126720450686996,4,12,1,1,1,1,1,0,0,1
8,4,0.08,297,21065116,0.00020072568310437614,0.0002488309892764587,-6.973970554303415,-6.040955338137188,19.332522171760587,3,11,1,1,1,1,1,0,0,1
8,4,0.08,298,21065117,0.0001053902472966892,0.0001825394569992911,-9.771995764214033,-7.386432457011441,42.26440188375356,4,16,1,1,1,1,1,0,0,1
8,4,0.08,299,21065118,0.00014073428572182836,0.0002338466671211154,-8.516000867451698,-6.310688154549563,39.8177072804128,5,15,1,1,1,1,1,0,0,1
8,4,0.08,300,21065119,0.0001125878564521867,0.00020434900610794484,-9.485084492734094,-6.896274702248851,44.90413308263729,7,13,1,1,1,1,1,0,0,1
8,4,0.08,301,21065120,0.00020920474640210787,0.00022820883554982392,-6.794284664928105,-6.416675450350294,8.32749928456077,6,12,1,1,1,1,1,0,0,1
8,4,0.08,302,21065121,0.0001295349564550118,0.00019141651960025187,-8.876130165487552,-7.180205845234231,32.328225000888914,3,21,1,1,1,1,1,0,0,1
8,4,0.08,303,21065122,0.00013929849742375875,0.00018080815464356097,-8.56053568171081,-7.427819862675355,22.95784573523962,6,14,1,1,1,1,1,0,0,1
8,4,0.08,304,21065123,0.00011237822638255792,0.00016764290516622997,-9.49317826470933,-7.756148216706299,32.96571288171912,7,25,1,0,1,1,1,0,0,1
8,4,0.08,305,21065124,0.00017049797875478192,0.0002721311070249646,-7.682807651808559,-5.652218116302886,37.34711896088348,4,10,1,1,1,1,1,0,0,1
8,4,0.08,306,21065125,0.00016210235329102178,0.00023661593465450442,-7.902106803156644,-6.259560116121637,31.491362351518678,8,11,1,1,1,1,1,0,0,1
8,4,0.08,307,21065126,0.00013114116576195682,0.00014512693116207966,-8.822609600492902,-8.382519881839144,9.636919411258926,11,12,1,1,1,1,1,0,0,1
8,4,0.08,308,21065127,7.271384982501524e-05,0.0001252833194138256,-11.38382861084386,-9.021067483895033,41.96046994505883,3,13,1,1,1,1,1,0,0,1
8,4,0.08,309,21065128,0.00010586062351342596,0.00016140645599827056,-9.752655523658843,-7.920790981867519,34.4136373860038,5,15,1,1,1,1,1,0,0,1
8,4,0.08,310,21065129,0.0001530208519364042,0.0003009798920331974,-8.152493844512037,-5.214625179301745,49.15911129387795,6,23,1,1,1,1,1,0,0,1
8,4,0.08,311,21065130,0.00011950570121940093,0.00023294923206167536,-9.226113754768146,-6.327387169046487,48.69882155792609,7,15,1,1,1,1,1,0,0,1
8,4,0.08,312,21065131,9.770988023839974e-05,0.00018425108511809543,-10.100615190236624,-7.345899457516064,46.96916971980232,5,25,1,0,1,1,1,0,0,1
8,4,0.08,313,21065132,0.00012249688763846554,0.00022893366750102826,-9.118749455738284,-6.402903343035266,46.49241023585343,7,25,1,0,1,1,1,0,0,1
8,4,0.08,314,21065133,0.00010854083234539165,0.00013681394659269985,-9.644068523564632,-8.638696290813728,20.665374365289157,9,11,1,1,1,1,1,0,0,1
8,4,0.08,315,21065134,8.672545215290334e-05,0.0001571327255947949,-10.61853427236851,-8.037333562386385,44.80751745085483,4,22,1,1,1,1,1,0,0,1
8,4,0.08,316,21065135,0.00011773576703508524,0.0001418547279570214,-9.290915824728172,-8.481561847787637,17.00257810881258,4,14,1,1,1,1,1,0,0,1
8,4,0.08,317,21065136,8.637544292041848e-05,0.00014299466571512449,-10.636097126145557,-8.446801631901554,39.59533910691706,8,25,1,0,1,1,1,0,0,1
8,4,0.08,318,21065137,0.00013308912501319326,0.00025359051703786233,-8.758574301730825,-5.958669908341961,47.51809863879003,6,20,1,1,1,1,1,0,0,1
8,4,0.08,319,21065138,8.888028539456322e-05,0.00010102536798818217,-10.511945595455305,-9.955695589506858,12.021814753537607,4,14,1,1,1,1,1,0,0,1
8,4,0.08,320,21065139,0.0001031208716333191,0.00020964924757993888,-9.866534247475462,-6.785066919175415,50.81266790905162,5,21,1,1,1,1,1,0,0,1
8,4,0.08,321,21065140,0.00011878482455683237,0.00013185954741747104,-9.25239039423886,-8.79888419222016,9.915643665334095,7,14,1,1,1,1,1,0,0,1
8,4,0.08,322,21065141,0.00013623960006572876,0.00016102162105335947,-8.656966399243606,-7.931158054977921,15.39049279563421,4,12,1,1,1,1,1,0,0,1
8,4,0.08,323,21065142,6.525369843701415e-05,0.0001292594014887026,-11.853948684300217,-8.885378593274385,49.517251599902096,6,25,1,0,1,1,1,0,0,1
8,4,0.08,324,21065143,0.00012435889435625063,0.00014356124863174334,-9.053231478150298,-8.429627730225688,13.375722528542296,3,8,1,1,1,1,1,0,0,1
8,4,0.08,325,21065144,0.00012698583272071926,0.00017555986652007988,-8.962447287639009,-7.555747580253715,27.668074009275294,5,8,1,1,1,1,1,0,0,1
8,4,0.08,326,21065145,0.00014004178581708473,0.0003597959617023884,-8.53742359735336,-4.439437154212935,61.07744368378354,5,12,1,1,1,1,1,0,0,1
8,4,0.08,327,21065146,0.0001697805617936862,0.00031083954683876447,-7.701120336973628,-5.07463732852928,45.379999578447126,3,9,1,1,1,1,1,0,0,1
8,4,0.08,328,21065147,0.00014167132292710217,0.00021237959227676703,-8.48718050634185,-6.7288721728642145,33.29334452131345,6,11,1,1,1,1,1,0,0,1
8,4,0.08,329,21065148,0.00011438406700517185,0.00020788788353768835,-9.41634465872027,-6.821708221936231,44.97800205636565,5,16,1,1,1,1,1,0,0,1
8,4,0.08,330,21065149,9.894619520028081e-05,0.00015793066425324735,-10.046009011573576,-8.015335379902496,37.34833215060939,4,16,1,1,1,1,1,0,0,1
8,4,0.08,331,21065150,0.00016054323614636816,0.0002846953369414721,-7.94407986990583,-5.456196461553715,43.608758095193956,4,25,1,0,1,1,1,0,0,1
8,4,0.08,332,21065151,0.00010258209882077326,0.0001601964125209216,-9.889284195522345,-7.953472138436222,35.96479646048498,4,14,1,1,1,1,1,0,0,1
8,4,0.08,333,21065152,0.00017706521475155108,0.00025992142681417106,-7.518667495116675,-5.851579176379103,31.877407368134154,4,15,1,1,1,1,1,0,0,1
8,4,0.08,334,21065153,7.574993463554048e-05,0.0001741006659175653,-11.20617737577292,-7.591995677467072,56.49072665155272,6,22,1,1,1,1,1,0,0,1
8,4,0.08,335,21065154,0.00015001657605164768,0.0002028734306540901,-8.238607510107999,-6.927748266772582,26.054103995789443,7,11,1,1,1,1,1,0,0,1
8,4,0.08,336,21065155,0.00018019829627447694,0.00022768547852773836,-7.4424931947288915,-6.426646672170097,20.85648261818163,4,11,1,1,1,1,1,0,0,1
8,4,0.08,337,21065156,0.00013112800436283317,0.00021127362629834386,-8.823045482683371,-6.7515471339717354,37.93451333217303,7,23,1,1,1,1,1,0,0,1
8,4,0.08,338,21065157,0.0001367472679746198,0.00024081529279941472,-8.6408134152396,-6.183159369843546,43.21487377941465,5,25,1,0,1,1,1,0,0,1
8,4,0.08,339,21065158,8.448562989638118e-05,0.0001980999890433886,-10.73217153623414,-7.031155484816246,57.352026971653785,4,11,1,1,1,1,1,0,0,1
8,4,0.08,340,21065159,0.00010942778284321444,0.00017758627054616094,-9.608724000899056,-7.505906132000168,38.38049388239712,11,12,1,1,1,1,1,0,0,1
8,4,0.08,341,21065160,0.00010447383087089165,0.0001704802779544969,-9.80992480190667,-7.683258552107607,38.71793727437676,7,11,1,1,1,1,1,0,0,1
8,4,0.08,342,21065161,0.00012338042912960476,0.00019177661167689433,-9.087537235693027,-7.172043587869408,35.66450671394884,4,11,1,1,1,1,1,0,0,1
8,4,0.08,343,21065162,0.00015143728154311327,0.0001966751713730426,-8.197671950124434,-7.062504627358782,23.00132218729562,4,10,1,1,1,1,1,0,0,1
8,4,0.08,344,21065163,9.555350653455799e-05,0.0001365000054319261,-10.197533709777137,-8.648673313407674,29.997433895919176,5,9,1,1,1,1,1,0,0,1
8,4,0.08,345,21065164,0.00014122959402369318,0.0001929314568240451,-8.50074289300509,-7.145969563306743,26.7980471673442,5,9,1,1,1,1,1,0,0,1
8,4,0.08,346,21065165,0.00024104671273639445,0.0004644792853170842,-6.178987868118769,-3.3303364975018446,48.10388313187313,6,18,1,1,1,1,1,0,0,1
8,4,0.08,347,21065166,0.00011382913162455637,0.00016329721550591104,-9.437465772668064,-7.870212206566442,30.293280707878342,3,16,1,1,1,1,1,0,0,1
8,4,0.08,348,21065167,0.00010328040752336609,0.00020653596502719405,-9.859820571010477,-6.850043117904665,49.993984093875646,7,12,1,1,1,1,1,0,0,1
8,4,0.08,349,21065168,0.00019573914582733312,0.0003135105628250278,-7.083223112010063,-5.037478222994757,37.56537449215823,6,19,1,1,1,1,1,0,0,1
8,4,0.08,350,21065169,0.00017724482597996543,0.0003882726961766587,-7.514264336125809,-4.10863148513271,54.35042748941546,3,14,1,1,1,1,1,0,0,1
8,4,0.08,351,21065170,0.00013732287444691966,0.00026984300755324955,-8.622571144847791,-5.688888313337478,49.11008601183745,5,25,1,0,1,1,1,0,0,1
8,4,0.08,352,21065171,0.00019144406034977382,0.0003008867789531381,-7.179581033164675,-5.215968948582711,36.37338901501204,4,10,1,1,1,1,1,0,0,1
8,4,0.08,353,21065172,0.00012685329698319442,0.0001371405520427957,-8.966982407560014,-8.628341066669295,7.501249562121542,11,13,1,1,1,1,1,0,0,1
8,4,0.08,354,21065173,0.00015213685644690025,0.0002838030388232211,-8.17765561670255,-5.469829586421431,46.39350689205791,7,15,1,1,1,1,1,0,0,1
8,4,0.08,355,21065174,0.000166743087427164,0.0002785528389794323,-7.779521613362446,-5.550924109011149,40.13951247523422,12,15,1,1,1,1,1,0,0,1
8,4,0.08,356,21065175,0.00017726637517647857,0.0002611043709269751,-7.513736358611073,-5.831858579603671,32.108997429975645,4,13,1,1,1,1,1,0,0,1
8,4,0.08,357,21065176,9.40299247236176e-05,0.00015376124002939649,-10.267339115691335,-8.131531272317687,38.84679604194093,3,10,1,1,1,1,1,0,0,1
8,4,0.08,358,21065177,0.00012266259646937367,0.0002003884177066382,-9.112878465914028,-6.981273839597853,38.78758170098058,5,12,1,1,1,1,1,0,0,1
8,4,0.08,359,21065178,0.00012362689343007347,0.00012448852641066597,-9.07887043828045,-9.048706738385716,0.6921384688498348,8,19,1,1,1,1,1,0,0,1
8,4,0.08,360,21065179,0.00015760771822011298,0.0002898489264370254,-8.024225184560525,-5.378283038608799,45.624184240559565,4,23,1,1,1,1,1,0,0,1
8,4,0.08,361,21065180,0.00015163444600396113,0.0001910393688268292,-8.192021310908004,-7.188771254098017,20.626598101141823,6,17,1,1,1,1,1,0,0,1
8,4,0.08,362,21065181,0.00012482429557924787,0.00022707863193744044,-9.03700876119308,-6.438237308981407,45.030364806127324,4,13,1,1,1,1,1,0,0,1
8,4,0.08,363,21065182,0.00012312688473726526,0.00018693610296069283,-9.096471085777482,-7.283068152480329,34.13424010280388,3,14,1,1,1,1,1,0,0,1
8,4,0.08,364,21065183,7.348186490754245e-05,0.00012212269555196054,-11.338198301999618,-9.132036183070285,39.82947676070783,5,20,1,1,1,1,1,0,0,1
8,4,0.08,365,21065184,0.0001176625592101374,0.0002347365064619569,-9.293617097582498,-6.294193632260368,49.874622834089664,4,25,1,0,1,1,1,0,0,1
8,4,0.08,366,21065185,0.00010052661246338511,0.00014849181285983567,-9.97718952014317,-8.28297490641816,32.301579105728784,5,10,1,1,1,1,1,0,0,1
8,4,0.08,367,21065186,0.00011438982686528415,0.00017057539653617332,-9.416125973325576,-7.680836104436489,32.93884746090806,5,11,1,1,1,1,1,0,0,1
8,4,0.08,368,21065187,8.366732537466903e-05,0.00015290836168007537,-10.774441140498855,-8.15568764867449,45.28270105350867,4,18,1,1,1,1,1,0,0,1
8,4,0.08,369,21065188,0.0001416813427542603,0.00022126456141620952,-8.486873358665244,-6.550881387787713,35.9674491715143,6,16,1,1,1,1,1,0,0,1
8,4,0.08,370,21065189,6.810619017024175e-05,0.00014623804130091134,-11.66813413276613,-8.349396384722697,53.427856688738814,4,12,1,1,1,1,1,0,0,1
8,4,0.08,371,21065190,0.0002084227717677616,0.00029041496701818765,-6.810548328158789,-5.369810053069646,28.23277191677631,7,25,1,0,1,1,1,0,0,1
8,4,0.08,372,21065191,7.575779865143908e-05,0.00013521969733385094,-11.205726534269411,-8.689600404926793,43.97428766284197,5,9,1,1,1,1,1,0,0,1
8,4,0.08,373,21065192,0.0001448542584328488,0.00034329183040020505,-8.390687328613037,-4.643365317164796,57.80433858155621,3,14,1,1,1,1,1,0,0,1
8,4,0.08,374,21065193,0.00012981307764420004,0.00021639614264925622,-8.866815535863593,-6.647504849752348,40.01137171164533,3,10,1,1,1,1,1,0,0,1
8,4,0.08,375,21065194,0.00011310657524980116,0.00022684478833454074,-9.465121474025578,-6.44271194019964,50.13922247003685,5,11,1,1,1,1,1,0,0,1
8,4,0.08,376,21065195,0.00011557474099737711,0.00018612467612729607,-9.371370711413274,-7.301960449482995,37.90466508678721,6,11,1,1,1,1,1,0,0,1
8,4,0.08,377,21065196,7.066695708406102e-05,0.0001278815172888593,-11.507836089831848,-8.931922195518208,44.74028883748838,5,9,1,1,1,1,1,0,0,1
8,4,0.08,378,21065197,9.551982456526942e-05,0.00018250787553471422,-10.199064838529534,-7.387183902350606,47.662628647989,5,21,1,1,1,1,1,0,0,1
8,4,0.08,379,21065198,0.00011749380481439512,0.0001777286400085847,-9.299850321654727,-7.502425823496673,33.89146239530111,6,14,1,1,1,1,1,0,0,1
8,4,0.08,380,21065199,0.00016269379873422229,0.0002816816301607321,-7.886290003934068,-5.502414745618357,42.24195640965776,6,16,1,1,1,1,1,0,0,1
8,4,0.08,381,21065200,8.659443348760511e-05,0.00013884250234247884,-10.62510024649127,-8.574775676905052,37.631177754197275,5,10,1,1,1,1,1,0,0,1
8,4,0.08,382,21065201,0.00014365213665264056,0.00024568958184731257,-8.426879100162694,-6.096132588318898,41.53104271962361,5,12,1,1,1,1,1,0,0,1
8,4,0.08,383,21065202,8.373036480186004e-05,0.0001691414603168827,-10.771170166253423,-7.7174992415964,50.496841729406206,5,9,1,1,1,1,1,0,0,1
8,4,0.08,384,21065203,0.00012293307069354307,0.00017204754503337432,-9.103312701835165,-7.643515199978053,28.547035838438653,4,10,1,1,1,1,1,0,0,1
8,4,0.08,385,21065204,8.796165478197892e-05,0.0001631395685067138,-10.557066090529228,-7.874406907072981,46.08196185197157,3,15,1,1,1,1,1,0,0,1
8,4,0.08,386,21065205,6.904823369640406e-05,0.00014450574600102914,-11.608474265091939,-8.401148836553523,52.21765527862656,6,15,1,1,1,1,1,0,0,1
8,4,0.08,387,21065206,0.00015230327619078737,0.0001781026179162765,-8.172907544690968,-7.493296968296425,14.485661147112966,4,10,1,1,1,1,1,0,0,1
8,4,0.08,388,21065207,0.00012752444149731007,0.00019514682189413957,-8.94406569817301,-7.096385171220463,34.65205312619045,5,11,1,1,1,1,1,0,0,1
8,4,0.08,389,21065208,0.00017511096031075406,0.0002488667449357494,-7.566866702871336,-6.040331325428831,29.636657418425703,4,25,1,0,1,1,1,0,0,1
8,4,0.08,390,21065209,0.00011541232175470206,0.00020459945919991024,-9.377478221646397,-6.890955185554578,43.59109148869506,7,25,1,0,1,1,1,0,0,1
8,4,0.08,391,21065210,0.0001197411126296717,0.00023560372308723394,-9.21756710724476,-6.278178509669998,49.17690134067333,5,23,1,1,1,1,1,0,0,1
8,4,0.08,392,21065211,0.0001363142920600117,0.0002324567145938803,-8.654586075739989,-6.336579045510014,41.35927959828425,5,9,1,1,1,1,1,0,0,1
8,4,0.08,393,21065212,0.00028459224607893546,0.0003905646361638452,-5.457769367570254,-4.083070826410794,27.1331247820536,4,13,1,1,1,1,1,0,0,1
8,4,0.08,394,21065213,8.529055751180909e-05,0.00014453635461000357,-10.690990467634101,-8.40022902936987,40.990238931966246,5,25,1,0,1,1,1,0,0,1
8,4,0.08,395,21065214,9.865645614234387e-05,0.00018759700464298534,-10.058744889698348,-7.2677410027149705,47.4104310300176,3,13,1,1,1,1,1,0,0,1
8,4,0.08,396,21065215,0.00014494509333612312,0.0002414874389546562,-8.387964817447477,-6.171054542895044,39.97820592095505,4,15,1,1,1,1,1,0,0,1
8,4,0.08,397,21065216,0.00019215969794383263,0.0003255704809949362,-7.16337692608893,-4.873549788509434,40.97754275615012,4,12,1,1,1,1,1,0,0,1
8,4,0.08,398,21065217,0.00015725148146775438,0.00029511601948580544,-8.034052543708325,-5.300072154900094,46.715369182011514,6,15,1,1,1,1,1,0,0,1
8,4,0.08,399,21065218,0.0002216906787403329,0.0005142091415669708,-6.542525669520063,-2.888602067736701,56.88705998793298,8,10,1,1,1,1,1,0,0,1
8,4,0.08,400,21065219,0.0001358404707054753,0.0001767618198043018,-8.669708222088067,-7.526115359234007,23.15055883908172,5,10,1,1,1,1,1,0,0,1
8,4,0.08,401,21065220,0.00015524155097165147,0.00024882239532012613,-8.089920270047807,-6.0411053344168835,37.60949420492349,5,13,1,1,1,1,1,0,0,1
8,4,0.08,402,21065221,7.687080194256006e-05,0.0001291792955089952,-11.142385881981717,-8.888070882507591,40.492939182187065,8,12,1,1,1,1,1,0,0,1
8,4,0.08,403,21065222,7.27796777834349e-05,8.638927619806979e-05,-11.379898714921024,-10.635401646629361,15.753805348977988,5,10,1,1,1,1,1,0,0,1
8,4,0.08,404,21065223,0.00010718430856691022,0.00016408689362879604,-9.698687892850849,-7.849261066495858,34.678324272877724,6,15,1,1,1,1,1,0,0,1
8,4,0.08,405,21065224,0.0001604416675141125,0.000293347979020943,-7.946828329256553,-5.3261689944722646,45.306707736800846,5,10,1,1,1,1,1,0,0,1
8,4,0.08,406,21065225,0.00019109529352621344,0.00027434052072788706,-7.187500090243447,-5.617100413607176,30.343759274351935,5,11,1,1,1,1,1,0,0,1
8,4,0.08,407,21065226,0.00018422932758959377,0.0002799549824204914,-7.3464123300733695,-5.529117988656552,34.193231355717764,5,13,1,1,1,1,1,0,0,1
8,4,0.08,408,21065227,9.014970800144386e-05,0.0001390057568895162,-10.45035675636721,-8.569672131734098,35.146780954477904,6,10,1,1,1,1,1,0,0,1
8,4,0.08,409,21065228,0.00012424554605515009,0.00018140042985072998,-9.057191708710194,-7.413616881602736,31.507579029780285,3,14,1,1,1,1,1,0,0,1
8,4,0.08,410,21065229,0.0002707918494805623,0.00034779563521812737,-5.673644115485132,-4.5867587262823655,22.140526774946583,12,11,1,1,1,1,1,0,0,1
8,4,0.08,411,21065230,0.00017371026988981033,0.00021221547754019757,-7.601745049574622,-6.732229448212289,18.144391774202063,4,16,1,1,1,1,1,0,0,1
8,4,0.08,412,21065231,0.00020110253693474389,0.00033223201282214337,-6.965824506871434,-4.785585226306766,39.469247642188584,5,14,1,1,1,1,1,0,0,1
8,4,0.08,413,21065232,8.921495094280495e-05,0.00026458236590049244,-10.495623589886726,-5.774391043938509,66.28084013113782,3,11,1,1,1,1,1,0,0,1
8,4,0.08,414,21065233,0.0001004853121996524,0.00013281390891969208,-9.978974138336616,-8.767564411520251,24.341273427610393,4,22,1,1,1,1,1,0,0,1
8,4,0.08,415,21065234,0.0001105961877723845,0.000194702306966171,-9.562598428138834,-7.106289026312659,43.19728949508529,8,12,1,1,1,1,1,0,0,1
8,4,0.08,416,21065235,0.00018795310815345904,0.0002999467730878222,-7.259504880255348,-5.229558059642021,37.337846238996626,4,23,1,1,1,1,1,0,0,1
8,4,0.08,417,21065236,0.00014465845785897394,0.00035984140393243477,-8.396561690391781,-4.438888674917024,59.79938487397199,6,17,1,1,1,1,1,0,0,1
8,4,0.08,418,21065237,0.0001276762201967485,0.00023454006188671416,-8.938899829168518,-6.297829645893495,45.56315063205802,5,9,1,1,1,1,1,0,0,1
8,4,0.08,419,21065238,0.00015950546232417205,0.000234478319484582,-7.972244397752864,-6.2989730716424805,31.974323820305166,5,13,1,1,1,1,1,0,0,1
8,4,0.08,420,21065239,0.00021190324792778954,0.0003416407845350939,-6.738623866289578,-4.6643028950161805,37.974838625854254,3,8,1,1,1,1,1,0,0,1
8,4,0.08,421,21065240,0.0001550651501231466,0.00020056414695740824,-8.094857960603047,-6.97746699282689,22.685508613822087,7,13,1,1,1,1,1,0,0,1
8,4,0.08,422,21065241,0.00016798581752710694,0.0002803345690826958,-7.747273827367398,-5.523233444938801,40.07666693523165,5,25,1,0,1,1,1,0,0,1
8,4,0.08,423,21065242,6.503759332202337e-05,8.277091856183344e-05,-11.868355379291076,-10.821222251307162,21.42458432011059,5,12,1,1,1,1,1,0,0,1
8,4,0.08,424,21065243,0.0001676148330430916,0.0002222742752448898,-7.756875511966829,-6.53110797155559,24.59098883196329,5,16,1,1,1,1,1,0,0,1
8,4,0.08,425,21065244,9.253701175117874e-05,0.00024411463589463537,-10.33684529051895,-6.124061816736414,62.09280471363482,4,25,1,0,1,1,1,0,0,1
8,4,0.08,426,21065245,0.00016227713514658514,0.00021569874834845187,-7.897426679692642,-6.66152375003796,24.766770141645168,4,11,1,1,1,1,1,0,0,1
8,4,0.08,427,21065246,0.00014161181805836517,0.000265900033416166,-8.489005015659917,-5.752816080898109,46.74245947283301,5,8,1,1,1,1,1,0,0,1
8,4,0.08,428,21065247,6.708589633566496e-05,0.0001249611543396134,-11.73368773234937,-9.032249716149117,46.31459937274415,4,9,1,1,1,1,1,0,0,1
8,4,0.08,429,21065248,0.00012305657753781463,0.00014760780954867214,-9.098951677228055,-8.308906645036863,16.632745981344566,4,16,1,1,1,1,1,0,0,1
8,4,0.08,430,21065249,5.422688740836046e-05,8.567120005538673e-05,-12.657853230985383,-10.671651495952176,36.70348101427015,3,10,1,1,1,1,1,0,0,1
8,4,0.08,431,21065250,9.40692926620807e-05,0.00015173473604661683,-10.265521215656907,-8.189149864744126,38.004114869794755,5,8,1,1,1,1,1,0,0,1
8,4,0.08,432,21065251,0.0001404499837953604,0.0002464970389051046,-8.524783065698148,-6.08188293404591,43.02163449134566,3,15,1,1,1,1,1,0,0,1
8,4,0.08,433,21065252,0.00012847305057965926,0.00020273225256869145,-8.911879634767656,-6.93077154127126,36.629199867382255,6,8,1,1,1,1,1,0,0,1
8,4,0.08,434,21065253,9.561919900684512e-05,0.00014198917193164272,-10.194548986695562,-8.477447735721636,32.657400767941176,6,14,1,1,1,1,1,0,0,1
8,4,0.08,435,21065254,0.0001411807457147415,0.0002114755073517317,-8.502245284968446,-6.747399244494358,33.24014327582346,3,8,1,1,1,1,1,0,0,1
8,4,0.08,436,21065255,9.648466071453952e-05,0.0001275956156787699,-10.15541725998725,-8.941642481793547,24.38246392615416,7,24,1,1,1,1,1,0,0,1
8,4,0.08,437,21065256,0.00010129257779250371,0.00017978946646241963,-9.944223763756957,-7.452357563806203,43.660449198965544,3,20,1,1,1,1,1,0,0,1
8,4,0.08,438,21065257,0.0002601780521725267,0.0003270636746787293,-5.847293419880674,-4.8536768810559945,20.45033664221609,11,15,1,1,1,1,1,0,0,1
8,4,0.08,439,21065258,0.00015025105915468994,0.0003448252629878703,-8.231824578715386,-4.624009238963025,56.426899278555695,8,10,1,1,1,1,1,0,0,1
8,4,0.08,440,21065259,0.00011981724913583103,0.0001668626780619482,-9.214806555255171,-7.776407904885451,28.19409916737129,8,12,1,1,1,1,1,0,0,1
8,4,0.08,441,21065260,0.0001321157023572991,0.00023440559784773833,-8.790455620837644,-6.300320211293978,43.637991767109234,5,25,1,0,1,1,1,0,0,1
8,4,0.08,442,21065261,0.00016002816506549084,0.0003951199879486696,-7.958035744937768,-4.032710000926774,59.49884340291075,4,25,1,0,1,1,1,0,0,1
8,4,0.08,443,21065262,0.00010208868456706844,0.00012317887110368896,-9.910223921189393,-9.09463780402325,17.12159426990309,3,12,1,1,1,1,1,0,0,1
8,4,0.08,444,21065263,0.00018908172234115175,0.00032867494077835967,-7.233504503724484,-4.832334066471526,42.471512463538225,9,14,1,1,1,1,1,0,0,1
8,4,0.08,445,21065264,0.0003168716486869175,0.0005183066131443238,-4.991166165043655,-2.8541324990296286,38.864054470652924,11,18,1,1,1,1,1,0,0,1
8,4,0.08,446,21065265,6.742164426059129e-05,0.0001910257781457072,-11.712006602310366,-7.189080225375081,64.70547330572074,3,23,1,1,1,1,1,0,0,1
8,4,0.08,447,21065266,0.0001446442589799146,0.0002200105632341208,-8.396987990904755,-6.575564671588928,34.25576624428089,4,23,1,1,1,1,1,0,0,1
8,4,0.08,448,21065267,0.00010916822367454153,0.00036470768960448693,-9.619037562382163,-4.380550797967468,70.06692570893398,4,14,1,1,1,1,1,0,0,1
8,4,0.08,449,21065268,8.485614531575924e-05,0.0001444622317723952,-10.713167004284399,-8.40245680082475,41.26067119781677,7,21,1,1,1,1,1,0,0,1
8,4,0.08,450,21065269,0.00013258801308944072,0.0001775830394202626,-8.774957375030933,-7.505985151223317,25.337457044159514,4,10,1,1,1,1,1,0,0,1
8,4,0.08,451,21065270,0.00012540987730028528,0.00016917148081512184,-9.016682570612947,-7.716728491490309,25.868192028573187,6,14,1,1,1,1,1,0,0,1
8,4,0.08,452,21065271,0.0001303474037810778,0.00020285881848851832,-8.848976145515056,-6.928061083064243,35.74476833085993,4,15,1,1,1,1,1,0,0,1
8,4,0.08,453,21065272,0.00012438589371675275,0.00026016654383034213,-9.052288690691887,-5.84748552371132,52.18989656184757,6,25,1,0,1,1,1,0,0,1
8,4,0.08,454,21065273,0.00016551400045926307,0.00031802873693612886,-7.811652643351846,-4.97533635585021,47.95627525555844,5,15,1,1,1,1,1,0,0,1
8,4,0.08,455,21065274,0.00013000490877629008,0.00016718008199030144,-8.860402491223365,-7.768154661134135,22.236604248207023,5,11,1,1,1,1,1,0,0,1
8,4,0.08,456,21065275,0.00010306212772159714,0.00015239340804350308,-9.869008957560814,-8.17033818509861,32.371006695921885,7,25,1,0,1,1,1,0,0,1
8,4,0.08,457,21065276,0.0001122618188095011,0.0002891954294948647,-9.497679258386771,-5.3880857500421815,61.18133021480046,6,11,1,1,1,1,1,0,0,1
8,4,0.08,458,21065277,8.370122323659245e-05,0.00013140728661396422,-10.772681950411457,-8.813805522153775,36.303971116547054,4,14,1,1,1,1,1,0,0,1
8,4,0.08,459,21065278,5.485983967305762e-05,0.00011144203019982285,-12.607454659478242,-9.52950984734228,50.77275640555871,4,25,1,0,1,1,1,0,0,1
8,4,0.08,460,21065279,0.00011809788085411928,0.00017733663728486583,-9.27757895287582,-7.51201531026763,33.40469140372161,6,21,1,1,1,1,1,0,0,1
8,4,0.08,461,21065280,6.996277188035273e-05,0.0001063530804292676,-11.551329923824088,-9.732499265975635,34.21650637859712,4,11,1,1,1,1,1,0,0,1
8,4,0.08,462,21065281,0.0001281783892424414,0.00020581797757906009,-8.921851902922452,-6.865166936047311,37.72245226090383,7,21,1,1,1,1,1,0,0,1
8,4,0.08,463,21065282,0.00015029956458978837,0.00027033672440357145,-8.230422775403452,-5.6809495273838815,44.40283134990788,5,11,1,1,1,1,1,0,0,1
8,4,0.08,464,21065283,0.0001233957819536151,0.0001875357376216053,-9.086996855667849,-7.269159590139994,34.201457536273274,10,20,1,1,1,1,1,0,0,1
8,4,0.08,465,21065284,8.687041674509285e-05,0.00017270999997310245,-10.611280950328858,-7.626825158928399,49.701570981053855,5,16,1,1,1,1,1,0,0,1
8,4,0.08,466,21065285,0.0001394511870208901,0.00020001037660872373,-8.555777846289933,-6.989474724009785,30.278023877883268,4,14,1,1,1,1,1,0,0,1
8,4,0.08,467,21065286,7.630748358277423e-05,0.00011722314292452699,-11.174328680827525,-9.309866387257639,34.90407979258491,8,15,1,1,1,1,1,0,0,1
8,4,0.08,468,21065287,0.0001820554777350992,0.0002726093156243292,-7.397962493620764,-5.6445930750679105,33.21744074733609,6,18,1,1,1,1,1,0,0,1
8,4,0.08,469,21065288,0.00018368645799353217,0.000202598260536218,-7.3592286021825,-6.933642877159408,9.334632238515695,4,13,1,1,1,1,1,0,0,1
8,4,0.08,470,21065289,0.00010307048867498817,0.0001444098152269966,-9.868656648839696,-8.404032876939649,28.62639668018928,3,12,1,1,1,1,1,0,0,1
8,4,0.08,471,21065290,7.032361986785562e-05,8.22974454703722e-05,-11.528987823004243,-10.846136451685238,14.549449905862817,3,8,1,1,1,1,1,0,0,1
8,4,0.08,472,21065291,0.00012260237306647916,0.00016022880260918983,-9.11501123621006,-7.9525941278436125,23.482937480650328,4,9,1,1,1,1,1,0,0,1
8,4,0.08,473,21065292,7.684957474731141e-05,0.000145220115771058,-11.143585313575615,-8.379732213543939,47.080626992154386,3,10,1,1,1,1,1,0,0,1
8,4,0.08,474,21065293,0.00016086946318723277,0.0002677958632336777,-7.935263873982802,-5.7219613601953965,39.92832404328119,7,17,1,1,1,1,1,0,0,1
8,4,0.08,475,21065294,7.157442884452524e-05,8.665038026096529e-05,-11.452421089111237,-10.622295270657418,17.39859810313093,6,11,1,1,1,1,1,0,0,1
8,4,0.08,476,21065295,0.00014371794557847898,0.00025581749275587325,-8.424889995825227,-5.920697618604843,43.82012581304239,6,15,1,1,1,1,1,0,0,1
8,4,0.08,477,21065296,0.00015874939002641952,0.00026537120108150543,-7.992879347520122,-5.761462099192977,40.17836548222064,4,14,1,1,1,1,1,0,0,1
8,4,0.08,478,21065297,9.552505923129221e-05,0.00016513257289269887,-10.198826843507245,-7.821672524048369,42.152503556422374,5,16,1,1,1,1,1,0,0,1
8,4,0.08,479,21065298,0.00019928061704494918,0.00031241371412586314,-7.005349407364956,-5.0526991001093755,36.212589897809565,5,15,1,1,1,1,1,0,0,1
8,4,0.08,480,21065299,0.00010113912744541541,0.00020240514623051737,-9.950807974631724,-6.937784495837037,50.031345877822204,3,22,1,1,1,1,1,0,0,1
8,4,0.08,481,21065300,0.0001247087309419049,0.0001805335428472931,-9.041031402090693,-7.434420950320291,30.922127281692156,6,12,1,1,1,1,1,0,0,1
8,4,0.08,482,21065301,6.912157127830925e-05,0.00010638974319719832,-11.60386397992372,-9.731002394053958,35.029854193567125,6,14,1,1,1,1,1,0,0,1
8,4,0.08,483,21065302,8.459326666371145e-05,0.00015103152077236873,-10.726642039488256,-8.209324045683863,43.98966107796233,4,13,1,1,1,1,1,0,0,1
8,4,0.08,484,21065303,0.0001174056621119613,0.00023034846637179102,-9.303109579037008,-6.376146748742304,49.03128118836086,5,17,1,1,1,1,1,0,0,1
8,4,0.08,485,21065304,9.989751396928648e-05,0.00019561517427260162,-10.004453194102023,-7.08597459122818,48.93161313238756,5,13,1,1,1,1,1,0,0,1
8,4,0.08,486,21065305,0.0001487697604921564,0.0002445699685971678,-8.274853361692948,-6.115968722108583,39.170879668715294,6,14,1,1,1,1,1,0,0,1
8,4,0.08,487,21065306,8.663552337895095e-05,0.00011092322777422863,-10.62303996618745,-9.549775012999058,21.895958928198958,5,14,1,1,1,1,1,0,0,1
8,4,0.08,488,21065307,0.00012599436060525105,0.00022507173507470892,-8.996488930795085,-6.476790410804688,44.020353971399715,4,8,1,1,1,1,1,0,0,1
8,4,0.08,489,21065308,0.00015532773974838941,0.00033006564082377116,-8.087509773439244,-4.813996825078807,52.94034866497295,10,10,1,1,1,1,1,0,0,1
8,4,0.08,490,21065309,0.00017829731519604372,0.00027036768492458697,-7.488551963889861,-5.680452176771732,34.053762658146155,6,21,1,1,1,1,1,0,0,1
8,4,0.08,491,21065310,0.00011612795889799056,0.00015610559451147984,-9.350632071925013,-8.065815324153085,25.60935483356387,4,12,1,1,1,1,1,0,0,1
8,4,0.08,492,21065311,0.00014104588909479607,0.00016924396508576995,-8.506395672148406,-7.714868084725196,16.66120028367545,5,12,1,1,1,1,1,0,0,1
8,4,0.08,493,21065312,0.00011626530292025886,0.00018059473044515815,-9.345498725332138,-7.432949260711182,35.62087740120105,3,9,1,1,1,1,1,0,0,1
8,4,0.08,494,21065313,9.846013531199688e-05,0.0001357061846752996,-10.06739571719741,-8.674003593472722,27.446095734266134,8,10,1,1,1,1,1,0,0,1
8,4,0.08,495,21065314,0.00018770205343954845,0.00030274180769447655,-7.265309762194278,-5.1892760019554975,37.999295548576775,4,9,1,1,1,1,1,0,0,1
8,4,0.08,496,21065315,0.00010362296676332465,0.00015857021019429325,-9.845439778615162,-7.997783981244434,34.65168102107119,5,12,1,1,1,1,1,0,0,1
8,4,0.08,497,21065316,0.00010796294290937804,0.0003099719227716697,-9.66725285732008,-5.086776427385348,65.1700896184377,5,14,1,1,1,1,1,0,0,1
8,4,0.08,498,21065317,0.00014086759593077763,0.00020686846980194873,-8.511888970747512,-6.8430569799798855,31.904752780527097,4,21,1,1,1,1,1,0,0,1
8,4,0.08,499,21065318,0.0001838462976009578,0.0003719766273706112,-7.3554511177099275,-4.294843475451561,50.57584695562435,4,13,1,1,1,1,1,0,0,1
8,4,0.08,500,21065319,0.00011323637865772169,0.00018990862865160465,-9.460140279868757,-7.214553022948711,40.373231347239845,7,25,1,0,1,1,1,0,0,1
8,6,0.08,1,21066820,0.00011891532951445094,0.00021751618991095129,-9.247621563619369,-6.625084126067529,45.33035469077793,15,17,1,1,1,1,1,0,0,1
8,6,0.08,2,21066821,6.856399605141322e-05,0.0001248813442476019,-11.639038787671222,-9.03502435088386,45.096686407001215,8,19,1,1,1,1,1,0,0,1
8,6,0.08,3,21066822,7.526882455031913e-05,8.812286709108621e-05,-11.233848661537998,-10.549113814533868,14.586500604299205,8,25,1,0,1,1,1,0,0,1
8,6,0.08,4,21066823,0.00015571001581856367,0.00024861146209065256,-8.076834511773312,-6.0447885233167264,37.36812675121702,4,19,1,1,1,1,1,0,0,1
8,6,0.08,5,21066824,0.0001716211796454459,0.00022030668864173898,-7.654291172125425,-6.569723172110033,22.09896998427727,7,25,1,0,1,1,1,0,0,1
8,6,0.08,6,21066825,0.00014099055941772342,0.00024662830746380267,-8.508099662811539,-6.079570774978999,42.83277500965033,6,14,1,1,1,1,1,0,0,1
8,6,0.08,7,21066826,0.00016945503284788419,0.00026312237059976503,-7.709455280033182,-5.798422267336758,35.59839383415942,5,25,1,0,1,1,1,0,0,1
8,6,0.08,8,21066827,9.255852731290831e-05,0.00013453950391406063,-10.335835640062376,-8.711501780192282,31.203457259637574,8,19,1,1,1,1,1,0,0,1
8,6,0.08,9,21066828,8.013291118988004e-05,0.00016209870669654916,-10.961890792640258,-7.902204501532912,50.565360561518936,7,14,1,1,1,1,1,0,0,1
8,6,0.08,10,21066829,7.796557235656784e-05,0.00015146283579766705,-11.080971285433353,-8.19693916257284,48.52494874668871,4,13,1,1,1,1,1,0,0,1
8,6,0.08,11,21066830,0.00010048446015267933,0.00012916059119337858,-9.979010963705367,-8.888699757992361,22.201919932191622,6,12,1,1,1,1,1,0,0,1
8,6,0.08,12,21066831,0.00017584990003956718,0.0003287141345708191,-7.548578742181032,-4.831816210351051,46.50369985788318,5,20,1,1,1,1,1,0,0,1
8,6,0.08,13,21066832,0.00012594795888572815,0.00022422423731247702,-8.998088662909021,-6.493174445414996,43.82946268640525,16,25,1,0,1,1,1,0,0,1
8,6,0.08,14,21066833,5.747499869308537e-05,7.86898197129851e-05,-12.405210299340348,-11.040814497051754,26.96005798117103,4,9,1,1,1,1,1,0,0,1
8,6,0.08,15,21066834,5.330709156832227e-05,0.0001067806652278347,-12.732150119092092,-9.715073778789538,50.0779551667125,8,24,1,1,1,1,1,0,0,1
8,6,0.08,16,21066835,6.891169592080891e-05,0.00012144764958647672,-11.617070619415593,-9.156108858115138,43.25810655418211,5,25,1,0,1,1,1,0,0,1
8,6,0.08,17,21066836,8.671092422731283e-05,0.0001432027629495907,-10.619261847294128,-8.440486026832945,39.44884690679031,5,17,1,1,1,1,1,0,0,1
8,6,0.08,18,21066837,7.304318837618658e-05,9.0433506093138e-05,-11.364202778620065,-10.436706313020599,19.22994968152736,8,13,1,1,1,1,1,0,0,1
8,6,0.08,19,21066838,0.00010661811830818679,0.00014562398116962845,-9.721689865604686,-8.367671000776737,26.785329276231035,4,11,1,1,1,1,1,0,0,1
8,6,0.08,20,21066839,0.0001388097595410117,0.00022486157687670678,-8.575799981044964,-6.48084748103853,38.26879564349844,9,25,1,0,1,1,1,0,0,1
8,6,0.08,21,21066840,8.362886954645308e-05,0.00015250861301954787,-10.776437737527644,-8.167056285713974,45.16449406320815,4,23,1,1,1,1,1,0,0,1
8,6,0.08,22,21066841,8.905862642102353e-05,0.00018370967951445978,-10.50324007412411,-7.358679604662707,51.5220827468627,5,25,1,0,1,1,1,0,0,1
8,6,0.08,23,21066842,0.00010162537900052797,0.0001546919718545707,-9.929978217419738,-8.105322245665077,34.30468447576051,4,25,1,0,1,1,1,0,0,1
8,6,0.08,24,21066843,0.00012155384577125035,0.0001697940623206461,-9.152312962133957,-7.70077501055945,28.41101502024077,5,13,1,1,1,1,1,0,0,1
8,6,0.08,25,21066844,8.726613054114102e-05,0.0001383489681156134,-10.591542806150013,-8.590240757233639,36.923179312609136,6,22,1,1,1,1,1,0,0,1
8,6,0.08,26,21066845,0.00013792861928067521,0.00024360787172274823,-8.603456112273705,-6.133086824163439,43.38088572209492,3,9,1,1,1,1,1,0,0,1
8,6,0.08,27,21066846,0.00013405026299052024,0.00014767277458856696,-8.727323296466391,-8.306995651878909,9.22479559011509,4,15,1,1,1,1,1,0,0,1
8,6,0.08,28,21066847,9.971370894817e-05,0.00017043312421993263,-10.012451294390338,-7.684459948516336,41.493938220896496,7,17,1,1,1,1,1,0,0,1
8,6,0.08,29,21066848,0.00014368634165195767,0.00025571053792548186,-8.425845124997604,-5.9225137416926374,43.80898698283988,7,25,1,0,1,1,1,0,0,1
8,6,0.08,30,21066849,0.00013322327544668927,0.0002607494038687269,-8.754198929210471,-5.837766757943111,48.90754361465005,5,25,1,0,1,1,1,0,0,1
8,6,0.08,31,21066850,0.00011465372022832984,0.0001346862460486737,-9.406118489286131,-8.706767514941289,14.873475509224885,8,23,1,1,1,1,1,0,0,1
8,6,0.08,32,21066851,6.343068706680885e-05,0.00010092004886723313,-11.977005843977793,-9.960225478615126,37.14758585753755,6,15,1,1,1,1,1,0,0,1
8,6,0.08,33,21066852,0.00012588115380528507,0.00015446328996180687,-9.000392850710826,-8.111747192254608,18.504161191690994,6,11,1,1,1,1,1,0,0,1
8,6,0.08,34,21066853,6.45413863348461e-05,9.162379623145646e-05,-11.901617102815491,-10.379917181458518,29.558270897437854,3,12,1,1,1,1,1,0,0,1
8,6,0.08,35,21066854,0.00018068696830436537,0.0002300580164577651,-7.430731689531392,-6.381626289816065,21.46025985687113,7,25,1,0,1,1,1,0,0,1
8,6,0.08,36,21066855,8.28480505759569e-05,9.351169097455002e-05,-10.817177061229222,-10.291340895731036,11.403537127240389,4,18,1,1,1,1,1,0,0,1
8,6,0.08,37,21066856,6.183088371870924e-05,8.680447825575209e-05,-12.087945462972387,-10.614578689295858,28.76993795580815,5,25,1,0,1,1,1,0,0,1
8,6,0.08,38,21066857,0.00011587613724174699,0.00012956645864714377,-9.360059905355442,-8.875074113495494,10.566254220685666,8,25,1,0,1,1,1,0,0,1
8,6,0.08,39,21066858,0.0001826809849485286,0.0002873041087134458,-7.3830665550297345,-5.416581631524383,36.415463821043794,9,25,1,0,1,1,1,0,0,1
8,6,0.08,40,21066859,0.00010667866139687275,0.00015294249610350023,-9.719224424722157,-8.154718261705604,30.249169384105983,6,25,1,0,1,1,1,0,0,1
8,6,0.08,41,21066860,9.761837664908335e-05,0.0001485302893577512,-10.104684187467717,-8.28184972881714,34.27712484020079,5,17,1,1,1,1,1,0,0,1
8,6,0.08,42,21066861,9.748839420773098e-05,0.00013908670205153221,-10.110470830865829,-8.567143905091278,29.90818477268149,7,10,1,1,1,1,1,0,0,1
8,6,0.08,43,21066862,0.0001064739968790379,0.00020077899962158552,-9.727564428433256,-6.972817139643479,46.969555043250146,6,20,1,1,1,1,1,0,0,1
8,6,0.08,44,21066863,0.00013649472380908214,0.00016755150185206972,-8.648841359117808,-7.758516750018324,18.53566079664713,4,12,1,1,1,1,1,0,0,1
8,6,0.08,45,21066864,0.00010737323919963989,0.00013039241551507624,-9.69103945043358,-8.84747669307673,17.653769373399502,5,17,1,1,1,1,1,0,0,1
8,6,0.08,46,21066865,0.000146137717527417,0.00027931204136627855,-8.352376800275401,-5.539103411117275,47.679406583199224,7,17,1,1,1,1,1,0,0,1
8,6,0.08,47,21066866,7.564804338014555e-05,0.00012518091662489715,-11.212023004259255,-9.024618726926336,39.569029034334484,4,17,1,1,1,1,1,0,0,1
8,6,0.08,48,21066867,0.00017069590016343246,0.00020634380445879992,-7.677769098037234,-6.8540856642673775,17.27597510807996,6,9,1,1,1,1,1,0,0,1
8,6,0.08,49,21066868,6.455874794081699e-05,0.00011156130430988047,-11.900449009574087,-9.524864168578304,42.131594516415745,4,11,1,1,1,1,1,0,0,1
8,6,0.08,50,21066869,0.00012658735701408125,0.0001571530780501332,-8.976096675667485,-8.03677108333347,19.449648339882476,4,16,1,1,1,1,1,0,0,1
8,6,0.08,51,21066870,8.660034775467777e-05,0.00012107369827098479,-10.62480364014589,-9.16950191591911,28.473030070618172,11,17,1,1,1,1,1,0,0,1
8,6,0.08,52,21066871,7.100367272330158e-05,0.00012392426380715296,-11.487191864610619,-9.06843652414264,42.703978589862544,6,25,1,0,1,1,1,0,0,1
8,6,0.08,53,21066872,8.994864147607575e-05,0.00014977132856387084,-10.460053915613347,-8.24571317733222,39.94268306318947,6,21,1,1,1,1,1,0,0,1
8,6,0.08,54,21066873,9.394938528991274e-05,0.00021843496193442593,-10.271060571395305,-6.606778487511736,56.9897673623711,4,19,1,1,1,1,1,0,0,1
8,6,0.08,55,21066874,9.983967883442501e-05,0.00012345482529522672,-10.006968247035315,-9.084919307775232,19.128573066568315,5,14,1,1,1,1,1,0,0,1
8,6,0.08,56,21066875,8.801693948352722e-05,0.0001115599888878355,-10.554337367560827,-9.524915376647899,21.103488480963282,6,23,1,1,1,1,1,0,0,1
8,6,0.08,57,21066876,9.404128048412992e-05,0.0001589845678298533,-10.266814660697934,-7.986450293374415,40.848799498091076,4,20,1,1,1,1,1,0,0,1
8,6,0.08,58,21066877,7.010793585167636e-05,0.00010826065249544163,-11.542328193868052,-9.655293597101727,35.24153583442674,7,10,1,1,1,1,1,0,0,1
8,6,0.08,59,21066878,4.833845374443074e-05,0.0001057319866181306,-13.157072459639853,-9.757936076759815,54.28209069880296,6,22,1,1,1,1,1,0,0,1
8,6,0.08,60,21066879,0.00013725203458751518,0.00016704444336951995,-8.62481208964708,-7.771679663239166,17.83501934039244,5,16,1,1,1,1,1,0,0,1
8,6,0.08,61,21066880,0.00010949752794418652,0.00017230713772859824,-9.60595685502563,-7.636967317688182,36.45212300104678,10,25,1,0,1,1,1,0,0,1
8,6,0.08,62,21066881,6.986817457796674e-05,0.00010190818846441118,-11.557206032616483,-9.917909184270162,31.44007794587929,6,25,1,0,1,1,1,0,0,1
8,6,0.08,63,21066882,0.00010393348825431233,0.00013826470056437645,-9.832444965165237,-8.592886825579608,24.830063038453844,6,17,1,1,1,1,1,0,0,1
8,6,0.08,64,21066883,0.0001248113203067559,0.00022032445208192163,-9.037460226359983,-6.569373012380401,43.35112642860529,5,25,1,0,1,1,1,0,0,1
8,6,0.08,65,21066884,0.00018631859962539186,0.00022594777354923603,-7.297437886277899,-6.459919337753331,17.53908582560501,5,14,1,1,1,1,1,0,0,1
8,6,0.08,66,21066885,6.54266864313649e-05,6.950646749854055e-05,-11.842450742150731,-11.579747829171374,5.869642371425828,7,11,1,1,1,1,1,0,0,1
8,6,0.08,67,21066886,0.00012013033086055223,0.00018108026639256374,-9.203473267993404,-7.421288752727907,33.65907105519615,6,18,1,1,1,1,1,0,0,1
8,6,0.08,68,21066887,0.00011281889163498347,0.00020621814256593766,-9.476181712227072,-6.85673129209306,45.29148103498704,8,19,1,1,1,1,1,0,0,1
8,6,0.08,69,21066888,8.759404660549461e-05,0.00016336547185590386,-10.57525409976256,-7.868397285074944,46.38154218857413,4,12,1,1,1,1,1,0,0,1
8,6,0.08,70,21066889,0.00020648697178479643,0.00033199231020519137,-6.851073447846526,-4.788719755553894,37.80368838748856,8,23,1,1,1,1,1,0,0,1
8,6,0.08,71,21066890,0.00010988851304357305,0.00012151247862501417,-9.59047703231865,-9.15379120257393,9.566067380875767,3,12,1,1,1,1,1,0,0,1
8,6,0.08,72,21066891,6.800628464185346e-05,0.00011357608125643264,-11.674509511296618,-9.447131199637703,40.12270551199197,6,15,1,1,1,1,1,0,0,1
8,6,0.08,73,21066892,0.00021492703309814747,0.0003193328759128057,-6.677089563699537,-4.957563677351264,32.694987171683,4,23,1,1,1,1,1,0,0,1
8,6,0.08,74,21066893,0.00012835267994160381,0.00017521636270325855,-8.915950590400673,-7.564253393784766,26.746179431324997,5,18,1,1,1,1,1,0,0,1
8,6,0.08,75,21066894,0.0001421020110792371,0.00016549379217739463,-8.473997757359014,-7.812182923635897,14.134536885277013,4,12,1,1,1,1,1,0,0,1
8,6,0.08,76,21066895,0.00012144181846759222,0.00015867697171627695,-9.156317382821923,-7.994860964475732,23.466009494599636,5,18,1,1,1,1,1,0,0,1
8,6,0.08,77,21066896,8.069155813635746e-05,0.00011578534458634731,-10.93171898320929,-9.363464075176436,30.309350959195477,12,15,1,1,1,1,1,0,0,1
8,6,0.08,78,21066897,8.178217322024175e-05,0.00012776911240631176,-10.873413530013124,-8.935741221775514,35.99221934001498,12,16,1,1,1,1,1,0,0,1
8,6,0.08,79,21066898,0.00013975591877998127,0.00023425571279724365,-8.546297903177221,-6.303098091656212,40.34044373511402,6,25,1,0,1,1,1,0,0,1
8,6,0.08,80,21066899,0.00013627567106654266,0.0002860040438187638,-8.655816706851207,-5.436278263263439,52.35183767090427,10,25,1,0,1,1,1,0,0,1
8,6,0.08,81,21066900,5.882287173879659e-05,7.791394485416925e-05,-12.304537770090143,-11.083848063681991,24.502767959067185,10,20,1,1,1,1,1,0,0,1
8,6,0.08,82,21066901,0.0002242772612088189,0.0002864276734150992,-6.492147559851693,-5.429850246642149,21.69846630573651,5,17,1,1,1,1,1,0,0,1
8,6,0.08,83,21066902,0.0002107946014112075,0.0002441279322790577,-6.761405158852285,-6.123825272577354,13.654042188727324,8,13,1,1,1,1,1,0,0,1
8,6,0.08,84,21066903,0.00013952091805770453,0.0002598787689818258,-8.553606747130893,-5.852291991087099,46.31307566819293,5,14,1,1,1,1,1,0,0,1
8,6,0.08,85,21066904,0.00017508938907303715,0.0002582845439535774,-7.567401726296449,-5.879015817341955,32.210659456066125,7,18,1,1,1,1,1,0,0,1
8,6,0.08,86,21066905,0.000113031207113948,0.00013495355698060714,-9.46801634337312,-8.69815664225717,16.244366104266064,5,12,1,1,1,1,1,0,0,1
8,6,0.08,87,21066906,7.973303638116002e-05,0.0001377286050400787,-10.983616968564299,-8.609758511672194,42.10858640588285,7,9,1,1,1,1,1,0,0,1
8,6,0.08,88,21066907,0.00018293348152066788,0.00022414227838691615,-7.3770680021567046,-6.494762178140967,18.385106621925797,5,13,1,1,1,1,1,0,0,1
8,6,0.08,89,21066908,5.706137450371312e-05,7.573775833161912e-05,-12.436577711964974,-11.206875531710324,24.659277273735942,6,11,1,1,1,1,1,0,0,1
8,6,0.08,90,21066909,8.001809103191511e-05,0.00017764265752295865,-10.968118136692757,-7.504527384316906,54.95558772443296,4,11,1,1,1,1,1,0,0,1
8,6,0.08,91,21066910,0.00010513546788547357,0.00012258100973108028,-9.782507482111937,-9.115768055746228,14.231847073114302,6,17,1,1,1,1,1,0,0,1
8,6,0.08,92,21066911,0.00019124491105023729,0.00028041111876498054,-7.184101124211701,-5.522047698689309,31.798385209352432,6,23,1,1,1,1,1,0,0,1
8,6,0.08,93,21066912,6.152052869287902e-05,7.940646074996015e-05,-12.10979940966486,-11.001441606219391,22.524529979243667,4,10,1,1,1,1,1,0,0,1
8,6,0.08,94,21066913,0.00010133273926395673,0.00011640667627624568,-9.942502171813864,-9.340221108649544,12.949374979590397,4,13,1,1,1,1,1,0,0,1
8,6,0.08,95,21066914,0.0001314804802077079,0.0001964783451658827,-8.811387184086604,-7.066853083583082,33.08143953640205,6,12,1,1,1,1,1,0,0,1
8,6,0.08,96,21066915,0.00013532784453777253,0.00016580807183742726,-8.686128354427048,-7.803943310286661,18.38283683169551,9,15,1,1,1,1,1,0,0,1
8,6,0.08,97,21066916,0.0001644769570707643,0.0002320717092660036,-7.838949373370578,-6.343777990465707,29.126666239942814,5,19,1,1,1,1,1,0,0,1
8,6,0.08,98,21066917,0.00013415802283816354,0.00019975616560770885,-8.723833507955508,-6.994998070173214,32.83910790436888,7,21,1,1,1,1,1,0,0,1
8,6,0.08,99,21066918,5.9233544435911454e-05,9.752538546422357e-05,-12.274322791284057,-10.108823244854923,39.26346032475737,4,16,1,1,1,1,1,0,0,1
8,6,0.08,100,21066919,0.00021991536188968385,0.00036731727100946046,-6.577444325268919,-4.3495865094203605,40.12931619433168,6,12,1,1,1,1,1,0,0,1
8,6,0.08,101,21066920,0.00012581548290065912,0.00016479458875943452,-9.002659111597035,-7.83057053018158,23.653146715682947,7,20,1,1,1,1,1,0,0,1
8,6,0.08,102,21066921,0.00014333688405336514,0.0002414660690942776,-8.43642040728332,-6.17143887854197,40.63891270893182,7,20,1,1,1,1,1,0,0,1
8,6,0.08,103,21066922,0.00023434519715403448,0.0003165577573384275,-6.301439428089068,-4.995470395015555,25.970793094955095,7,25,1,0,1,1,1,0,0,1
8,6,0.08,104,21066923,5.339373250759093e-05,9.582466442938863e-05,-12.725097185728734,-10.185226929368502,44.27976051308194,5,10,1,1,1,1,1,0,0,1
8,6,0.08,105,21066924,8.994697004967512e-05,0.00011703044596903864,-10.46013461699973,-9.317011399952612,23.1422478954995,5,25,1,0,1,1,1,0,0,1
8,6,0.08,106,21066925,0.00010652449456063378,0.00014841432475683926,-9.725505177710055,-8.285241794976185,28.22492388442788,6,18,1,1,1,1,1,0,0,1
8,6,0.08,107,21066926,8.225114650004656e-05,0.0001299669601419243,-10.848580396980676,-8.86167038860676,36.713802946358,7,15,1,1,1,1,1,0,0,1
8,6,0.08,108,21066927,0.00021694152489164898,0.000346725986320082,-6.63657311493216,-4.600136077451414,37.43142035757937,7,13,1,1,1,1,1,0,0,1
8,6,0.08,109,21066928,8.097019130851908e-05,0.00013966001495838783,-10.916748346137057,-8.549279157795723,42.02335483592464,10,25,1,0,1,1,1,0,0,1
8,6,0.08,110,21066929,7.311599553358669e-05,0.00011408302250959308,-11.359876023575126,-9.427789811646425,35.909836603918464,6,17,1,1,1,1,1,0,0,1
8,6,0.08,111,21066930,8.266955292064759e-05,0.0001471103598707159,-10.826544110430977,-8.323567421177597,43.80439760102581,4,19,1,1,1,1,1,0,0,1
8,6,0.08,112,21066931,0.0001433626297669223,0.00023501730100053056,-8.435640411446453,-6.289001655900074,38.999116594144425,3,18,1,1,1,1,1,0,0,1
8,6,0.08,113,21066932,0.00011192996163639277,0.00018925874235016337,-9.510536450924146,-7.229440501806373,40.85876285212663,7,14,1,1,1,1,1,0,0,1
8,6,0.08,114,21066933,0.00013432804591688316,0.00017728792874095782,-8.718333029282846,-7.513208338275299,24.23170214078421,7,25,1,0,1,1,1,0,0,1
8,6,0.08,115,21066934,0.0001173321288892039,0.0001682213660528275,-9.30583049361906,-7.7411884462884375,30.251351750194786,4,14,1,1,1,1,1,0,0,1
8,6,0.08,116,21066935,6.159367613605061e-05,9.287834265784349e-05,-12.104638748518255,-10.320855428493175,33.683489203767486,6,11,1,1,1,1,1,0,0,1
8,6,0.08,117,21066936,0.00010373393640947126,0.00014994695916871448,-9.840791415445798,-8.240623370377534,30.819579813716746,10,20,1,1,1,1,1,0,0,1
8,6,0.08,118,21066937,0.00012808096502612892,0.00023661362685344555,-8.925154088843234,-6.25960247464472,45.86915101662336,5,8,1,1,1,1,1,0,0,1
8,6,0.08,119,21066938,0.00011511533417051691,0.00017086458221242455,-9.38866821443438,-7.673479509937372,32.6277378963174,4,12,1,1,1,1,1,0,0,1
8,6,0.08,120,21066939,0.00011681121146636409,0.00014313406566259765,-9.325154719128061,-8.442569925951325,18.390348988117914,5,18,1,1,1,1,1,0,0,1
8,6,0.08,121,21066940,6.423871119577022e-05,0.00011403479148424812,-11.922031807770088,-9.429626272211188,43.66744538254042,7,20,1,1,1,1,1,0,0,1
8,6,0.08,122,21066941,0.00013036063262239188,0.0001685221086639699,-8.8485354062982,-7.7334311532137745,22.644789068994697,7,16,1,1,1,1,1,0,0,1
8,6,0.08,123,21066942,0.00010416189858343194,0.0001453761267178443,-9.822911127160397,-8.37506906310297,28.35006617998819,5,15,1,1,1,1,1,0,0,1
8,6,0.08,124,21066943,0.00011267401220729113,0.00016923681363134813,-9.48176240621557,-7.715051601036238,33.422279828116395,9,25,1,0,1,1,1,0,0,1
8,6,0.08,125,21066944,0.00012622761248639198,0.0001800415387609512,-8.988456321065666,-7.446272839332128,29.889728028824646,6,14,1,1,1,1,1,0,0,1
8,6,0.08,126,21066945,0.0001145354981517372,0.00020907720045393804,-9.410598909475176,-6.796933237433443,45.21856141986625,4,16,1,1,1,1,1,0,0,1
8,6,0.08,127,21066946,0.00013621629539089004,0.00022404873514590023,-8.657709351910697,-6.496575035282489,39.202381436259316,6,15,1,1,1,1,1,0,0,1
8,6,0.08,128,21066947,7.226565665623144e-05,0.0001467895962074452,-11.410680466645305,-8.33304724187063,50.76922443869621,7,17,1,1,1,1,1,0,0,1
8,6,0.08,129,21066948,7.179054921496358e-05,0.0001605490575184089,-11.439327241969785,-7.943922395571842,55.28435337794997,4,25,1,0,1,1,1,0,0,1
8,6,0.08,130,21066949,0.00013392289646666357,0.00014278832981740397,-8.731451663857179,-8.45307286278445,6.208794067468547,11,13,1,1,1,1,1,0,0,1
8,6,0.08,131,21066950,0.00010303229092474604,0.0001384735617201826,-9.870266435216514,-8.586331370332887,25.594250884550593,6,17,1,1,1,1,1,0,0,1
8,6,0.08,132,21066951,0.00010793703014228523,0.0001762416348627071,-9.668295355997058,-7.538914872113558,38.75622509609118,6,25,1,0,1,1,1,0,0,1
8,6,0.08,133,21066952,0.00011690852601032267,0.00019915302485559814,-9.321538150638917,-7.008130928794671,41.297137668337854,5,13,1,1,1,1,1,0,0,1
8,6,0.08,134,21066953,8.956834808559509e-05,0.00010863833055081091,-10.478454354308012,-9.640169168314436,17.553640937345456,6,13,1,1,1,1,1,0,0,1
8,6,0.08,135,21066954,0.00012740959115775666,0.00016986487126151664,-8.947978778868258,-7.698964256906622,24.993560933736358,4,19,1,1,1,1,1,0,0,1
8,6,0.08,136,21066955,9.758841934748736e-05,0.00019938109215296006,-10.106017162665795,-7.0031602938938144,51.054326017724875,7,11,1,1,1,1,1,0,0,1
8,6,0.08,137,21066956,0.00011203470497844172,0.00021023583692331306,-9.506474251339537,-6.772932519069082,46.70998692800971,3,18,1,1,1,1,1,0,0,1
8,6,0.08,138,21066957,7.80485760870481e-05,0.00012801197718345837,-11.07635015768491,-8.927493945604336,39.03025497747449,5,13,1,1,1,1,1,0,0,1
8,6,0.08,139,21066958,0.00015430914214227645,0.0003233134943556111,-8.116083431246208,-4.903761685654477,52.27259460672171,3,25,1,0,1,1,1,0,0,1
8,6,0.08,140,21066959,7.386575610538155e-05,0.00012690356407491174,-11.315568522848267,-8.965261806134802,41.79378913126643,6,10,1,1,1,1,1,0,0,1
8,6,0.08,141,21066960,9.820982283695212e-05,0.00013132752022683946,-10.078450723908777,-8.816442561627193,25.217637044150216,14,15,1,1,1,1,1,0,0,1
8,6,0.08,142,21066961,0.00012970015235649326,0.00016393542514398938,-8.870595137575124,-7.853271886982424,20.88338914998162,6,11,1,1,1,1,1,0,0,1
8,6,0.08,143,21066962,0.00013841629607151484,0.00019452799702914385,-8.588127763727138,-7.110178849282532,28.84505151678627,7,17,1,1,1,1,1,0,0,1
8,6,0.08,144,21066963,8.964814167851818e-05,0.00013775741644230047,-10.474587085237715,-8.608850107465033,34.92318308969797,5,13,1,1,1,1,1,0,0,1
8,6,0.08,145,21066964,0.00021955882024517952,0.0003053853038404702,-6.58449111477529,-5.151518664759276,28.10432673607812,7,21,1,1,1,1,1,0,0,1
8,6,0.08,146,21066965,0.00011779106078889685,0.0001449643221552464,-9.28887667081716,-8.387388708524844,18.744792485732418,12,19,1,1,1,1,1,0,0,1
8,6,0.08,147,21066966,6.529414748423744e-05,0.0001101998310522832,-11.85125744133937,-9.578190713019959,40.74932160897843,5,18,1,1,1,1,1,0,0,1
8,6,0.08,148,21066967,0.00011396316886385508,0.0002132901881202448,-9.432354832571274,-6.710291227186315,46.56895853099111,7,19,1,1,1,1,1,0,0,1
8,6,0.08,149,21066968,7.85923809713319e-05,0.00012818308993094293,-11.046195539922879,-8.921692636945037,38.68740329658726,5,14,1,1,1,1,1,0,0,1
8,6,0.08,150,21066969,9.259365190610451e-05,0.00018211596842639962,-10.334187869320326,-7.396519724070498,49.156763843295096,5,25,1,0,1,1,1,0,0,1
8,6,0.08,151,21066970,5.7570999085491766e-05,8.507007292619833e-05,-12.397962337452988,-10.70223194896615,32.32520308823892,9,12,1,1,1,1,1,0,0,1
8,6,0.08,152,21066971,7.646411934101734e-05,0.00012367756287937157,-11.165423089996668,-9.07709081304704,38.17462314033765,9,20,1,1,1,1,1,0,0,1
8,6,0.08,153,21066972,0.00010375957353973741,0.00014697689431523558,-9.839718219058518,-8.327509336879391,29.40415973330188,6,12,1,1,1,1,1,0,0,1
8,6,0.08,154,21066973,0.00020699937320554972,0.0002808480828771218,-6.84030969585513,-5.515285363551483,26.2948954164244,10,14,1,1,1,1,1,0,0,1
8,6,0.08,155,21066974,0.00017606444127645984,0.0003043551329350299,-7.543283471376335,-5.16619369493159,42.15164384494085,12,25,1,0,1,1,1,0,0,1
8,6,0.08,156,21066975,0.00012161111829512996,0.0001537057183885434,-9.150267178799913,-8.133099749310134,20.880550463505486,7,17,1,1,1,1,1,0,0,1
8,6,0.08,157,21066976,8.97516392322038e-05,0.00017463278915920123,-10.469576106827972,-7.578742095768755,48.60550549279544,5,14,1,1,1,1,1,0,0,1
8,6,0.08,158,21066977,0.00010497535283323092,0.00016304467534938595,-9.789126569780178,-7.876933796494328,35.615589648493064,4,17,1,1,1,1,1,0,0,1
8,6,0.08,159,21066978,7.993903962736097e-05,0.00014399582391700407,-10.972410735770783,-8.416501028776674,44.48516807443248,4,19,1,1,1,1,1,0,0,1
8,6,0.08,160,21066979,8.796151762615061e-05,0.0001675830920112633,-10.557072862351106,-7.757698008407516,47.511699079857834,4,23,1,1,1,1,1,0,0,1
8,6,0.08,161,21066980,5.772504074180091e-05,0.00010253801996688858,-12.386357518896414,-9.891150731425165,43.7037688455059,5,15,1,1,1,1,1,0,0,1
8,6,0.08,162,21066981,4.4628183681168806e-05,6.612981013257076e-05,-13.50390788115723,-11.796027242111126,32.51427216908311,4,10,1,1,1,1,1,0,0,1
8,6,0.08,163,21066982,0.00012671589797714756,0.00017319291287023046,-8.971688944250687,-7.614698834752836,26.835402282255668,7,11,1,1,1,1,1,0,0,1
8,6,0.08,164,21066983,7.370081773164634e-05,0.00010540892497889947,-11.325276934927597,-9.771226158313562,30.08104603438503,4,10,1,1,1,1,1,0,0,1
8,6,0.08,165,21066984,0.00010269760628150092,0.00016908476253825518,-9.884396790010738,-7.718955280836461,39.262648662226,13,12,1,1,1,1,1,0,0,1
8,6,0.08,166,21066985,7.037861219332623e-05,9.948015532137152e-05,-11.525593013360481,-10.022635453244789,29.253616496709814,4,12,1,1,1,1,1,0,0,1
8,6,0.08,167,21066986,0.00015230069346692737,0.00020984579303178014,-8.172981191972845,-6.78099733059104,27.422565272079506,5,17,1,1,1,1,1,0,0,1
8,6,0.08,168,21066987,0.00010075277949298577,0.00015367455396863148,-9.967429640273938,-8.13398038719506,34.437565041801435,5,24,1,1,1,1,1,0,0,1
8,6,0.08,169,21066988,0.00012963763507106626,0.00019421708751284582,-8.8726890023281,-7.117125628622421,33.25116922964267,4,8,1,1,1,1,1,0,0,1
8,6,0.08,170,21066989,9.766844905884675e-05,0.00013087949061749157,-10.102457086724634,-8.8312840394203,25.37528332510662,6,17,1,1,1,1,1,0,0,1
8,6,0.08,171,21066990,7.62319028925759e-05,0.0001321288556252793,-11.178632392824301,-8.790023264406075,42.3048791788741,6,22,1,1,1,1,1,0,0,1
8,6,0.08,172,21066991,0.00011149900603986933,0.00021023957002043182,-9.527290041254533,-6.772855403335209,46.9657372163416,6,25,1,0,1,1,1,0,0,1
8,6,0.08,173,21066992,0.0001063865671863815,0.0002081407649949245,-9.731132044198734,-6.816428535771991,48.88720275964406,6,15,1,1,1,1,1,0,0,1
8,6,0.08,174,21066993,0.0001130014172465089,0.00015464349822801263,-9.469161096273899,-8.10668334587765,26.927792929325076,9,17,1,1,1,1,1,0,0,1
8,6,0.08,175,21066994,7.130879505856197e-05,0.00010541719308980524,-11.468569019877028,-9.770885517886573,32.35563102328689,6,14,1,1,1,1,1,0,0,1
8,6,0.08,176,21066995,0.0001208960188707754,0.00022159796525587566,-9.175880003048322,-6.544342316791778,45.443533864952826,9,23,1,1,1,1,1,0,0,1
8,6,0.08,177,21066996,6.739289683788184e-05,0.00011395897188360515,-11.713858753738416,-9.43251477537959,40.86214036160728,4,21,1,1,1,1,1,0,0,1
8,6,0.08,178,21066997,0.00013947958060357674,0.0001884789930571336,-8.55489367159455,-7.247370470908841,25.99728047077569,7,25,1,0,1,1,1,0,0,1
8,6,0.08,179,21066998,5.701911847735739e-05,0.0001359864841123498,-12.439795012212048,-8.665042546233297,58.07001052380387,9,18,1,1,1,1,1,0,0,1
8,6,0.08,180,21066999,0.0001303523660015506,0.000130411146049695,-8.848810816257467,-8.846852885043342,0.04507287139551484,5,14,1,1,1,1,1,0,0,1
8,6,0.08,181,21067000,9.098412783102653e-05,0.00013351649737347831,-10.410343636857696,-8.744650693135558,31.85551626888349,7,14,1,1,1,1,1,0,0,1
8,6,0.08,182,21067001,0.00010215114483415336,0.0001511917922885853,-9.907567617543002,-8.204717846319618,32.43605139677574,4,12,1,1,1,1,1,0,0,1
8,6,0.08,183,21067002,7.71334485491986e-05,0.00011773245651762408,-11.127572513885841,-9.291037942221905,34.48412542241312,6,11,1,1,1,1,1,0,0,1
8,6,0.08,184,21067003,9.68872402401896e-05,0.0001301825121853693,-10.137334144679045,-8.854473519544037,25.575840707214148,5,8,1,1,1,1,1,0,0,1
8,6,0.08,185,21067004,9.489359964952005e-05,0.00011995123807529554,-10.227630787279612,-9.209952651076208,20.88985393385132,5,12,1,1,1,1,1,0,0,1
8,6,0.08,186,21067005,6.518170619251802e-05,9.418197112329075e-05,-11.858742756552026,-10.260322245005355,30.79173708608133,4,13,1,1,1,1,1,0,0,1
8,6,0.08,187,21067006,9.765073026361107e-05,0.00015217883580262502,-10.103245045699747,-8.17645742659109,35.831595932128536,5,9,1,1,1,1,1,0,0,1
8,6,0.08,188,21067007,8.767245447710947e-05,0.0001432774616711564,-10.57136834771737,-8.438221211286995,38.80931902720953,5,18,1,1,1,1,1,0,0,1
8,6,0.08,189,21067008,0.0003014840445760127,0.00042017048005702125,-5.207356670593248,-3.765744631121015,28.24720943387113,9,20,1,1,1,1,1,0,0,1
8,6,0.08,190,21067009,0.0001375113574154161,0.00022333257794814168,-8.61661430858112,-6.510479209449938,38.42754215314411,3,16,1,1,1,1,1,0,0,1
8,6,0.08,191,21067010,0.00018578436056318294,0.0002501581938056318,-7.3099084796877145,-6.017852674506012,25.733249934026194,7,14,1,1,1,1,1,0,0,1
8,6,0.08,192,21067011,8.594555930611435e-05,0.00016001937644177764,-10.657765578212896,-7.958274262675799,46.29052979881766,4,20,1,1,1,1,1,0,0,1
8,6,0.08,193,21067012,0.00012166351852694216,0.00016874260462165108,-9.148396278308542,-7.727752516370126,27.899940385694556,3,21,1,1,1,1,1,0,0,1
8,6,0.08,194,21067013,0.00010122204853042637,0.00015079093888582888,-9.947248776925385,-8.216247546871733,32.872592160815124,9,12,1,1,1,1,1,0,0,1
8,6,0.08,195,21067014,7.258654847148307e-05,8.248479425337535e-05,-11.391438540365302,-10.836261045470998,12.00008543573137,3,8,1,1,1,1,1,0,0,1
8,6,0.08,196,21067015,9.365558501241679e-05,0.00012500010346304575,-10.284663190068349,-9.030896275246537,25.075594005324533,7,22,1,1,1,1,1,0,0,1
8,6,0.08,197,21067016,6.017878199726416e-05,0.000114807402952018,-12.2055660651319,-9.400301070813116,47.582838345002045,5,23,1,1,1,1,1,0,0,1
8,6,0.08,198,21067017,0.00011284933028203403,0.00016086549339512375,-9.475010139515724,-7.935371046596288,29.848640687130246,5,25,1,0,1,1,1,0,0,1
8,6,0.08,199,21067018,4.7134709242111967e-05,7.013597269931753e-05,-13.266591675883035,-11.540591755043927,32.79524411219776,5,25,1,0,1,1,1,0,0,1
8,6,0.08,200,21067019,7.34056410099049e-05,0.00012500454241712663,-11.34270564534347,-9.03074205305149,41.277621124392255,7,25,1,0,1,1,1,0,0,1
8,6,0.08,201,21067020,0.00010095882194308361,0.0001410778986511776,-9.958557257168499,-8.505410177527382,28.437534930464533,10,14,1,1,1,1,1,0,0,1
8,6,0.08,202,21067021,0.00010742353114105799,0.00010511322098686457,-9.689005759423555,-9.783426556127877,-2.197925372757941,11,22,1,1,1,1,0,1,0,1
8,6,0.08,203,21067022,7.67473403099274e-05,0.00010860911133576541,-11.149366661274762,-9.641337397852713,29.336186102598006,6,12,1,1,1,1,1,0,0,1
8,6,0.08,204,21067023,0.00010568277696168811,0.00016521892039477723,-9.75995783553138,-7.819402200148236,36.034700681273264,4,10,1,1,1,1,1,0,0,1
8,6,0.08,205,21067024,0.00010036186856443572,0.00011497761472120972,-9.984312614699318,-9.3938670529312,12.711818898151018,5,13,1,1,1,1,1,0,0,1
8,6,0.08,206,21067025,0.00012779255722237615,0.00022328455989636847,-8.934944392243967,-6.511413073076303,42.76695294932725,10,22,1,1,1,1,1,0,0,1
8,6,0.08,207,21067026,7.790134436495428e-05,0.00011439566641007211,-11.084550475232835,-9.415904273772647,31.901839632890717,5,25,1,0,1,1,1,0,0,1
8,6,0.08,208,21067027,0.00010235824505313363,0.00012489162010361138,-9.89877168762517,-9.034667006559117,18.042343458899676,5,25,1,0,1,1,1,0,0,1
8,6,0.08,209,21067028,6.15482631808004e-05,7.851479590738273e-05,-12.107841978364334,-11.050484938861837,21.60934449424834,9,15,1,1,1,1,1,0,0,1
8,6,0.08,210,21067029,7.732216123503313e-05,0.00016421930190483805,-11.116960154902092,-7.845757983852675,52.91530268479655,7,23,1,1,1,1,1,0,0,1
8,6,0.08,211,21067030,7.67135154093929e-05,9.353781332811393e-05,-11.151281151823131,-10.290127869893498,17.986627354334665,4,8,1,1,1,1,1,0,0,1
8,6,0.08,212,21067031,0.00011230418464802201,0.0002555137141720496,-9.496040608740268,-5.925857850423627,56.0476880812737,6,17,1,1,1,1,1,0,0,1
8,6,0.08,213,21067032,8.413908753102927e-05,0.00014548101057365468,-10.750022021168316,-8.371936908106345,42.16490028543552,9,25,1,0,1,1,1,0,0,1
8,6,0.08,214,21067033,0.00013100439678333595,0.00018251511886159972,-8.82714128262578,-7.387011544063831,28.222715136998644,15,23,1,1,1,1,1,0,0,1
8,6,0.08,215,21067034,7.490114440513365e-05,9.113010964155959e-05,-11.255115467192557,-10.40338107212561,17.808565467833883,7,12,1,1,1,1,1,0,0,1
8,6,0.08,216,21067035,0.00010420884116315489,0.00017279984032041417,-9.82095433575008,-7.624566631765413,39.6939019330541,9,25,1,0,1,1,1,0,0,1
8,6,0.08,217,21067036,0.00012402895750622306,0.00017731484464774148,-9.064769066365134,-7.5125490411298035,30.051565759977752,5,21,1,1,1,1,1,0,0,1
8,6,0.08,218,21067037,8.268755271059347e-05,0.00012411293987962108,-10.825598616198967,-9.061829370721574,33.37717018806152,8,25,1,0,1,1,1,0,0,1
8,6,0.08,219,21067038,0.00012637589121545207,0.00017304575874324042,-8.983357687019257,-7.618390405592756,26.969668523939703,5,25,1,0,1,1,1,0,0,1
8,6,0.08,220,21067039,0.0001677911119302436,0.00022629037783513566,-7.7523104792855415,-6.453339124259539,25.8514155416329,13,16,1,1,1,1,1,0,0,1
8,6,0.08,221,21067040,6.341043786609637e-05,0.00010927050432626933,-11.978392478826978,-9.614970524791927,41.96930062960083,6,25,1,0,1,1,1,0,0,1
8,6,0.08,222,21067041,9.753754795823397e-05,0.00020461042567524574,-10.108281665381153,-6.890722411132391,52.33011825455857,6,15,1,1,1,1,1,0,0,1
8,6,0.08,223,21067042,8.870945909024434e-05,0.00013910464158221225,-10.520300688754947,-8.566583784198134,36.2282537223489,6,16,1,1,1,1,1,0,0,1
8,6,0.08,224,21067043,7.475860591313276e-05,0.00012405667961845715,-11.26338805873714,-9.063798469231047,39.73834690477225,7,19,1,1,1,1,1,0,0,1
8,6,0.08,225,21067044,7.689550600882473e-05,0.0001230668850694316,-11.140990408565655,-9.098587916369297,37.517305353554704,3,10,1,1,1,1,1,0,0,1
8,6,0.08,226,21067045,6.765753430462357e-05,8.618840809396911e-05,-11.696838335862957,-10.645511406642989,21.500424708090424,4,23,1,1,1,1,1,0,0,1
8,6,0.08,227,21067046,0.0001445600077332433,0.0002000601061052578,-8.399518372145234,-6.988395051953137,27.741711954713338,4,13,1,1,1,1,1,0,0,1
8,6,0.08,228,21067047,0.0001267374365894765,0.00016420409397541218,-8.97095081227694,-7.846160191485772,22.817127441137934,5,14,1,1,1,1,1,0,0,1
8,6,0.08,229,21067048,5.96611276782473e-05,8.394508857667153e-05,-12.243085421269612,-10.760047082983812,28.92838796190488,6,15,1,1,1,1,1,0,0,1
8,6,0.08,230,21067049,0.00011519279261049726,0.00013034150937391663,-9.385746930257493,-8.849172541170985,11.622327251069,4,8,1,1,1,1,1,0,0,1
8,6,0.08,231,21067050,0.0001241644339684428,0.0001503371978028993,-9.06002786955375,-8.229335490086402,17.409373207002645,7,25,1,0,1,1,1,0,0,1
8,6,0.08,232,21067051,7.882073479700142e-05,0.00011092832754301665,-11.033595207924716,-9.549575347827377,28.94444859773469,4,15,1,1,1,1,1,0,0,1
8,6,0.08,233,21067052,5.4589584972776086e-05,0.00013672715633684636,-12.6289020748408,-8.641452186001786,60.0740727480011,8,15,1,1,1,1,1,0,0,1
8,6,0.08,234,21067053,8.303153144398426e-05,8.183918757587303e-05,-10.80756951820961,-10.870386905503757,-1.456935122927276,6,10,1,1,1,1,0,1,0,1
8,6,0.08,235,21067054,0.00010680024286503934,9.97774805177543e-05,-9.714277597154538,-10.009674666330692,-7.038424212400723,4,13,1,1,1,1,0,1,0,1
8,6,0.08,236,21067055,0.00014952964636978818,0.00018555340309376575,-8.252726937718437,-7.3153107617754864,19.41422583652302,7,12,1,1,1,1,1,0,0,1
8,6,0.08,237,21067056,0.00013576709808898828,0.0002242198285218476,-8.672054645892064,-6.49325983904993,39.449111622275915,4,13,1,1,1,1,1,0,0,1
8,6,0.08,238,21067057,8.106541060420662e-05,0.00014327810044643876,-10.911644132129792,-8.438201849137592,43.42093428680605,6,11,1,1,1,1,1,0,0,1
8,6,0.08,239,21067058,6.439831263413496e-05,5.637545836349876e-05,-11.911255118837385,-12.48909914046507,-14.231111379895632,6,10,1,1,1,1,0,1,0,1
8,6,0.08,240,21067059,8.421710316714803e-05,0.00013568840046713338,-10.745997011745942,-8.674572770892281,37.93345423985066,3,9,1,1,1,1,1,0,0,1
8,6,0.08,241,21067060,5.4237813269893543e-05,0.0001002346693675051,-12.65697828432343,-9.989820378422765,45.88916827666336,5,25,1,0,1,1,1,0,0,1
8,6,0.08,242,21067061,0.00015191369992098816,0.00017280950948407944,-8.18403058712616,-7.624323625352078,12.091816952363011,7,25,1,0,1,1,1,0,0,1
8,6,0.08,243,21067062,0.0002419200800728626,0.000381308067615378,-6.163280824322083,-4.187240059411861,36.555215947624475,4,12,1,1,1,1,1,0,0,1
8,6,0.08,244,21067063,0.00011201294910032636,0.00020017879616417072,-9.507317684213941,-6.985819268396797,44.04354944343743,5,9,1,1,1,1,1,0,0,1
8,6,0.08,245,21067064,0.0001368736307117685,0.0004234999357053884,-8.636802124901271,-3.7314665126667963,67.68036564544228,7,18,1,1,1,1,1,0,0,1
8,6,0.08,246,21067065,8.476641033661258e-05,0.00013405027306343214,-10.717762078301865,-8.727322970125377,36.765208753807315,5,13,1,1,1,1,1,0,0,1
8,6,0.08,247,21067066,5.508475568277746e-05,9.823783100267852e-05,-12.589685724523367,-10.077212349037111,43.92714586575559,3,14,1,1,1,1,1,0,0,1
8,6,0.08,248,21067067,5.7886179818874154e-05,8.11546629069171e-05,-12.374251106219507,-10.906865218443397,28.671775908590085,5,23,1,1,1,1,1,0,0,1
8,6,0.08,249,21067068,0.00016380637043167186,0.0003107004645541405,-7.856692125296641,-5.0765809739469105,47.278363208521014,7,14,1,1,1,1,1,0,0,1
8,6,0.08,250,21067069,0.0001131738772963102,0.00015289511731593779,-9.462538050848483,-8.156063834994132,25.979403866474573,4,25,1,0,1,1,1,0,0,1
8,6,0.08,251,21067070,8.310985180676501e-05,9.104553259003317e-05,-10.803474920797404,-10.407413592495802,8.716167128157245,3,12,1,1,1,1,1,0,0,1
8,6,0.08,252,21067071,9.407048130816002e-05,0.00019246137198088153,-10.265466339176267,-7.156564226175432,51.12240947887212,4,18,1,1,1,1,1,0,0,1
8,6,0.08,253,21067072,0.00014941675435670179,0.0002414610055414097,-8.256007016056616,-6.1715299512187745,38.11971667156942,5,25,1,0,1,1,1,0,0,1
8,6,0.08,254,21067073,0.00011180780786147954,0.00013225519381551053,-9.515278673551883,-8.785872637077123,15.460554224096542,6,15,1,1,1,1,1,0,0,1
8,6,0.08,255,21067074,0.00011785903524279894,0.00018323100520133685,-9.286371182251191,-7.370010358618235,35.67735159598467,5,10,1,1,1,1,1,0,0,1
8,6,0.08,256,21067075,0.00015253535295321296,0.00023537795604819766,-8.166294886901845,-6.282342127538914,35.19556567056826,15,22,1,1,1,1,1,0,0,1
8,6,0.08,257,21067076,0.00021438760329216115,0.0003331656312860709,-6.688003308144435,-4.773398059226896,35.65134480870916,8,25,1,0,1,1,1,0,0,1
8,6,0.08,258,21067077,9.411577118723839e-05,0.00015101365905122042,-10.263375947908177,-8.209837693804026,37.67731225205499,8,25,1,0,1,1,1,0,0,1
8,6,0.08,259,21067078,8.423711419183017e-05,0.00014208748420549753,-10.744965196956876,-8.474441752736364,40.71461349122055,4,11,1,1,1,1,1,0,0,1
8,6,0.08,260,21067079,6.345835697769975e-05,7.353059564956199e-05,-11.97511176558897,-11.335319159231306,13.698024044120798,7,13,1,1,1,1,1,0,0,1
8,6,0.08,261,21067080,0.00014566140737186747,0.000193795550280775,-8.366554982339846,-7.126561989606461,24.837589325023092,4,17,1,1,1,1,1,0,0,1
8,6,0.08,262,21067081,8.893465390341111e-05,0.00013826257562946307,-10.509289806890973,-8.59295357107539,35.676987428795165,6,17,1,1,1,1,1,0,0,1
8,6,0.08,263,21067082,7.0605769348862e-05,8.86436949141773e-05,-11.511598103645797,-10.523521496441418,20.34879703827689,4,11,1,1,1,1,1,0,0,1
8,6,0.08,264,21067083,0.00018902980576015728,0.00030760166481000534,-7.23469711929482,-5.120113183639675,38.54720978935069,4,12,1,1,1,1,1,0,0,1
8,6,0.08,265,21067084,8.443230296687622e-05,0.00014736952553574129,-10.734913647932725,-8.315923147129933,42.70708095182203,10,19,1,1,1,1,1,0,0,1
8,6,0.08,266,21067085,9.72191136546018e-05,0.0001316466191199882,-10.122483427005859,-8.805902897397358,26.151454321821777,6,14,1,1,1,1,1,0,0,1
8,6,0.08,267,21067086,7.997240383207862e-05,0.00014863901263279837,-10.970598496458981,-8.278671882370825,46.19689513839513,4,25,1,0,1,1,1,0,0,1
8,6,0.08,268,21067087,5.566002613662938e-05,0.00010490634273957694,-12.544565940675302,-9.791982531455906,46.94312595111459,7,25,1,0,1,1,1,0,0,1
8,6,0.08,269,21067088,9.629077082661533e-05,0.00012441415437514344,-10.164153366672949,-9.051302079303268,22.60464951899946,5,23,1,1,1,1,1,0,0,1
8,6,0.08,270,21067089,0.00013233152287929148,0.00018681996900323045,-8.783366895856052,-7.285767043136239,29.16628581765623,6,21,1,1,1,1,1,0,0,1
8,6,0.08,271,21067090,7.551441452897703e-05,8.567318981056159e-05,-11.219701403857362,-10.671550630123596,11.85758964274283,3,25,1,0,1,1,1,0,0,1
8,6,0.08,272,21067091,0.000109676319891456,0.00016230718590642772,-9.598871304071583,-7.896622520134251,32.426701085997585,8,20,1,1,1,1,1,0,0,1
8,6,0.08,273,21067092,6.455080456936821e-05,9.106810839483888e-05,-11.900983402626375,-10.406336842017492,29.11810104861417,4,16,1,1,1,1,1,0,0,1
8,6,0.08,274,21067093,0.0001928117374721318,0.00024236616379050648,-7.148665318220954,-6.155280111756515,20.446099217549175,6,12,1,1,1,1,1,0,0,1
8,6,0.08,275,21067094,0.00010978148004869796,0.00010879030160352901,-9.594709184564847,-9.63409819231664,-0.9110908146768101,6,12,1,1,1,1,0,1,0,1
8,6,0.08,276,21067095,8.237829986248588e-05,0.00013576029165449305,-10.841871753312887,-8.672272376924365,39.32076982263943,5,25,1,0,1,1,1,0,0,1
8,6,0.08,277,21067096,0.00010141941078033184,0.00013501712204664498,-9.938789169156731,-8.69611153439348,24.884037488746046,7,17,1,1,1,1,1,0,0,1
8,6,0.08,278,21067097,0.00020796087558981287,0.0001967821187444313,-6.820183626992025,-7.060143677107832,-5.680778780464224,4,13,1,1,1,1,0,1,0,1
8,6,0.08,279,21067098,8.172637126354332e-05,0.00017221849591110441,-10.876377837828466,-7.639202080463084,52.54495120795343,5,16,1,1,1,1,1,0,0,1
8,6,0.08,280,21067099,5.3400141557362996e-05,0.00011367947008599234,-12.724575917073961,-9.443179595287376,53.02569451021483,4,18,1,1,1,1,1,0,0,1
8,6,0.08,281,21067100,6.836809682756525e-05,0.00013107102608335067,-11.651465094489549,-8.824933007035767,47.83889401759271,4,25,1,0,1,1,1,0,0,1
8,6,0.08,282,21067101,6.537576635346936e-05,7.874832344615686e-05,-11.845832071704482,-11.037586835806916,16.981386406062107,7,13,1,1,1,1,1,0,0,1
8,6,0.08,283,21067102,9.729163192371046e-05,0.00017609924189112956,-10.119245118965177,-7.5424251367047335,44.75181671488433,4,11,1,1,1,1,1,0,0,1
8,6,0.08,284,21067103,8.045627322946114e-05,0.00013190436878109804,-10.944400880133898,-8.79740820025261,39.004087603055524,4,9,1,1,1,1,1,0,0,1
8,6,0.08,285,21067104,7.713991480145407e-05,0.0001291222102126089,-11.12720845133949,-8.889990486464429,40.25821376939125,6,11,1,1,1,1,1,0,0,1
8,6,0.08,286,21067105,6.166131981776948e-05,7.790697109056885e-05,-12.09987183737957,-11.084236800589796,20.8526285201274,4,12,1,1,1,1,1,0,0,1
8,6,0.08,287,21067106,6.652805023981402e-05,0.00011410644940634557,-11.769952043834708,-9.426898081459397,41.696503058385126,6,14,1,1,1,1,1,0,0,1
8,6,0.08,288,21067107,7.867969257247303e-05,8.890532690596999e-05,-11.041373456812646,-10.510722167962644,11.501711640194543,11,13,1,1,1,1,1,0,0,1
8,6,0.08,289,21067108,7.424095060806082e-05,9.991052160451984e-05,-11.293564758895156,-10.003887736942483,25.69256028716174,7,15,1,1,1,1,1,0,0,1
8,6,0.08,290,21067109,9.043011157553835e-05,9.706748283263867e-05,-10.436869333121756,-10.129262324142971,6.837893662643249,5,16,1,1,1,1,1,0,0,1
8,6,0.08,291,21067110,9.380223314780454e-05,0.00014126368255381705,-10.277868222582045,-8.499694764654551,33.59777159138633,6,18,1,1,1,1,1,0,0,1
8,6,0.08,292,21067111,6.850024433071755e-05,0.00011124583547363805,-11.643078794376013,-9.53716238007001,38.42444165296411,6,13,1,1,1,1,1,0,0,1
8,6,0.08,293,21067112,7.82474974402496e-05,0.00013231578230136153,-11.065295434335287,-8.783883511443,40.86306555476986,3,14,1,1,1,1,1,0,0,1
8,6,0.08,294,21067113,6.606768240143387e-05,0.00010165779361817306,-11.800109276085472,-9.928593204630511,35.00972227512211,4,24,1,1,1,1,1,0,0,1
8,6,0.08,295,21067114,7.921616564683174e-05,0.0001293884169197205,-11.01186182869921,-8.881046007384954,38.776462737014796,9,16,1,1,1,1,1,0,0,1
8,6,0.08,296,21067115,0.00011256976401773054,0.0001574230373423112,-9.485782443303034,-8.029317125198968,28.492191538045795,13,18,1,1,1,1,1,0,0,1
8,6,0.08,297,21067116,0.00010534510635089355,0.00014931833704208303,-9.773856340868823,-8.258868554552738,29.449317185200314,14,19,1,1,1,1,1,0,0,1
8,6,0.08,298,21067117,6.170377932102311e-05,0.0001011957143286006,-12.096882348646654,-9.948378796192591,39.025303857572574,6,21,1,1,1,1,1,0,0,1
8,6,0.08,299,21067118,0.00010471648903606517,0.0001587790186157369,-9.79984927360897,-7.992068866786163,34.048912791499944,6,23,1,1,1,1,1,0,0,1
8,6,0.08,300,21067119,0.00020223224442466914,0.00039386651887826857,-6.941495982046433,-4.046509353737022,48.65462416033068,6,17,1,1,1,1,1,0,0,1
8,6,0.08,301,21067120,0.00010052349920071957,0.0001204655397830527,-9.977324021217084,-9.191371690428205,16.554145374890528,7,14,1,1,1,1,1,0,0,1
8,6,0.08,302,21067121,0.00013327923085006534,0.00023817338412642392,-8.75237522228826,-6.2310677254621885,44.04108950338469,5,25,1,0,1,1,1,0,0,1
8,6,0.08,303,21067122,5.9170089652790885e-05,9.374903057146912e-05,-12.278977726921807,-10.28033214476386,36.884585054260526,9,16,1,1,1,1,1,0,0,1
8,6,0.08,304,21067123,7.527704823209574e-05,0.0001312740733750709,-11.233374188268945,-8.818210385866209,42.65657620220465,4,10,1,1,1,1,1,0,0,1
8,6,0.08,305,21067124,0.00011513390168588219,0.00020180819054754198,-9.387967776106906,-6.950612115509607,42.948845944506424,4,15,1,1,1,1,1,0,0,1
8,6,0.08,306,21067125,7.286627031781249e-05,0.00010517758825961908,-11.374734594013365,-9.780767918563484,30.72072527661475,5,23,1,1,1,1,1,0,0,1
8,6,0.08,307,21067126,6.869663592405019e-05,9.05703302461045e-05,-11.630645298311876,-10.430140486887362,24.151059472365258,3,15,1,1,1,1,1,0,0,1
8,6,0.08,308,21067127,8.394390334236337e-05,0.00017134485130950252,-10.760108402158334,-7.661289410238249,51.00879734592412,8,25,1,0,1,1,1,0,0,1
8,6,0.08,309,21067128,9.980471995319985e-05,0.00012050447466228999,-10.008489196228679,-9.189968262421415,17.17758180109125,6,14,1,1,1,1,1,0,0,1
8,6,0.08,310,21067129,0.00010602335142524026,0.00017452804368192268,-9.74598471733025,-7.581347793766487,39.251395255155785,16,25,1,0,1,1,1,0,0,1
8,6,0.08,311,21067130,0.0001163132469505798,0.00013515889342829917,-9.343708205259235,-8.691553725345397,13.94332699809861,5,9,1,1,1,1,1,0,0,1
8,6,0.08,312,21067131,9.288391628973098e-05,0.00011386639262639426,-10.320594816075202,-9.436044379104352,18.427277665244606,5,9,1,1,1,1,1,0,0,1
8,6,0.08,313,21067132,5.617386491741814e-05,7.809477575580472e-05,-12.50465694433218,-11.073780178040506,28.069625178169762,6,16,1,1,1,1,1,0,0,1
8,6,0.08,314,21067133,0.00018297301467002682,0.00034195730186429684,-7.376129564120518,-4.660281182783285,46.49243818673062,18,25,1,0,1,1,1,0,0,1
8,6,0.08,315,21067134,7.680545458356141e-05,8.55556547837983e-05,-11.146079360697579,-10.677512805677786,10.227494865592355,5,17,1,1,1,1,1,0,0,1
8,6,0.08,316,21067135,0.00013279728773527233,0.00015958973123649724,-8.76810794950182,-7.969950566619827,16.78832547284698,8,21,1,1,1,1,1,0,0,1
8,6,0.08,317,21067136,9.069038058667742e-05,0.00013044267443033285,-10.42438775560376,-8.845803055542985,30.474914760266156,6,13,1,1,1,1,1,0,0,1
8,6,0.08,318,21067137,0.00013908610355232109,0.0001640386163484125,-8.567162593108193,-7.850539026056188,15.211365074607258,4,25,1,0,1,1,1,0,0,1
8,6,0.08,319,21067138,7.834735154921502e-05,0.00013006096934300675,-11.059756798208165,-8.85853013523952,39.76105825984475,7,20,1,1,1,1,1,0,0,1
8,6,0.08,320,21067139,8.595852421833028e-05,0.0001324059808238269,-10.65711049315279,-8.780923972216906,35.07957595004519,7,9,1,1,1,1,1,0,0,1
8,6,0.08,321,21067140,8.186074890109083e-05,0.0001152687822243117,-10.869242865399613,-9.382882949901445,28.982724271528458,4,14,1,1,1,1,1,0,0,1
8,6,0.08,322,21067141,7.500250607709764e-05,0.00010458601749674123,-11.24924225178014,-9.805263740721845,28.286296894864915,5,21,1,1,1,1,1,0,0,1
8,6,0.08,323,21067142,7.115973843508874e-05,0.00010512144921141064,-11.477656569400857,-9.78308660529915,32.30711812964185,4,25,1,0,1,1,1,0,0,1
8,6,0.08,324,21067143,0.00011780160279335292,0.0001939246077133298,-9.288488005542368,-7.123670784095397,39.25391718853245,10,21,1,1,1,1,1,0,0,1
8,6,0.08,325,21067144,8.418601818003575e-05,0.00011842576459054296,-10.747600312019504,-9.26553802661802,28.912413214211554,8,25,1,0,1,1,1,0,0,1
8,6,0.08,326,21067145,0.00013882024900070434,0.00015311628046894626,-8.575471809426286,-8.149786294067837,9.336715484766053,3,10,1,1,1,1,1,0,0,1
8,6,0.08,327,21067146,9.238844113023656e-05,0.00015319965349628624,-10.343823606778317,-8.147422169803145,39.69409262895221,7,24,1,1,1,1,1,0,0,1
8,6,0.08,328,21067147,8.157142956600276e-05,0.00012162271876255393,-10.884619264731958,-9.149852925663549,32.93076293973001,8,18,1,1,1,1,1,0,0,1
8,6,0.08,329,21067148,8.95798405876134e-05,0.00015737886848514416,-10.477897147422066,-8.03053581483905,43.080134296384706,6,16,1,1,1,1,1,0,0,1
8,6,0.08,330,21067149,5.76653007472753e-05,7.041681288803194e-05,-12.390854386130643,-11.523236352792416,18.108618691721404,4,7,1,1,1,1,1,0,0,1
8,6,0.08,331,21067150,7.951987694193864e-05,0.0001239688442559619,-10.995243006866781,-9.066874476429538,35.854950153643635,5,10,1,1,1,1,1,0,0,1
8,6,0.08,332,21067151,0.00010349197138550148,0.00022030151338622118,-9.850933402381544,-6.569825194038065,53.022578104552224,5,19,1,1,1,1,1,0,0,1
8,6,0.08,333,21067152,7.427560043527027e-05,0.000101793271064332,-11.291538287242899,-9.922809296241779,27.032897500337643,5,10,1,1,1,1,1,0,0,1
8,6,0.08,334,21067153,7.750536541541449e-05,0.00010094384228887494,-11.106682318207717,-9.95920168464055,23.21932308301248,4,12,1,1,1,1,1,0,0,1
8,6,0.08,335,21067154,9.088845084181921e-05,9.353483935093496e-05,-10.414912988938607,-10.290265953345006,2.8293078038940322,21,9,1,1,1,1,1,0,0,1
8,6,0.08,336,21067155,7.147066121827262e-05,0.00010612714392348527,-11.458721999595749,-9.741735232758167,32.65562552988236,4,25,1,0,1,1,1,0,0,1
8,6,0.08,337,21067156,9.008727309177762e-05,0.0001822692278887731,-10.453365588147046,-7.392866461347084,50.57461199827327,6,14,1,1,1,1,1,0,0,1
8,6,0.08,338,21067157,0.00017999026357569967,0.00028622225363361545,-7.44750987061766,-5.43296603090003,37.115209844549746,8,11,1,1,1,1,1,0,0,1
8,6,0.08,339,21067158,6.673549767916758e-05,0.00011085260866070166,-11.756430964383465,-9.552540823093723,39.797990786638145,4,11,1,1,1,1,1,0,0,1
8,6,0.08,340,21067159,0.00017511209224441816,0.00022998501408213155,-7.566838629759609,-6.383004618670754,23.859346686874712,6,17,1,1,1,1,1,0,0,1
8,6,0.08,341,21067160,9.582541204995358e-05,0.00014043368441685232,-10.185193046002333,-8.52528709857393,31.764652869525985,6,12,1,1,1,1,1,0,0,1
8,6,0.08,342,21067161,0.00013705692420895257,0.00023542399638839444,-8.630990187178659,-6.281492723000439,41.78294213354498,6,21,1,1,1,1,1,0,0,1
8,6,0.08,343,21067162,8.810142286778631e-05,0.0001523902818856494,-10.550170775284965,-8.170427276027706,42.18698083786219,6,25,1,0,1,1,1,0,0,1
8,6,0.08,344,21067163,7.054469650295464e-05,7.365527293217777e-05,-11.515356306137983,-11.327961568542584,4.223155118965292,5,13,1,1,1,1,1,0,0,1
8,6,0.08,345,21067164,5.0960159305467547e-05,6.853705974171692e-05,-12.92769223031863,-11.640745308565139,25.645833805080375,5,14,1,1,1,1,1,0,0,1
8,6,0.08,346,21067165,0.0002112399321428326,0.00026534569461850166,-6.752239806930964,-5.761879546469809,20.390669067933864,5,18,1,1,1,1,1,0,0,1
8,6,0.08,347,21067166,5.947271302621425e-05,7.382464596684661e-05,-12.25682249403212,-11.31798627058632,19.44057130606162,8,14,1,1,1,1,1,0,0,1
8,6,0.08,348,21067167,0.00013778722313696778,0.0002624502555371845,-8.607910522279267,-5.809530000406867,47.499680328013326,5,25,1,0,1,1,1,0,0,1
8,6,0.08,349,21067168,0.00012105652062804206,0.0001390912516534649,-9.17011812612109,-8.567001847319403,12.966114555036842,5,12,1,1,1,1,1,0,0,1
8,6,0.08,350,21067169,0.00010837322106435365,0.00017707037270657324,-9.650780183579549,-7.518540985865218,38.7965251284917,3,17,1,1,1,1,1,0,0,1
8,6,0.08,351,21067170,0.00010024721161517682,0.00012778150114022975,-9.989276984781913,-8.935320142075652,21.547946517576364,7,15,1,1,1,1,1,0,0,1
8,6,0.08,352,21067171,4.4454917373050224e-05,8.346064718535543e-05,-13.52080192627109,-10.78518251927942,46.73547489474706,3,11,1,1,1,1,1,0,0,1
8,6,0.08,353,21067172,9.983056831755629e-05,0.00018827832349966635,-10.00736456519113,-7.251996774680805,46.97713126931832,9,18,1,1,1,1,1,0,0,1
8,6,0.08,354,21067173,0.00011238258782117158,0.00015358910871853302,-9.493009716759367,-8.136395798197753,26.82906440513071,4,14,1,1,1,1,1,0,0,1
8,6,0.08,355,21067174,8.73124924859844e-05,0.00018905321512696912,-10.589236139166394,-7.234159324245448,53.81591768891903,4,13,1,1,1,1,1,0,0,1
8,6,0.08,356,21067175,0.0001890540182304892,0.0003068433522630754,-7.234140875329564,-5.130832812336827,38.38744856743654,4,12,1,1,1,1,1,0,0,1
8,6,0.08,357,21067176,0.00017334863293449202,0.0002144602016927379,-7.61079578936039,-6.686532899076221,19.169789281998057,7,17,1,1,1,1,1,0,0,1
8,6,0.08,358,21067177,0.00011749996865381214,0.00018394320643526122,-9.299622492516342,-7.35316247311851,36.12160463497942,6,25,1,0,1,1,1,0,0,1
8,6,0.08,359,21067178,0.00010740907755206635,0.00018151060223736958,-9.689590131972064,-7.4109800226034235,40.82490156051454,6,17,1,1,1,1,1,0,0,1
8,6,0.08,360,21067179,0.00011450485553612138,0.00021871846732622052,-9.41176096836464,-6.60114546092352,47.64737658602171,7,10,1,1,1,1,1,0,0,1
8,6,0.08,361,21067180,5.292259171307358e-05,0.00010492226558772679,-12.76358895793577,-9.79132340254531,49.56018971128263,3,15,1,1,1,1,1,0,0,1
8,6,0.08,362,21067181,0.00010529683956222907,0.00019258206491987133,-9.775846637744612,-7.153841609758617,45.32365222792657,7,14,1,1,1,1,1,0,0,1
8,6,0.08,363,21067182,0.00016408837096103872,0.0001835612458022002,-7.849221965606171,-7.362190034769148,10.608380192704098,6,16,1,1,1,1,1,0,0,1
8,6,0.08,364,21067183,7.870422614490819e-05,0.00013921303336524135,-11.040019469022393,-8.563201034206273,43.46490106395525,4,19,1,1,1,1,1,0,0,1
8,6,0.08,365,21067184,0.00010958504376244694,0.0002511093058069568,-9.602487145986217,-6.001371925609754,56.359624582494874,3,14,1,1,1,1,1,0,0,1
8,6,0.08,366,21067185,9.728676947656556e-05,0.00013450854843385815,-10.119462176351693,-8.712501140282692,27.67242631838797,8,25,1,0,1,1,1,0,0,1
8,6,0.08,367,21067186,0.00012703858467219372,0.00016015594411027378,-8.960643533338581,-7.954569380717444,20.67819563117647,6,15,1,1,1,1,1,0,0,1
8,6,0.08,368,21067187,6.388248735221223e-05,0.00010271663959679662,-11.946181823533784,-9.883591971066116,37.80707039971691,4,17,1,1,1,1,1,0,0,1
8,6,0.08,369,21067188,7.753303560811916e-05,0.00012039374678920789,-11.105132120056407,-9.193960696020078,35.600446305680364,6,15,1,1,1,1,1,0,0,1
8,6,0.08,370,21067189,8.9694400417962e-05,0.00013539428605708476,-10.47234668923452,-8.683996634665348,33.753186319734965,5,15,1,1,1,1,1,0,0,1
8,6,0.08,371,21067190,6.854873677763313e-05,0.00010146916286325484,-11.64000544019009,-9.936659226092742,32.44377420358439,4,22,1,1,1,1,1,0,0,1
8,6,0.08,372,21067191,5.213793196066643e-05,0.00010411512057004303,-12.828461990189158,-9.824861936089137,49.92280499200801,3,10,1,1,1,1,1,0,0,1
8,6,0.08,373,21067192,0.00025159038814672125,0.0003146812516036847,-5.993059548586387,-5.021291311497453,20.049133253232778,7,14,1,1,1,1,1,0,0,1
8,6,0.08,374,21067193,5.761984193849599e-05,9.864230852186633e-05,-12.394279374012001,-10.059367725175948,41.58709097352154,5,13,1,1,1,1,1,0,0,1
8,6,0.08,375,21067194,0.00012448634988908362,0.00021303201821447094,-9.048782669847316,-6.715551182098859,41.56448831848533,6,22,1,1,1,1,1,0,0,1
8,6,0.08,376,21067195,0.00010038436249258819,0.0001237213826694498,-9.983339347220033,-9.07555235109556,18.86256011154663,9,23,1,1,1,1,1,0,0,1
8,6,0.08,377,21067196,0.00011843588132023089,0.00013896021232618158,-9.265167038747514,-8.571095309741803,14.769933538798776,8,14,1,1,1,1,1,0,0,1
8,6,0.08,378,21067197,7.952964541386729e-05,0.00012320282129555076,-10.994709538623969,-9.093793468870132,35.448194629338936,5,18,1,1,1,1,1,0,0,1
8,6,0.08,379,21067198,0.00010855332349240122,0.00021454876448384746,-9.64356875550741,-6.684739820839653,49.40389251201035,7,13,1,1,1,1,1,0,0,1
8,6,0.08,380,21067199,8.634941806713753e-05,0.00012170115718631032,-10.637405849185562,-9.147052922938476,29.047989301410983,5,14,1,1,1,1,1,0,0,1
8,6,0.08,381,21067200,7.659462882683509e-05,0.00013684406266728825,-11.158016840573941,-8.637740408316557,44.027802643464945,5,10,1,1,1,1,1,0,0,1
8,6,0.08,382,21067201,6.259570649275455e-05,0.00015464211780587283,-12.034554544964761,-8.106722113262032,59.522213365356954,5,15,1,1,1,1,1,0,0,1
8,6,0.08,383,21067202,0.0001479662790910133,0.00023885192819114145,-8.29837247262586,-6.218712484170824,38.05104266413828,8,18,1,1,1,1,1,0,0,1
8,6,0.08,384,21067203,0.00013591910858464494,0.00017334817765574356,-8.667194824176988,-7.610807195582895,21.59184456235239,13,13,1,1,1,1,1,0,0,1
8,6,0.08,385,21067204,5.5205149209259786e-05,7.045745982649451e-05,-12.580204119651617,-11.520730183109297,21.64754541931317,6,14,1,1,1,1,1,0,0,1
8,6,0.08,386,21067205,0.00016286128867749048,0.00025891516622032415,-7.881821330743813,-5.868425095771567,37.09859060982797,7,16,1,1,1,1,1,0,0,1
8,6,0.08,387,21067206,0.00018752255056459307,0.00033225926011281454,-7.269464986195792,-4.785229063676077,43.56137719053425,10,14,1,1,1,1,1,0,0,1
8,6,0.08,388,21067207,0.00011725371921733128,0.00011697488617545135,-9.308733728350834,-9.319073687337513,-0.2383700048758383,3,9,1,1,1,1,0,1,0,1
8,6,0.08,389,21067208,0.00010445382620776031,0.00020760163558818193,-9.810756469188858,-6.827692292237536,49.685451219197176,7,25,1,0,1,1,1,0,0,1
8,6,0.08,390,21067209,0.00011603931616834714,0.00016263434620529917,-9.353948392039863,-7.887877318523079,28.65017822135397,4,21,1,1,1,1,1,0,0,1
8,6,0.08,391,21067210,0.00011992194613540919,0.0002010897851030737,-9.211013322193905,-6.96609990000188,40.3639791678428,4,13,1,1,1,1,1,0,0,1
8,6,0.08,392,21067211,4.2997106632556e-05,8.276817906570792e-05,-13.665607680435032,-10.821365993549046,48.05116275613422,3,13,1,1,1,1,1,0,0,1
8,6,0.08,393,21067212,0.00011264256679878579,0.00015722127695648344,-9.482974617722062,-8.034886806916345,28.3541203968445,3,10,1,1,1,1,1,0,0,1
8,6,0.08,394,21067213,0.00011172646391104824,0.0001674195460100291,-9.518439462283542,-7.7619384007778915,33.26557945369451,5,11,1,1,1,1,1,0,0,1
8,6,0.08,395,21067214,5.8119449301659324e-05,0.00012667810457012857,-12.356785094184692,-8.972984434126325,54.1203671314133,5,10,1,1,1,1,1,0,0,1
8,6,0.08,396,21067215,9.654090489416372e-05,0.00012473812680681884,-10.15288634782914,-9.040007820386982,22.605134961120577,4,10,1,1,1,1,1,0,0,1
8,6,0.08,397,21067216,0.00011096900185438309,0.00017091682269261907,-9.547983203457953,-7.672151892218472,35.07426588782754,5,20,1,1,1,1,1,0,0,1
8,6,0.08,398,21067217,0.00022873661070518938,0.00027687550589430696,-6.4066431831961035,-5.57715462909044,17.386476652612917,6,20,1,1,1,1,1,0,0,1
8,6,0.08,399,21067218,9.989726650793899e-05,0.00014067949674123143,-10.004463952250704,-8.51769193972504,28.989462699250378,8,16,1,1,1,1,1,0,0,1
8,6,0.08,400,21067219,0.00014106541962157724,0.00027368215950046636,-8.505794349212302,-5.627535119907954,48.45647963350827,5,15,1,1,1,1,1,0,0,1
8,6,0.08,401,21067220,0.00010439753343065738,0.00015680483901661202,-9.813097621585584,-8.046405390636663,33.42199508294675,4,12,1,1,1,1,1,0,0,1
8,6,0.08,402,21067221,8.571091812093902e-05,0.0001273025286819866,-10.669638527832328,-8.951629696242222,32.67147243001531,5,25,1,0,1,1,1,0,0,1
8,6,0.08,403,21067222,0.00011475328489815416,0.00038808548762157347,-9.4023487361011,-4.1107259731077495,70.43092603090292,5,25,1,0,1,1,1,0,0,1
8,6,0.08,404,21067223,0.00011186856292008165,0.0001673179130948317,-9.512919408936199,-7.764575608799026,33.14011581253869,5,22,1,1,1,1,1,0,0,1
8,6,0.08,405,21067224,0.00019475758081523376,0.00023569296958907777,-7.105056286892975,-6.276533717149892,17.36809920347365,10,24,1,1,1,1,1,0,0,1
8,6,0.08,406,21067225,9.080766565081966e-05,0.0001104923995599475,-10.418774883805678,-9.566675947634794,17.815464219733883,5,15,1,1,1,1,1,0,0,1
8,6,0.08,407,21067226,0.0001244033712425792,0.0001912269909921712,-9.051678504152088,-7.184508086516519,34.94465891184146,7,12,1,1,1,1,1,0,0,1
8,6,0.08,408,21067227,6.837654661473436e-05,0.00011660880633690421,-11.650928372047908,-9.332686502707935,41.36245043347584,5,25,1,0,1,1,1,0,0,1
8,6,0.08,409,21067228,6.861716949310321e-05,0.0001126483682571773,-11.63567200865682,-9.482750947704771,39.087293890978025,4,15,1,1,1,1,1,0,0,1
8,6,0.08,410,21067229,6.479288755543332e-05,8.288998163892357e-05,-11.884726648849478,-10.81497956564997,21.832667501752947,5,15,1,1,1,1,1,0,0,1
8,6,0.08,411,21067230,0.0001722588865699624,0.00028644844259788534,-7.638183642607077,-5.429535346396547,39.863912330017996,9,19,1,1,1,1,1,0,0,1
8,6,0.08,412,21067231,6.733736989596531e-05,0.00014066153039877776,-11.717438505552359,-8.518246617688474,52.128083844201925,4,22,1,1,1,1,1,0,0,1
8,6,0.08,413,21067232,0.00015729581348604952,0.00019567820488848478,-8.032828362076273,-7.084575444175681,19.6150569882369,11,14,1,1,1,1,1,0,0,1
8,6,0.08,414,21067233,0.00012949586208567268,0.00021954195266070604,-8.87744108818795,-6.5848247738948125,41.015436677925635,5,25,1,0,1,1,1,0,0,1
8,6,0.08,415,21067234,0.000173308678636698,0.00024368658774696672,-7.6117968893261425,-6.131683732681957,28.880501697264524,6,13,1,1,1,1,1,0,0,1
8,6,0.08,416,21067235,6.726924069079838e-05,9.391718525938417e-05,-11.721834744378672,-10.272549319039097,28.373874807883613,6,16,1,1,1,1,1,0,0,1
8,6,0.08,417,21067236,0.00010032576721737425,0.00020291949761418098,-9.985875104179659,-6.926762215747155,50.55883323339994,4,21,1,1,1,1,1,0,0,1
8,6,0.08,418,21067237,0.00012009661266657373,0.000158205183742182,-9.204692417308278,-8.007792905365575,24.088067264415077,5,9,1,1,1,1,1,0,0,1
8,6,0.08,419,21067238,0.00010003587445822038,0.00014327698460837933,-9.998442271471994,-8.438235671766272,30.180081098405573,8,25,1,0,1,1,1,0,0,1
8,6,0.08,420,21067239,6.752761527842285e-05,9.189607605648338e-05,-11.705185870147332,-10.36703032502892,26.517411649962728,4,14,1,1,1,1,1,0,0,1
8,6,0.08,421,21067240,0.00010286317316368042,0.00012522705486371142,-9.87740082521049,-9.023018331968508,17.858666183893185,7,19,1,1,1,1,1,0,0,1
8,6,0.08,422,21067241,0.00013496568473070792,0.0001598653244819428,-8.69776637627118,-7.962457264930153,15.575384988536003,9,14,1,1,1,1,1,0,0,1
8,6,0.08,423,21067242,0.00011433344487828287,0.00018992886982248204,-9.418267109742759,-7.214090160337044,39.801966396606694,7,23,1,1,1,1,1,0,0,1
8,6,0.08,424,21067243,0.0001104044967027218,0.00013770431431552304,-9.570132377172524,-8.610524529596846,19.824954467475102,6,9,1,1,1,1,1,0,0,1
8,6,0.08,425,21067244,0.00012567443937443128,0.00015437570679799556,-9.0075304345524,-8.11421041005868,18.591828998794874,6,12,1,1,1,1,1,0,0,1
8,6,0.08,426,21067245,9.703532233825184e-05,0.00012757135749239115,-10.130701471337469,-8.942468231018541,23.93643507004352,4,10,1,1,1,1,1,0,0,1
8,6,0.08,427,21067246,7.974334636752731e-05,0.00011865709625623824,-10.98305543460963,-9.257062838034095,32.79513077302791,6,14,1,1,1,1,1,0,0,1
8,6,0.08,428,21067247,9.26251069301385e-05,0.00012558803684212805,-10.332712776453572,-9.010517282811309,26.246870912892756,5,12,1,1,1,1,1,0,0,1
8,6,0.08,429,21067248,8.110281139820493e-05,0.00012280134646306163,-10.909640908743647,-9.107968713196726,33.95608946144538,4,25,1,0,1,1,1,0,0,1
8,6,0.08,430,21067249,7.435206597504743e-05,0.00011179535364106439,-11.287069595011772,-9.51576245912736,33.492704702410265,3,15,1,1,1,1,1,0,0,1
8,6,0.08,431,21067250,8.094175676887209e-05,0.00013401509362342547,-10.918273738665247,-8.728462859022468,39.60250701587862,4,15,1,1,1,1,1,0,0,1
8,6,0.08,432,21067251,0.00012161274630214216,0.00021090211687925541,-9.150209040223496,-6.759190611122651,42.33687736203841,9,25,1,0,1,1,1,0,0,1
8,6,0.08,433,21067252,0.00011868938844693545,0.00021016645222561987,-9.255881078773374,-6.774366069379728,43.526006558116656,5,21,1,1,1,1,1,0,0,1
8,6,0.08,434,21067253,8.779933741691711e-05,0.00011268452020003646,-10.565087615114654,-9.481357401513087,22.083940845595663,10,11,1,1,1,1,1,0,0,1
8,6,0.08,435,21067254,7.68066011231703e-05,0.0001368094442962054,-11.146014530392021,-8.638839211528017,43.858699581531276,7,22,1,1,1,1,1,0,0,1
8,6,0.08,436,21067255,8.860367238519825e-05,0.00014352961610468814,-10.525482773954044,-8.43058476743528,38.2680210608435,5,13,1,1,1,1,1,0,0,1
8,6,0.08,437,21067256,9.08131376761766e-05,0.0001219617692555131,-10.418513187967477,-9.137762841071398,25.539668512088653,7,16,1,1,1,1,1,0,0,1
8,6,0.08,438,21067257,7.726364284656295e-05,0.0001334483626165522,-11.120248194779673,-8.746867505460777,42.10221741830529,6,19,1,1,1,1,1,0,0,1
8,6,0.08,439,21067258,6.339182111041357e-05,8.41849828128118e-05,-11.979667717042343,-10.747653724337475,24.69937155969081,6,13,1,1,1,1,1,0,0,1
8,6,0.08,440,21067259,0.00014794189335447206,0.00019127634294961,-8.299088275150236,-7.183387401753601,22.655415158451664,5,13,1,1,1,1,1,0,0,1
8,6,0.08,441,21067260,0.00024418901843322003,0.0002942262165034062,-6.12273870862445,-5.313186328474467,17.006369678688003,7,13,1,1,1,1,1,0,0,1
8,6,0.08,442,21067261,8.52251346623975e-05,8.832409591732378e-05,-10.694323038791833,-10.539207992950638,3.50862493721655,4,8,1,1,1,1,1,0,0,1
8,6,0.08,443,21067262,0.00015361109057434425,0.0001848376626272929,-8.135774275248286,-7.332095320083808,16.89405265631063,6,15,1,1,1,1,1,0,0,1
8,6,0.08,444,21067263,7.371742635200478e-05,0.00016766512746779622,-11.324298354257472,-7.755572565542577,56.03294050149824,5,15,1,1,1,1,1,0,0,1
8,6,0.08,445,21067264,7.592205816997826e-05,8.62587855598363e-05,-11.196320271383433,-10.641966605927394,11.983390819579325,8,13,1,1,1,1,1,0,0,1
8,6,0.08,446,21067265,0.0001437194744414968,0.0001861662502059113,-8.424843796080449,-7.300990487996923,22.800467709622858,6,12,1,1,1,1,1,0,0,1
8,6,0.08,447,21067266,4.551580025230908e-05,6.270772593555518e-05,-13.418378171620173,-12.026789484121373,27.415960994844983,8,18,1,1,1,1,1,0,0,1
8,6,0.08,448,21067267,9.237916685877527e-05,0.00014817170211705997,-10.344259588492486,-8.292347301480072,37.65397472062983,9,18,1,1,1,1,1,0,0,1
8,6,0.08,449,21067268,5.537613612449034e-05,7.088205958554565e-05,-12.566773504747824,-11.49463671854043,21.875667202279338,5,10,1,1,1,1,1,0,0,1
8,6,0.08,450,21067269,8.126948780254786e-05,0.0001309510609246109,-10.900724773608408,-8.828909787061963,37.93903827221754,4,15,1,1,1,1,1,0,0,1
8,6,0.08,451,21067270,6.90828821706446e-05,6.87506449745226e-05,-11.606295517546151,-11.627232232058855,-0.48324956986965323,4,13,1,1,1,1,0,1,0,1
8,6,0.08,452,21067271,5.86864362409726e-05,6.773433520038352e-05,-12.314622624045128,-11.69191127356103,13.357920960830057,5,14,1,1,1,1,1,0,0,1
8,6,0.08,453,21067272,0.0001453391906967162,0.0001629422987683691,-8.376172624510628,-7.8796616101312855,10.80327711386755,3,12,1,1,1,1,1,0,0,1
8,6,0.08,454,21067273,8.403854215786955e-05,0.00013282501525202332,-10.755214900391012,-8.767201255490802,36.72988329915558,4,13,1,1,1,1,1,0,0,1
8,6,0.08,455,21067274,0.00018660247652164556,0.00024430871685519304,-7.290825967494982,-6.120610372649049,23.6202134235559,8,16,1,1,1,1,1,0,0,1
8,6,0.08,456,21067275,6.834912206743146e-05,0.00014103063429675474,-11.65267059497311,-8.506865408129174,51.53597485521325,4,20,1,1,1,1,1,0,0,1
8,6,0.08,457,21067276,0.00013638423868798485,0.0003210890223813805,-8.652358162363313,-4.933745421466324,57.52447789199361,8,15,1,1,1,1,1,0,0,1
8,6,0.08,458,21067277,0.00010912979878763476,0.00023037752477294724,-9.620566455437215,-6.375598921897961,52.6300150610657,6,10,1,1,1,1,1,0,0,1
8,6,0.08,459,21067278,9.368253260117295e-05,0.00012831494725725254,-10.28341377117515,-8.917227502249514,26.99016396480038,13,16,1,1,1,1,1,0,0,1
8,6,0.08,460,21067279,0.00013831016155010846,0.00019458431482427028,-8.591459114089696,-7.1089217054152165,28.92018985445111,7,25,1,0,1,1,1,0,0,1
8,6,0.08,461,21067280,0.0001149583920305922,0.00022162923903297548,-9.394593194834757,-6.543729446971792,48.130313251002086,7,25,1,0,1,1,1,0,0,1
8,6,0.08,462,21067281,0.00017368257393955678,0.00025280669126517884,-7.602437533522137,-5.972114353695332,31.298268621626665,8,13,1,1,1,1,1,0,0,1
8,6,0.08,463,21067282,0.00012334622463213687,0.00016684387365616202,-9.08874138809207,-7.77689735584978,26.070869772339798,9,16,1,1,1,1,1,0,0,1
8,6,0.08,464,21067283,4.8809293109750975e-05,6.424872420451233e-05,-13.114974820537334,-11.921354917545111,24.03072012078492,4,10,1,1,1,1,1,0,0,1
8,6,0.08,465,21067284,0.0001094931428953193,0.00016320765605929138,-9.606130780473581,-7.872594723816996,32.91176067405701,5,18,1,1,1,1,1,0,0,1
8,6,0.08,466,21067285,0.0001438567267511895,0.00025446362183894906,-8.420698256567317,-5.943742956999313,43.46668269846567,4,16,1,1,1,1,1,0,0,1
8,6,0.08,467,21067286,6.021053679063257e-05,8.793422138702104e-05,-12.203275009414904,-10.558420775176325,31.527753540193903,7,20,1,1,1,1,1,0,0,1
8,6,0.08,468,21067287,7.185845639662822e-05,0.00014799546816915085,-11.435221161826748,-8.297515831135842,51.445502159229726,4,16,1,1,1,1,1,0,0,1
8,6,0.08,469,21067288,0.00013091434318941034,0.00017040949602428886,-8.830127688292105,-7.6850620794936475,23.17661501049753,6,15,1,1,1,1,1,0,0,1
8,6,0.08,470,21067289,0.00016482010312660105,0.0002655235068257109,-7.829898184611763,-5.758970247415211,37.92636098513544,6,25,1,0,1,1,1,0,0,1
8,6,0.08,471,21067290,0.0001029941117821529,0.0001154358143721317,-9.871876033881923,-9.376594288657241,10.778026436293288,6,18,1,1,1,1,1,0,0,1
8,6,0.08,472,21067291,9.848788369720503e-05,0.00016381502177521582,-10.06617194549176,-7.8564627611066085,39.87860049101698,8,25,1,0,1,1,1,0,0,1
8,6,0.08,473,21067292,0.0001264195844549975,0.00020904358986573743,-8.981856415450238,-6.797631451603053,39.5247735000183,4,12,1,1,1,1,1,0,0,1
8,6,0.08,474,21067293,9.113410228826011e-05,0.00014568802450549913,-10.403190800605806,-8.365761455871098,37.44571484334996,4,12,1,1,1,1,1,0,0,1
8,6,0.08,475,21067294,0.0001559136750051972,0.00024270774356197753,-8.071157916819788,-6.149163673327182,35.760733169445295,5,25,1,0,1,1,1,0,0,1
8,6,0.08,476,21067295,8.520714759559452e-05,0.0001381380545185575,-10.695239729430915,-8.596866647176292,38.31739711945359,5,15,1,1,1,1,1,0,0,1
8,6,0.08,477,21067296,0.00015063393478062588,0.0001634939978899663,-8.220771793451846,-7.864981863132636,7.865770777711015,6,11,1,1,1,1,1,0,0,1
8,6,0.08,478,21067297,8.917961614327241e-05,0.00015552645746675246,-10.497344013205382,-8.081957201135532,42.65952070416269,7,16,1,1,1,1,1,0,0,1
8,6,0.08,479,21067298,0.00010260467544810803,0.000153165980918225,-9.888328490190364,-8.148376833986044,33.01079336743291,5,15,1,1,1,1,1,0,0,1
8,6,0.08,480,21067299,0.00010936420639269261,0.00016058760294542247,-9.61124794179051,-7.942879844633509,31.897478767485374,6,18,1,1,1,1,1,0,0,1
8,6,0.08,481,21067300,8.425798807250114e-05,0.000121682841537645,-10.743889152476552,-9.147706571921528,30.75606469426976,9,16,1,1,1,1,1,0,0,1
8,6,0.08,482,21067301,9.675568206410396e-05,0.00013169162343453351,-10.14323521227644,-8.8044184851472,26.528597992260988,10,13,1,1,1,1,1,0,0,1
8,6,0.08,483,21067302,0.00010947707528953038,0.00019094350487160454,-9.606768134046309,-7.190951099871647,42.665200702613234,3,22,1,1,1,1,1,0,0,1
8,6,0.08,484,21067303,7.925916658067187e-05,0.00012107073261030654,-11.009504986346615,-9.169608296236273,34.534825327451045,4,16,1,1,1,1,1,0,0,1
8,6,0.08,485,21067304,0.000164451520834478,0.00022990791227960782,-7.839621058422107,-6.384460822311871,28.470699766749874,6,14,1,1,1,1,1,0,0,1
8,6,0.08,486,21067305,0.0001485861401336211,0.0002354764633011172,-8.280216989483437,-6.280524956233453,36.89979115083977,6,23,1,1,1,1,1,0,0,1
8,6,0.08,487,21067306,9.978293690731174e-05,0.00014686902352191797,-10.00943717636078,-8.330697925834148,32.05991671046913,5,20,1,1,1,1,1,0,0,1
8,6,0.08,488,21067307,9.879628279859919e-05,0.00013531811780546083,-10.052593953964426,-8.686440516199953,26.989612033598494,7,17,1,1,1,1,1,0,0,1
8,6,0.08,489,21067308,5.581314600535843e-05,7.247156049345889e-05,-12.532634970271534,-11.398323871376103,22.986140183367528,6,14,1,1,1,1,1,0,0,1
8,6,0.08,490,21067309,0.0001116382893872094,0.0001767620637354376,-9.521868267461738,-7.526109365978605,36.84261937883907,4,16,1,1,1,1,1,0,0,1
8,6,0.08,491,21067310,0.00016011989694952048,0.00020915547323627798,-7.955546980714853,-6.795307662006712,23.44455802567651,4,21,1,1,1,1,1,0,0,1
8,6,0.08,492,21067311,9.541309469190952e-05,0.00011889080007779462,-10.203920177259251,-9.248517503437242,19.747285215107283,5,17,1,1,1,1,1,0,0,1
8,6,0.08,493,21067312,5.176841905937811e-05,9.149221027528245e-05,-12.859350976079071,-10.386158805616773,43.41767577412667,5,10,1,1,1,1,1,0,0,1
8,6,0.08,494,21067313,0.00011469648943383462,0.00021175343315957707,-9.404498745385414,-6.741695397213503,45.83488554473659,4,10,1,1,1,1,1,0,0,1
8,6,0.08,495,21067314,0.0001788068017043478,0.0002015078589868368,-7.47615964922193,-6.957080113191077,11.26559400542881,4,22,1,1,1,1,1,0,0,1
8,6,0.08,496,21067315,7.32952277306269e-05,8.208300294180379e-05,-11.349243014533632,-10.857467636211634,10.705962131292095,3,9,1,1,1,1,1,0,0,1
8,6,0.08,497,21067316,0.0002566489026236689,0.00036469298496923764,-5.906605883504387,-4.380725904521949,29.626038009665145,7,16,1,1,1,1,1,0,0,1
8,6,0.08,498,21067317,5.560396571311222e-05,9.121666753814106e-05,-12.548942331319239,-10.39925798091935,39.04187993947252,6,13,1,1,1,1,1,0,0,1
8,6,0.08,499,21067318,6.9045045680518e-05,9.685987642257292e-05,-11.60867478719034,-10.138560893781527,28.716566414669458,4,11,1,1,1,1,1,0,0,1
8,6,0.08,500,21067319,8.772012402850293e-05,0.00013017945900156252,-10.569007629400648,-8.85457537626862,32.616002016531624,6,15,1,1,1,1,1,0,0,1
8,8,0.08,1,21068820,9.999636512385016e-05,0.00013348096553369526,-10.000157863534515,-8.745806605395751,25.085674407556194,11,25,1,0,1,1,1,0,0,1
8,8,0.08,2,21068821,0.00022825969923975472,0.00026527101740297975,-6.415707593060072,-5.763101969439325,13.952266073228882,6,14,1,1,1,1,1,0,0,1
8,8,0.08,3,21068822,0.00012758588957436262,0.00019454541628823773,-8.941973539757356,-7.109789972127247,34.418455079233595,18,25,1,0,1,1,1,0,0,1
8,8,0.08,4,21068823,8.411512619933797e-05,0.00011728092615032959,-10.751258991580197,-9.307726131293677,28.27893762407709,6,24,1,1,1,1,1,0,0,1
8,8,0.08,5,21068824,9.863675713321727e-05,0.00012224101800333936,-10.059612144161797,-9.12783042019433,19.30960757335748,4,21,1,1,1,1,1,0,0,1
8,8,0.08,6,21068825,8.196809367371576e-05,0.00015409461339684739,-10.863551651526526,-8.122125424166423,46.806645692007855,5,17,1,1,1,1,1,0,0,1
8,8,0.08,7,21068826,0.000125513354192618,0.00014105222269044385,-9.013100642736067,-8.506200658745197,11.01639392945106,10,24,1,1,1,1,1,0,0,1
8,8,0.08,8,21068827,0.00014354123451548905,0.00017761807865460544,-8.430233229709232,-7.505128321365515,19.185459271509142,7,17,1,1,1,1,1,0,0,1
8,8,0.08,9,21068828,6.88344084176899e-05,0.00010545497559551579,-11.621944156828242,-9.769329244811708,34.72625826427396,7,15,1,1,1,1,1,0,0,1
8,8,0.08,10,21068829,0.0001514152960325187,0.0001590161783855754,-8.198302500210964,-7.985586880937268,4.779942789611276,7,16,1,1,1,1,1,0,0,1
8,8,0.08,11,21068830,8.462870255287009e-05,8.462990727395981e-05,-10.724823172656823,-10.724761349660401,0.001423516967612058,4,9,1,1,1,1,1,0,0,1
8,8,0.08,12,21068831,5.129185953018624e-05,6.427822731270053e-05,-12.899515557780834,-11.91936108867748,20.203369516303322,8,22,1,1,1,1,1,0,0,1
8,8,0.08,13,21068832,4.653696494168306e-05,7.037316676718438e-05,-13.322019440415694,-11.52592905437448,33.87115135000057,5,21,1,1,1,1,1,0,0,1
8,8,0.08,14,21068833,8.596376821364736e-05,0.0001239300376623206,-10.656845555058045,-9.068234183217008,30.635244017372237,6,20,1,1,1,1,1,0,0,1
8,8,0.08,15,21068834,9.40793848536812e-05,9.670390241758896e-05,-10.265055309312576,-10.145559999167055,2.7139727542478247,6,14,1,1,1,1,1,0,0,1
8,8,0.08,16,21068835,0.00015127172435278462,0.0002193559270669207,-8.20242242533116,-6.588506263254558,31.038232531261887,10,15,1,1,1,1,1,0,0,1
8,8,0.08,17,21068836,8.166937124778602e-05,9.63543855717284e-05,-10.879407879240253,-10.161285136369003,15.240628889704789,9,12,1,1,1,1,1,0,0,1
8,8,0.08,18,21068837,7.941759657664205e-05,8.650518828224105e-05,-11.000832601743781,-10.629578442718834,8.193256203864054,4,11,1,1,1,1,1,0,0,1
8,8,0.08,19,21068838,9.381558155994679e-05,0.00013372826444830928,-10.277250249096493,-8.73776791716117,29.846108489495997,8,19,1,1,1,1,1,0,0,1
8,8,0.08,20,21068839,0.00022968306590054967,0.0002865290134869318,-6.388710233380741,-5.428313954791207,19.839508360634053,9,11,1,1,1,1,1,0,0,1
8,8,0.08,21,21068840,0.00011936835183995531,0.00015335684644832815,-9.231108025464,-8.142968306475405,22.16301090921616,5,25,1,0,1,1,1,0,0,1
8,8,0.08,22,21068841,8.793417218892733e-05,0.00011900891668036113,-10.558423205000146,-9.244204981032432,26.11127414502527,6,18,1,1,1,1,1,0,0,1
8,8,0.08,23,21068842,0.000116491317238023,0.00013293336142516482,-9.337064438752432,-8.763660133037696,12.368636443755253,13,17,1,1,1,1,1,0,0,1
8,8,0.08,24,21068843,8.297771181997738e-05,0.00011049019973426416,-10.810385453766404,-9.56676241346138,24.90038752799437,11,25,1,0,1,1,1,0,0,1
8,8,0.08,25,21068844,0.0001147809759758978,0.00017185856908889617,-9.401300867928866,-7.648288085064392,33.21195644511285,5,20,1,1,1,1,1,0,0,1
8,8,0.08,26,21068845,8.432751914297422e-05,8.43296709605287e-05,-10.740306761268876,-10.740195942099003,0.0025516731299521232,4,11,1,1,1,1,1,0,0,1
8,8,0.08,27,21068846,9.927358979642358e-05,0.00014869058890562488,-10.031662734706423,-8.277165184699657,33.23478605667953,9,22,1,1,1,1,1,0,0,1
8,8,0.08,28,21068847,0.0001063594885187601,0.00012574100208614602,-9.732237598513224,-9.005230828855494,15.413837368742707,12,15,1,1,1,1,1,0,0,1
8,8,0.08,29,21068848,0.00012998583881003426,0.00015287934310111823,-8.861039589366797,-8.156511920452234,14.974884001131295,5,15,1,1,1,1,1,0,0,1
8,8,0.08,30,21068849,5.32741759014099e-05,6.327653339684931e-05,-12.734832596661,-11.987573216699667,15.807372747030815,10,11,1,1,1,1,1,0,0,1
8,8,0.08,31,21068850,6.313957236394918e-05,7.617511912711354e-05,-11.996983638534635,-11.181868579296063,17.112604368116468,6,16,1,1,1,1,1,0,0,1
8,8,0.08,32,21068851,6.505521127036582e-05,9.534119152710653e-05,-11.867179083981227,-10.207194247771977,31.76589234059455,9,25,1,0,1,1,1,0,0,1
8,8,0.08,33,21068852,7.979829232164033e-05,9.544480601256309e-05,-10.98006402424006,-10.202477003919334,16.39325841247271,9,15,1,1,1,1,1,0,0,1
8,8,0.08,34,21068853,7.609361053053534e-05,8.202602914323895e-05,-11.186518087725304,-10.860483120126139,7.232361086679021,5,10,1,1,1,1,1,0,0,1
8,8,0.08,35,21068854,0.00012172580078652877,0.00014440367932990267,-9.14617359718797,-8.404217410301147,15.70450188569249,9,15,1,1,1,1,1,0,0,1
8,8,0.08,36,21068855,7.299242079202858e-05,9.057279380358509e-05,-11.367222327437393,-10.430022358261134,19.410213898978395,5,15,1,1,1,1,1,0,0,1
8,8,0.08,37,21068856,6.471883639849709e-05,0.00010194217482025405,-11.889692996506467,-9.916461054700855,36.514169417505265,8,22,1,1,1,1,1,0,0,1
8,8,0.08,38,21068857,0.00011481587850120046,0.0001500284731862036,-9.399980468806262,-8.238263104499312,23.47060790340779,11,20,1,1,1,1,1,0,0,1
8,8,0.08,39,21068858,4.9701658959527736e-05,6.873454918510609e-05,-13.036291149901228,-11.628249114291176,27.690427086852186,12,25,1,0,1,1,1,0,0,1
8,8,0.08,40,21068859,0.00012573500331308782,0.00013569879520357702,-9.00543802429219,-8.674240081896444,7.34257947945772,6,14,1,1,1,1,1,0,0,1
8,8,0.08,41,21068860,0.00019609386085203977,0.00025857950055386213,-7.075360026596911,-5.87405907720221,24.164962639335986,7,20,1,1,1,1,1,0,0,1
8,8,0.08,42,21068861,0.00011991207809065502,0.00015816143487193754,-9.211370705797016,-8.008994036707499,24.183744167630255,6,11,1,1,1,1,1,0,0,1
8,8,0.08,43,21068862,0.00010755551704805583,0.00016260381370060954,-9.683673076189258,-7.888692727043911,33.85424695752222,12,16,1,1,1,1,1,0,0,1
8,8,0.08,44,21068863,0.0001851549422027957,0.00028344833899253484,-7.324646911610867,-5.475260836315227,34.67771133854762,8,25,1,0,1,1,1,0,0,1
8,8,0.08,45,21068864,0.00013948033783597918,0.00016334162465652638,-8.554870093880897,-7.8690312907165385,14.60820955511037,10,18,1,1,1,1,1,0,0,1
8,8,0.08,46,21068865,8.220066463823707e-05,9.623186534068735e-05,-10.851246709325546,-10.166810958403453,14.580618023745002,10,17,1,1,1,1,1,0,0,1
8,8,0.08,47,21068866,9.438054918101982e-05,0.00011490605524868479,-10.251174999153776,-9.39657084524958,17.86285850927765,11,19,1,1,1,1,1,0,0,1
8,8,0.08,48,21068867,0.00011245862042728942,0.00012720888479328271,-9.490072484496865,-8.954825547100771,11.595309863743248,11,14,1,1,1,1,1,0,0,1
8,8,0.08,49,21068868,8.604064839938272e-05,0.00010463889912481419,-10.652963254438854,-9.803068380807163,17.773744640840793,9,13,1,1,1,1,1,0,0,1
8,8,0.08,50,21068869,7.520153167241362e-05,8.327096686940829e-05,-11.237733137952851,-10.795063926659374,9.69057463887715,8,14,1,1,1,1,1,0,0,1
8,8,0.08,51,21068870,6.174822114820918e-05,8.131633126383085e-05,-12.093755491070752,-10.898222235880555,24.064182202383105,5,11,1,1,1,1,1,0,0,1
8,8,0.08,52,21068871,0.00011467126317377996,0.0001915105677490431,-9.405454034475568,-7.178072562203393,40.122749088162045,6,25,1,0,1,1,1,0,0,1
8,8,0.08,53,21068872,0.00010061654767705682,0.00011668054828622434,-9.973305881285956,-9.330015387796307,13.76750524839973,8,12,1,1,1,1,1,0,0,1
8,8,0.08,54,21068873,0.00011839849928357867,0.00012794118577692,-9.266538023174165,-8.929896284974097,7.458650969501014,10,22,1,1,1,1,1,0,0,1
8,8,0.08,55,21068874,9.698831945160512e-05,0.00013647885306189282,-10.132805657663958,-8.649346358760248,28.93527658265039,5,10,1,1,1,1,1,0,0,1
8,8,0.08,56,21068875,0.0001193268839103381,0.000178730449118274,-9.232617003482206,-7.478014533278832,33.23639900251461,6,25,1,0,1,1,1,0,0,1
8,8,0.08,57,21068876,8.09411713473814e-05,0.00012070872782529345,-10.918305149676398,-9.182613271741765,32.9450547564955,7,25,1,0,1,1,1,0,0,1
8,8,0.08,58,21068877,9.542183766351411e-05,0.00010488251040840631,-10.203522239179561,-9.792969261666544,9.020257722715545,9,13,1,1,1,1,1,0,0,1
8,8,0.08,59,21068878,0.00012108954434119249,0.00015694567907195532,-9.168933550482091,-8.042506365172255,22.846207007918817,7,21,1,1,1,1,1,0,0,1
8,8,0.08,60,21068879,7.916573398136122e-05,8.807726649538657e-05,-11.01462757337315,-10.551361722877965,10.117857727217414,9,12,1,1,1,1,1,0,0,1
8,8,0.08,61,21068880,5.748888289296313e-05,8.50912315406825e-05,-12.404161303544681,-10.701151906756632,32.43853467383718,6,17,1,1,1,1,1,0,0,1
8,8,0.08,62,21068881,5.4364771538704226e-05,6.595057299946997e-05,-12.646824326976917,-11.8078142681319,17.56740075762322,4,12,1,1,1,1,1,0,0,1
8,8,0.08,63,21068882,0.00011837267278084275,0.0001500487673914179,-9.26748546179786,-8.237675678319595,21.110533036199314,9,23,1,1,1,1,1,0,0,1
8,8,0.08,64,21068883,0.00010898404106875483,0.00017113900321668368,-9.626370927310168,-7.666510018474537,36.31840841636362,7,17,1,1,1,1,1,0,0,1
8,8,0.08,65,21068884,0.0001234945317090483,0.00019170007057291093,-9.083522723732521,-7.173777272397248,35.57929773318546,5,13,1,1,1,1,1,0,0,1
8,8,0.08,66,21068885,0.00010855990462275324,0.0001171883617123829,-9.6433054690534,-9.311155171154345,7.362895908389438,12,16,1,1,1,1,1,0,0,1
8,8,0.08,67,21068886,8.20115518028453e-05,0.00011632049304482103,-10.8612497041035,-9.343437656477668,29.49518209895799,24,17,1,1,1,1,1,0,0,1
8,8,0.08,68,21068887,5.1337658609430725e-05,8.591561644495196e-05,-12.89563942368744,-10.659278894929132,40.24641766689307,5,15,1,1,1,1,1,0,0,1
8,8,0.08,69,21068888,9.969500888573136e-05,0.00011722407865915176,-10.01326583590491,-9.309831719806148,14.95347199476743,10,23,1,1,1,1,1,0,0,1
8,8,0.08,70,21068889,8.094306767943068e-05,8.720155884510824e-05,-10.91820340208814,-10.594757514002598,7.177040466437315,4,10,1,1,1,1,1,0,0,1
8,8,0.08,71,21068890,0.00013410589840190696,0.00015781603842149246,-8.725521200822952,-8.018488626981874,15.02391027980366,7,25,1,0,1,1,1,0,0,1
8,8,0.08,72,21068891,7.229219884168971e-05,0.00011432083628874443,-11.409085655381396,-9.418746072204229,36.763759618501574,13,18,1,1,1,1,1,0,0,1
8,8,0.08,73,21068892,7.208943698258946e-05,8.552234095926398e-05,-11.421283662965159,-10.679204199160202,15.706894626601589,10,15,1,1,1,1,1,0,0,1
8,8,0.08,74,21068893,6.736118376239478e-05,9.659063597655126e-05,-11.715902894276667,-10.150649744212767,30.26116550392353,4,25,1,0,1,1,1,0,0,1
8,8,0.08,75,21068894,0.00011462448719220805,0.00014458395053113145,-9.407225942671133,-8.398799130070088,20.721154200633496,3,16,1,1,1,1,1,0,0,1
8,8,0.08,76,21068895,0.0001001285272918294,0.0001260990254985324,-9.994421714680561,-8.992882696699423,20.59532030801083,6,22,1,1,1,1,1,0,0,1
8,8,0.08,77,21068896,6.391139043241518e-05,8.138841123768609e-05,-11.944217339996108,-10.894374291872573,21.473598684991106,5,12,1,1,1,1,1,0,0,1
8,8,0.08,78,21068897,0.00014882156133546066,0.00021059461826671713,-8.273341434497354,-6.765527313790783,29.332685440717754,6,13,1,1,1,1,1,0,0,1
8,8,0.08,79,21068898,0.00020518520408875174,0.00025860817972963657,-6.878539594193147,-5.8735774258299145,20.657883171652266,5,14,1,1,1,1,1,0,0,1
8,8,0.08,80,21068899,7.804798100018856e-05,8.242779867653492e-05,-11.076383270899473,-10.839262983050231,5.313520131155921,6,10,1,1,1,1,1,0,0,1
8,8,0.08,81,21068900,5.6242697850568945e-05,6.542310877353719e-05,-12.499338552443934,-11.842688229271083,14.032367301202909,7,12,1,1,1,1,1,0,0,1
8,8,0.08,82,21068901,7.958207890787837e-05,8.847497673465249e-05,-10.991847200472924,-10.531795428923505,10.051314117261686,3,16,1,1,1,1,1,0,0,1
8,8,0.08,83,21068902,4.883548754946773e-05,7.240551274086438e-05,-13.112644721412401,-11.402283666510105,32.55280475086553,7,21,1,1,1,1,1,0,0,1
8,8,0.08,84,21068903,8.454270759020714e-05,9.13012009713644e-05,-10.729238474384372,-10.395235097405521,7.40241454575936,8,13,1,1,1,1,1,0,0,1
8,8,0.08,85,21068904,9.8500350665859e-05,0.000125153987918498,-10.065622233909519,-9.025553074348672,21.296674357669065,6,10,1,1,1,1,1,0,0,1
8,8,0.08,86,21068905,0.00014504951088050407,0.00014505158822708118,-8.384837313374028,-8.384775115736153,0.0014321432826135555,4,10,1,1,1,1,1,0,0,1
8,8,0.08,87,21068906,0.00010061053136665069,0.00018617768020639684,-9.973565573015717,-7.300723853536946,45.95993931436158,10,19,1,1,1,1,1,0,0,1
8,8,0.08,88,21068907,7.158664280328776e-05,0.00010017464666093873,-11.451680042003309,-9.9924218074927,28.538162909037077,11,25,1,0,1,1,1,0,0,1
8,8,0.08,89,21068908,8.15768860786324e-05,0.00011643009047555707,-10.884328764236503,-9.33934765058403,29.934877018962403,9,13,1,1,1,1,1,0,0,1
8,8,0.08,90,21068909,8.001100847620198e-05,8.013265997943334e-05,-10.968502556135903,-10.961904407455968,0.15181263577495815,3,10,1,1,1,1,1,0,0,1
8,8,0.08,91,21068910,0.00011093655517671237,0.00015168559071772588,-9.54925324043742,-8.190556727993066,26.864144015395667,9,18,1,1,1,1,1,0,0,1
8,8,0.08,92,21068911,3.731545299118771e-05,4.8441223019149114e-05,-14.281112818908577,-13.147849005462735,22.9675663299486,7,11,1,1,1,1,1,0,0,1
8,8,0.08,93,21068912,6.024356479388241e-05,8.001058386547814e-05,-12.200893375293614,-10.968525603787363,24.70550534268071,6,25,1,0,1,1,1,0,0,1
8,8,0.08,94,21068913,0.0001612839313651456,0.00041601093395330274,-7.924088989908933,-3.8089525472618653,61.23084318181654,10,25,1,0,1,1,1,0,0,1
8,8,0.08,95,21068914,9.32715249873305e-05,9.855456963027502e-05,-10.302509224741101,-10.063232342033771,5.360527332993007,5,14,1,1,1,1,1,0,0,1
8,8,0.08,96,21068915,0.00011666040232535582,0.00014804082681163603,-9.33076530157155,-8.296184980248563,21.197142141206754,12,25,1,0,1,1,1,0,0,1
8,8,0.08,97,21068916,9.538516106832217e-05,0.00010467436728581192,-10.205191826061476,-9.801596555631804,8.874384874116986,12,25,1,0,1,1,1,0,0,1
8,8,0.08,98,21068917,9.629873583814544e-05,0.00014223680416447965,-10.16379414039757,-8.469880141728193,32.296892914728595,10,13,1,1,1,1,1,0,0,1
8,8,0.08,99,21068918,7.757390911376276e-05,0.00010570186099362263,-11.102843229845877,-9.759173664092593,26.610649628540532,9,14,1,1,1,1,1,0,0,1
8,8,0.08,100,21068919,6.599108025928685e-05,9.341582121811159e-05,-11.805147622757417,-10.295795639643776,29.357704724119685,5,18,1,1,1,1,1,0,0,1
8,8,0.08,101,21068920,0.00016876890100654413,0.00027315336580360235,-7.727075776485072,-5.63593443727375,38.2145995126089,11,25,1,0,1,1,1,0,0,1
8,8,0.08,102,21068921,0.00026430886362763804,0.0003695259514096083,-5.778882725095054,-4.323550561643604,28.473531393561135,6,12,1,1,1,1,1,0,0,1
8,8,0.08,103,21068922,0.00010150429649164974,0.00012234802845457403,-9.935155744687634,-9.124030245810767,17.03642651721458,11,16,1,1,1,1,1,0,0,1
8,8,0.08,104,21068923,0.00013255580670717385,0.00013256434892723167,-8.77601242916571,-8.775732568207818,0.006443829073919212,5,15,1,1,1,1,1,0,0,1
8,8,0.08,105,21068924,0.00017085482767633411,0.00017085645656209848,-7.6737274526105805,-7.673686048294614,0.0009533650627772845,4,13,1,1,1,1,1,0,0,1
8,8,0.08,106,21068925,7.508881521137687e-05,0.00010764169332811559,-11.24424748132104,-9.680194789009228,30.24188593680924,9,13,1,1,1,1,1,0,0,1
8,8,0.08,107,21068926,6.176214850971263e-05,8.164888289363761e-05,-12.09277604678752,-10.880497528311434,24.356407190323758,9,25,1,0,1,1,1,0,0,1
8,8,0.08,108,21068927,9.239618657731015e-05,9.240094766812913e-05,-10.343459528340881,-10.343235746139992,0.005152642845271324,4,15,1,1,1,1,1,0,0,1
8,8,0.08,109,21068928,0.00011595002560989826,0.0001366258647455946,-9.357291511033008,-8.644670762550387,15.133180803060949,8,14,1,1,1,1,1,0,0,1
8,8,0.08,110,21068929,9.888537069582113e-05,0.00012448526921534335,-10.048679540653609,-9.048820371384853,20.564600679970994,5,9,1,1,1,1,1,0,0,1
8,8,0.08,111,21068930,7.813347069553784e-05,7.813590296972607e-05,-11.071628838634345,-11.071493646019984,0.0031128765340812923,7,18,1,1,1,1,1,0,0,1
8,8,0.08,112,21068931,8.032429541116702e-05,0.00010957170114387825,-10.951530753050376,-9.60301595705504,26.69248120398036,8,18,1,1,1,1,1,0,0,1
8,8,0.08,113,21068932,0.00012164597008339766,0.00017018559855934716,-9.149022739056464,-7.690771935512673,28.52158401583125,6,25,1,0,1,1,1,0,0,1
8,8,0.08,114,21068933,8.963184005730899e-05,0.0001237163228558044,-10.475376878285235,-9.07572996744884,27.55051395944094,12,25,1,0,1,1,1,0,0,1
8,8,0.08,115,21068934,9.064919022883823e-05,0.00012270034501833432,-10.42636071113072,-9.111542160884147,26.1214870950093,5,17,1,1,1,1,1,0,0,1
8,8,0.08,116,21068935,0.00011432831966287293,0.000125584270433755,-9.418461794916814,-9.01064753048,8.962866712531094,8,12,1,1,1,1,1,0,0,1
8,8,0.08,117,21068936,0.00011176106867839093,0.0001117642838375403,-9.517094540761482,-9.516969604072074,0.0028767322072654673,4,11,1,1,1,1,1,0,0,1
8,8,0.08,118,21068937,0.00010432905460781165,0.00010656386647912905,-9.81594728019742,-9.72390030290079,2.097157268364598,5,12,1,1,1,1,1,0,0,1
8,8,0.08,119,21068938,0.0002612944818973927,0.0003233626705512365,-5.828697617492055,-4.903101171115631,19.19460540947293,6,15,1,1,1,1,1,0,0,1
8,8,0.08,120,21068939,7.117432649550436e-05,0.00011066075843110453,-11.476766337794606,-9.560063576053757,35.68241578624616,4,25,1,0,1,1,1,0,0,1
8,8,0.08,121,21068940,5.580837714085342e-05,7.10965675847571e-05,-12.533006062061425,-11.481513657256862,21.50341565459966,5,13,1,1,1,1,1,0,0,1
8,8,0.08,122,21068941,7.425515825434841e-05,0.00012943641729917327,-11.29273371996092,-8.87943516503843,42.63194253691485,13,13,1,1,1,1,1,0,0,1
8,8,0.08,123,21068942,6.588973694296803e-05,9.538454239708172e-05,-11.81182226318687,-10.20521999463342,30.921997121219178,11,10,1,1,1,1,1,0,0,1
8,8,0.08,124,21068943,4.0959875099779294e-05,5.55611807790412e-05,-13.876413763378736,-12.55228533266084,26.27968929841356,10,20,1,1,1,1,1,0,0,1
8,8,0.08,125,21068944,0.00010028360547759826,0.0001259051546703686,-9.987700603253383,-8.999564891211252,20.349881035331663,11,24,1,1,1,1,1,0,0,1
8,8,0.08,126,21068945,0.00010226660461449412,0.00011407471445212556,-9.90266162958928,-9.42810609664847,10.35120700879512,5,12,1,1,1,1,1,0,0,1
8,8,0.08,127,21068946,0.00014287366147571032,0.0001830292558510866,-8.45047825303125,-7.374794860117318,21.939440330810854,9,25,1,0,1,1,1,0,0,1
8,8,0.08,128,21068947,9.903155108141402e-05,9.903314374567123e-05,-10.04226418760551,-10.042194343224706,0.0016082133687570408,3,9,1,1,1,1,1,0,0,1
8,8,0.08,129,21068948,5.506482039263031e-05,9.568291335128207e-05,-12.59125772995617,-10.191656097653292,42.45072765450814,5,20,1,1,1,1,1,0,0,1
8,8,0.08,130,21068949,5.201077113367109e-05,6.281873860541878e-05,-12.839067071439242,-12.0191078844382,17.20500556312569,7,14,1,1,1,1,1,0,0,1
8,8,0.08,131,21068950,0.0001362965603084453,0.00018921217729848188,-8.655151042380439,-7.230509167537184,27.96628512263366,12,17,1,1,1,1,1,0,0,1
8,8,0.08,132,21068951,0.00010395696534906565,0.000154843261517587,-9.831464066565124,-8.101076895606976,32.86310018905261,5,10,1,1,1,1,1,0,0,1
8,8,0.08,133,21068952,8.349993935805169e-05,9.71256834778476e-05,-10.783138399232612,-10.126659120302746,14.028981451547434,14,25,1,0,1,1,1,0,0,1
8,8,0.08,134,21068953,0.0001573772639590441,0.00019702803739547883,-8.030580092726563,-7.05471968662083,20.124432015148617,8,20,1,1,1,1,1,0,0,1
8,8,0.08,135,21068954,6.756884068042626e-05,6.757160425493514e-05,-11.702535324648862,-11.702357701264496,0.0040898459335921115,4,12,1,1,1,1,1,0,0,1
8,8,0.08,136,21068955,5.008866094558933e-05,8.202427913726133e-05,-13.00260578446538,-10.860575776817535,38.93434788769091,4,15,1,1,1,1,1,0,0,1
8,8,0.08,137,21068956,5.928208988626476e-05,9.067796195449964e-05,-12.270764944674257,-10.424982494835586,34.62348666811534,5,15,1,1,1,1,1,0,0,1
8,8,0.08,138,21068957,9.957341629648574e-05,0.00020500168920633855,-10.018565922665312,-6.882425603590303,51.42800204135733,6,19,1,1,1,1,1,0,0,1
8,8,0.08,139,21068958,0.00010862863279234702,0.0001086345442044427,-9.640556864899844,-9.640320534593943,0.005441558335768108,5,21,1,1,1,1,1,0,0,1
8,8,0.08,140,21068959,0.00012140019006279957,0.00018318656168473692,-9.157806333335746,-7.371063887480096,33.7286594899201,10,25,1,0,1,1,1,0,0,1
8,8,0.08,141,21068960,7.22172045581313e-05,0.00010920959158743418,-11.413593266053272,-9.617392170290435,33.872837075566245,5,22,1,1,1,1,1,0,0,1
8,8,0.08,142,21068961,0.00013515922646851705,0.00020419473678529856,-8.691543024062856,-6.899554562479344,33.80866294774737,13,16,1,1,1,1,1,0,0,1
8,8,0.08,143,21068962,5.748258742713457e-05,6.846448892432606e-05,-12.404636914766398,-11.645346294290444,16.040288432343097,8,11,1,1,1,1,1,0,0,1
8,8,0.08,144,21068963,7.315581612151965e-05,0.00011081901677629851,-11.357511403647749,-9.553857073661737,33.98622524399992,9,18,1,1,1,1,1,0,0,1
8,8,0.08,145,21068964,5.724854287009674e-05,6.337999704036106e-05,-12.422355628139236,-11.980477854258522,9.674115583122767,25,24,0,1,1,1,1,0,0,1
8,8,0.08,146,21068965,0.00011692511195082481,0.00017068784877932763,-9.320922056007523,-7.677973950886843,31.49769430746621,5,25,1,0,1,1,1,0,0,1
8,8,0.08,147,21068966,6.831813456455784e-05,9.044518491925931e-05,-11.654640006237846,-10.436145489662326,24.464597396151444,7,17,1,1,1,1,1,0,0,1
8,8,0.08,148,21068967,7.379324080213321e-05,0.00010633123734787273,-11.319834161819909,-9.733391323260353,30.60059993404231,9,25,1,0,1,1,1,0,0,1
8,8,0.08,149,21068968,0.00023629690281279798,0.00033025626171095625,-6.2654197070841136,-4.811489393433065,28.450439792233976,16,25,1,0,1,1,1,0,0,1
8,8,0.08,150,21068969,7.96648419437145e-05,0.00011761496333858985,-10.98733301171334,-9.295374224607002,32.26640583615588,12,25,1,0,1,1,1,0,0,1
8,8,0.08,151,21068970,5.3001025718700894e-05,5.8594802050535174e-05,-12.757157254999418,-12.321409085705731,9.546540198241338,8,25,1,0,1,1,1,0,0,1
8,8,0.08,152,21068971,8.683727282826777e-05,0.00010235663558769275,-10.612938242576062,-9.898839975964307,15.1620485279911,4,15,1,1,1,1,1,0,0,1
8,8,0.08,153,21068972,0.0001706571250124605,0.0001880083386408522,-7.678755750150003,-7.258228882607996,9.228959605636058,9,18,1,1,1,1,1,0,0,1
8,8,0.08,154,21068973,6.289372871525147e-05,6.632332321037075e-05,-12.013926569417547,-11.783337210620097,5.171023297854,5,16,1,1,1,1,1,0,0,1
8,8,0.08,155,21068974,7.80782181755637e-05,0.00015911916107733896,-11.074701062705426,-7.982775196048557,50.930976730317084,6,19,1,1,1,1,1,0,0,1
8,8,0.08,156,21068975,6.463521965405109e-05,0.00011942561974430049,-11.895307709623914,-9.229024963219247,45.878263146182455,4,25,1,0,1,1,1,0,0,1
8,8,0.08,157,21068976,0.0001184921301016248,0.0001824952576927486,-9.2631049325672,-7.387484166027409,35.071118230853045,6,25,1,0,1,1,1,0,0,1
8,8,0.08,158,21068977,6.787499582024821e-05,9.99838541680721e-05,-11.68290184147011,-10.000701261184952,32.11404342730091,10,15,1,1,1,1,1,0,0,1
8,8,0.08,159,21068978,0.00018676028514001748,0.00023126975627166165,-7.287154716729002,-6.358811572990735,19.245694659426633,14,25,1,0,1,1,1,0,0,1
8,8,0.08,160,21068979,8.70419247244913e-05,9.670146365676571e-05,-10.602715141534349,-10.145669524604717,9.989030741623719,10,17,1,1,1,1,1,0,0,1
8,8,0.08,161,21068980,0.00011686406349024087,0.00014949124660775518,-9.32319016873027,-8.253842365117702,21.825480660498894,8,15,1,1,1,1,1,0,0,1
8,8,0.08,162,21068981,6.47745976852321e-05,8.096279093064107e-05,-11.885952757350559,-10.917145293470975,19.99460870769266,6,15,1,1,1,1,1,0,0,1
8,8,0.08,163,21068982,7.260924003628407e-05,0.00012375252439954693,-11.390081087568586,-9.074459332298574,41.32706351762316,6,20,1,1,1,1,1,0,0,1
8,8,0.08,164,21068983,9.437567795473652e-05,0.00010310701746728746,-10.251399155646784,-9.86711775612642,8.4682301234454,4,13,1,1,1,1,1,0,0,1
8,8,0.08,165,21068984,6.880458470704605e-05,8.098091503024498e-05,-11.62382622133208,-10.91617320302342,15.036049319338119,7,8,1,1,1,1,1,0,0,1
8,8,0.08,166,21068985,8.428494057288174e-05,0.00011167638835273932,-10.742500150590486,-9.52038639705144,24.527519365453845,10,12,1,1,1,1,1,0,0,1
8,8,0.08,167,21068986,0.00010895082822633679,0.00019658697709631006,-9.62769463969716,-7.064452553876073,44.57881705309472,6,15,1,1,1,1,1,0,0,1
8,8,0.08,168,21068987,6.720181556011808e-05,8.24022622140642e-05,-11.726189936561502,-10.840608653223157,18.446637562520397,6,25,1,0,1,1,1,0,0,1
8,8,0.08,169,21068988,5.127635700153254e-05,6.144044833245372e-05,-12.900828374348922,-12.11545623907529,16.5429966850557,5,21,1,1,1,1,1,0,0,1
8,8,0.08,170,21068989,9.672791765110241e-05,0.0001551628397484924,-10.14448161574013,-8.092122806586366,37.660384530283615,7,22,1,1,1,1,1,0,0,1
8,8,0.08,171,21068990,0.0001144543664643541,0.00018057329839017884,-9.413676342240283,-7.433464689679482,36.616117950593335,10,25,1,0,1,1,1,0,0,1
8,8,0.08,172,21068991,4.501611912016553e-05,5.876484367559237e-05,-13.466319486368493,-12.30882414806799,23.39617311215156,3,11,1,1,1,1,1,0,0,1
8,8,0.08,173,21068992,8.240009735872142e-05,0.00014237444826450225,-10.840722751678054,-8.4656794590597,42.124378100739605,7,17,1,1,1,1,1,0,0,1
8,8,0.08,174,21068993,5.820306694906695e-05,7.165461739226328e-05,-12.350541300586622,-11.447558186180846,18.772761522900446,8,21,1,1,1,1,1,0,0,1
8,8,0.08,175,21068994,0.00015378527357645352,0.00016985365245680067,-8.13085250429874,-7.699251098196884,9.46013150022421,14,16,1,1,1,1,1,0,0,1
8,8,0.08,176,21068995,0.00010495458158777082,0.00011181422200436099,-9.78998598388326,-9.51502953648234,6.13485502436589,9,19,1,1,1,1,1,0,0,1
8,8,0.08,177,21068996,0.00019994098169358521,0.00022037640416488287,-6.990981798727429,-6.568349075043401,9.272963023758262,6,23,1,1,1,1,1,0,0,1
8,8,0.08,178,21068997,4.5815913204179045e-05,7.336681305053995e-05,-13.389836526418417,-11.345003456468463,37.552264710451595,7,25,1,0,1,1,1,0,0,1
8,8,0.08,179,21068998,7.108290950280378e-05,8.37354812126405e-05,-11.482348043451756,-10.770904795251194,15.110167788618051,15,18,1,1,1,1,1,0,0,1
8,8,0.08,180,21068999,0.0001147943288021646,0.00013085679859913376,-9.400795669098562,-8.832037088866384,12.274845456195877,11,11,1,1,1,1,1,0,0,1
8,8,0.08,181,21069000,9.038581450211019e-05,0.00012831009686057552,-10.43899724025433,-8.91739167176924,29.556740495391146,12,25,1,0,1,1,1,0,0,1
8,8,0.08,182,21069001,0.00010247015956069337,0.00010247340587259778,-9.894025875343287,-9.893888290604409,0.0031679555068705643,4,12,1,1,1,1,1,0,0,1
8,8,0.08,183,21069002,0.00010532708939967816,0.00012762002957840052,-9.77459916907971,-8.940811590575027,17.468214239072235,4,12,1,1,1,1,1,0,0,1
8,8,0.08,184,21069003,8.161954352286284e-05,0.00012633875925748496,-10.882058384534139,-8.98463392522177,35.39627585188013,6,14,1,1,1,1,1,0,0,1
8,8,0.08,185,21069004,0.0001142050932152068,0.00012772657672366475,-9.423145273867089,-8.937187274543852,10.586272532545475,8,18,1,1,1,1,1,0,0,1
8,8,0.08,186,21069005,9.775093540987788e-05,0.00012017626313807814,-10.098790780097985,-9.201813044311503,18.66036365470473,5,11,1,1,1,1,1,0,0,1
8,8,0.08,187,21069006,9.955904977025789e-05,9.956208568070047e-05,-10.019192571167078,-10.01906014131227,0.0030492636045387892,3,9,1,1,1,1,1,0,0,1
8,8,0.08,188,21069007,8.32642849799024e-05,0.0001053163003744964,-10.795412430379809,-9.775044055018041,20.938843575190912,10,25,1,0,1,1,1,0,0,1
8,8,0.08,189,21069008,0.0001569397236014993,0.00018536320145487773,-8.042671165952058,-7.319764783431314,15.333937712711247,9,25,1,0,1,1,1,0,0,1
8,8,0.08,190,21069009,8.107685002844513e-05,9.949272417104178e-05,-10.911031327200122,-10.022086777256698,18.509769730434975,18,25,1,0,1,1,1,0,0,1
8,8,0.08,191,21069010,0.00011514423737134787,0.00013239087528191848,-9.387577923106893,-8.781419465524538,13.02705936028062,10,18,1,1,1,1,1,0,0,1
8,8,0.08,192,21069011,6.885903835627845e-05,0.00010274739199117309,-11.620390466833063,-9.882291928895278,32.98220322497913,6,12,1,1,1,1,1,0,0,1
8,8,0.08,193,21069012,7.992922266677547e-05,0.00010044950235728061,-10.97294410640427,-9.980522104739435,20.428453311314815,7,16,1,1,1,1,1,0,0,1
8,8,0.08,194,21069013,0.00010763688588000131,0.0001252436150666262,-9.68038875611883,-9.02244405277186,14.057985452798198,4,22,1,1,1,1,1,0,0,1
8,8,0.08,195,21069014,0.00017134235213610806,0.00019463993687332998,-7.6613527553065,-7.107680449299347,11.969580915135513,8,12,1,1,1,1,1,0,0,1
8,8,0.08,196,21069015,5.918072199197723e-05,6.536604416873063e-05,-12.278197408445475,-11.84647796932132,9.46259216908875,4,16,1,1,1,1,1,0,0,1
8,8,0.08,197,21069016,9.157620440976396e-05,0.00013418704869037128,-10.382173607870897,-8.722893988744389,31.754811434097,7,20,1,1,1,1,1,0,0,1
8,8,0.08,198,21069017,6.320447213238751e-05,0.00011834282711754554,-11.992521914374867,-9.268580599797101,46.59205490366657,8,25,1,0,1,1,1,0,0,1
8,8,0.08,199,21069018,0.00015289455642907747,0.00017207695278861695,-8.15607976686426,-7.642772932226762,11.147568601533493,11,21,1,1,1,1,1,0,0,1
8,8,0.08,200,21069019,0.00011893739638970995,0.00014157315928379604,-9.246815726969913,-8.490190763063213,15.988738973261654,15,16,1,1,1,1,1,0,0,1
8,8,0.08,201,21069020,8.348142695736204e-05,0.0001292262106797896,-10.78410136099016,-8.886493903725833,35.3989979910336,15,14,1,1,1,1,1,0,0,1
8,8,0.08,202,21069021,0.00010155619932969084,0.0001478564656009697,-9.93293560663901,-8.301596795015591,31.314333183259322,13,21,1,1,1,1,1,0,0,1
8,8,0.08,203,21069022,8.268059468148978e-05,0.00012837342366767374,-10.825964083635604,-8.915248761824673,35.593682618040255,11,25,1,0,1,1,1,0,0,1
8,8,0.08,204,21069023,0.00011463075185256703,0.00013588882118454836,-9.406988590849913,-8.668162687829735,15.643721938768683,7,14,1,1,1,1,1,0,0,1
8,8,0.08,205,21069024,6.913828592702251e-05,9.173864853975413e-05,-11.602813916675395,-10.374476620245126,24.63559576304196,7,15,1,1,1,1,1,0,0,1
8,8,0.08,206,21069025,9.770137081079503e-05,0.00013310282195435995,-10.100993428176903,-8.758127368152206,26.597070312832166,5,25,1,0,1,1,1,0,0,1
8,8,0.08,207,21069026,8.33443187008196e-05,8.334782083730573e-05,-10.79123999207036,-10.791057504935065,0.004201833294447835,4,13,1,1,1,1,1,0,0,1
8,8,0.08,208,21069027,0.00011865826600759586,0.00013447720044597574,-9.25702002440796,-8.713513406417565,11.763283579609398,13,14,1,1,1,1,1,0,0,1
8,8,0.08,209,21069028,0.00011537878581153679,0.0001538564298259114,-9.378740356510967,-8.128843494031162,25.00879817496875,6,12,1,1,1,1,1,0,0,1
8,8,0.08,210,21069029,0.00018358145740174196,0.00021400394379944684,-7.361711867229186,-6.695782231248494,14.215853155591947,25,25,0,0,1,1,1,0,0,1
8,8,0.08,211,21069030,0.0001279682452050198,0.0001393045000432693,-8.928977853769284,-8.56034854054187,8.137752071705053,5,14,1,1,1,1,1,0,0,1
8,8,0.08,212,21069031,7.936446121764496e-05,0.00011461153105658798,-11.003739277017848,-9.407716858388094,30.753511024593347,7,25,1,0,1,1,1,0,0,1
8,8,0.08,213,21069032,6.674581622590498e-05,9.761462993385912e-05,-11.75575951640515,-10.104850878313268,31.623142687597102,4,14,1,1,1,1,1,0,0,1
8,8,0.08,214,21069033,8.343029914949408e-05,9.95271336126847e-05,-10.78676199197652,-10.020585034571702,16.173312622296883,12,18,1,1,1,1,1,0,0,1
8,8,0.08,215,21069034,6.457109458959113e-05,8.655665154696565e-05,-11.899618515035588,-10.626995526395806,25.40019347380271,8,17,1,1,1,1,1,0,0,1
8,8,0.08,216,21069035,9.239701336968823e-05,0.00013617602069404156,-10.343420666373277,-8.658993608308268,32.1488372925182,8,14,1,1,1,1,1,0,0,1
8,8,0.08,217,21069036,0.00011624268081815247,0.00018343727068100308,-9.346343827851793,-7.365124199931077,36.63082731954829,5,13,1,1,1,1,1,0,0,1
8,8,0.08,218,21069037,6.369724254583706e-05,0.00010697571443670303,-11.958793678694786,-9.707148044011065,40.45635228402575,4,13,1,1,1,1,1,0,0,1
8,8,0.08,219,21069038,8.239300109067691e-05,8.999220768172012e-05,-10.841096780698047,-10.457950939755774,8.44429399700882,5,8,1,1,1,1,1,0,0,1
8,8,0.08,220,21069039,0.00010611520018200123,0.0001152426499765524,-9.742224023159267,-9.383867637814042,7.920201241821727,20,25,1,0,1,1,1,0,0,1
8,8,0.08,221,21069040,6.557353353686229e-05,0.00011244915557178818,-11.83271413036046,-9.490438015168303,41.68605962096373,7,25,1,0,1,1,1,0,0,1
8,8,0.08,222,21069041,0.00011372902705581518,0.00011538245453624798,-9.441286761981225,-9.37860226513172,1.4329973192877141,11,20,1,1,1,1,1,0,0,1
8,8,0.08,223,21069042,7.610957126580719e-05,8.987786928598776e-05,-11.185607244837623,-10.46347231850445,15.318896775768467,8,21,1,1,1,1,1,0,0,1
8,8,0.08,224,21069043,0.00012947414083625485,0.00016177615512541076,-8.87816962189285,-7.9108549051486765,19.967104709661946,19,25,1,0,1,1,1,0,0,1
8,8,0.08,225,21069044,0.00018415344282697317,0.00019212322430391335,-7.348201574130336,-7.164201334340371,4.148265523762526,4,12,1,1,1,1,1,0,0,1
8,8,0.08,226,21069045,0.00010424411714241648,0.00014327229213615382,-9.819484444086482,-8.438377910114758,27.24056020311888,5,20,1,1,1,1,1,0,0,1
8,8,0.08,227,21069046,0.0001395360388561623,0.00018057787827971297,-8.553136099173486,-7.433354540751223,22.728054961404165,8,11,1,1,1,1,1,0,0,1
8,8,0.08,228,21069047,7.470740933652529e-05,9.914740747542972e-05,-11.266363235608672,-10.037186373218688,24.65016359097543,5,9,1,1,1,1,1,0,0,1
8,8,0.08,229,21069048,6.24999271625068e-05,6.25086309988174e-05,-12.041204887829618,-12.040600124740948,0.013924215218790066,7,23,1,1,1,1,1,0,0,1
8,8,0.08,230,21069049,6.081998383136568e-05,0.00011596247140454468,-12.159536996465,-9.356825374881431,47.552011357889974,10,21,1,1,1,1,1,0,0,1
8,8,0.08,231,21069050,0.00010609111731983708,0.00011978224749210386,-9.743209767063062,-9.216075424434809,11.430016099146336,4,14,1,1,1,1,1,0,0,1
8,8,0.08,232,21069051,7.997279082443614e-05,0.00010782631539506364,-10.970577480679697,-9.672752351033356,25.83184306036544,8,14,1,1,1,1,1,0,0,1
8,8,0.08,233,21069052,0.0002485842854932276,0.00032968950422823385,-6.045263291911095,-4.818948785417646,24.600485515868787,12,16,1,1,1,1,1,0,0,1
8,8,0.08,234,21069053,8.314919011682511e-05,8.962595974487421e-05,-10.801419765046756,-10.47566180728091,7.226443818828408,6,23,1,1,1,1,1,0,0,1
8,8,0.08,235,21069054,6.660174772926386e-05,9.190066912398308e-05,-11.765143741447734,-10.366813265268851,27.52854972207925,18,17,1,1,1,1,1,0,0,1
8,8,0.08,236,21069055,3.7382883454818235e-05,5.119437231082441e-05,-14.273272032188371,-12.90777777475065,26.97852953865772,5,10,1,1,1,1,1,0,0,1
8,8,0.08,237,21069056,8.5486127722682e-05,8.5487040283798e-05,-10.681043547722961,-10.680997187201985,0.0010674847473629732,5,24,1,1,1,1,1,0,0,1
8,8,0.08,238,21069057,0.00011917001490643761,0.0001627993253645944,-9.238330063311336,-7.883473991460868,26.799441803857313,18,25,1,0,1,1,1,0,0,1
8,8,0.08,239,21069058,8.661775483806669e-05,9.657668259504092e-05,-10.623930775223098,-10.151277166765318,10.31193812975888,11,18,1,1,1,1,1,0,0,1
8,8,0.08,240,21069059,9.989890760313163e-05,0.00019174003187515335,-10.004392607682707,-7.172872047669548,47.89877386263382,7,18,1,1,1,1,1,0,0,1
8,8,0.08,241,21069060,0.00012630665449545744,0.00020281887920512942,-8.98573767936156,-6.928916215625961,37.724409586293056,14,23,1,1,1,1,1,0,0,1
8,8,0.08,242,21069061,9.86301308739234e-05,0.00011819912185760238,-10.05990390603599,-9.273857499675746,16.55595293445095,5,14,1,1,1,1,1,0,0,1
8,8,0.08,243,21069062,7.785631601549794e-05,8.183881696752943e-05,-11.08706149962741,-10.870406572551754,4.8662738534106555,8,19,1,1,1,1,1,0,0,1
8,8,0.08,244,21069063,5.169001695668901e-05,8.360118425037135e-05,-12.865933253638381,-10.777875705303773,38.17071202976481,6,23,1,1,1,1,1,0,0,1
8,8,0.08,245,21069064,0.00017498175183372627,0.00021394007675870624,-7.5700723983451095,-6.697078527130319,18.209923785770812,6,19,1,1,1,1,1,0,0,1
8,8,0.08,246,21069065,8.199172558106621e-05,9.816807762921603e-05,-10.862299734187648,-10.080297134690818,16.478220251239325,6,12,1,1,1,1,1,0,0,1
8,8,0.08,247,21069066,3.1666018471016036e-05,4.1839397821292886e-05,-14.99406539241618,-13.784145747328377,24.315310162278244,9,18,1,1,1,1,1,0,0,1
8,8,0.08,248,21069067,3.95014822892323e-05,4.786369552831289e-05,-14.033866072101045,-13.199937728016899,17.470889254955406,8,13,1,1,1,1,1,0,0,1
8,8,0.08,249,21069068,9.567694385637385e-05,0.00011306015086524771,-10.19192705507739,-9.466904393614753,15.3751846922549,6,25,1,0,1,1,1,0,0,1
8,8,0.08,250,21069069,6.0033643045322705e-05,8.872940098857927e-05,-12.216053013805121,-10.519324503894635,32.340754725651884,7,14,1,1,1,1,1,0,0,1
8,8,0.08,251,21069070,9.26034918244819e-05,0.00014641813942392604,-10.333726369518372,-8.344051161484542,36.75408512304203,7,16,1,1,1,1,1,0,0,1
8,8,0.08,252,21069071,5.9238723657403306e-05,7.91450096805644e-05,-12.273943072493811,-11.015764634487335,25.15166288247921,3,11,1,1,1,1,1,0,0,1
8,8,0.08,253,21069072,6.062642724826999e-05,7.009088495574656e-05,-12.173380242453204,-11.543384566526207,13.503122001458765,6,23,1,1,1,1,1,0,0,1
8,8,0.08,254,21069073,4.138717563804575e-05,5.672009206071101e-05,-13.831342099042397,-12.462630729338342,27.032601439104674,4,9,1,1,1,1,1,0,0,1
8,8,0.08,255,21069074,9.759005154716106e-05,0.00014026808938947237,-10.105944526036517,-8.530411185535646,30.426049166329094,4,14,1,1,1,1,1,0,0,1
8,8,0.08,256,21069075,7.411255451659289e-05,8.077303228261478e-05,-11.301082171833702,-10.927336130591437,8.245917700251374,6,15,1,1,1,1,1,0,0,1
8,8,0.08,257,21069076,0.0001357515294020211,0.0001752205595720815,-8.672552688690102,-7.56414937067217,22.52534192702644,9,25,1,0,1,1,1,0,0,1
8,8,0.08,258,21069077,0.00011205816159053119,0.00013946713475008603,-9.505565067804355,-8.555281212669577,19.65263946138245,6,13,1,1,1,1,1,0,0,1
8,8,0.08,259,21069078,9.423498575041067e-05,0.00011450849803592845,-10.257878307792065,-9.41162281768111,17.70481023963542,7,18,1,1,1,1,1,0,0,1
8,8,0.08,260,21069079,0.00010807607882784525,0.00013172021435246654,-9.662704205952206,-8.803475712184227,17.95027106572465,9,20,1,1,1,1,1,0,0,1
8,8,0.08,261,21069080,9.916673270649177e-05,0.00015468615538147582,-10.036339954377285,-8.105485545003146,35.89165593912788,9,25,1,0,1,1,1,0,0,1
8,8,0.08,262,21069081,0.0001795978252059807,0.0002256531411386614,-7.45698926615042,-6.465586166322348,20.40978277558308,8,25,1,0,1,1,1,0,0,1
8,8,0.08,263,21069082,0.00013055037842455238,0.00015318480294543622,-8.842218649558838,-8.14784317760278,14.775894269972799,12,25,1,0,1,1,1,0,0,1
8,8,0.08,264,21069083,9.051101755676565e-05,0.00010796192945623762,-10.432985525862437,-9.667293624935384,16.16394963239861,6,12,1,1,1,1,1,0,0,1
8,8,0.08,265,21069084,0.00010712256109573614,0.00012951205970451241,-9.701190527207524,-8.876897897350958,17.287578206893567,21,25,1,0,1,1,1,0,0,1
8,8,0.08,266,21069085,6.073606991867417e-05,7.082088412758512e-05,-12.165533136336553,-11.49838655813791,14.23988747548389,5,14,1,1,1,1,1,0,0,1
8,8,0.08,267,21069086,0.00011210131529286228,0.00014644561412289087,-9.503892917664805,-8.343236304060714,23.45191355557315,8,25,1,0,1,1,1,0,0,1
8,8,0.08,268,21069087,0.00014001548624979638,0.0001593284612825744,-8.538239270297616,-7.977066380475683,12.121484684726735,8,17,1,1,1,1,1,0,0,1
8,8,0.08,269,21069088,5.291002001433201e-05,5.934815090117189e-05,-12.764620741868564,-12.265928077275483,10.848073257683843,10,10,1,1,1,1,1,0,0,1
8,8,0.08,270,21069089,6.886969327060415e-05,9.728455433823376e-05,-11.619718512557238,-10.119561062696846,29.207988113753732,6,25,1,0,1,1,1,0,0,1
8,8,0.08,271,21069090,4.9631125925447776e-05,6.794804765926711e-05,-13.042458723412127,-11.678230172683246,26.957245078874873,5,25,1,0,1,1,1,0,0,1
8,8,0.08,272,21069091,0.00013133746107000765,0.00017462514070579058,-8.816113834644696,-7.578932309409039,24.788916109573396,4,19,1,1,1,1,1,0,0,1
8,8,0.08,273,21069092,7.308607466106933e-05,0.00012648351796993362,-11.361653627680477,-8.97966063587532,42.216918192896394,7,25,1,0,1,1,1,0,0,1
8,8,0.08,274,21069093,3.9802037114438106e-05,6.243731458240255e-05,-14.000946996620181,-12.045557841349915,36.25280430357268,7,9,1,1,1,1,1,0,0,1
8,8,0.08,275,21069094,0.00016123027796327246,0.00019657082037141728,-7.9255339728529295,-7.064809498416698,17.978529235096772,4,22,1,1,1,1,1,0,0,1
8,8,0.08,276,21069095,0.00015475498886144385,0.00016335470205523358,-8.10355341661172,-7.8686836013405115,5.264441785631606,25,25,0,0,1,1,1,0,0,1
8,8,0.08,277,21069096,8.676494746513526e-05,0.00011960685723124253,-10.616556918405703,-9.222439209134944,27.458216465475882,4,14,1,1,1,1,1,0,0,1
8,8,0.08,278,21069097,4.687836406914418e-05,4.687871022735029e-05,-13.290275524537067,-13.290243455575892,0.0007384123932403138,4,10,1,1,1,1,1,0,0,1
8,8,0.08,279,21069098,0.00011729101001863523,0.0001279821893129884,-9.307352738940304,-8.928504648934666,8.353646200103064,5,23,1,1,1,1,1,0,0,1
8,8,0.08,280,21069099,5.415963613006561e-05,7.163713548418235e-05,-12.6632426210791,-11.44861788376957,24.397261610182355,6,15,1,1,1,1,1,0,0,1
8,8,0.08,281,21069100,0.00012534723513154143,0.0001436238221135482,-9.01885241126249,-8.427735200212144,12.725317230144036,15,18,1,1,1,1,1,0,0,1
8,8,0.08,282,21069101,9.966223482663678e-05,0.0001340254528853467,-10.014693784333321,-8.728127165758906,25.639322471162433,4,13,1,1,1,1,1,0,0,1
8,8,0.08,283,21069102,0.0001006330902343159,0.0001251756206371869,-9.972591908190159,-9.024802466345669,19.606477905155238,6,25,1,0,1,1,1,0,0,1
8,8,0.08,284,21069103,0.00013122943231647294,0.00018346129064110558,-8.819687498756663,-7.3645555557747535,28.470233770899778,11,25,1,0,1,1,1,0,0,1
8,8,0.08,285,21069104,0.00012408299154148615,0.00019201048873721346,-9.062877445763162,-7.1667504694084725,35.37697218650031,6,11,1,1,1,1,1,0,0,1
8,8,0.08,286,21069105,8.470380563658946e-05,9.239583870340366e-05,-10.720970769202731,-10.343475879665325,8.32508603716029,7,20,1,1,1,1,1,0,0,1
8,8,0.08,287,21069106,0.00010276366269401738,0.0001478720943372423,-9.881604250416128,-8.301137760965581,30.505033316393718,6,16,1,1,1,1,1,0,0,1
8,8,0.08,288,21069107,0.00010638202187812134,0.00010638514110109521,-9.731317598119539,-9.731190260676438,0.002932009998372187,3,9,1,1,1,1,1,0,0,1
8,8,0.08,289,21069108,0.00012516802990595647,0.00013469139910314364,-9.025065833335873,-8.70660135838288,7.0705102631641585,8,14,1,1,1,1,1,0,0,1
8,8,0.08,290,21069109,0.00025358319362426646,0.00025455571951267406,-5.958795329594947,-5.942171405245498,0.3820483351422706,6,18,1,1,1,1,1,0,0,1
8,8,0.08,291,21069110,0.000154475978922864,0.0001996283243360302,-8.111390439563944,-6.997778386492137,22.618205890043043,5,10,1,1,1,1,1,0,0,1
8,8,0.08,292,21069111,5.451037538819164e-05,7.207823351450975e-05,-12.63520827173205,-11.421958655403921,24.373319474847573,3,25,1,0,1,1,1,0,0,1
8,8,0.08,293,21069112,7.13828565957368e-05,9.671709567592342e-05,-11.464060764568227,-10.144967534092597,26.194168572923022,11,13,1,1,1,1,1,0,0,1
8,8,0.08,294,21069113,7.536105602862003e-05,7.117548201494652e-05,-11.228530244377236,-11.476695830398393,-5.88064020809098,7,24,1,1,1,1,0,1,0,1
8,8,0.08,295,21069114,8.249904521400245e-05,9.541926391334001e-05,-10.835510776402518,-10.203639380140208,13.540471985899758,8,20,1,1,1,1,1,0,0,1
8,8,0.08,296,21069115,0.00016758357519129077,0.00016759648617110598,-7.757685486731573,-7.757350910308995,0.007703610087641212,4,13,1,1,1,1,1,0,0,1
8,8,0.08,297,21069116,8.085309865405544e-05,0.00010286405165404395,-10.923033313225758,-9.877363734979225,21.39810035289737,6,10,1,1,1,1,1,0,0,1
8,8,0.08,298,21069117,0.0001648199301931865,0.00023232312079687334,-7.829902741341534,-6.339075670623091,29.055735121045824,10,25,1,0,1,1,1,0,0,1
8,8,0.08,299,21069118,0.0001590769246067792,0.0001591956459910108,-7.983928137082853,-7.980688144120203,0.07457577340920753,7,21,1,1,1,1,1,0,0,1
8,8,0.08,300,21069119,5.7295969310411165e-05,8.450807611226167e-05,-12.418759289543912,-10.7310178521137,32.20059910688486,8,25,1,0,1,1,1,0,0,1
8,8,0.08,301,21069120,7.310040378315317e-05,9.992947986568339e-05,-11.360802241322766,-10.003063730920271,26.848009334774435,9,11,1,1,1,1,1,0,0,1
8,8,0.08,302,21069121,7.871125875019483e-05,7.871339678467917e-05,-11.039631423122913,-11.039513457283881,0.002716226934272455,4,12,1,1,1,1,1,0,0,1
8,8,0.08,303,21069122,8.326928021793396e-05,0.00010491639446170544,-10.795151893795369,-9.7915664271275,20.63272794956054,5,12,1,1,1,1,1,0,0,1
8,8,0.08,304,21069123,8.364100415288086e-05,0.00014260400920321976,-10.775807618964826,-8.45868264453585,41.347368408354406,11,25,1,0,1,1,1,0,0,1
8,8,0.08,305,21069124,8.467524333136324e-05,0.0001105075165337583,-10.72243546648889,-9.566081810004755,23.37603270136264,6,16,1,1,1,1,1,0,0,1
8,8,0.08,306,21069125,4.676093835681265e-05,6.625646928222888e-05,-13.301167823883658,-11.78771710803894,29.424343217523766,6,12,1,1,1,1,1,0,0,1
8,8,0.08,307,21069126,7.967660220381591e-05,8.645843337759399e-05,-10.986691946094236,-10.631926381249475,7.844036618335969,10,17,1,1,1,1,1,0,0,1
8,8,0.08,308,21069127,8.340806207087429e-05,9.749021139432635e-05,-10.787919692223007,-10.110389878998465,14.44468026281416,6,16,1,1,1,1,1,0,0,1
8,8,0.08,309,21069128,9.737796795679204e-05,0.00011227107876419707,-10.115392923734065,-9.497321043864725,13.265313713325067,5,16,1,1,1,1,1,0,0,1
8,8,0.08,310,21069129,5.8012913428471505e-05,7.993709153613566e-05,-12.364753235664228,-10.972516573366837,27.426789849807463,6,12,1,1,1,1,1,0,0,1
8,8,0.08,311,21069130,0.00015181340676281008,0.00022018227330204845,-8.186898738555122,-6.572176486567227,31.051031272371873,6,16,1,1,1,1,1,0,0,1
8,8,0.08,312,21069131,0.00013280200203227583,0.00019388629312764964,-8.767953777916746,-7.12452892465593,31.505213756991846,10,25,1,0,1,1,1,0,0,1
8,8,0.08,313,21069132,0.0001009215242290419,0.00012907776584692528,-9.96016198906909,-8.891485602246645,21.813393990157973,9,25,1,0,1,1,1,0,0,1
8,8,0.08,314,21069133,0.00011819890639304396,0.00013118037189845436,-9.273865416414262,-8.821311422004298,9.89589015303238,4,11,1,1,1,1,1,0,0,1
8,8,0.08,315,21069134,0.00012188456617747867,0.00012373224253755649,-9.140512841134928,-9.075171157989821,1.4932860846816007,4,11,1,1,1,1,1,0,0,1
8,8,0.08,316,21069135,0.0001869850003486249,0.0002501708271869986,-7.281932305068054,-6.0176333545151115,25.25707235685931,5,10,1,1,1,1,1,0,0,1
8,8,0.08,317,21069136,5.320386728396097e-05,5.996216202436633e-05,-12.740567985500364,-12.221227164120815,11.270932388426967,4,15,1,1,1,1,1,0,0,1
8,8,0.08,318,21069137,6.211965592318365e-05,9.271465243353452e-05,-12.067709584662822,-10.328516254221798,32.99909529648927,6,25,1,0,1,1,1,0,0,1
8,8,0.08,319,21069138,0.0001003567278323451,0.00012314656241432077,-9.984535074563073,-9.095777068076515,18.50626938761014,14,23,1,1,1,1,1,0,0,1
8,8,0.08,320,21069139,6.407433424970342e-05,9.030244842986524e-05,-11.933158975617005,-10.443004742140229,29.044743122920174,7,18,1,1,1,1,1,0,0,1
8,8,0.08,321,21069140,0.0001238884613841775,0.0001462977774047549,-9.069691406823358,-8.347622717433335,15.317605241929707,6,25,1,0,1,1,1,0,0,1
8,8,0.08,322,21069141,0.00014659124704174975,0.00016863900282348593,-8.338919606291046,-7.730419744795133,13.073936285554016,13,25,1,0,1,1,1,0,0,1
8,8,0.08,323,21069142,0.00010314577051351713,0.00013990916182321392,-9.865485755463808,-8.541538452009181,26.276614648117317,7,25,1,0,1,1,1,0,0,1
8,8,0.08,324,21069143,9.623718537712441e-05,0.00010916335218299857,-10.166570871754704,-9.619231365031897,11.841123002713468,13,25,1,0,1,1,1,0,0,1
8,8,0.08,325,21069144,0.00010704405451295895,0.00012808497315876027,-9.704374494710905,-8.92501818397649,16.427312374669643,5,18,1,1,1,1,1,0,0,1
8,8,0.08,326,21069145,6.506656943570912e-05,8.972768543636406e-05,-11.866420903679835,-10.470735349145695,27.484400027397225,4,25,1,0,1,1,1,0,0,1
8,8,0.08,327,21069146,5.073701197197816e-05,0.00010722324943763232,-12.946751130364957,-9.697110354669036,52.68096029724416,4,15,1,1,1,1,1,0,0,1
8,8,0.08,328,21069147,0.00014302108324844848,0.00019056878556879752,-8.445999369157471,-7.1994823363157225,24.95041471688645,9,13,1,1,1,1,1,0,0,1
8,8,0.08,329,21069148,7.838135351583857e-05,8.693024202544299e-05,-11.057872412485203,-10.608291112391035,9.834193843728523,10,13,1,1,1,1,1,0,0,1
8,8,0.08,330,21069149,9.815074153072184e-05,0.0001291578819510408,-10.081064149484973,-8.888790855542076,24.00716081119437,4,17,1,1,1,1,1,0,0,1
8,8,0.08,331,21069150,0.00011224924383911535,0.00015803300308302285,-9.498165759157818,-8.012522069689659,28.971011339862308,6,25,1,0,1,1,1,0,0,1
8,8,0.08,332,21069151,0.00013808608526173595,0.0001773357960551157,-8.598500824533163,-7.512035911893477,22.132988187664598,13,25,1,0,1,1,1,0,0,1
8,8,0.08,333,21069152,0.00015422967874661564,0.0002113091408248942,-8.118320460279534,-6.750817158016989,27.01230143450286,7,25,1,0,1,1,1,0,0,1
8,8,0.08,334,21069153,4.0122729422256475e-05,8.411305829021044e-05,-13.966095309680384,-10.751365761028604,52.29904816464605,5,15,1,1,1,1,1,0,0,1
8,8,0.08,335,21069154,0.0001474104505329668,0.00018865624767945566,-8.314717264639667,-7.24328807808422,21.862937302012526,12,11,1,1,1,1,1,0,0,1
8,8,0.08,336,21069155,9.759392135390575e-05,0.00010995738123834714,-10.105772315614676,-9.587756119285906,11.243865346012523,10,18,1,1,1,1,1,0,0,1
8,8,0.08,337,21069156,0.00013514700092252447,0.00015183717661727142,-8.691935873847909,-8.186218804630125,10.992153612561609,8,13,1,1,1,1,1,0,0,1
8,8,0.08,338,21069157,7.629448437627531e-05,7.629496810818574e-05,-11.1750685774017,-11.175041041802613,0.0006340285898601838,4,11,1,1,1,1,1,0,0,1
8,8,0.08,339,21069158,6.188815808239106e-05,7.053508487539658e-05,-12.083924426029915,-11.515948067306912,12.259043578498133,14,25,1,0,1,1,1,0,0,1
8,8,0.08,340,21069159,0.00012857231981490115,0.0001409550922543893,-8.908525201021936,-8.509192298453526,8.78490605869016,7,14,1,1,1,1,1,0,0,1
8,8,0.08,341,21069160,8.754134552615663e-05,0.00010436825725241992,-10.577867824876497,-9.814315683481787,16.122633614132834,7,19,1,1,1,1,1,0,0,1
8,8,0.08,342,21069161,9.867422356420278e-05,0.00013360192084766842,-10.057962822429001,-8.741872977920147,26.14311011537765,7,12,1,1,1,1,1,0,0,1
8,8,0.08,343,21069162,9.651654794470864e-05,0.00014088487343749044,-10.153982196618701,-8.511356338266763,31.49261124365327,10,17,1,1,1,1,1,0,0,1
8,8,0.08,344,21069163,6.993657993319239e-05,8.840702458448474e-05,-11.552956095512158,-10.535132257440035,20.892507963144233,10,17,1,1,1,1,1,0,0,1
8,8,0.08,345,21069164,7.798930817467807e-05,9.632083581723769e-05,-11.079649321686762,-10.162797575102614,19.031736474279004,10,15,1,1,1,1,1,0,0,1
8,8,0.08,346,21069165,9.788833014349178e-05,0.00011370764622992603,-10.092690799678191,-9.442103303535003,13.912271171673293,12,24,1,1,1,1,1,0,0,1
8,8,0.08,347,21069166,0.00012362284532892854,0.00014470086231770587,-9.079012648177084,-8.395288807765711,14.566614635991833,10,25,1,0,1,1,1,0,0,1
8,8,0.08,348,21069167,7.024032567401094e-05,9.120877140780479e-05,-11.53413483461607,-10.399633942282566,22.98950573519025,11,10,1,1,1,1,1,0,0,1
8,8,0.08,349,21069168,7.661996638040045e-05,9.597030235196484e-05,-11.156580429142798,-10.178631369604998,20.162837354203905,7,23,1,1,1,1,1,0,0,1
8,8,0.08,350,21069169,8.836947627038604e-05,8.83768181653399e-05,-10.536977188840329,-10.536616384165221,0.008307489572807443,5,15,1,1,1,1,1,0,0,1
8,8,0.08,351,21069170,0.00012965254769511716,0.00018865782884452842,-8.872189448486603,-7.243251679163066,31.27634909762324,8,15,1,1,1,1,1,0,0,1
8,8,0.08,352,21069171,0.0002552092055455506,0.00029192296558248844,-5.9310366441196045,-5.347317377169611,12.576523386462954,25,25,0,0,1,1,1,0,0,1
8,8,0.08,353,21069172,5.899626561184597e-05,7.525968122730389e-05,-12.291754777730626,-11.234376255260681,21.60973226333255,11,25,1,0,1,1,1,0,0,1
8,8,0.08,354,21069173,0.0001370210206418852,0.00018182149772066105,-8.632128018327801,-7.403547691366463,24.63981302563267,7,14,1,1,1,1,1,0,0,1
8,8,0.08,355,21069174,0.0001661854076066368,0.0002001753457146459,-7.794071133686588,-6.985894127679217,16.980082130824677,5,16,1,1,1,1,1,0,0,1
8,8,0.08,356,21069175,6.553635816114537e-05,7.864618024985953e-05,-11.835176959176824,-11.043223656877752,16.66936912519356,4,11,1,1,1,1,1,0,0,1
8,8,0.08,357,21069176,8.34180402760699e-05,8.971664567669544e-05,-10.787400171668375,-10.471269721748264,7.02055382601275,9,12,1,1,1,1,1,0,0,1
8,8,0.08,358,21069177,0.00020447574935824296,0.000254674545686167,-6.893581915412906,-5.940144599066954,19.710959410047817,8,25,1,0,1,1,1,0,0,1
8,8,0.08,359,21069178,7.470467294866208e-05,9.897186878842052e-05,-11.266522312188194,-10.044882293021711,24.51928627480624,6,11,1,1,1,1,1,0,0,1
8,8,0.08,360,21069179,8.327169632537149e-05,0.00013106624193879934,-10.795025882509782,-8.825091529141012,36.46594646067997,7,25,1,0,1,1,1,0,0,1
8,8,0.08,361,21069180,5.239270632701558e-05,6.272225630158301e-05,-12.807291676422885,-12.025783272097485,16.468715546361373,7,15,1,1,1,1,1,0,0,1
8,8,0.08,362,21069181,0.00011414281398258887,0.000150867278459746,-9.42551424917899,-8.214049439576494,24.34223302235537,5,17,1,1,1,1,1,0,0,1
8,8,0.08,363,21069182,7.581325336876464e-05,9.055125698535426e-05,-11.202548661122316,-10.43105516658435,16.275868615466422,4,21,1,1,1,1,1,0,0,1
8,8,0.08,364,21069183,0.00028483330011648805,0.00038401863560115425,-5.454092383096948,-4.156476997408836,25.828260998167057,6,20,1,1,1,1,1,0,0,1
8,8,0.08,365,21069184,0.00022862297772780109,0.00028322390716559295,-6.408801230269152,-5.478700902764976,19.27836176833344,7,19,1,1,1,1,1,0,0,1
8,8,0.08,366,21069185,8.701876683512376e-05,0.00010564096979993926,-10.603870754962525,-9.761676205583651,17.627822804052116,5,22,1,1,1,1,1,0,0,1
8,8,0.08,367,21069186,0.00012703281621732527,0.00015327979575714302,-8.96084073838489,-8.145150869555417,17.123574186779024,3,12,1,1,1,1,1,0,0,1
8,8,0.08,368,21069187,0.00013744136352711073,0.00023273006269806565,-8.618825449464572,-6.33147513487692,40.94387208350411,5,16,1,1,1,1,1,0,0,1
8,8,0.08,369,21069188,8.82137945499548e-05,0.00011820500793061856,-10.54463496177885,-9.273641235346199,25.37220199525502,7,23,1,1,1,1,1,0,0,1
8,8,0.08,370,21069189,7.57586734145823e-05,8.447438501794914e-05,-11.20567638727207,-10.73274961249229,10.317579230100248,6,15,1,1,1,1,1,0,0,1
8,8,0.08,371,21069190,0.000154703410393113,0.00022213895646789624,-8.105001122955608,-6.533752726291442,30.35737051575152,12,25,1,0,1,1,1,0,0,1
8,8,0.08,372,21069191,5.9371589953799176e-05,9.471472930978192e-05,-12.264213206391162,-10.23582477590818,37.315356981474885,3,13,1,1,1,1,1,0,0,1
8,8,0.08,373,21069192,8.526659780847234e-05,9.082464548157708e-05,-10.692210652972685,-10.417962886559472,6.119536876400069,11,16,1,1,1,1,1,0,0,1
8,8,0.08,374,21069193,0.00013704065122377724,0.00020170072992523521,-8.6315058624934,-6.952925301366234,32.057434162695216,10,25,1,0,1,1,1,0,0,1
8,8,0.08,375,21069194,5.681538949108807e-05,9.69109775712823e-05,-12.455340117222002,-10.136270255436239,41.37362875191529,8,25,1,0,1,1,1,0,0,1
8,8,0.08,376,21069195,4.658556089407934e-05,5.684797174220594e-05,-13.317486712014066,-12.452850257322993,18.052378182751287,9,17,1,1,1,1,1,0,0,1
8,8,0.08,377,21069196,0.00012346999017935764,0.00019360667951910578,-9.084385863982442,-7.1307966341064155,36.226378921408454,6,25,1,0,1,1,1,0,0,1
8,8,0.08,378,21069197,9.878588858016715e-05,0.00011918554319975423,-10.053050893138787,-9.237764198419079,17.115880057195678,12,25,1,0,1,1,1,0,0,1
8,8,0.08,379,21069198,0.00013011370093504008,0.00020394524857932496,-8.856769699472952,-6.904864082180198,36.20165125620366,7,10,1,1,1,1,1,0,0,1
8,8,0.08,380,21069199,0.00020911074135235847,0.00025838234183278043,-6.796236582858928,-5.877371698821669,19.06925996990518,10,20,1,1,1,1,1,0,0,1
8,8,0.08,381,21069200,0.0001572579183576236,0.00022171962863963289,-8.033874774410952,-6.54195857483028,29.073524377393177,9,15,1,1,1,1,1,0,0,1
8,8,0.08,382,21069201,0.00014430701449195908,0.0002014587202433199,-8.407125581572945,-6.958139292108774,28.368941132125503,6,24,1,1,1,1,1,0,0,1
8,8,0.08,383,21069202,0.00013056306679535575,0.00021092144822148104,-8.841796573290498,-6.758792553927329,38.09872447952464,6,14,1,1,1,1,1,0,0,1
8,8,0.08,384,21069203,7.318984284860911e-05,9.332324831589188e-05,-11.355491853470113,-10.300101530639324,21.573836991970932,5,16,1,1,1,1,1,0,0,1
8,8,0.08,385,21069204,7.141657902433755e-05,8.957822734485827e-05,-11.462009570897001,-10.477975360190783,20.274623487024375,4,24,1,1,1,1,1,0,0,1
8,8,0.08,386,21069205,9.220939214770905e-05,0.00011466554757026794,-10.352248408749873,-9.405670506925714,19.584047604881125,6,17,1,1,1,1,1,0,0,1
8,8,0.08,387,21069206,3.8904680970054385e-05,4.704923965544272e-05,-14.099981416778833,-13.274473906450936,17.31071265982969,4,8,1,1,1,1,1,0,0,1
8,8,0.08,388,21069207,0.00011598963144542584,0.00019134136304644185,-9.355808315256454,-7.1819113660607306,39.380785419996634,12,25,1,0,1,1,1,0,0,1
8,8,0.08,389,21069208,0.00010629995717619556,0.00013834906674960464,-9.73466910435741,-8.590237660992052,23.165396288082057,8,12,1,1,1,1,1,0,0,1
8,8,0.08,390,21069209,9.522251195377776e-05,0.0001263637300404472,-10.212603660953338,-8.983775629499021,24.644111151753425,5,24,1,1,1,1,1,0,0,1
8,8,0.08,391,21069210,0.00010789322423567036,0.00014154411640807297,-9.670058284353296,-8.491081783272316,23.774137015619065,10,15,1,1,1,1,1,0,0,1
8,8,0.08,392,21069211,6.620193758577838e-05,7.463633657185241e-05,-11.79129299525595,-11.270496855219392,11.300660473808538,4,12,1,1,1,1,1,0,0,1
8,8,0.08,393,21069212,8.340705300239697e-05,0.00010957797199400865,-10.787972233369699,-9.602767414990595,23.883375933479236,6,15,1,1,1,1,1,0,0,1
8,8,0.08,394,21069213,8.62191955921543e-05,9.612268604373057e-05,-10.643960333438596,-10.171741018124631,10.302968902752808,5,24,1,1,1,1,1,0,0,1
8,8,0.08,395,21069214,8.282088137649088e-05,0.00010985576386176002,-10.818601520646272,-9.591771517822787,24.60943471230987,4,13,1,1,1,1,1,0,0,1
8,8,0.08,396,21069215,0.00020994030442292972,0.0003079630960380674,-6.779041773863666,-5.115013229387689,31.829395429581293,15,24,1,1,1,1,1,0,0,1
8,8,0.08,397,21069216,6.540414037270741e-05,7.778315461316426e-05,-11.843947580350065,-11.091144473635712,15.914775251814982,11,19,1,1,1,1,1,0,0,1
8,8,0.08,398,21069217,0.0001591910666820422,0.00024604625678967306,-7.980813071985403,-6.089832376933243,35.30035012151272,3,10,1,1,1,1,1,0,0,1
8,8,0.08,399,21069218,0.0001501487124933773,0.0001647122249589214,-8.234783874704547,-7.832741662511911,8.841792082631507,10,20,1,1,1,1,1,0,0,1
8,8,0.08,400,21069219,0.00014210249425593605,0.00015771161738445123,-8.473982990459108,-8.021363144064784,9.897256389467525,7,20,1,1,1,1,1,0,0,1
8,8,0.08,401,21069220,0.0001404969652966565,0.00014429836536017815,-8.523330563222462,-8.40738588650619,2.6344027210794114,6,13,1,1,1,1,1,0,0,1
8,8,0.08,402,21069221,8.36020075186155e-05,0.00010972164587194393,-10.777832938075253,-9.597076864143725,23.805365063346432,21,25,1,0,1,1,1,0,0,1
8,8,0.08,403,21069222,0.00013394564414826525,0.0001907523636357079,-8.730714048861646,-7.195300719440633,29.780348932362436,12,16,1,1,1,1,1,0,0,1
8,8,0.08,404,21069223,0.00021607434930472066,0.0002959892563939878,-6.653967861783774,-5.287240523649985,26.99925938625736,7,20,1,1,1,1,1,0,0,1
8,8,0.08,405,21069224,0.000132657406680342,0.00014573157527326632,-8.77268496977533,-8.364463406029625,8.971404150684918,8,20,1,1,1,1,1,0,0,1
8,8,0.08,406,21069225,5.383416851116513e-05,5.383550408945313e-05,-12.689419903997196,-12.689312160699266,0.002480850343260527,4,13,1,1,1,1,1,0,0,1
8,8,0.08,407,21069226,9.555775552229778e-05,0.00011069474153335739,-10.197340595890545,-9.558730094490869,13.674530335750541,14,25,1,0,1,1,1,0,0,1
8,8,0.08,408,21069227,6.493868816257221e-05,8.810520937018749e-05,-11.87496488877719,-10.549984124297097,26.29415601327,7,13,1,1,1,1,1,0,0,1
8,8,0.08,409,21069228,7.207628805613231e-05,0.00010674333977250302,-11.422075877094777,-9.716592131674513,32.47701616817962,5,13,1,1,1,1,1,0,0,1
8,8,0.08,410,21069229,7.5389822563072e-05,9.27603461782501e-05,-11.226872788388347,-10.326376392597592,18.726238453011554,6,13,1,1,1,1,1,0,0,1
8,8,0.08,411,21069230,8.298466553176619e-05,9.520139532205506e-05,-10.81002152084274,-10.213566863190112,12.832511276710937,8,17,1,1,1,1,1,0,0,1
8,8,0.08,412,21069231,0.0001129763866540661,0.00011298412064984171,-9.470123195031695,-9.469825901338227,0.006845205973302038,5,17,1,1,1,1,1,0,0,1
8,8,0.08,413,21069232,0.0002311452683695386,0.00024356795985541762,-6.361149923060731,-6.13379841544771,5.100297877131769,5,20,1,1,1,1,1,0,0,1
8,8,0.08,414,21069233,0.00011017797474623517,0.00015765700356684914,-9.579052149416258,-8.022867319070263,30.11539465196171,5,18,1,1,1,1,1,0,0,1
8,8,0.08,415,21069234,8.56479608771435e-05,8.912477397429399e-05,-10.672829723405775,-10.500015585352125,3.901062456723082,5,16,1,1,1,1,1,0,0,1
8,8,0.08,416,21069235,7.686794609295303e-05,0.00011304516297283394,-11.142547230989885,-9.467480157082642,32.00244568498231,3,15,1,1,1,1,1,0,0,1
8,8,0.08,417,21069236,8.573915638293269e-05,0.00013645052786282464,-10.668207939772362,-8.650247799100354,37.16465760460282,15,25,1,0,1,1,1,0,0,1
8,8,0.08,418,21069237,5.254054305712832e-05,7.63727772964757e-05,-12.795054426748946,-11.170614159889602,31.205142830974594,8,23,1,1,1,1,1,0,0,1
8,8,0.08,419,21069238,0.00010478784443557508,0.00016520992709314415,-9.796890933134964,-7.819638604524184,36.57291285135883,9,21,1,1,1,1,1,0,0,1
8,8,0.08,420,21069239,0.00013327417297276498,0.0001869171907303544,-8.752540037906478,-7.283507548223102,28.698814457881788,7,10,1,1,1,1,1,0,0,1
8,8,0.08,421,21069240,0.00011144887550936323,0.00011144975415778488,-9.52924309081834,-9.529208851741894,0.0007883807625173947,4,11,1,1,1,1,1,0,0,1
8,8,0.08,422,21069241,7.66392570706367e-05,0.0001115067016798363,-11.155487138941098,-9.52699030238167,31.269371332776725,10,21,1,1,1,1,1,0,0,1
8,8,0.08,423,21069242,0.00011583986372979755,0.0001513487278605629,-9.361419620363602,-8.200212250903592,23.4616204792151,8,16,1,1,1,1,1,0,0,1
8,8,0.08,424,21069243,5.449478327486215e-05,7.423941814538315e-05,-12.636450702624211,-11.293654405774436,26.595891190654346,4,14,1,1,1,1,1,0,0,1
8,8,0.08,425,21069244,8.921209241769542e-05,0.00010623021751543271,-10.495762743869012,-9.737519292663153,16.020041656475914,10,14,1,1,1,1,1,0,0,1
8,8,0.08,426,21069245,8.74769244183849e-05,0.00012665446692752534,-10.581064946285107,-8.9737948863881,30.93261805883148,5,25,1,0,1,1,1,0,0,1
8,8,0.08,427,21069246,0.00010427390968869099,0.00014602490869035237,-9.818243425385745,-8.355730566533326,28.59169670168731,12,16,1,1,1,1,1,0,0,1
8,8,0.08,428,21069247,0.0001189736639872918,0.0001689274816250166,-9.245491634042182,-7.722996923637129,29.571161043300073,6,25,1,0,1,1,1,0,0,1
8,8,0.08,429,21069248,6.335761622021735e-05,7.802437913895013e-05,-11.982011710947134,-11.07769678447324,18.79766693511704,7,18,1,1,1,1,1,0,0,1
8,8,0.08,430,21069249,7.898375193582575e-05,0.00011002389367092375,-11.024622399800329,-9.585129897273317,28.212182553671106,8,25,1,0,1,1,1,0,0,1
8,8,0.08,431,21069250,7.106438205200706e-05,9.024620690205913e-05,-11.483480160652487,-10.445710426757502,21.254992878392535,6,16,1,1,1,1,1,0,0,1
8,8,0.08,432,21069251,7.900487900519175e-05,0.00011258376304090488,-11.023460877019293,-9.48524239415489,29.82568989412174,8,25,1,0,1,1,1,0,0,1
8,8,0.08,433,21069252,0.00011126704886504926,0.00016458248008751643,-9.536334305876675,-7.836163975944755,32.39435400056968,14,13,1,1,1,1,1,0,0,1
8,8,0.08,434,21069253,7.709056188392522e-05,0.000140982874059566,-11.129987889092757,-8.508336402038982,45.31920107448365,6,25,1,0,1,1,1,0,0,1
8,8,0.08,435,21069254,0.0001043219565129758,0.00015877702536575195,-9.816242765314303,-7.992123386766867,34.29656697959656,15,19,1,1,1,1,1,0,0,1
8,8,0.08,436,21069255,0.00012109443912524883,0.00013519809572328667,-9.168757999838679,-8.69029425426135,10.431845598553503,8,19,1,1,1,1,1,0,0,1
8,8,0.08,437,21069256,0.00012814920352859698,0.00018472984530150022,-8.92284088693239,-7.3346293345720515,30.628857876515386,7,21,1,1,1,1,1,0,0,1
8,8,0.08,438,21069257,7.473441786718857e-05,9.49113391650906e-05,-11.264793440032886,-10.22681898819846,21.25870467679937,8,24,1,1,1,1,1,0,0,1
8,8,0.08,439,21069258,7.19395481456233e-05,0.00014873586887907372,-11.430322943251072,-8.275842851581887,51.63268370448551,6,25,1,0,1,1,1,0,0,1
8,8,0.08,440,21069259,8.474910527772565e-05,0.00014457655518313283,-10.718648780806054,-8.399021273742186,41.38115604540771,9,25,1,0,1,1,1,0,0,1
8,8,0.08,441,21069260,6.590352220702233e-05,9.580816531887766e-05,-11.810913739614296,-10.185974762887254,31.213042241570864,12,12,1,1,1,1,1,0,0,1
8,8,0.08,442,21069261,6.244316634010556e-05,7.85782172714628e-05,-12.045150830412265,-11.04697828386887,20.53374521798549,4,11,1,1,1,1,1,0,0,1
8,8,0.08,443,21069262,7.447272754308693e-05,0.00011601134110825106,-11.280027399498424,-9.354995526698483,35.805648972201894,5,11,1,1,1,1,1,0,0,1
8,8,0.08,444,21069263,9.269349195797482e-05,0.0001852696537934381,-10.329507567504187,-7.321957100353336,49.968335310152206,10,25,1,0,1,1,1,0,0,1
8,8,0.08,445,21069264,7.311157498412409e-05,9.476500812246312e-05,-11.360138603365295,-10.233519958336391,22.849608275616553,16,15,1,1,1,1,1,0,0,1
8,8,0.08,446,21069265,5.950552805629712e-05,8.898104031650585e-05,-12.25442686492882,-10.507025210303569,33.12560985504804,12,17,1,1,1,1,1,0,0,1
8,8,0.08,447,21069266,0.0001195026367535766,0.00013722189793379105,-9.226225121644202,-8.625765781850035,12.912852428818544,7,23,1,1,1,1,1,0,0,1
8,8,0.08,448,21069267,7.079738330897799e-05,7.079817360988941e-05,-11.499827936587133,-11.499779457195217,0.0011162730210785795,4,10,1,1,1,1,1,0,0,1
8,8,0.08,449,21069268,0.0001243808744906601,0.00017486918310633443,-9.052463940964378,-7.572867187436449,28.872044644351895,5,17,1,1,1,1,1,0,0,1
8,8,0.08,450,21069269,0.0001355402012880417,0.00016978599723492776,-8.679318737334667,-7.700981301955288,20.16997662033412,6,11,1,1,1,1,1,0,0,1
8,8,0.08,451,21069270,6.268036482776193e-05,0.00010145342195757517,-12.028684844079347,-9.937332999147287,38.21759422370887,5,25,1,0,1,1,1,0,0,1
8,8,0.08,452,21069271,0.00014662908365297532,0.0001613564835413489,-8.33779879508935,-7.922135793170366,9.12724395397447,3,18,1,1,1,1,1,0,0,1
8,8,0.08,453,21069272,8.253727107535266e-05,0.00011097359618266808,-10.833498942726084,-9.547803400982884,25.62440624210087,16,24,1,1,1,1,1,0,0,1
8,8,0.08,454,21069273,0.0001296380314291406,0.00014868565727348457,-8.872675724095949,-8.277309229871591,12.810667951185613,4,25,1,0,1,1,1,0,0,1
8,8,0.08,455,21069274,0.00011410066452390695,0.00014746478185364865,-9.427118262371273,-8.313116872986377,22.625142702108967,12,19,1,1,1,1,1,0,0,1
8,8,0.08,456,21069275,0.00011313699273286009,0.00016510541124294475,-9.463953693191563,-7.8223869273091005,31.475902648409022,11,24,1,1,1,1,1,0,0,1
8,8,0.08,457,21069276,8.281158802448446e-05,0.00012329675680579938,-10.819088870924102,-9.0904834692308,32.8355504476746,10,22,1,1,1,1,1,0,0,1
8,8,0.08,458,21069277,4.877216487641838e-05,5.501895783529477e-05,-13.11827966716907,-12.594876402398159,11.353891830479313,6,13,1,1,1,1,1,0,0,1
8,8,0.08,459,21069278,8.688953398476004e-05,0.00013878846867880468,-10.61032532025469,-8.576466159935865,37.39426999094088,10,11,1,1,1,1,1,0,0,1
8,8,0.08,460,21069279,9.374057395069449e-05,9.727941593397059e-05,-10.280723917283709,-10.119790455694398,3.637811708982842,7,19,1,1,1,1,1,0,0,1
8,8,0.08,461,21069280,7.479756371588354e-05,8.311962086335178e-05,-11.26112547616547,-10.802964464100915,10.012145220380228,3,11,1,1,1,1,1,0,0,1
8,8,0.08,462,21069281,0.00010254487864948497,0.00012155467797827264,-9.890860245185118,-9.152283228670727,15.638887490768218,5,16,1,1,1,1,1,0,0,1
8,8,0.08,463,21069282,8.714079533051256e-05,0.00012307976682162663,-10.59778480594015,-9.09813335207946,29.199739664114436,10,15,1,1,1,1,1,0,0,1
8,8,0.08,464,21069283,7.390970382261815e-05,9.8230143423169e-05,-11.312985380605287,-10.07755221851168,24.758631875126145,6,13,1,1,1,1,1,0,0,1
8,8,0.08,465,21069284,0.00011039442756199747,0.00018291537161212076,-9.57052848166186,-7.377497962960947,39.64726606132742,12,19,1,1,1,1,1,0,0,1
8,8,0.08,466,21069285,0.0001073678152427669,0.00013231452335933644,-9.691258839739143,-8.783924833359865,18.85409665031245,3,12,1,1,1,1,1,0,0,1
8,8,0.08,467,21069286,0.00010536009438464281,0.00012656410693222348,-9.77323848992446,-8.976894410124606,16.753574975988776,7,16,1,1,1,1,1,0,0,1
8,8,0.08,468,21069287,0.0001265953205470594,0.0001665901525269666,-8.975823472266422,-7.783506741753224,24.007920860408053,7,18,1,1,1,1,1,0,0,1
8,8,0.08,469,21069288,6.114873662955204e-05,8.953120228531462e-05,-12.136125113256856,-10.480255834689798,31.70120017523547,4,17,1,1,1,1,1,0,0,1
8,8,0.08,470,21069289,0.00010300376978815306,0.00012117817030494996,-9.87146880457615,-9.165756092950335,14.998081313705477,4,12,1,1,1,1,1,0,0,1
8,8,0.08,471,21069290,9.741255582655775e-05,0.00014998967943452492,-10.11385061861099,-8.239386230699049,35.05382757412899,6,13,1,1,1,1,1,0,0,1
8,8,0.08,472,21069291,5.946628278607385e-05,6.482266691715397e-05,-12.257292082293556,-11.882731053066228,8.26313446487137,8,10,1,1,1,1,1,0,0,1
8,8,0.08,473,21069292,5.411641868941946e-05,6.209972210190471e-05,-12.666709518173313,-12.06910343299738,12.855618579717262,5,12,1,1,1,1,1,0,0,1
8,8,0.08,474,21069293,8.159863892855161e-05,0.00010604937047753248,-10.883170852504199,-9.74491905166706,23.05598933674102,10,22,1,1,1,1,1,0,0,1
8,8,0.08,475,21069294,0.00017340427942793313,0.000173408902496804,-7.609401888148051,-7.609286104008067,0.0026659928090781194,4,12,1,1,1,1,1,0,0,1
8,8,0.08,476,21069295,8.400480983787256e-05,0.00013922489200291415,-10.756958469590183,-8.562831103213538,39.66250673326848,7,25,1,0,1,1,1,0,0,1
8,8,0.08,477,21069296,0.00010734206524110222,0.00010734328680160569,-9.692300532246296,-9.692251109499852,0.0011379943169844494,4,13,1,1,1,1,1,0,0,1
8,8,0.08,478,21069297,4.6845581430229466e-05,7.532051510202771e-05,-13.29331366376342,-11.230867185916008,37.80501717656425,5,18,1,1,1,1,1,0,0,1
8,8,0.08,479,21069298,0.00010827152018016121,0.00011573073972413314,-9.654857654908895,-9.365512709581692,6.445322618478401,9,17,1,1,1,1,1,0,0,1
8,8,0.08,480,21069299,0.00010983940845279748,0.0001419464297203124,-9.592418146858828,-8.478755265073879,22.619111541429938,8,25,1,0,1,1,1,0,0,1
8,8,0.08,481,21069300,6.373720317221232e-05,7.538895380572131e-05,-11.95606997553914,-11.226922834758613,15.45551442925679,16,25,1,0,1,1,1,0,0,1
8,8,0.08,482,21069301,7.85473902376526e-05,0.00011852140418025822,-11.048682399583837,-9.262032118652462,33.72725308064143,8,25,1,0,1,1,1,0,0,1
8,8,0.08,483,21069302,8.049635910897012e-05,0.00011289609023190269,-10.942237625469463,-9.473210981114526,28.698718490941065,6,15,1,1,1,1,1,0,0,1
8,8,0.08,484,21069303,5.1217027046456255e-05,6.980680258200688e-05,-12.90585634278192,-11.56102253882912,26.630320897038548,4,20,1,1,1,1,1,0,0,1
8,8,0.08,485,21069304,7.27109621392711e-05,9.970885703311101e-05,-11.38400108567362,-10.012662620518535,27.076726879814228,6,16,1,1,1,1,1,0,0,1
8,8,0.08,486,21069305,0.0001144140265231852,0.00014272659253042387,-9.41520730191564,-8.454951024756548,19.83692422363654,12,25,1,0,1,1,1,0,0,1
8,8,0.08,487,21069306,5.866381381186038e-05,6.480742136880715e-05,-12.316297063809504,-11.883752584045446,9.479790164747682,8,23,1,1,1,1,1,0,0,1
8,8,0.08,488,21069307,0.00010122491459106916,0.0001265622858825133,-9.94712580997119,-8.976956898420008,20.019685259923815,17,20,1,1,1,1,1,0,0,1
8,8,0.08,489,21069308,0.00013098924538801257,0.00016328657880898827,-8.827643597669372,-7.8704951023415095,19.77953954118724,9,21,1,1,1,1,1,0,0,1
8,8,0.08,490,21069309,0.00012782627008220957,0.00021479096905321327,-8.933798834286902,-6.679839826224233,40.4880611854117,5,13,1,1,1,1,1,0,0,1
8,8,0.08,491,21069310,8.30670728630688e-05,0.00011972073566514852,-10.805710930356039,-9.218306231521527,30.61596856921907,5,12,1,1,1,1,1,0,0,1
8,8,0.08,492,21069311,6.824360430617515e-05,7.575406381969078e-05,-11.6593804384309,-11.205940645137431,9.914266159228061,3,8,1,1,1,1,1,0,0,1
8,8,0.08,493,21069312,0.00010805631490474038,0.0001355595711849477,-9.663498474929744,-8.678698136344936,20.288686398014534,11,25,1,0,1,1,1,0,0,1
8,8,0.08,494,21069313,8.841581123610557e-05,9.593346599691909e-05,-10.534700639623392,-10.180298645455172,7.836321436624579,6,9,1,1,1,1,1,0,0,1
8,8,0.08,495,21069314,0.0001045730220997934,0.00013205883254931622,-9.80580340940676,-8.792325463756766,20.813307159336343,8,15,1,1,1,1,1,0,0,1
8,8,0.08,496,21069315,4.4974818038534196e-05,7.283898004816069e-05,-13.470305850701347,-11.376361441862464,38.25446483627706,9,20,1,1,1,1,1,0,0,1
8,8,0.08,497,21069316,0.00012882178114113996,0.0001575510239757096,-8.900107004104996,-8.025787698587209,18.234881697118617,6,13,1,1,1,1,1,0,0,1
8,8,0.08,498,21069317,0.00014255508404350728,0.0001757223588299169,-8.460172895248597,-7.551729755641218,18.874817642592937,22,25,1,0,1,1,1,0,0,1
8,8,0.08,499,21069318,0.0001843778455145538,0.00020026349032478729,-7.342912641327702,-6.983982189327243,7.932371888890059,5,25,1,0,1,1,1,0,0,1
8,8,0.08,500,21069319,6.140399245515259e-05,7.704777846430068e-05,-12.118033903429996,-11.132398788742393,20.30400658001643,5,12,1,1,1,1,1,0,0,1
12,4,0.08,1,21464820,3.035884921170014e-06,5.295016707243993e-06,-25.17714694913604,-22.761326652349805,42.665243775025516,4,8,1,1,1,1,1,0,0,1
12,4,0.08,2,21464821,6.446866296546107e-06,9.070068575843522e-06,-21.906513366563306,-20.42389429367926,28.921526418045357,3,12,1,1,1,1,1,0,0,1
12,4,0.08,3,21464822,4.254861956948389e-06,8.70350577545287e-06,-23.711145254285327,-20.603057781568804,51.1132402652195,4,8,1,1,1,1,1,0,0,1
12,4,0.08,4,21464823,6.7373929790468216e-06,1.3199699637924664e-05,-21.715081203548984,-18.794359511483954,48.95798265220135,4,20,1,1,1,1,1,0,0,1
12,4,0.08,5,21464824,3.7261738010924474e-06,3.2619264797308248e-06,-24.287368920337016,-24.865258317099173,-14.232304874018268,4,6,1,1,1,1,0,1,0,1
12,4,0.08,6,21464825,4.230563992136117e-06,6.03055795881003e-06,-23.736017313613672,-22.19642504240927,29.84788437435222,5,8,1,1,1,1,1,0,0,1
12,4,0.08,7,21464826,2.950431482241418e-06,9.984891211217403e-06,-25.301144665121818,-20.006566625534546,70.451040278468,3,10,1,1,1,1,1,0,0,1
12,4,0.08,8,21464827,4.980722413926563e-06,6.64245880803078e-06,-23.027076617326337,-21.77671130105551,25.016886700075073,3,8,1,1,1,1,1,0,0,1
12,4,0.08,9,21464828,1.2547111044807208e-05,1.8085768797402158e-05,-19.01456258384471,-17.426630253390268,30.624397639046023,4,13,1,1,1,1,1,0,0,1
12,4,0.08,10,21464829,5.367240315669376e-06,8.406185916438867e-06,-22.70248958945761,-20.754010090973416,36.15130132711706,5,11,1,1,1,1,1,0,0,1
12,4,0.08,11,21464830,4.395301786248861e-06,5.992346610542612e-06,-23.57011300430257,-22.224030740314838,26.65140934077472,5,8,1,1,1,1,1,0,0,1
12,4,0.08,12,21464831,3.2975686312534494e-06,5.224046376310219e-06,-24.81806156853778,-22.819929762800314,36.87711797109762,5,8,1,1,1,1,1,0,0,1
12,4,0.08,13,21464832,4.172139172653111e-06,8.612605558411803e-06,-23.796412129714973,-20.64865442221638,51.5577586323079,4,8,1,1,1,1,1,0,0,1
12,4,0.08,14,21464833,4.81746984713755e-06,5.400905290658107e-06,-23.171809949418932,-22.675334383650213,10.802549056539085,5,9,1,1,1,1,1,0,0,1
12,4,0.08,15,21464834,4.3692442993255405e-06,6.978993655979019e-06,-23.59593671728332,-21.562071964547947,37.394350608381245,4,7,1,1,1,1,1,0,0,1
12,4,0.08,16,21464835,3.932345565459382e-06,5.4950373647339874e-06,-24.053483243654018,-22.600293501481126,28.43823791451607,4,7,1,1,1,1,1,0,0,1
12,4,0.08,17,21464836,4.537470354357931e-06,6.482132676625813e-06,-23.43186199417169,-21.882820840509897,30.000347405418275,3,8,1,1,1,1,1,0,0,1
12,4,0.08,18,21464837,4.044486029627474e-06,7.893631065576052e-06,-23.931366603753226,-21.027231756259344,48.76266706629618,3,13,1,1,1,1,1,0,0,1
12,4,0.08,19,21464838,3.94404852132049e-06,6.611817074948858e-06,-24.040577508271443,-21.796791702910404,40.348493060041335,3,15,1,1,1,1,1,0,0,1
12,4,0.08,20,21464839,4.901249022503605e-06,1.1366988844044261e-05,-23.09693231306648,-19.44354566236751,56.88172927985571,3,13,1,1,1,1,1,0,0,1
12,4,0.08,21,21464840,3.151385760640163e-06,7.1979197752883186e-06,-25.014984316520707,-21.4279299810319,56.218103854680265,3,7,1,1,1,1,1,0,0,1
12,4,0.08,22,21464841,4.878438235828921e-06,1.1757914960612823e-05,-23.117191890871652,-19.296696851802892,58.50932540190224,4,8,1,1,1,1,1,0,0,1
12,4,0.08,23,21464842,5.206308060158707e-06,6.385677945137599e-06,-22.834701380191834,-21.94792988423659,18.46898473602052,3,8,1,1,1,1,1,0,0,1
12,4,0.08,24,21464843,3.6323786485918653e-06,4.989361457578324e-06,-24.398088858055115,-23.019550321711918,27.19752458353848,4,7,1,1,1,1,1,0,0,1
12,4,0.08,25,21464844,2.2299973030436886e-06,6.1084364353184835e-06,-26.516956621867955,-22.140699410525535,63.49315693701868,5,9,1,1,1,1,1,0,0,1
12,4,0.08,26,21464845,7.532523763565897e-06,1.1912500246127076e-05,-21.23059489542523,-19.239970773805528,36.767902556687645,4,11,1,1,1,1,1,0,0,1
12,4,0.08,27,21464846,6.2224913479633325e-06,8.70487633580581e-06,-22.060356985818675,-20.602373942259874,28.51717694864511,5,9,1,1,1,1,1,0,0,1
12,4,0.08,28,21464847,3.4858312330872425e-06,5.017832490984048e-06,-24.576936431334243,-22.994838407208007,30.531135916742496,6,9,1,1,1,1,1,0,0,1
12,4,0.08,29,21464848,5.487503281344003e-06,8.675437274451988e-06,-22.606252070561244,-20.617086259208914,36.746666389900916,5,19,1,1,1,1,1,0,0,1
12,4,0.08,30,21464849,5.0804885383524475e-06,7.374725270032872e-06,-22.940945240725256,-21.32254153781135,31.109453541314064,4,9,1,1,1,1,1,0,0,1
12,4,0.08,31,21464850,6.309504075828362e-06,9.245515589309401e-06,-22.000047747646192,-20.340688647808122,31.75606038538243,4,9,1,1,1,1,1,0,0,1
12,4,0.08,32,21464851,3.896622080092685e-06,6.142017946079028e-06,-24.093117128855802,-22.11688918946075,36.55795026485994,3,8,1,1,1,1,1,0,0,1
12,4,0.08,33,21464852,5.72039400481183e-06,7.122964064526937e-06,-22.425740571820537,-21.473392466728423,19.690820380521707,3,7,1,1,1,1,1,0,0,1
12,4,0.08,34,21464853,5.911123413808669e-06,1.1745577553025047e-05,-22.283299732553118,-19.301256232520775,49.67362492714313,5,8,1,1,1,1,1,0,0,1
12,4,0.08,35,21464854,4.232476659870754e-06,6.358181978347937e-06,-23.734054281433714,-21.96667046244881,33.4325963886537,3,10,1,1,1,1,1,0,0,1
12,4,0.08,36,21464855,5.065797184156836e-06,8.365318139520669e-06,-22.953522017473542,-20.775175378323713,39.442862785764824,3,10,1,1,1,1,1,0,0,1
12,4,0.08,37,21464856,5.78199437084054e-06,7.575397473960951e-06,-22.37922335479972,-21.20594575205956,23.674046269979993,3,9,1,1,1,1,1,0,0,1
12,4,0.08,38,21464857,4.882930336743784e-06,6.5135886276261066e-06,-23.11319471616671,-21.861796732187194,25.03471410469807,3,8,1,1,1,1,1,0,0,1
12,4,0.08,39,21464858,7.056184814778592e-06,8.9787933178892e-06,-21.514300527363027,-20.467820253143326,21.412771572322917,3,7,1,1,1,1,1,0,0,1
12,4,0.08,40,21464859,6.2062177253980545e-06,1.478534898436589e-05,-22.0717299264481,-18.301684201946323,58.02454353995606,4,9,1,1,1,1,1,0,0,1
12,4,0.08,41,21464860,2.122894712481136e-06,5.488006742106497e-06,-26.73071544657529,-22.60585363763067,61.31756369405823,4,8,1,1,1,1,1,0,0,1
12,4,0.08,42,21464861,7.059838882244035e-06,1.0742889796704562e-05,-21.512052101876854,-19.6887887934882,34.283614410624615,4,8,1,1,1,1,1,0,0,1
12,4,0.08,43,21464862,6.811400217384737e-06,1.2435927936485015e-05,-21.667636011305007,-19.053218032642256,45.228050112760926,3,12,1,1,1,1,1,0,0,1
12,4,0.08,44,21464863,5.23959445961545e-06,1.1785934047778298e-05,-22.807023257580575,-19.286359934772598,55.54366384221251,4,9,1,1,1,1,1,0,0,1
12,4,0.08,45,21464864,5.5408755574545525e-06,7.4659751816473295e-06,-22.56421603552006,-21.269134580865867,25.784972188562964,5,9,1,1,1,1,1,0,0,1
12,4,0.08,46,21464865,3.172747098122961e-06,3.858000090932432e-06,-24.985645444350475,-24.136377664558843,17.761870830953086,4,8,1,1,1,1,1,0,0,1
12,4,0.08,47,21464866,5.86493877837654e-06,7.368829723734676e-06,-22.317365169418046,-21.326014788818533,20.40881662001456,4,9,1,1,1,1,1,0,0,1
12,4,0.08,48,21464867,3.666350800343896e-06,5.1325017761580115e-06,-24.357659836278025,-22.896708916650198,28.56601010105482,4,7,1,1,1,1,1,0,0,1
12,4,0.08,49,21464868,2.794851827881938e-06,4.769894189713881e-06,-25.53641211762895,-23.21491254782333,41.40641874385928,7,8,1,1,1,1,1,0,0,1
12,4,0.08,50,21464869,5.236954740363377e-06,8.309711717184122e-06,-22.809211794105963,-20.80414042618761,36.9779010560188,5,10,1,1,1,1,1,0,0,1
12,4,0.08,51,21464870,6.01967180700441e-06,9.983493951098325e-06,-22.20427185867151,-20.00717440864325,39.70375665583329,3,10,1,1,1,1,1,0,0,1
12,4,0.08,52,21464871,3.159238448735427e-06,5.632991686781616e-06,-25.00417593765048,-22.492608896997698,43.9154427273717,4,8,1,1,1,1,1,0,0,1
12,4,0.08,53,21464872,3.8995453852460685e-06,7.843346846421299e-06,-24.08986020713836,-21.054985793089006,50.28212494484644,5,12,1,1,1,1,1,0,0,1
12,4,0.08,54,21464873,3.3494672008191447e-06,5.215914255415576e-06,-24.750242706189624,-22.826695565985954,35.78369894901048,3,8,1,1,1,1,1,0,0,1
12,4,0.08,55,21464874,4.652124668167422e-06,5.712533368693611e-06,-23.32348655514588,-22.431712500648192,18.56284475006388,5,8,1,1,1,1,1,0,0,1
12,4,0.08,56,21464875,3.0356702112319295e-06,5.127704013619232e-06,-25.177454110445872,-22.900770515395163,40.79864588187696,3,10,1,1,1,1,1,0,0,1
12,4,0.08,57,21464876,2.6717278494244587e-06,5.287500636493879e-06,-25.73207782541095,-22.767495673377972,49.4708741785406,4,10,1,1,1,1,1,0,0,1
12,4,0.08,58,21464877,3.8421295732936795e-06,6.707886163828526e-06,-24.154279929314953,-21.73414316197229,42.722200713364764,5,8,1,1,1,1,1,0,0,1
12,4,0.08,59,21464878,7.5684414894883554e-06,9.505799122061304e-06,-21.209935421908,-20.220113675188628,20.38079710812191,5,9,1,1,1,1,1,0,0,1
12,4,0.08,60,21464879,4.336819667725434e-06,9.521570218161039e-06,-23.628286361726616,-20.212914254758264,54.45268408089279,4,10,1,1,1,1,1,0,0,1
12,4,0.08,61,21464880,4.387830568527259e-06,7.349138995759693e-06,-23.57750150599223,-21.337635386428605,40.29463082601989,4,10,1,1,1,1,1,0,0,1
12,4,0.08,62,21464881,4.416354428266511e-06,7.743666269182802e-06,-23.549360801919814,-21.110533721995992,42.96817199054506,5,10,1,1,1,1,1,0,0,1
12,4,0.08,63,21464882,5.908928977661574e-06,7.623477650783413e-06,-22.28491229989032,-21.178468685546772,22.49037449392465,4,12,1,1,1,1,1,0,0,1
12,4,0.08,64,21464883,3.2620109814069013e-06,8.993138401209233e-06,-24.865145812612877,-20.460887228971213,63.72777960396689,6,25,1,0,1,1,1,0,0,1
12,4,0.08,65,21464884,5.947033179817846e-06,9.749446261556311e-06,-22.256996384686722,-20.110200501865712,39.001323559595505,5,9,1,1,1,1,1,0,0,1
12,4,0.08,66,21464885,2.2456325827016194e-06,3.7892311027101037e-06,-26.48661298990975,-24.214489065827422,40.73645756007028,3,8,1,1,1,1,1,0,0,1
12,4,0.08,67,21464886,3.6632927010470013e-06,4.308583586610788e-06,-24.361283793504775,-23.656654773147405,14.976868211842781,4,7,1,1,1,1,1,0,0,1
12,4,0.08,68,21464887,5.9176439386107055e-06,9.78891735112515e-06,-22.278511696499823,-20.092653382716854,39.54751351608333,5,7,1,1,1,1,1,0,0,1
12,4,0.08,69,21464888,7.16197561148327e-06,7.531131069653187e-06,-21.449671622149662,-21.231397939958168,4.901726643125813,4,7,1,1,1,1,1,0,0,1
12,4,0.08,70,21464889,1.6673947645158142e-06,3.4350403255818953e-06,-27.779615664862565,-24.64068160183791,51.4592375496099,3,7,1,1,1,1,1,0,0,1
12,4,0.08,71,21464890,6.354918945310144e-06,1.5536202321673146e-05,-21.968899843434944,-18.08655131758027,59.09605955346647,4,9,1,1,1,1,1,0,0,1
12,4,0.08,72,21464891,3.88398696564432e-06,5.020893816222169e-06,-24.10722236219812,-22.992189631539155,22.643515122836895,3,7,1,1,1,1,1,0,0,1
12,4,0.08,73,21464892,6.469866701788307e-06,9.240165802453758e-06,-21.891046669779982,-20.34320235874621,29.98105401885525,3,9,1,1,1,1,1,0,0,1
12,4,0.08,74,21464893,4.056596383829838e-06,6.204603947060505e-06,-23.918382008230296,-22.072859352121043,34.61957574662454,3,9,1,1,1,1,1,0,0,1
12,4,0.08,75,21464894,4.315314240814485e-06,7.514075409578446e-06,-23.649875735101574,-21.241244507685796,42.57025641087381,4,9,1,1,1,1,1,0,0,1
12,4,0.08,76,21464895,6.109090677438469e-06,1.0087089993274326e-05,-22.14023428572542,-19.962341045402376,39.43654035493121,3,8,1,1,1,1,1,0,0,1
12,4,0.08,77,21464896,5.010869647965948e-06,8.971092473782034e-06,-23.000868947840498,-20.471546666052852,44.144264897389185,4,8,1,1,1,1,1,0,0,1
12,4,0.08,78,21464897,7.591899398879243e-06,1.242919302706283e-05,-21.19649555428115,-19.055570672771367,38.918806857782776,3,8,1,1,1,1,1,0,0,1
12,4,0.08,79,21464898,5.215531705911818e-06,6.208131438375098e-06,-22.82701410119043,-22.070390967826107,15.988703562679095,4,7,1,1,1,1,1,0,0,1
12,4,0.08,80,21464899,4.4384739800061274e-06,8.095784626954461e-06,-23.527663217728445,-20.91741053934289,45.17549336442972,3,7,1,1,1,1,1,0,0,1
12,4,0.08,81,21464900,5.488968264690242e-06,8.477721264860185e-06,-22.605092801511148,-20.717208665037184,35.254202241328755,4,8,1,1,1,1,1,0,0,1
12,4,0.08,82,21464901,2.5925277638011256e-06,3.7724928348447366e-06,-25.86276583983835,-24.233715764139628,31.27812623379507,4,7,1,1,1,1,1,0,0,1
12,4,0.08,83,21464902,4.910603563224087e-06,7.799910342069731e-06,-23.088651253784217,-21.079103893823614,37.0428203932272,3,7,1,1,1,1,1,0,0,1
12,4,0.08,84,21464903,4.3589919964868765e-06,5.770226233415142e-06,-23.606139283864856,-22.388071591150293,24.45717342512268,4,8,1,1,1,1,1,0,0,1
12,4,0.08,85,21464904,5.998879156063599e-06,7.199197376718737e-06,-22.219298865845246,-21.427159194426643,16.67294502213275,4,7,1,1,1,1,1,0,0,1
12,4,0.08,86,21464905,5.149518497185348e-06,5.689250899226116e-06,-22.882333775202973,-22.449449131742764,9.48687993553221,3,7,1,1,1,1,1,0,0,1
12,4,0.08,87,21464906,5.525052695148526e-06,7.554125843332839e-06,-22.57663575542744,-21.218157845853,26.86046261693063,4,8,1,1,1,1,1,0,0,1
12,4,0.08,88,21464907,6.731334821995864e-06,8.851574544157225e-06,-21.71898806749936,-20.529794688484117,23.95324935223978,4,9,1,1,1,1,1,0,0,1
12,4,0.08,89,21464908,6.848259965695507e-06,1.0232950109332628e-05,-21.644197618349782,-19.899991432670923,33.076386647778385,4,12,1,1,1,1,1,0,0,1
12,4,0.08,90,21464909,2.1318487821882647e-06,3.0807509559661324e-06,-26.712436042375533,-25.113434080839806,30.801002331598376,3,7,1,1,1,1,1,0,0,1
12,4,0.08,91,21464910,4.332409363739352e-06,7.980861895201065e-06,-23.632705141857944,-20.979502043739725,45.71501899632604,3,9,1,1,1,1,1,0,0,1
12,4,0.08,92,21464911,5.099968060628404e-06,1.0103878926781763e-05,-22.924325437327056,-19.95511866505143,49.52465189274769,6,8,1,1,1,1,1,0,0,1
12,4,0.08,93,21464912,2.8361671697972955e-06,4.524857212549504e-06,-25.47268174483034,-23.44395120940602,37.32029461766654,4,7,1,1,1,1,1,0,0,1
12,4,0.08,94,21464913,2.8924737627460566e-06,3.033517309206184e-06,-25.387305717872025,-25.18053522634789,4.649505246997785,4,7,1,1,1,1,1,0,0,1
12,4,0.08,95,21464914,4.859013871518389e-06,7.500608966791429e-06,-23.134518611108376,-21.249034752508564,35.218408358155585,3,7,1,1,1,1,1,0,0,1
12,4,0.08,96,21464915,4.992801821754716e-06,7.630895895030492e-06,-23.016556719634103,-21.174244712944805,34.57122347840961,3,8,1,1,1,1,1,0,0,1
12,4,0.08,97,21464916,2.383734775731067e-06,3.5441726011903e-06,-26.22742067658409,-24.504851361305803,32.74213634712664,6,8,1,1,1,1,1,0,0,1
12,4,0.08,98,21464917,3.9566183766081325e-06,6.446079102996237e-06,-24.02675836245425,-21.90704369350526,38.619766940665755,3,8,1,1,1,1,1,0,0,1
12,4,0.08,99,21464918,3.0233639929593715e-06,5.3510810896478775e-06,-25.19509563501169,-22.715584677288334,43.49994062305789,3,11,1,1,1,1,1,0,0,1
12,4,0.08,100,21464919,4.3270813873530865e-06,7.649767316275473e-06,-23.63804936151881,-21.163517746234348,43.4351241227052,4,7,1,1,1,1,1,0,0,1
12,4,0.08,101,21464920,3.5258156558144183e-06,6.098055194453714e-06,-24.52740398149986,-22.148086490853977,42.18130955880478,4,11,1,1,1,1,1,0,0,1
12,4,0.08,102,21464921,6.381349931398976e-06,1.1702121223950316e-05,-21.95087439500991,-19.317354072832387,45.468434232774015,4,9,1,1,1,1,1,0,0,1
12,4,0.08,103,21464922,5.709072244598673e-06,9.296350861548515e-06,-22.434344612441436,-20.316874935640183,38.588029543802094,3,9,1,1,1,1,1,0,0,1
12,4,0.08,104,21464923,3.2348661046913305e-06,6.664300061182064e-06,-24.9014369063582,-21.76245456982146,51.45977709596776,4,8,1,1,1,1,1,0,0,1
12,4,0.08,105,21464924,4.535598505391284e-06,7.06786818403179e-06,-23.433653964895758,-21.507115586957553,35.827913208137964,4,8,1,1,1,1,1,0,0,1
12,4,0.08,106,21464925,6.128237975155589e-06,1.4276497259854905e-05,-22.12664378282408,-18.453783336884946,57.07463908259895,3,8,1,1,1,1,1,0,0,1
12,4,0.08,107,21464926,3.300330946493305e-06,4.303099289329231e-06,-24.8144250829505,-23.662186329296894,23.303397746888574,3,12,1,1,1,1,1,0,0,1
12,4,0.08,108,21464927,6.8588709753718355e-06,1.6623555164591246e-05,-21.637473667305322,-17.79276091066263,58.74004743593313,3,16,1,1,1,1,1,0,0,1
12,4,0.08,109,21464928,4.35009756886217e-06,6.002688440895023e-06,-23.615010020928935,-22.21654197359017,27.53084535879136,4,7,1,1,1,1,1,0,0,1
12,4,0.08,110,21464929,9.915572881389265e-06,1.4322062005205413e-05,-20.03682188968643,-18.43994450393133,30.76714178597042,5,9,1,1,1,1,1,0,0,1
12,4,0.08,111,21464930,2.915648203623647e-06,5.358823846117061e-06,-25.352648783108172,-22.709305187385674,45.59163937183174,3,9,1,1,1,1,1,0,0,1
12,4,0.08,112,21464931,6.520853282416273e-06,8.032446935063327e-06,-21.85695571200888,-20.951521348564697,18.818594942079585,3,9,1,1,1,1,1,0,0,1
12,4,0.08,113,21464932,5.509532449780566e-06,9.208675436065453e-06,-22.588852547046358,-20.358028336660592,40.17019615869318,3,9,1,1,1,1,1,0,0,1
12,4,0.08,114,21464933,4.800284758850231e-06,7.5689574444149395e-06,-23.187329989725065,-21.209639365262355,36.57931367559327,3,15,1,1,1,1,1,0,0,1
12,4,0.08,115,21464934,2.348088922588472e-06,4.145459598775553e-06,-26.292854602957032,-23.82427313087891,43.35757310764701,6,12,1,1,1,1,1,0,0,1
12,4,0.08,116,21464935,3.997914700785693e-06,4.262660579977462e-06,-23.98166476194209,-23.703192472523448,6.210813040928732,4,7,1,1,1,1,1,0,0,1
12,4,0.08,117,21464936,5.371537560136841e-06,7.50164087316012e-06,-22.699013831450866,-21.248437307129034,28.395165125066274,3,14,1,1,1,1,1,0,0,1
12,4,0.08,118,21464937,3.7014417925081493e-06,4.970080305698342e-06,-24.31629075780977,-23.036365939548187,25.52551337521975,5,8,1,1,1,1,1,0,0,1
12,4,0.08,119,21464938,6.39360795452543e-06,1.2745324654596139e-05,-21.942539974678784,-18.946490975110056,49.835660308426846,3,18,1,1,1,1,1,0,0,1
12,4,0.08,120,21464939,6.0291987387561295e-06,1.0017739360940633e-05,-22.197404003737272,-19.992302718656866,39.814777351224606,4,15,1,1,1,1,1,0,0,1
12,4,0.08,121,21464940,3.83327456373822e-06,6.4885825148149904e-06,-24.16430072672098,-21.87850168104296,40.922773888042045,3,11,1,1,1,1,1,0,0,1
12,4,0.08,122,21464941,3.804386229479841e-06,6.007094428044832e-06,-24.19715398985668,-22.21335541141294,36.668446367038726,3,11,1,1,1,1,1,0,0,1
12,4,0.08,123,21464942,3.5652167024054154e-06,5.962764408321703e-06,-24.479140675516295,-22.245523494983193,40.208660643547184,4,17,1,1,1,1,1,0,0,1
12,4,0.08,124,21464943,4.554244003826506e-06,5.8649586033473365e-06,-23.415837047976026,-22.317350489195125,22.34823275261926,4,8,1,1,1,1,1,0,0,1
12,4,0.08,125,21464944,2.3938151028761245e-06,2.6493305554393714e-06,-26.209093973304846,-25.768638516510286,9.644528956141208,3,7,1,1,1,1,1,0,0,1
12,4,0.08,126,21464945,4.045279629001148e-06,4.4032302221296335e-06,-23.93051452510354,-23.562286069350602,8.129272717322545,4,9,1,1,1,1,1,0,0,1
12,4,0.08,127,21464946,3.795903630334601e-06,6.012319176024899e-06,-24.206848218888904,-22.20957972079318,36.8645689092591,6,9,1,1,1,1,1,0,0,1
12,4,0.08,128,21464947,3.650562740877299e-06,7.045466506365939e-06,-24.37640183099745,-21.520902453604634,48.18564906129596,3,8,1,1,1,1,1,0,0,1
12,4,0.08,129,21464948,2.6030440770039082e-06,3.638800938573451e-06,-25.845184779770083,-24.39041701941584,28.46423530866734,3,6,1,1,1,1,1,0,0,1
12,4,0.08,130,21464949,3.6454631834358853e-06,6.089919688763329e-06,-24.38247283469338,-22.153884346178472,40.139388206346545,4,7,1,1,1,1,1,0,0,1
12,4,0.08,131,21464950,4.710684246626759e-06,7.670848040738794e-06,-23.26916005195728,-21.151566205289715,38.58978535868553,3,8,1,1,1,1,1,0,0,1
12,4,0.08,132,21464951,4.678031365926719e-06,7.5352087162105895e-06,-23.299368705980015,-21.229047137483988,37.91769356218612,8,8,1,1,1,1,1,0,0,1
12,4,0.08,133,21464952,5.530045373802985e-06,8.175626633135657e-06,-22.57271305311682,-20.87478950241583,32.35936984463285,4,8,1,1,1,1,1,0,0,1
12,4,0.08,134,21464953,3.7467925057560507e-06,5.956114828258055e-06,-24.263403571064515,-22.250369380524802,37.093346690029314,5,15,1,1,1,1,1,0,0,1
12,4,0.08,135,21464954,7.220611470690089e-06,1.2628579043041585e-05,-21.41426023053359,-18.98645513140894,42.82324681121837,6,7,1,1,1,1,1,0,0,1
12,4,0.08,136,21464955,4.64466858434366e-06,7.021894802507767e-06,-23.33045269210857,-21.535456811413326,33.85448351227243,3,8,1,1,1,1,1,0,0,1
12,4,0.08,137,21464956,3.519743011727749e-06,4.440600159009821e-06,-24.53489044664742,-23.525583298556615,20.737222769622377,4,7,1,1,1,1,1,0,0,1
12,4,0.08,138,21464957,4.299628389632745e-06,5.147536978089537e-06,-23.66569078212504,-22.884005248803913,16.472122338623496,3,8,1,1,1,1,1,0,0,1
12,4,0.08,139,21464958,4.358563049173942e-06,5.72454815441669e-06,-23.606566673081698,-22.42258787029611,23.86188513741199,4,7,1,1,1,1,1,0,0,1
12,4,0.08,140,21464959,5.027367058090722e-06,7.39011638779369e-06,-22.986594049084417,-21.313487217975254,31.971747205572274,4,7,1,1,1,1,1,0,0,1
12,4,0.08,141,21464960,9.696932835759746e-06,1.5212337482516504e-05,-20.133656124500646,-18.178040484215867,36.25612863963606,4,9,1,1,1,1,1,0,0,1
12,4,0.08,142,21464961,5.7774415885486804e-06,8.84918043352699e-06,-22.382644366578926,-20.53096949604846,34.71212806714143,4,9,1,1,1,1,1,0,0,1
12,4,0.08,143,21464962,4.22448986810758e-06,7.012902053540821e-06,-23.742257271502556,-21.541022266799704,39.76117396399924,4,7,1,1,1,1,1,0,0,1
12,4,0.08,144,21464963,3.775007882692816e-06,6.080641524452217e-06,-24.230821371721657,-22.160505990443706,37.917605115968534,4,7,1,1,1,1,1,0,0,1
12,4,0.08,145,21464964,5.179714753870744e-06,7.018536110213398e-06,-22.856941561294594,-21.53753461310865,26.199499831122825,5,9,1,1,1,1,1,0,0,1
12,4,0.08,146,21464965,4.307546793494227e-06,8.428568565561803e-06,-23.657699960515068,-20.742461758928997,48.893495259748065,3,9,1,1,1,1,1,0,0,1
12,4,0.08,147,21464966,6.780839793388623e-06,1.4923591368965984e-05,-21.68716516302714,-18.261266511236258,54.562949187354704,3,13,1,1,1,1,1,0,0,1
12,4,0.08,148,21464967,3.667648396500023e-06,6.7344914447445356e-06,-24.356123051664063,-21.71695194459215,45.53934136537981,6,9,1,1,1,1,1,0,0,1
12,4,0.08,149,21464968,5.173893353227836e-06,7.382266875675969e-06,-22.861825274134464,-21.31810258715218,29.914571765544846,6,10,1,1,1,1,1,0,0,1
12,4,0.08,150,21464969,7.838027509223347e-06,9.343823533023737e-06,-21.05793216606457,-20.294753722177333,16.115415905260598,4,8,1,1,1,1,1,0,0,1
12,4,0.08,151,21464970,2.3595512888998524e-06,4.097488743876302e-06,-26.271705780819556,-23.874822307969083,42.41469747961596,3,7,1,1,1,1,1,0,0,1
12,4,0.08,152,21464971,2.5591371706282568e-06,4.089144134621876e-06,-25.919064351560536,-23.88367581114114,37.41631289147745,4,7,1,1,1,1,1,0,0,1
12,4,0.08,153,21464972,4.265313680201109e-06,6.976977012664942e-06,-23.700490243860255,-21.56332707906511,38.86587740709899,3,8,1,1,1,1,1,0,0,1
12,4,0.08,154,21464973,4.625359291361674e-06,7.77103887195047e-06,-23.34854526234095,-21.095209186255495,40.47952445512932,5,17,1,1,1,1,1,0,0,1
12,4,0.08,155,21464974,5.8530485571384445e-06,9.270823281502664e-06,-22.326178729454796,-20.328816972754066,36.8659246388984,4,10,1,1,1,1,1,0,0,1
12,4,0.08,156,21464975,4.575200552546762e-06,7.1422927241595874e-06,-23.395898640116563,-21.461623543837803,35.94213050004735,4,7,1,1,1,1,1,0,0,1
12,4,0.08,157,21464976,5.647631236035939e-06,8.041799390455809e-06,-22.481336684334472,-20.946467649442162,29.771547861058604,3,8,1,1,1,1,1,0,0,1
12,4,0.08,158,21464977,8.05042710584451e-06,9.385554569348674e-06,-20.941810780431993,-20.275400608910836,14.225344423060744,5,6,1,1,1,1,1,0,0,1
12,4,0.08,159,21464978,4.868345247922069e-06,8.53573925781568e-06,-23.126186305342685,-20.687588598232058,42.9651597726066,3,10,1,1,1,1,1,0,0,1
12,4,0.08,160,21464979,3.7786307397297726e-06,7.454402388107039e-06,-24.226655466999002,-21.27587167764396,49.31007821957257,3,15,1,1,1,1,1,0,0,1
12,4,0.08,161,21464980,4.723197619721938e-06,9.145147134843325e-06,-23.257638830578003,-20.38809302835294,48.35296195808166,3,12,1,1,1,1,1,0,0,1
12,4,0.08,162,21464981,5.754083782005004e-06,1.1051715763102869e-05,-22.40023818879903,-19.56570293145986,47.93492788499392,4,6,1,1,1,1,1,0,0,1
12,4,0.08,163,21464982,6.954768347153207e-06,1.4879665753591515e-05,-21.5771733112536,-18.27406824368177,53.2599154959208,3,11,1,1,1,1,1,0,0,1
12,4,0.08,164,21464983,4.504483629077137e-06,6.759267393788236e-06,-23.46354987125709,-21.7010037270879,33.35840459253386,4,9,1,1,1,1,1,0,0,1
12,4,0.08,165,21464984,3.2472509858699856e-06,4.034548482103789e-06,-24.884841426749563,-23.942050613639655,19.513893555277644,3,7,1,1,1,1,1,0,0,1
12,4,0.08,166,21464985,4.731233858716925e-06,4.888979311026236e-06,-23.250255848112555,-23.10781800561109,3.226551848021613,4,7,1,1,1,1,1,0,0,1
12,4,0.08,167,21464986,3.677868249062871e-06,5.090087296328656e-06,-24.344038323926206,-22.93274769335398,27.744495625534373,3,15,1,1,1,1,1,0,0,1
12,4,0.08,168,21464987,5.829429141265962e-06,1.0500202099123198e-05,-22.34373972331349,-19.788023419120304,44.48269579732433,3,11,1,1,1,1,1,0,0,1
12,4,0.08,169,21464988,3.923125420647086e-06,6.452608517543719e-06,-24.063678074390968,-21.902646829213847,39.20093850447196,5,10,1,1,1,1,1,0,0,1
12,4,0.08,170,21464989,7.052873294488615e-06,7.320160756268002e-06,-21.51633918225256,-21.3547938140151,3.6513878680945395,3,7,1,1,1,1,1,0,0,1
12,4,0.08,171,21464990,7.930707643006332e-06,1.007961175894023e-05,-21.0068805962548,-19.96556195489412,21.319314347875586,5,7,1,1,1,1,1,0,0,1
12,4,0.08,172,21464991,4.5146589207094555e-06,1.0328887364798627e-05,-23.4537505475228,-19.859464584758616,56.290946340497015,3,24,1,1,1,1,1,0,0,1
12,4,0.08,173,21464992,7.324005403907683e-06,1.2923095959757167e-05,-21.352513439325445,-18.886334308324727,43.32623214503079,3,8,1,1,1,1,1,0,0,1
12,4,0.08,174,21464993,4.1421436461601805e-06,7.31209022233982e-06,-23.827748442033162,-21.35958458573105,43.35212613343928,3,14,1,1,1,1,1,0,0,1
12,4,0.08,175,21464994,4.47085543215552e-06,7.482177365890034e-06,-23.49609373082584,-21.259720010142743,40.24659917128689,3,8,1,1,1,1,1,0,0,1
12,4,0.08,176,21464995,4.378305587797905e-06,1.0494063259141525e-05,-23.58693929734105,-19.79056322164239,58.27826191171563,4,9,1,1,1,1,1,0,0,1
12,4,0.08,177,21464996,7.338506583809589e-06,9.069586453059118e-06,-21.343923118006593,-20.42412515062178,19.086646102432223,3,9,1,1,1,1,1,0,0,1
12,4,0.08,178,21464997,5.0523550587877825e-06,1.0298528713843462e-05,-22.96506136609604,-19.872248157899573,50.941001387933035,5,10,1,1,1,1,1,0,0,1
12,4,0.08,179,21464998,6.281620802322973e-06,6.648857314506993e-06,-22.019282838606664,-21.772529869744886,5.523302649054527,3,8,1,1,1,1,1,0,0,1
12,4,0.08,180,21464999,3.3691353250538838e-06,6.338108003501945e-06,-24.724815447494084,-21.9804036455795,46.84320110682301,4,14,1,1,1,1,1,0,0,1
12,4,0.08,181,21465000,4.856681634257271e-06,9.515092353212064e-06,-23.13660364514808,-20.21586992106783,48.95812406258177,4,8,1,1,1,1,1,0,0,1
12,4,0.08,182,21465001,7.583910399503383e-06,1.276154542930408e-05,-21.2010680663401,-18.94096729158924,40.572163132463544,8,9,1,1,1,1,1,0,0,1
12,4,0.08,183,21465002,3.928978774355659e-06,6.652701253132208e-06,-24.057203173844556,-21.770019785875107,40.94160214235042,4,9,1,1,1,1,1,0,0,1
12,4,0.08,184,21465003,3.751490964498575e-06,5.9892524823393745e-06,-24.257960952149187,-22.226273784543615,37.362951794724474,4,9,1,1,1,1,1,0,0,1
12,4,0.08,185,21465004,3.6776139523876467e-06,6.042066302449433e-06,-24.34433861598004,-22.188145133179624,39.133174508582364,4,7,1,1,1,1,1,0,0,1
12,4,0.08,186,21465005,5.322450575457353e-06,1.0014009542425814e-05,-22.73888362751228,-19.993919990943994,46.84995502642559,4,11,1,1,1,1,1,0,0,1
12,4,0.08,187,21465006,6.698284517894723e-06,9.911026053330084e-06,-21.740364092106987,-20.038813822218465,32.415831803366984,7,23,1,1,1,1,1,0,0,1
12,4,0.08,188,21465007,6.4507279190396616e-06,7.289958565456174e-06,-21.903912755376098,-21.372749401106788,11.512145629925085,5,8,1,1,1,1,1,0,0,1
12,4,0.08,189,21465008,3.011456604274025e-06,7.514167040263991e-06,-25.212233907235586,-21.241191547798785,59.92294837022647,4,7,1,1,1,1,1,0,0,1
12,4,0.08,190,21465009,5.914998678989865e-06,1.0462652653662535e-05,-22.280453480280165,-19.80358192448181,43.465592572078044,5,8,1,1,1,1,1,0,0,1
12,4,0.08,191,21465010,8.9748379508171e-06,1.5067833320972041e-05,-20.469733842762494,-18.21949192569013,40.43710359919137,3,10,1,1,1,1,1,0,0,1
12,4,0.08,192,21465011,4.402180981058665e-06,9.384089282262781e-06,-23.563321068395958,-20.276078689008816,53.08888429504404,4,10,1,1,1,1,1,0,0,1
12,4,0.08,193,21465012,1.1429817404777884e-05,2.0741516711894944e-05,-19.419607075514204,-16.831594892429035,44.89401347287656,4,19,1,1,1,1,1,0,0,1
12,4,0.08,194,21465013,5.8170226819018774e-06,9.771558981081195e-06,-22.35299242784816,-20.10036142231244,40.46986061114436,5,8,1,1,1,1,1,0,0,1
12,4,0.08,195,21465014,2.728965624682743e-06,5.628532056628151e-06,-25.64001934870457,-22.49604856095855,51.51550000556331,3,15,1,1,1,1,1,0,0,1
12,4,0.08,196,21465015,4.343727774012823e-06,5.186985827755749e-06,-23.621374002582208,-22.85084938614451,16.257188312152728,3,8,1,1,1,1,1,0,0,1
12,4,0.08,197,21465016,5.25638888085673e-06,8.006851525909456e-06,-22.79312512062691,-20.965382247057782,34.35136315632273,3,7,1,1,1,1,1,0,0,1
12,4,0.08,198,21465017,7.388575559711338e-06,1.2818849966152148e-05,-21.314392809807778,-18.92150935484713,42.36163478611041,3,16,1,1,1,1,1,0,0,1
12,4,0.08,199,21465018,4.135129891279434e-06,5.5714369964278004e-06,-23.83510843988118,-22.540327762571074,25.77983213431783,5,9,1,1,1,1,1,0,0,1
12,4,0.08,200,21465019,3.166424857336905e-06,3.9545125807335825e-06,-24.9943081378893,-24.029070384729856,19.9288207410503,4,7,1,1,1,1,1,0,0,1
12,4,0.08,201,21465020,4.958330228833157e-06,5.074520134369109e-06,-23.04664552238615,-22.94605019985966,2.289672766278164,3,7,1,1,1,1,1,0,0,1
12,4,0.08,202,21465021,4.329226319877555e-06,5.545269093441407e-06,-23.635897098891366,-22.56077374138605,21.9293735447773,3,7,1,1,1,1,1,0,0,1
12,4,0.08,203,21465022,3.81412806748129e-06,6.770345883972429e-06,-24.186047286820788,-21.693891434768307,43.66420663218184,3,9,1,1,1,1,1,0,0,1
12,4,0.08,204,21465023,3.813830572329579e-06,5.28088713585288e-06,-24.18638604194243,-22.772931142384675,27.780494560529302,3,8,1,1,1,1,1,0,0,1
12,4,0.08,205,21465024,5.028675127582922e-06,8.09117162626992e-06,-22.985464206239445,-20.919885866717852,37.849852161630984,4,8,1,1,1,1,1,0,0,1
12,4,0.08,206,21465025,4.009402158571296e-06,7.637877964128466e-06,-23.969203801453943,-21.170272849426702,47.50633386129525,4,8,1,1,1,1,1,0,0,1
12,4,0.08,207,21465026,2.344714729121568e-06,4.795470381745906e-06,-26.299099883880068,-23.191687869964845,51.10563630948924,3,13,1,1,1,1,1,0,0,1
12,4,0.08,208,21465027,5.063483412509823e-06,4.96423657161244e-06,-22.955506083896754,-23.041475302962468,-1.9992367298713591,4,7,1,1,1,1,0,1,0,1
12,4,0.08,209,21465028,5.720943618856751e-06,7.645350188164184e-06,-22.42532332279788,-21.16602617340709,25.170940793354625,4,14,1,1,1,1,1,0,0,1
12,4,0.08,210,21465029,4.760294981719663e-06,8.812355653701229e-06,-23.223661344719943,-20.54907983681618,45.981583485905745,3,13,1,1,1,1,1,0,0,1
12,4,0.08,211,21465030,2.7839728574582834e-06,3.1893169645242048e-06,-25.553350032258276,-24.963023170369873,12.709433134890443,3,7,1,1,1,1,1,0,0,1
12,4,0.08,212,21465031,4.469750287386716e-06,6.896336579619727e-06,-23.497167390245114,-21.61381550677479,35.186598916939985,4,9,1,1,1,1,1,0,0,1
12,4,0.08,213,21465032,4.682896098332334e-06,8.185014832581026e-06,-23.294854780115386,-20.86980529238936,42.78695647939772,4,7,1,1,1,1,1,0,0,1
12,4,0.08,214,21465033,3.0980496231043667e-06,6.076943215541606e-06,-25.089116301959855,-22.16314821788632,49.01960552829926,5,9,1,1,1,1,1,0,0,1
12,4,0.08,215,21465034,4.246343599527672e-06,5.964865668669701e-06,-23.719848671315443,-22.243993323813015,28.810742179300384,3,9,1,1,1,1,1,0,0,1
12,4,0.08,216,21465035,4.600750142015136e-06,8.741381832260063e-06,-23.37171351801618,-20.58419908934305,47.36815951642712,4,10,1,1,1,1,1,0,0,1
12,4,0.08,217,21465036,5.0987830320689956e-06,6.733330232560622e-06,-22.92533468122739,-21.717700852703835,24.27546465176154,3,7,1,1,1,1,1,0,0,1
12,4,0.08,218,21465037,4.586587677989298e-06,7.182705726856834e-06,-23.385103000299306,-21.4371192610745,36.14401240413342,4,7,1,1,1,1,1,0,0,1
12,4,0.08,219,21465038,5.036051107551691e-06,7.259008002607717e-06,-22.979098711743703,-21.39122724813611,30.62342532557415,4,8,1,1,1,1,1,0,0,1
12,4,0.08,220,21465039,3.583549905719854e-06,4.530801092842902e-06,-24.456865430214734,-23.438250034082987,20.906925016403324,3,7,1,1,1,1,1,0,0,1
12,4,0.08,221,21465040,5.5073861890353126e-06,7.620985896124544e-06,-22.590544688453114,-21.179888421052603,27.73394067247977,7,11,1,1,1,1,1,0,0,1
12,4,0.08,222,21465041,7.4366447855055646e-06,9.643880722861586e-06,-21.28622962277354,-20.157481696885462,22.887424687072222,4,8,1,1,1,1,1,0,0,1
12,4,0.08,223,21465042,4.435061220089961e-06,5.842273393971003e-06,-23.531003809362577,-22.334181237207652,24.0867223936016,5,8,1,1,1,1,1,0,0,1
12,4,0.08,224,21465043,6.7950171256277415e-06,8.684648774746874e-06,-21.678094443683882,-20.612477406335454,21.758296715622887,5,11,1,1,1,1,1,0,0,1
12,4,0.08,225,21465044,4.595963446551995e-06,4.645041753346103e-06,-23.376234340794646,-23.330103778670424,1.056574071885458,3,6,1,1,1,1,1,0,0,1
12,4,0.08,226,21465045,4.345616775789324e-06,6.690142150263843e-06,-23.619485751849233,-21.74564654366808,35.044477707877355,4,8,1,1,1,1,1,0,0,1
12,4,0.08,227,21465046,4.55015194775786e-06,8.578459419750505e-06,-23.41974100272354,-20.665906988150986,46.958402142908355,3,7,1,1,1,1,1,0,0,1
12,4,0.08,228,21465047,3.4082192041254545e-06,7.4915690763041615e-06,-24.674724807830955,-21.25427211697975,54.50593634775852,4,13,1,1,1,1,1,0,0,1
12,4,0.08,229,21465048,2.8900989226307937e-06,3.2540088101898265e-06,-25.390872919087,-24.875812755504676,11.183432768204575,3,7,1,1,1,1,1,0,0,1
12,4,0.08,230,21465049,4.996735658308001e-06,5.711634736003077e-06,-23.01313625377265,-22.432395738527724,12.516540548168042,5,7,1,1,1,1,1,0,0,1
12,4,0.08,231,21465050,5.100433117337461e-06,7.034567751342592e-06,-22.923929430230604,-21.52762583229102,27.494718970273453,4,7,1,1,1,1,1,0,0,1
12,4,0.08,232,21465051,8.006576641512644e-06,1.4493377773126778e-05,-20.965531347894235,-18.388303876636748,44.757000287688506,4,7,1,1,1,1,1,0,0,1
12,4,0.08,233,21465052,4.536674025408471e-06,1.0404023505970945e-05,-23.432624250655486,-19.827986752668277,56.39500407890428,5,9,1,1,1,1,1,0,0,1
12,4,0.08,234,21465053,5.801775245954816e-06,1.053088353855985e-05,-22.364390992721038,-19.775351900848076,44.90704199024655,3,13,1,1,1,1,1,0,0,1
12,4,0.08,235,21465054,3.0953407134992976e-06,4.502797982703774e-06,-25.092915399076425,-23.465175371510085,31.257393172219274,4,7,1,1,1,1,1,0,0,1
12,4,0.08,236,21465055,2.7699845280422665e-06,4.324536439264848e-06,-25.575226567133974,-23.64060439103001,35.947249677628996,4,8,1,1,1,1,1,0,0,1
12,4,0.08,237,21465056,5.054958837718308e-06,6.470549653704301e-06,-22.962823764972306,-21.89058825756101,21.877443057338823,5,6,1,1,1,1,1,0,0,1
12,4,0.08,238,21465057,5.675312559600891e-06,9.693575680167509e-06,-22.460102153380216,-20.135159947014607,41.452847258290355,5,11,1,1,1,1,1,0,0,1
12,4,0.08,239,21465058,4.509583328615626e-06,9.329320261732195e-06,-23.458635837190958,-20.30149997982656,51.66225188866738,6,24,1,1,1,1,1,0,0,1
12,4,0.08,240,21465059,6.1660316181255574e-06,9.712262271089718e-06,-22.099942526321747,-20.126795983704355,36.51292102685642,3,8,1,1,1,1,1,0,0,1
12,4,0.08,241,21465060,7.1904422177050685e-06,1.0823439891647987e-05,-21.432443993524032,-19.65634690381288,33.566016999330834,3,10,1,1,1,1,1,0,0,1
12,4,0.08,242,21465061,4.241701765855912e-06,8.353948560766925e-06,-23.724598700005775,-20.781082032202697,49.22518692805421,4,10,1,1,1,1,1,0,0,1
12,4,0.08,243,21465062,4.866465889697099e-06,1.011917417108738e-05,-23.127863163589293,-19.948549289561246,51.908467949868665,3,9,1,1,1,1,1,0,0,1
12,4,0.08,244,21465063,7.523399301065306e-06,1.2533060567780373e-05,-21.235858875830115,-19.019428615364347,39.971571505796106,3,9,1,1,1,1,1,0,0,1
12,4,0.08,245,21465064,4.072911772192194e-06,5.555843878246153e-06,-23.900949975410803,-22.552499666365165,26.691392676823842,4,7,1,1,1,1,1,0,0,1
12,4,0.08,246,21465065,3.7049000681054735e-06,4.469725093401546e-06,-24.31223501707774,-23.49719186955351,17.111231883704644,3,7,1,1,1,1,1,0,0,1
12,4,0.08,247,21465066,3.3283335276085975e-06,4.883427342181327e-06,-24.777731601631142,-23.112752695249018,31.844311496976236,4,8,1,1,1,1,1,0,0,1
12,4,0.08,248,21465067,5.62732455914792e-06,7.549728181400383e-06,-22.49698035942132,-21.220686843235235,25.463216371001586,3,8,1,1,1,1,1,0,0,1
12,4,0.08,249,21465068,6.094215046446285e-06,9.887795161542017e-06,-22.150822249021264,-20.049005391336415,38.36628948231687,3,7,1,1,1,1,1,0,0,1
12,4,0.08,250,21465069,5.500572638657972e-06,7.756398016196007e-06,-22.59592095803272,-21.103399133887763,29.08341439966958,3,8,1,1,1,1,1,0,0,1
12,4,0.08,251,21465070,3.080365306976316e-06,7.003588152022353e-06,-25.113977765527125,-21.54679400647276,56.017326545867334,4,11,1,1,1,1,1,0,0,1
12,4,0.08,252,21465071,3.3422902934898603e-06,5.301652804282832e-06,-24.75955832304503,-22.755887168370492,36.95757876129007,3,14,1,1,1,1,1,0,0,1
12,4,0.08,253,21465072,4.08580295186915e-06,5.646678125285653e-06,-23.887225821429855,-22.482069674245114,27.642361381056087,4,7,1,1,1,1,1,0,0,1
12,4,0.08,254,21465073,4.206557052811214e-06,7.5364310038423475e-06,-23.760732164469186,-21.228342724712988,44.18369848186022,4,8,1,1,1,1,1,0,0,1
12,4,0.08,255,21465074,4.763773865418913e-06,6.213345337190118e-06,-23.220488624981748,-22.06674507666765,23.32996788533163,4,9,1,1,1,1,1,0,0,1
12,4,0.08,256,21465075,4.510058893473061e-06,6.253661270862403e-06,-23.45817786959429,-22.038656459871213,27.8813050766482,4,11,1,1,1,1,1,0,0,1
12,4,0.08,257,21465076,4.92008067377307e-06,7.11237914654307e-06,-23.080277761173477,-21.479851000605464,30.823700868584233,3,9,1,1,1,1,1,0,0,1
12,4,0.08,258,21465077,7.372429596797332e-06,1.1967366575390093e-05,-21.323893660624876,-19.220014057841674,38.39555636276632,4,11,1,1,1,1,1,0,0,1
12,4,0.08,259,21465078,5.235885494072837e-06,6.543121275098408e-06,-22.810098597981504,-21.842150300886274,19.97877963840599,3,6,1,1,1,1,1,0,0,1
12,4,0.08,260,21465079,4.619696537548103e-06,6.336356975695338e-06,-23.353865518025025,-21.98160363582785,27.092230515608737,5,8,1,1,1,1,1,0,0,1
12,4,0.08,261,21465080,2.9370704634599206e-06,3.528116572910549e-06,-25.320856341633657,-24.524570737285977,16.752454099413164,4,7,1,1,1,1,1,0,0,1
12,4,0.08,262,21465081,8.968318844310583e-06,1.307903893369582e-05,-20.472889599733932,-18.834241674129228,31.429832958098306,6,12,1,1,1,1,1,0,0,1
12,4,0.08,263,21465082,5.571726110474873e-06,1.017554672883899e-05,-22.540102403516183,-19.924422469736086,45.24396320952676,4,9,1,1,1,1,1,0,0,1
12,4,0.08,264,21465083,3.5249703505622604e-06,4.7604056511454115e-06,-24.52844531620485,-23.22356037920748,25.952311444002472,3,7,1,1,1,1,1,0,0,1
12,4,0.08,265,21465084,6.005321568613361e-06,1.0281938776895791e-05,-22.214637323518023,-19.879249864382015,41.593490304496626,4,10,1,1,1,1,1,0,0,1
12,4,0.08,266,21465085,3.4230442580480855e-06,6.332293537945756e-06,-24.65587485641029,-21.98438961315167,45.9430577951611,3,10,1,1,1,1,1,0,0,1
12,4,0.08,267,21465086,5.623302726023891e-06,7.6981040071968e-06,-22.50008535963692,-21.136162255554694,26.952107677854432,4,10,1,1,1,1,1,0,0,1
12,4,0.08,268,21465087,2.5838398931128548e-06,2.5988249027285673e-06,-25.877344007744263,-25.852229803452623,0.5766071273204815,4,7,1,1,1,1,1,0,0,1
12,4,0.08,269,21465088,4.114147186813669e-06,6.678423947958834e-06,-23.85720175140679,-21.75326015288375,38.3964357627955,5,8,1,1,1,1,1,0,0,1
12,4,0.08,270,21465089,4.309466334906047e-06,7.550342675792211e-06,-23.65576507601552,-21.220333372677118,42.92356625450935,3,8,1,1,1,1,1,0,0,1
12,4,0.08,271,21465090,3.545210585220847e-06,9.432241408502303e-06,-24.50357962657758,-20.25385092450843,62.41391169202726,4,6,1,1,1,1,1,0,0,1
12,4,0.08,272,21465091,5.959320799112531e-06,7.904979513071338e-06,-22.24803235227274,-21.020992512689762,24.613077247594994,4,6,1,1,1,1,1,0,0,1
12,4,0.08,273,21465092,5.743616176430038e-06,9.437184064794007e-06,-22.40814590010192,-20.251575742992635,39.13845340945558,3,12,1,1,1,1,1,0,0,1
12,4,0.08,274,21465093,3.8324281693274154e-06,7.124380316831613e-06,-24.165259763188793,-21.472529048892138,46.206855910356694,3,9,1,1,1,1,1,0,0,1
12,4,0.08,275,21465094,5.348547130910751e-06,7.667771937262904e-06,-22.717641728794785,-21.153308128337773,30.24639784969955,3,8,1,1,1,1,1,0,0,1
12,4,0.08,276,21465095,3.139232599767613e-06,6.803815120623463e-06,-25.03176504289419,-21.672474959389397,53.86070103151257,4,9,1,1,1,1,1,0,0,1
12,4,0.08,277,21465096,1.580048253294666e-05,2.3306610994281774e-05,-18.013296498686074,-16.325208724891297,32.206005683008684,5,14,1,1,1,1,1,0,0,1
12,4,0.08,278,21465097,4.071900687174642e-06,5.182751564816547e-06,-23.902028228957594,-22.854396085664487,21.433612314798,3,7,1,1,1,1,1,0,0,1
12,4,0.08,279,21465098,3.2452213775523673e-06,5.015256523816707e-06,-24.887556718158258,-22.9970684848028,35.29301318603955,4,8,1,1,1,1,1,0,0,1
12,4,0.08,280,21465099,5.0258156663489675e-06,7.197133745575852e-06,-22.987934442264432,-21.428404266683682,30.169205630805664,4,9,1,1,1,1,1,0,0,1
12,4,0.08,281,21465100,8.421126023965814e-06,1.1983989297323038e-05,-20.746298332867482,-19.213985875047243,29.730194052769136,4,9,1,1,1,1,1,0,0,1
12,4,0.08,282,21465101,4.1667879652753974e-06,6.603951559341617e-06,-23.801985988596883,-21.801961209918893,36.90462554375843,3,9,1,1,1,1,1,0,0,1
12,4,0.08,283,21465102,4.610949397315926e-06,9.101852707203448e-06,-23.362096439022693,-20.408701968417503,49.34054037518429,3,8,1,1,1,1,1,0,0,1
12,4,0.08,284,21465103,7.0695913906253224e-06,1.0728355417034282e-05,-21.506056868996943,-19.694668472836078,34.10368023974711,3,7,1,1,1,1,1,0,0,1
12,4,0.08,285,21465104,3.289453667634465e-06,7.2432991736949025e-06,-24.82876226315707,-21.400635765414467,54.586251530509806,4,8,1,1,1,1,1,0,0,1
12,4,0.08,286,21465105,4.466817943059457e-06,7.15393375502468e-06,-23.500017479839318,-21.454550857079383,37.56137397942613,3,12,1,1,1,1,1,0,0,1
12,4,0.08,287,21465106,4.729297586389315e-06,9.57920355853183e-06,-23.252033575725353,-20.186705978644113,50.62953242937289,5,7,1,1,1,1,1,0,0,1
12,4,0.08,288,21465107,5.809860949466864e-06,1.1058909413930993e-05,-22.358342616891704,-19.562876993301522,47.46443132857082,6,12,1,1,1,1,1,0,0,1
12,4,0.08,289,21465108,2.3122094659036092e-06,7.86692022954503e-06,-26.3597282519726,-21.041952535481762,70.60845415439871,5,14,1,1,1,1,1,0,0,1
12,4,0.08,290,21465109,5.829889176226276e-06,1.1103495011409093e-05,-22.34339700920378,-19.545402982171733,47.49500792105609,4,11,1,1,1,1,1,0,0,1
12,4,0.08,291,21465110,5.899011583472464e-06,1.0701511641356315e-05,-22.292207510366104,-19.705548717418257,44.876838140552444,4,10,1,1,1,1,1,0,0,1
12,4,0.08,292,21465111,3.876741936245474e-06,4.460992302628292e-06,-24.11533107786901,-23.50568526126001,13.096870085128693,3,7,1,1,1,1,1,0,0,1
12,4,0.08,293,21465112,5.081775818767014e-06,9.716369753679294e-06,-22.939844976524185,-20.124959665998126,47.698822218630575,4,12,1,1,1,1,1,0,0,1
12,4,0.08,294,21465113,2.9638924980046597e-06,6.545498661056523e-06,-25.281375525044677,-21.84057261642549,54.71861424953295,3,10,1,1,1,1,1,0,0,1
12,4,0.08,295,21465114,3.972387695898208e-06,6.3860920522434865e-06,-24.009483719660537,-21.947648256191137,37.79626627050144,3,8,1,1,1,1,1,0,0,1
12,4,0.08,296,21465115,3.25884281685251e-06,5.166084291701064e-06,-24.869365862730742,-22.868385119989405,36.91851249721956,5,8,1,1,1,1,1,0,0,1
12,4,0.08,297,21465116,3.2999844659268913e-06,7.325929127235617e-06,-24.814881044791157,-21.3513728711829,54.95473122093777,3,8,1,1,1,1,1,0,0,1
12,4,0.08,298,21465117,5.100110654959034e-06,1.0314048028601136e-05,-22.924204010948547,-19.865708505802754,50.55180428851709,4,25,1,0,1,1,1,0,0,1
12,4,0.08,299,21465118,5.12705103130721e-06,6.123523902078993e-06,-22.901323598553237,-22.129985826272197,16.272866517814546,4,7,1,1,1,1,1,0,0,1
12,4,0.08,300,21465119,6.3167707412162965e-06,8.480321162517159e-06,-21.995048849595932,-20.715877000466094,25.5126000517965,5,11,1,1,1,1,1,0,0,1
12,4,0.08,301,21465120,4.736987576055571e-06,5.446223039979808e-06,-23.244977543173427,-22.639045769055322,13.022519619888106,3,7,1,1,1,1,1,0,0,1
12,4,0.08,302,21465121,2.375079674534592e-06,3.943696534445153e-06,-26.24321816931607,-24.040965111969793,39.77529321056781,3,8,1,1,1,1,1,0,0,1
12,4,0.08,303,21465122,5.483922161242183e-06,1.1991186414666954e-05,-22.609087182120128,-19.211378454372195,54.26705939176666,5,11,1,1,1,1,1,0,0,1
12,4,0.08,304,21465123,3.7479093898266773e-06,5.741336255359206e-06,-24.262109172436936,-22.409870168720577,34.72060818022599,3,10,1,1,1,1,1,0,0,1
12,4,0.08,305,21465124,4.5288489377797215e-06,5.911289815381632e-06,-23.44012165204177,-22.283177477843324,23.3864506863577,4,8,1,1,1,1,1,0,0,1
12,4,0.08,306,21465125,4.368956336910536e-06,5.103180443636142e-06,-23.596222955819336,-22.921590751539558,14.387578782192804,5,7,1,1,1,1,1,0,0,1
12,4,0.08,307,21465126,7.660756197684025e-06,9.671715144865152e-06,-21.157283587914204,-20.144965029697598,20.792164751137992,3,11,1,1,1,1,1,0,0,1
12,4,0.08,308,21465127,5.070179303642005e-06,5.978064301319576e-06,-22.949766818490367,-22.234394179086348,15.186939315409624,3,10,1,1,1,1,1,0,0,1
12,4,0.08,309,21465128,5.789694720874062e-06,1.1370805885349699e-05,-22.37344335156008,-19.442087543837147,49.082811022800215,4,7,1,1,1,1,1,0,0,1
12,4,0.08,310,21465129,5.8130113285979185e-06,1.1032374810580517e-05,-22.355988306746507,-19.573309919915832,47.30951922497236,5,20,1,1,1,1,1,0,0,1
12,4,0.08,311,21465130,3.7915927560533675e-06,4.7829754822045275e-06,-24.211783151358397,-23.203018453397384,20.727321932543557,4,7,1,1,1,1,1,0,0,1
12,4,0.08,312,21465131,4.201198165501615e-06,5.638587292763006e-06,-23.766268328266598,-22.488296917274777,25.49200806213014,3,9,1,1,1,1,1,0,0,1
12,4,0.08,313,21465132,3.838045807947203e-06,8.615545883678688e-06,-24.158898461664734,-20.647172003101247,55.452087891284904,4,9,1,1,1,1,1,0,0,1
12,4,0.08,314,21465133,3.641086759845765e-06,6.50198873467943e-06,-24.387689725702167,-21.869537872961825,44.000414205188825,3,10,1,1,1,1,1,0,0,1
12,4,0.08,315,21465134,6.1162114312799025e-06,5.282584364030265e-06,-22.1351750987662,-22.771535584421898,-15.7806673742099,4,6,1,1,1,1,0,1,0,1
12,4,0.08,316,21465135,3.573474077686033e-06,6.632381863173788e-06,-24.469093639640306,-21.783304769850854,46.12080318342796,3,12,1,1,1,1,1,0,0,1
12,4,0.08,317,21465136,3.632050266758944e-06,5.380113909241079e-06,-24.398481495713913,-22.692085292348864,32.49120133831362,4,7,1,1,1,1,1,0,0,1
12,4,0.08,318,21465137,4.094668668398985e-06,6.6882705043160235e-06,-23.87781234638043,-21.746861703543175,38.778363318938055,5,9,1,1,1,1,1,0,0,1
12,4,0.08,319,21465138,3.330985911946026e-06,5.356142692620932e-06,-24.774272041076944,-22.71147861497147,37.80998559774986,4,8,1,1,1,1,1,0,0,1
12,4,0.08,320,21465139,4.584932929433437e-06,8.958160817495452e-06,-23.386670130125005,-20.47781145338087,48.81836771138357,5,10,1,1,1,1,1,0,0,1
12,4,0.08,321,21465140,4.676872956796019e-06,7.891625705983597e-06,-23.30044427164796,-21.028335211999753,40.7362547206222,3,8,1,1,1,1,1,0,0,1
12,4,0.08,322,21465141,5.2040394879913185e-06,7.2752446619374515e-06,-22.83659416693144,-21.3815239704409,28.46921677812765,3,8,1,1,1,1,1,0,0,1
12,4,0.08,323,21465142,2.1525207254691875e-06,2.5816463973261768e-06,-26.67052658265216,-25.881032423974332,16.62217073188012,4,7,1,1,1,1,1,0,0,1
12,4,0.08,324,21465143,3.86079033866713e-06,7.0735624016056775e-06,-24.133237822226917,-21.50361810855214,45.41943479864203,6,8,1,1,1,1,1,0,0,1
12,4,0.08,325,21465144,5.807746355252395e-06,6.029136242980325e-06,-22.359923590641053,-22.197449020848868,3.6720000810347053,4,7,1,1,1,1,1,0,0,1
12,4,0.08,326,21465145,3.485640324880433e-06,5.467868800253731e-06,-24.5771742875174,-22.62181914735054,36.25230501655992,4,8,1,1,1,1,1,0,0,1
12,4,0.08,327,21465146,4.669100691246737e-06,6.334348391357913e-06,-23.307667602132707,-21.982980539601108,26.289171312129103,5,8,1,1,1,1,1,0,0,1
12,4,0.08,328,21465147,4.476964368992603e-06,7.337092691795528e-06,-23.49016362040829,-21.34475994312028,38.981766251926636,4,8,1,1,1,1,1,0,0,1
12,4,0.08,329,21465148,4.047231144774242e-06,8.181913097051849e-06,-23.928419915478113,-20.871451376060726,50.53441540178956,4,8,1,1,1,1,1,0,0,1
12,4,0.08,330,21465149,5.389615910115581e-06,6.549905372922704e-06,-22.684421836186395,-21.83764974254685,17.71459886434019,4,8,1,1,1,1,1,0,0,1
12,4,0.08,331,21465150,8.37362254939238e-06,1.1940127502563357e-05,-20.770866193237673,-19.229910355714704,29.869906769465434,6,8,1,1,1,1,1,0,0,1
12,4,0.08,332,21465151,3.966717591056325e-06,8.556523342820153e-06,-24.015687178549992,-20.677026605254657,53.6410124518058,5,8,1,1,1,1,1,0,0,1
12,4,0.08,333,21465152,5.4487666688070285e-06,1.0169344629117785e-05,-22.637017893833278,-19.92707034602226,46.41968713297779,4,9,1,1,1,1,1,0,0,1
12,4,0.08,334,21465153,5.457442687612916e-06,7.682515254186357e-06,-22.63010816422149,-21.144965687478113,28.962813518150238,3,6,1,1,1,1,1,0,0,1
12,4,0.08,335,21465154,4.20371387585729e-06,6.342970589149305e-06,-23.763668517220896,-21.977073023184083,33.72641703481276,4,10,1,1,1,1,1,0,0,1
12,4,0.08,336,21465155,1.2588657203706034e-05,1.8585525589891697e-05,-19.00020592379999,-17.308251527516223,32.266337355814365,4,7,1,1,1,1,1,0,0,1
12,4,0.08,337,21465156,5.041989392660301e-06,1.0467248103284368e-05,-22.97398072327551,-19.801674817068474,51.83080268176459,3,9,1,1,1,1,1,0,0,1
12,4,0.08,338,21465157,2.8709710074442934e-06,4.023372042559383e-06,-25.41971193212493,-23.954098062157513,28.64266647292241,4,7,1,1,1,1,1,0,0,1
12,4,0.08,339,21465158,3.039330257401109e-06,7.350868163252767e-06,-25.17222106378089,-21.33661366188675,58.65345167534331,3,8,1,1,1,1,1,0,0,1
12,4,0.08,340,21465159,4.499038038901735e-06,8.7695106125545e-06,-23.468803349039412,-20.570246420042437,48.69681744314356,4,8,1,1,1,1,1,0,0,1
12,4,0.08,341,21465160,4.141705713562054e-06,5.928614304335952e-06,-23.82820762882599,-22.270468024712184,30.140408855186017,4,7,1,1,1,1,1,0,0,1
12,4,0.08,342,21465161,4.374830788842808e-06,7.2742872708159915e-06,-23.590387401029282,-21.382095521035925,39.858976887063974,5,11,1,1,1,1,1,0,0,1
12,4,0.08,343,21465162,6.537028922094428e-06,8.512759746451939e-06,-21.846195935596704,-20.699296234222135,23.209051861013492,3,7,1,1,1,1,1,0,0,1
12,4,0.08,344,21465163,3.6114637090406106e-06,8.910696863722293e-06,-24.423167449301175,-20.500883305046813,59.47046831158857,5,13,1,1,1,1,1,0,0,1
12,4,0.08,345,21465164,3.7330617330803935e-06,5.914010460885733e-06,-24.27934828151787,-22.28117911615628,36.87766097523442,4,7,1,1,1,1,1,0,0,1
12,4,0.08,346,21465165,5.315932656386021e-06,6.1055827369079e-06,-22.744205294496208,-22.14272879246412,12.933246743975634,4,7,1,1,1,1,1,0,0,1
12,4,0.08,347,21465166,6.385436892640442e-06,8.793134600421223e-06,-21.948093828842374,-20.558562788522753,27.381563198923892,4,12,1,1,1,1,1,0,0,1
12,4,0.08,348,21465167,3.1907915837441435e-06,5.6588241503688325e-06,-24.96101562144908,-22.47273801684228,43.61387632912797,4,9,1,1,1,1,1,0,0,1
12,4,0.08,349,21465168,2.6115713562923703e-06,6.859805931697002e-06,-25.830981033821647,-21.636881705884818,61.9293696892339,6,7,1,1,1,1,1,0,0,1
12,4,0.08,350,21465169,7.146515294367712e-06,1.1584552454200994e-05,-21.45905672511949,-19.361207396405437,38.30995782857268,4,7,1,1,1,1,1,0,0,1
12,4,0.08,351,21465170,6.705142905877154e-06,9.22025207593536e-06,-21.735919616494442,-20.352572054440667,27.278095537350666,5,7,1,1,1,1,1,0,0,1
12,4,0.08,352,21465171,4.4491626518862275e-06,9.185674960166787e-06,-23.517217170828296,-20.3688892637983,51.56411835624714,3,14,1,1,1,1,1,0,0,1
12,4,0.08,353,21465172,3.0145040397925946e-06,4.99224427301833e-06,-25.207841297921743,-23.01704172558712,39.61625523644471,5,7,1,1,1,1,1,0,0,1
12,4,0.08,354,21465173,5.091447358892761e-06,7.053503333659087e-06,-22.93158742097826,-21.515951240625142,27.816758310773867,4,11,1,1,1,1,1,0,0,1
12,4,0.08,355,21465174,4.211929858467692e-06,7.927168997981205e-06,-23.755188697595987,-21.008818830569677,46.86716204056789,4,10,1,1,1,1,1,0,0,1
12,4,0.08,356,21465175,6.262461898580251e-06,8.317730049227258e-06,-22.032549034060054,-20.799951787094166,24.70948369907662,4,7,1,1,1,1,1,0,0,1
12,4,0.08,357,21465176,6.622550070405115e-06,1.1499089908632295e-05,-21.789747494945374,-19.39336530368082,42.40805034984892,4,10,1,1,1,1,1,0,0,1
12,4,0.08,358,21465177,4.809539714703235e-06,8.51231866236768e-06,-23.17896484734198,-20.699521267410578,43.49906405682569,3,7,1,1,1,1,1,0,0,1
12,4,0.08,359,21465178,6.425089056442642e-06,9.354019386043542e-06,-21.92120848315178,-20.290017343587728,31.311997642114633,3,7,1,1,1,1,1,0,0,1
12,4,0.08,360,21465179,8.94661164568083e-06,1.1304666879098945e-05,-20.483414140927543,-19.467422307269086,20.85913064610416,5,8,1,1,1,1,1,0,0,1
12,4,0.08,361,21465180,6.583832325312294e-06,9.42376776690557e-06,-21.815212381115362,-20.257754248908178,30.13588101742674,6,8,1,1,1,1,1,0,0,1
12,4,0.08,362,21465181,9.22210496466965e-06,1.7258636787966476e-05,-20.35169939011276,-17.629935109872537,46.565275821206626,3,8,1,1,1,1,1,0,0,1
12,4,0.08,363,21465182,3.836826458021681e-06,6.6301913209170516e-06,-24.160278437592062,-21.78473939405224,42.130984276167275,3,9,1,1,1,1,1,0,0,1
12,4,0.08,364,21465183,6.5244470411779705e-06,8.431108858270769e-06,-21.854562896818326,-20.74115303268645,22.614603240739758,4,7,1,1,1,1,1,0,0,1
12,4,0.08,365,21465184,6.84081943717825e-06,1.074900736372642e-05,-21.648918725884634,-19.68631639595885,36.35859381524598,3,8,1,1,1,1,1,0,0,1
12,4,0.08,366,21465185,5.1884478163598645e-06,8.13173830293789e-06,-22.849625468939013,-20.898166063520996,36.195096016735484,3,8,1,1,1,1,1,0,0,1
12,4,0.08,367,21465186,3.2588652601004687e-06,5.114805396283957e-06,-24.86933595350919,-22.911708853003642,36.2856451495081,3,8,1,1,1,1,1,0,0,1
12,4,0.08,368,21465187,4.12232109886995e-06,7.5045204049359975e-06,-23.84858182853726,-21.24677057204216,45.068826834576285,4,11,1,1,1,1,1,0,0,1
12,4,0.08,369,21465188,5.7081316775553835e-06,7.829545637658917e-06,-22.435060169561147,-21.062634400854826,27.094981730483266,4,8,1,1,1,1,1,0,0,1
12,4,0.08,370,21465189,5.982093299137924e-06,9.254389155873673e-06,-22.231468178201155,-20.336522419557447,35.35939327404288,4,11,1,1,1,1,1,0,0,1
12,4,0.08,371,21465190,3.7282606105436956e-06,6.646572829296003e-06,-24.284937374754648,-21.774022321392042,43.907022366313434,4,7,1,1,1,1,1,0,0,1
12,4,0.08,372,21465191,4.667096762085526e-06,9.181985170817867e-06,-23.309531948713968,-20.37063412968078,49.17115770434408,3,12,1,1,1,1,1,0,0,1
12,4,0.08,373,21465192,6.618498722560538e-06,8.5362925249483e-06,-21.792405106280526,-20.687307107586008,22.46635523305683,4,7,1,1,1,1,1,0,0,1
12,4,0.08,374,21465193,4.653741003103532e-06,6.8738164029307725e-06,-23.321977903773693,-21.628020718873152,32.297566150889224,4,9,1,1,1,1,1,0,0,1
12,4,0.08,375,21465194,4.322001022269648e-06,6.971318111472913e-06,-23.643151347304233,-21.56685099316974,38.00310137681427,5,10,1,1,1,1,1,0,0,1
12,4,0.08,376,21465195,5.731987066408158e-06,7.754840996338884e-06,-22.416947982108244,-21.10427102443614,26.08504714520556,4,11,1,1,1,1,1,0,0,1
12,4,0.08,377,21465196,3.982765311553389e-06,5.680131177623465e-06,-23.99815284075295,-22.45641634524865,29.882511741220817,4,7,1,1,1,1,1,0,0,1
12,4,0.08,378,21465197,4.34077925382343e-06,5.5048588850247506e-06,-23.62432299230179,-22.592538095243043,21.146402760078857,3,6,1,1,1,1,1,0,0,1
12,4,0.08,379,21465198,4.099274739578598e-06,6.791795137957421e-06,-23.872929736365542,-21.680154222629913,39.64372222199531,5,10,1,1,1,1,1,0,0,1
12,4,0.08,380,21465199,4.617979849951266e-06,6.97843269812058e-06,-23.355479664110614,-21.562421055987087,33.82497116874148,5,10,1,1,1,1,1,0,0,1
12,4,0.08,381,21465200,5.755972946331653e-06,6.293779702777267e-06,-22.398812559596312,-22.010884624940722,8.545052128346589,3,8,1,1,1,1,1,0,0,1
12,4,0.08,382,21465201,3.112132764359314e-06,3.954439612499138e-06,-25.069418841763216,-24.02915052101289,21.300283495984413,3,6,1,1,1,1,1,0,0,1
12,4,0.08,383,21465202,7.3633318587343975e-06,1.2320283989156226e-05,-21.32925625821099,-19.09379281335393,40.23407362025681,7,10,1,1,1,1,1,0,0,1
12,4,0.08,384,21465203,3.158209539738112e-06,5.761197315735812e-06,-25.00559058959437,-22.39487250330185,45.181368270238636,3,8,1,1,1,1,1,0,0,1
12,4,0.08,385,21465204,4.503862063921748e-06,5.7758263510773555e-06,-23.46414918732856,-22.383858722082486,22.0222044403802,3,7,1,1,1,1,1,0,0,1
12,4,0.08,386,21465205,4.2085094354569455e-06,9.810490475099198e-06,-23.758716948009514,-20.083092795411247,57.101946674950604,3,8,1,1,1,1,1,0,0,1
12,4,0.08,387,21465206,4.091890798982925e-06,9.837442965794768e-06,-23.880759648992598,-20.071177725197828,58.404934969273896,3,7,1,1,1,1,1,0,0,1
12,4,0.08,388,21465207,6.899750716042181e-06,1.29823890431949e-05,-21.611665997849208,-18.866453805090746,46.85299683220564,3,12,1,1,1,1,1,0,0,1
12,4,0.08,389,21465208,4.547277118167247e-06,8.517055918764638e-06,-23.422485784046103,-20.69710501382965,46.60975386871934,4,8,1,1,1,1,1,0,0,1
12,4,0.08,390,21465209,4.829824765788581e-06,6.537738928764554e-06,-23.16068625900997,-21.845724260714565,26.123927271882057,4,7,1,1,1,1,1,0,0,1
12,4,0.08,391,21465210,8.051227480392002e-06,1.1446414566247127e-05,-20.941379025735163,-19.4133052886507,29.661577135837444,3,7,1,1,1,1,1,0,0,1
12,4,0.08,392,21465211,5.162910811961959e-06,8.96463641748497e-06,-22.871053772203215,-20.474673196078772,42.408028931412986,3,13,1,1,1,1,1,0,0,1
12,4,0.08,393,21465212,2.0385834625092656e-06,4.74579138730777e-06,-26.906715032134425,-23.23691356159202,57.0443937345984,4,11,1,1,1,1,1,0,0,1
12,4,0.08,394,21465213,4.990077279029649e-06,8.592549177555651e-06,-23.018927286058158,-20.658779735951672,41.92553134215297,3,9,1,1,1,1,1,0,0,1
12,4,0.08,395,21465214,6.7048012130400035e-06,1.180586101380326e-05,-21.736140937795106,-19.279023338789784,43.20785917095893,3,12,1,1,1,1,1,0,0,1
12,4,0.08,396,21465215,6.050999192315399e-06,7.553496051289607e-06,-22.18172905036997,-21.21851993488487,19.891409868648665,5,10,1,1,1,1,1,0,0,1
12,4,0.08,397,21465216,3.4442380118628017e-06,5.491208084280386e-06,-24.629068445392317,-22.603320987888054,37.27722644999414,4,8,1,1,1,1,1,0,0,1
12,4,0.08,398,21465217,7.968967039429468e-06,8.772348552851061e-06,-20.985979694633045,-20.568841207732955,9.158112090296394,4,7,1,1,1,1,1,0,0,1
12,4,0.08,399,21465218,6.676266728759465e-06,1.5453293658178397e-05,-21.754663208072927,-18.1097894244469,56.79712767752807,4,10,1,1,1,1,1,0,0,1
12,4,0.08,400,21465219,4.949545926275768e-06,7.985951596657869e-06,-23.054346416236484,-20.976733264191793,38.02183914629335,3,7,1,1,1,1,1,0,0,1
12,4,0.08,401,21465220,4.609443791608477e-06,6.992078894480598e-06,-23.36351476521135,-21.553936800240724,34.07620449982228,5,10,1,1,1,1,1,0,0,1
12,4,0.08,402,21465221,1.0305617992748654e-05,1.6179257683059026e-05,-19.869259599455937,-17.91041408035662,36.30351778413506,4,10,1,1,1,1,1,0,0,1
12,4,0.08,403,21465222,3.6561171163383506e-06,5.230032467896881e-06,-24.36979900967519,-22.814956150362274,30.093796954790967,5,8,1,1,1,1,1,0,0,1
12,4,0.08,404,21465223,5.86436932920405e-06,8.084359549645246e-06,-22.317786862890948,-20.923543796007618,27.46031032895626,3,9,1,1,1,1,1,0,0,1
12,4,0.08,405,21465224,5.032927017886149e-06,8.365072023078813e-06,-22.981793672303453,-20.77530315419932,39.83402648536013,3,9,1,1,1,1,1,0,0,1
12,4,0.08,406,21465225,3.5762009117014112e-06,7.675443403765975e-06,-24.46578090437577,-21.14896526307262,53.40724016091709,4,9,1,1,1,1,1,0,0,1
12,4,0.08,407,21465226,4.282298970555338e-06,6.804603401825353e-06,-23.683230155259647,-21.671971820577216,37.06761852709007,3,10,1,1,1,1,1,0,0,1
12,4,0.08,408,21465227,5.0540148037810286e-06,9.691530689160642e-06,-22.963634903165797,-20.136076246668782,47.851222207513395,5,7,1,1,1,1,1,0,0,1
12,4,0.08,409,21465228,9.086912046936204e-06,1.1958296356719299e-05,-20.415836755036754,-19.223306878707923,24.011650356613558,3,9,1,1,1,1,1,0,0,1
12,4,0.08,410,21465229,2.9250564130239794e-06,4.491125654809552e-06,-25.33865753640342,-23.47644793873603,34.87030562390226,3,8,1,1,1,1,1,0,0,1
12,4,0.08,411,21465230,6.635575428664834e-06,8.718025920940416e-06,-21.78121409701157,-20.595818440468673,23.886720585145348,3,7,1,1,1,1,1,0,0,1
12,4,0.08,412,21465231,2.1075127852458384e-06,5.126657676551871e-06,-26.7622978204373,-22.901656808330543,58.89109594960656,3,15,1,1,1,1,1,0,0,1
12,4,0.08,413,21465232,3.2447530321076496e-06,4.6061597130323185e-06,-24.888183530622467,-23.36661007473377,29.55621962201632,4,8,1,1,1,1,1,0,0,1
12,4,0.08,414,21465233,4.291303970929328e-06,7.852964376120283e-06,-23.67410721491182,-21.049663726596698,45.354343081212036,4,10,1,1,1,1,1,0,0,1
12,4,0.08,415,21465234,6.167304095095935e-06,7.4791338600881555e-06,-22.099046370178115,-21.261486937885458,17.539862095431968,4,10,1,1,1,1,1,0,0,1
12,4,0.08,416,21465235,6.0058789014557765e-06,6.3476303464714405e-06,-22.21423428873591,-21.97388372270379,5.383921658349857,5,8,1,1,1,1,1,0,0,1
12,4,0.08,417,21465236,3.876588565009337e-06,6.044133032838311e-06,-24.115502896370838,-22.18665985300623,35.86195829993338,5,6,1,1,1,1,1,0,0,1
12,4,0.08,418,21465237,4.2260739216116796e-06,7.238337240401785e-06,-23.740629106279393,-21.403611866003494,41.61540446025006,4,8,1,1,1,1,1,0,0,1
12,4,0.08,419,21465238,5.011927087594816e-06,6.041557484957223e-06,-22.99995255651863,-22.188510878808888,17.04246628333947,5,7,1,1,1,1,1,0,0,1
12,4,0.08,420,21465239,4.694807886896654e-06,6.304113853378872e-06,-23.283821745092077,-22.003759520147437,25.527869640546925,4,9,1,1,1,1,1,0,0,1
12,4,0.08,421,21465240,6.221817292526364e-06,1.2336118270521879e-05,-22.060827463633895,-19.088214755456473,49.564221450487516,4,8,1,1,1,1,1,0,0,1
12,4,0.08,422,21465241,4.873420634842122e-06,7.383226081598361e-06,-23.1216610216131,-21.317538328524456,33.993344088589836,3,9,1,1,1,1,1,0,0,1
12,4,0.08,423,21465242,4.3473264859730775e-06,6.5017103525830935e-06,-23.617777428935636,-21.869723819756665,33.135648156859084,3,7,1,1,1,1,1,0,0,1
12,4,0.08,424,21465243,3.0710394423104194e-06,5.922959171808696e-06,-25.12714605742614,-22.27461261031064,48.15025136544011,4,8,1,1,1,1,1,0,0,1
12,4,0.08,425,21465244,5.305821957302367e-06,5.665100817030217e-06,-22.75247327338695,-22.467923569585174,6.341967624791411,4,7,1,1,1,1,1,0,0,1
12,4,0.08,426,21465245,6.239459609341118e-06,5.796920332031162e-06,-22.048530223118,-22.368026681641602,-7.6340410418387705,3,7,1,1,1,1,0,1,0,1
12,4,0.08,427,21465246,3.2153603212797014e-06,4.239193443461427e-06,-24.927703518921447,-23.727167651937467,24.151601851547866,4,9,1,1,1,1,1,0,0,1
12,4,0.08,428,21465247,4.7785626989233035e-06,9.136328350664975e-06,-23.207027112942807,-20.392283007007414,47.69712169357943,4,10,1,1,1,1,1,0,0,1
12,4,0.08,429,21465248,8.378596101077623e-06,1.0464225344450934e-05,-20.768287446910527,-19.80292916497082,19.931042907818284,5,9,1,1,1,1,1,0,0,1
12,4,0.08,430,21465249,6.804696610379362e-06,7.723567179967735e-06,-21.671912331903094,-21.121820715858618,11.896971285128531,4,7,1,1,1,1,1,0,0,1
12,4,0.08,431,21465250,4.484861974030459e-06,5.688343041779947e-06,-23.48250918247389,-22.4501422088241,21.1569706487481,3,7,1,1,1,1,1,0,0,1
12,4,0.08,432,21465251,6.03283520163138e-06,7.62461561886287e-06,-22.194785381014075,-21.177820455962042,20.876861166529036,4,8,1,1,1,1,1,0,0,1
12,4,0.08,433,21465252,4.576786365411284e-06,6.782720758985195e-06,-23.39439359036188,-21.685960622403275,32.522854352387554,4,11,1,1,1,1,1,0,0,1
12,4,0.08,434,21465253,5.15609251501878e-06,9.156595301143633e-06,-22.87679298765941,-20.382659801305856,43.689850370750804,3,9,1,1,1,1,1,0,0,1
12,4,0.08,435,21465254,5.030636567883334e-06,1.0171527421088208e-05,-22.983770566086648,-19.92613825765437,50.54197506803626,5,7,1,1,1,1,1,0,0,1
12,4,0.08,436,21465255,3.496197633452389e-06,4.710397295589727e-06,-24.56404025496493,-23.26942461022788,25.777011702901884,4,7,1,1,1,1,1,0,0,1
12,4,0.08,437,21465256,5.027365039984387e-06,9.925709815922418e-06,-22.986595792447517,-20.03238425812665,49.35007034036303,3,25,1,0,1,1,1,0,0,1
12,4,0.08,438,21465257,4.1943805364906385e-06,1.0489207760393361e-05,-23.773321705800296,-19.792573124053593,60.0124181701465,4,8,1,1,1,1,1,0,0,1
12,4,0.08,439,21465258,4.056810734333082e-06,5.523975399544722e-06,-23.91815253314192,-22.577482641748272,26.55994205427782,5,7,1,1,1,1,1,0,0,1
12,4,0.08,440,21465259,5.2413392060462245e-06,7.866607635046346e-06,-22.8055773296158,-21.042125107160583,33.37230672729052,4,14,1,1,1,1,1,0,0,1
12,4,0.08,441,21465260,3.9757760190132455e-06,5.778300849247928e-06,-24.005780901818103,-22.381998502095712,31.194721030651927,5,8,1,1,1,1,1,0,0,1
12,4,0.08,442,21465261,6.559069262171698e-06,1.4068598370009017e-05,-21.831577830299437,-18.51749168414054,53.37794789739602,8,12,1,1,1,1,1,0,0,1
12,4,0.08,443,21465262,6.435213942547602e-06,9.560221387358586e-06,-21.91437010139026,-20.19532050590538,32.68760542452667,4,8,1,1,1,1,1,0,0,1
12,4,0.08,444,21465263,3.1697409785614203e-06,4.913047043646467e-06,-24.989762255354275,-23.086490773676708,35.48319504368442,3,15,1,1,1,1,1,0,0,1
12,4,0.08,445,21465264,4.621375238959587e-06,5.551282191778258e-06,-23.352287669079747,-22.556066953456494,16.751210273473617,4,7,1,1,1,1,1,0,0,1
12,4,0.08,446,21465265,8.027878622747801e-06,8.941357971010171e-06,-20.9539920243634,-20.48596517610222,10.216337956986724,4,8,1,1,1,1,1,0,0,1
12,4,0.08,447,21465266,5.552546607165132e-06,9.29575856317764e-06,-22.555077873675693,-20.317151646483822,40.26795587011177,3,25,1,0,1,1,1,0,0,1
12,4,0.08,448,21465267,5.001325565122516e-06,6.619863479854333e-06,-23.009148737998373,-21.791509668378364,24.449717424798497,4,15,1,1,1,1,1,0,0,1
12,4,0.08,449,21465268,2.9564718327601844e-06,5.431547899150282e-06,-25.292262543056992,-22.65076386200964,45.56852139290351,3,9,1,1,1,1,1,0,0,1
12,4,0.08,450,21465269,4.181676194632915e-06,6.324348554340785e-06,-23.786495995261593,-21.98984202772815,33.87973229649438,5,14,1,1,1,1,1,0,0,1
12,4,0.08,451,21465270,5.058750249989262e-06,7.078913383351603e-06,-22.959567611387598,-21.50033401608511,28.537757477205755,4,8,1,1,1,1,1,0,0,1
12,4,0.08,452,21465271,3.3695007359710812e-06,6.313692671307988e-06,-24.724344444330583,-21.99716561880525,46.63185379162537,4,10,1,1,1,1,1,0,0,1
12,4,0.08,453,21465272,5.179473399435989e-06,7.520777005474414e-06,-22.85714393024024,-21.2373728816399,31.131139832150026,4,7,1,1,1,1,1,0,0,1
12,4,0.08,454,21465273,2.0029033691534415e-06,3.5755545398660828e-06,-26.983400029060064,-24.466565930441067,43.983420003196,3,7,1,1,1,1,1,0,0,1
12,4,0.08,455,21465274,2.2645396805712484e-06,3.5786027380901445e-06,-26.450200649557875,-24.462865101127058,36.72000369116677,5,7,1,1,1,1,1,0,0,1
12,4,0.08,456,21465275,2.1626944784919903e-06,2.9595170140043435e-06,-26.650048285390938,-25.287791589639767,26.924073480294705,4,8,1,1,1,1,1,0,0,1
12,4,0.08,457,21465276,4.444073388083841e-06,6.48421490939537e-06,-23.52218777864229,-21.881425995579775,31.463200245806856,5,8,1,1,1,1,1,0,0,1
12,4,0.08,458,21465277,8.915861084398075e-06,1.5811345442969844e-05,-20.498367067630603,-18.010311728510953,43.61099049693895,4,12,1,1,1,1,1,0,0,1
12,4,0.08,459,21465278,5.243424943047303e-06,8.770221740641505e-06,-22.80384944319063,-20.56989426073001,40.21331389206393,6,10,1,1,1,1,1,0,0,1
12,4,0.08,460,21465279,4.181024032953055e-06,4.985212355859217e-06,-23.78717336073384,-23.023163372493023,16.131475762732236,3,7,1,1,1,1,1,0,0,1
12,4,0.08,461,21465280,5.95101996653885e-06,9.094567115096562e-06,-22.25408592611512,-20.412179677383765,34.565110233114545,3,12,1,1,1,1,1,0,0,1
12,4,0.08,462,21465281,4.078054811002364e-06,7.385761317969151e-06,-23.89546941393606,-21.316047313403132,44.784909294581716,5,8,1,1,1,1,1,0,0,1
12,4,0.08,463,21465282,4.5973072736628495e-06,6.749431213350225e-06,-23.374964680146558,-21.70732824400313,31.886004489245288,4,9,1,1,1,1,1,0,0,1
12,4,0.08,464,21465283,5.8685927069386155e-06,1.143378713150755e-05,-22.314660304194717,-19.418098975224993,48.67323801431627,6,11,1,1,1,1,1,0,0,1
12,4,0.08,465,21465284,2.2020370635714255e-06,4.0578105524206845e-06,-26.571753754782158,-23.91708232797718,45.73336938419164,4,11,1,1,1,1,1,0,0,1
12,4,0.08,466,21465285,3.1647238042817697e-06,4.504395107553441e-06,-24.996641862818315,-23.463635219079823,29.741425236546643,4,8,1,1,1,1,1,0,0,1
12,4,0.08,467,21465286,4.440771954652742e-06,5.846771548436867e-06,-23.525415284203,-22.330838750684027,24.047452207364227,4,7,1,1,1,1,1,0,0,1
12,4,0.08,468,21465287,3.4773209435804505e-06,5.504021134403311e-06,-24.587552237275887,-22.593199071604243,36.822173122752275,3,7,1,1,1,1,1,0,0,1
12,4,0.08,469,21465288,7.863507853051917e-06,9.349873595066117e-06,-21.04383675159667,-20.291942605003545,15.89717472542675,4,9,1,1,1,1,1,0,0,1
12,4,0.08,470,21465289,5.5359616860512855e-06,9.196100451639614e-06,-22.568069242583228,-20.36396293453812,39.80098722101003,8,7,1,1,1,1,1,0,0,1
12,4,0.08,471,21465290,5.741288187103295e-06,8.966939379492577e-06,-22.40990652935991,-20.473557662554267,35.972711043038366,5,8,1,1,1,1,1,0,0,1
12,4,0.08,472,21465291,5.629342180303349e-06,7.189493504557115e-06,-22.495423518903536,-21.433017043214406,21.700434436234655,3,7,1,1,1,1,1,0,0,1
12,4,0.08,473,21465292,2.7719819816826337e-06,5.323100828275084e-06,-25.572095970332605,-22.738353074983394,47.92542784539221,3,9,1,1,1,1,1,0,0,1
12,4,0.08,474,21465293,7.081152679190005e-06,1.0581576302638736e-05,-21.49896041538328,-19.754496320602378,33.08036083977231,5,9,1,1,1,1,1,0,0,1
12,4,0.08,475,21465294,4.896321066767604e-06,8.088368133189229e-06,-23.101301119095297,-20.92139090531015,39.46466102752677,4,12,1,1,1,1,1,0,0,1
12,4,0.08,476,21465295,9.313338671659361e-06,9.492130380699255e-06,-20.308946040075476,-20.226363050913033,1.8835783103384083,5,6,1,1,1,1,1,0,0,1
12,4,0.08,477,21465296,3.168154839297741e-06,4.837514914861037e-06,-24.991936010063796,-23.1537768296903,34.508629016004804,6,15,1,1,1,1,1,0,0,1
12,4,0.08,478,21465297,3.8244952990353005e-06,7.129935300499551e-06,-24.174258685642233,-21.469144110686834,46.36002799678503,4,14,1,1,1,1,1,0,0,1
12,4,0.08,479,21465298,4.34452798458506e-06,7.484917652690587e-06,-23.620574009933463,-21.25812973300729,41.95623537657303,4,11,1,1,1,1,1,0,0,1
12,4,0.08,480,21465299,2.259422354646689e-06,5.966034143157707e-06,-26.460025786646643,-22.243142655326963,62.12857150276347,5,8,1,1,1,1,1,0,0,1
12,4,0.08,481,21465300,4.060156930866199e-06,8.901979597623084e-06,-23.91457179996184,-20.505134054084575,54.39040399564272,4,10,1,1,1,1,1,0,0,1
12,4,0.08,482,21465301,6.997928515073862e-06,1.050035501424326e-05,-21.550304982160057,-19.78796017299547,33.355315076666585,4,9,1,1,1,1,1,0,0,1
12,4,0.08,483,21465302,6.856591883260944e-06,9.480763826229647e-06,-21.638916997576885,-20.2315667192845,27.678908483181736,5,8,1,1,1,1,1,0,0,1
12,4,0.08,484,21465303,3.67738709599981e-06,8.827101157782512e-06,-24.34460652206681,-20.541818964085813,58.33981020193022,3,24,1,1,1,1,1,0,0,1
12,4,0.08,485,21465304,6.718091059871508e-06,7.203730744581876e-06,-21.72754113841824,-21.424425282688926,6.741502451013053,4,9,1,1,1,1,1,0,0,1
12,4,0.08,486,21465305,3.846970029963616e-06,4.783617434061954e-06,-24.148811970755926,-23.202435599810556,19.58031588038165,3,8,1,1,1,1,1,0,0,1
12,4,0.08,487,21465306,6.22554944466956e-06,1.159029867687967e-05,-22.058223132671042,-19.359053723151472,46.2865486194218,3,13,1,1,1,1,1,0,0,1
12,4,0.08,488,21465307,4.958268452488008e-06,1.1385365449787214e-05,-23.046699631918408,-19.436530247520643,56.45051119039245,3,15,1,1,1,1,1,0,0,1
12,4,0.08,489,21465308,3.336541113165994e-06,6.440434608784047e-06,-24.76703519363752,-21.9108482490291,48.193851566859834,4,14,1,1,1,1,1,0,0,1
12,4,0.08,490,21465309,3.105154483935738e-06,4.507172488064052e-06,-25.079167884497593,-23.460958212986718,31.10637562332381,3,7,1,1,1,1,1,0,0,1
12,4,0.08,491,21465310,6.292351328687455e-06,7.2057296572898985e-06,-22.01187036867152,-21.423220356563647,12.675722959969725,3,7,1,1,1,1,1,0,0,1
12,4,0.08,492,21465311,3.837303634384639e-06,8.24860786473125e-06,-24.159738350157788,-20.8361934207819,53.47937861379154,4,9,1,1,1,1,1,0,0,1
12,4,0.08,493,21465312,3.139180345452381e-06,8.86530093548481e-06,-25.031837334286806,-20.523065175473047,64.59025623273203,3,7,1,1,1,1,1,0,0,1
12,4,0.08,494,21465313,4.844039371381915e-06,8.639430298460386e-06,-23.147923356560657,-20.635148948350462,43.93103244035478,4,9,1,1,1,1,1,0,0,1
12,4,0.08,495,21465314,4.711184724776824e-06,6.969788694389807e-06,-23.268698668128337,-21.567803883656325,32.40563048103598,4,8,1,1,1,1,1,0,0,1
12,4,0.08,496,21465315,4.370836087405185e-06,5.439227966858833e-06,-23.594354798682108,-22.64462738817832,19.64234420699685,4,7,1,1,1,1,1,0,0,1
12,4,0.08,497,21465316,6.449623032567691e-06,1.1888606791460848e-05,-21.90465668257758,-19.248690367381226,45.749547060466156,6,14,1,1,1,1,1,0,0,1
12,4,0.08,498,21465317,4.569781908591164e-06,7.223435712348923e-06,-23.401045260035666,-21.412561880247022,36.73672625370181,4,10,1,1,1,1,1,0,0,1
12,4,0.08,499,21465318,8.673225847415803e-06,1.3042466426526137e-05,-20.618193446036397,-18.846402725502458,33.500109842905545,3,7,1,1,1,1,1,0,0,1
12,4,0.08,500,21465319,4.518421999037018e-06,6.263025618966652e-06,-23.450132104907947,-22.03215811809295,27.855604081298317,3,8,1,1,1,1,1,0,0,1
12,6,0.08,1,21466820,5.4638811859345655e-06,6.798197490287737e-06,-22.62498753113863,-21.67606223145667,19.627501352519484,6,13,1,1,1,1,1,0,0,1
12,6,0.08,2,21466821,4.378581537237914e-06,4.1627520018800825e-06,-23.58666558519332,-23.806194616626357,-5.184780050801807,5,7,1,1,1,1,0,1,0,1
12,6,0.08,3,21466822,3.5307479131905625e-06,5.546324069785191e-06,-24.521332888992383,-22.55994758341346,36.34075707142536,4,9,1,1,1,1,1,0,0,1
12,6,0.08,4,21466823,4.022691163778974e-06,6.313507803616285e-06,-23.954833084715254,-21.997292783996865,36.284371716863404,4,9,1,1,1,1,1,0,0,1
12,6,0.08,5,21466824,1.965056045406466e-06,3.291240304551698e-06,-27.066250585894927,-24.82640407243536,40.294361287176585,5,9,1,1,1,1,1,0,0,1
12,6,0.08,6,21466825,2.476892586819192e-06,3.823004717315053e-06,-26.06092826665348,-24.175951660922372,35.21084147239172,4,7,1,1,1,1,1,0,0,1
12,6,0.08,7,21466826,1.9367221230577447e-06,2.167867595629852e-06,-27.129326864981046,-26.639672462311168,10.662342711246175,6,8,1,1,1,1,1,0,0,1
12,6,0.08,8,21466827,3.1535149500764652e-06,6.402367617259172e-06,-25.01205105777266,-21.936593927405532,50.74455047574303,4,10,1,1,1,1,1,0,0,1
12,6,0.08,9,21466828,4.181926983621241e-06,5.467429936457297e-06,-23.78623554226911,-22.622167736135886,23.512015110869747,6,8,1,1,1,1,1,0,0,1
12,6,0.08,10,21466829,4.705792091426674e-06,7.001424995973568e-06,-23.273672644827247,-21.548135592850475,32.7880810815953,3,8,1,1,1,1,1,0,0,1
12,6,0.08,11,21466830,3.128299282515818e-06,7.828083126298539e-06,-25.046917049320253,-21.06344571222892,60.03748003127025,4,11,1,1,1,1,1,0,0,1
12,6,0.08,12,21466831,4.120922174030715e-06,5.9102750671246556e-06,-23.8500558729734,-22.283923063684096,30.275289606181722,4,10,1,1,1,1,1,0,0,1
12,6,0.08,13,21466832,3.0839489637549766e-06,5.562665466333175e-06,-25.108928176972775,-22.547170573509415,44.559870040362696,3,9,1,1,1,1,1,0,0,1
12,6,0.08,14,21466833,3.52010864797142e-06,4.339774918805553e-06,-24.53443931838271,-23.625327944634368,18.887299138079076,4,7,1,1,1,1,1,0,0,1
12,6,0.08,15,21466834,5.318914961481967e-06,7.110054904205674e-06,-22.741769531000557,-21.481270456132023,25.191647137130097,3,9,1,1,1,1,1,0,0,1
12,6,0.08,16,21466835,5.841459510338245e-06,8.218973756141541e-06,-22.33478629241404,-20.85182406288274,28.92714244313926,6,12,1,1,1,1,1,0,0,1
12,6,0.08,17,21466836,2.079763595463703e-06,3.1638368038296886e-06,-26.81986028027882,-24.997859262565783,34.26451095877517,3,8,1,1,1,1,1,0,0,1
12,6,0.08,18,21466837,2.9893014294877075e-06,5.1560116201891e-06,-25.24430290192306,-22.876861125408382,42.02298889741305,4,8,1,1,1,1,1,0,0,1
12,6,0.08,19,21466838,4.050637660100996e-06,7.187044874030807e-06,-23.924766038311557,-21.434496435134875,43.63973328262772,5,8,1,1,1,1,1,0,0,1
12,6,0.08,20,21466839,4.353745518177848e-06,6.836571387850031e-06,-23.611369596038493,-21.65161646913848,36.31682796561836,3,19,1,1,1,1,1,0,0,1
12,6,0.08,21,21466840,5.56773034473286e-06,8.840698877087698e-06,-22.54321806556691,-20.53513401676351,37.02160403672769,4,7,1,1,1,1,1,0,0,1
12,6,0.08,22,21466841,3.648825877492457e-06,5.918574552908123e-06,-24.378468607374295,-22.277828774576285,38.34958325058882,6,7,1,1,1,1,1,0,0,1
12,6,0.08,23,21466842,3.6117693960915586e-06,4.354296403185193e-06,-24.42279986266078,-23.61082011242017,17.052743734911385,6,7,1,1,1,1,1,0,0,1
12,6,0.08,24,21466843,2.8935975806387465e-06,4.460181272798107e-06,-25.38561867363551,-23.506474901272952,35.12376731667142,4,8,1,1,1,1,1,0,0,1
12,6,0.08,25,21466844,2.6203486456782247e-06,5.396806248096506e-06,-25.816409205807776,-22.678631733546467,51.44630870151322,4,8,1,1,1,1,1,0,0,1
12,6,0.08,26,21466845,3.2788257828853307e-06,3.936497202698939e-06,-24.842816585186856,-24.048900528343957,16.707021139572912,4,7,1,1,1,1,1,0,0,1
12,6,0.08,27,21466846,3.921674098028146e-06,5.721985957607573e-06,-24.06528500242159,-22.424532123365978,31.463059729915127,3,10,1,1,1,1,1,0,0,1
12,6,0.08,28,21466847,3.485903526722495e-06,5.707087203735907e-06,-24.57684636271302,-22.435854914230124,38.9197430794365,3,9,1,1,1,1,1,0,0,1
12,6,0.08,29,21466848,3.9728908747023295e-06,4.333723906369179e-06,-24.00893363755482,-23.631387602427274,8.326165659435324,4,7,1,1,1,1,1,0,0,1
12,6,0.08,30,21466849,4.184213841567242e-06,6.275974390196778e-06,-23.783861281944468,-22.02318837267847,33.32965398802321,3,13,1,1,1,1,1,0,0,1
12,6,0.08,31,21466850,3.665829082595894e-06,5.423545033994824e-06,-24.358277876596368,-22.65716749360918,32.40898601157642,3,11,1,1,1,1,1,0,0,1
12,6,0.08,32,21466851,3.848151607021657e-06,4.5045813710850645e-06,-24.147478262402785,-23.463455635474144,14.572492091652158,5,11,1,1,1,1,1,0,0,1
12,6,0.08,33,21466852,2.6587895337954638e-06,5.03770129062117e-06,-25.753160394750832,-22.97767587469294,47.2221678021004,3,9,1,1,1,1,1,0,0,1
12,6,0.08,34,21466853,3.5072903995804927e-06,4.485494188085091e-06,-24.550282735499316,-23.48189701709093,21.808160873399885,6,9,1,1,1,1,1,0,0,1
12,6,0.08,35,21466854,3.890871473812979e-06,7.179196631834666e-06,-24.099531149006282,-21.43924151562946,45.80352547303535,4,8,1,1,1,1,1,0,0,1
12,6,0.08,36,21466855,2.8465301833800697e-06,4.197022441982858e-06,-25.45684206756382,-23.770587085575684,32.1773895010377,3,10,1,1,1,1,1,0,0,1
12,6,0.08,37,21466856,3.389730227882036e-06,3.1683431185470348e-06,-24.69834863804056,-24.99167792226958,-6.987472664782813,4,7,1,1,1,1,0,1,0,1
12,6,0.08,38,21466857,4.7511763387441674e-06,7.38919935369001e-06,-23.231988505485187,-21.314026164241,35.70106703953615,3,9,1,1,1,1,1,0,0,1
12,6,0.08,39,21466858,3.83601243076215e-06,3.965589512432338e-06,-24.16119994149273,-24.016922426551517,3.2675364221122014,4,7,1,1,1,1,1,0,0,1
12,6,0.08,40,21466859,5.199921253486935e-06,7.753822795789448e-06,-22.840032331796323,-21.10484128488753,32.93732149371992,5,11,1,1,1,1,1,0,0,1
12,6,0.08,41,21466860,2.6830084683553636e-06,3.3639183394455434e-06,-25.713779565661522,-24.731545554302038,20.24156957396328,3,7,1,1,1,1,1,0,0,1
12,6,0.08,42,21466861,6.0227776983672925e-06,7.639730229045379e-06,-22.202031664083858,-21.169219767784327,21.165047484669266,4,9,1,1,1,1,1,0,0,1
12,6,0.08,43,21466862,2.2917306305773944e-06,3.419013910382737e-06,-26.39836430565378,-24.660991322568787,32.97100594946542,4,7,1,1,1,1,1,0,0,1
12,6,0.08,44,21466863,3.1031939981661707e-06,5.315818051562543e-06,-25.08191073368632,-22.74429892393468,41.62339703756393,3,7,1,1,1,1,1,0,0,1
12,6,0.08,45,21466864,3.4610023062817626e-06,9.472425440680046e-06,-24.607981113082676,-20.235388044566292,63.462343114169826,3,11,1,1,1,1,1,0,0,1
12,6,0.08,46,21466865,3.4289234751447626e-06,6.563959572321604e-06,-24.648422071257116,-21.82834102447054,47.76135597172807,4,7,1,1,1,1,1,0,0,1
12,6,0.08,47,21466866,6.915349112050339e-06,1.013402508888076e-05,-21.6018589023148,-19.942180248579604,31.761081589999332,3,11,1,1,1,1,1,0,0,1
12,6,0.08,48,21466867,5.2593226197914055e-06,8.298644087840573e-06,-22.790701876771937,-20.809928610303583,36.624313994890734,3,8,1,1,1,1,1,0,0,1
12,6,0.08,49,21466868,1.7740145756759354e-06,3.46717664777923e-06,-27.510428162350568,-24.60024031086202,48.83402964737278,4,7,1,1,1,1,1,0,0,1
12,6,0.08,50,21466869,3.192931379409588e-06,4.279134111916631e-06,-24.958104149600846,-23.686441021226038,25.38370390126734,4,15,1,1,1,1,1,0,0,1
12,6,0.08,51,21466870,3.5916187784792315e-06,5.790396554129458e-06,-24.447097664337708,-22.372916926848617,37.9728357996855,5,8,1,1,1,1,1,0,0,1
12,6,0.08,52,21466871,2.418309320500529e-06,2.8523671702230705e-06,-26.164881502929337,-25.447945707773478,15.217460579894277,4,9,1,1,1,1,1,0,0,1
12,6,0.08,53,21466872,4.796395925473859e-06,5.79834095086831e-06,-23.190849746241714,-22.366962510839592,17.279857012278807,3,8,1,1,1,1,1,0,0,1
12,6,0.08,54,21466873,6.092644372482535e-06,7.892285791876335e-06,-22.151941708950442,-21.027971966601417,22.802537399826576,3,8,1,1,1,1,1,0,0,1
12,6,0.08,55,21466874,3.103068241694451e-06,4.75329404051123e-06,-25.08208673444049,-23.230053192584474,34.717519782119204,4,8,1,1,1,1,1,0,0,1
12,6,0.08,56,21466875,3.212334650721775e-06,3.6443671275984848e-06,-24.93179217630219,-24.383778793776976,11.854801169864706,4,6,1,1,1,1,1,0,0,1
12,6,0.08,57,21466876,3.1526054023979704e-06,4.824534165972245e-06,-25.013303845599275,-23.165446137014168,34.65471910980541,3,15,1,1,1,1,1,0,0,1
12,6,0.08,58,21466877,2.824323620672805e-06,3.137115071286892e-06,-25.490855418199644,-25.03469550824615,9.970671891413126,5,9,1,1,1,1,1,0,0,1
12,6,0.08,59,21466878,3.5980163968234933e-06,5.623855559058092e-06,-24.43936861826004,-22.499658420973347,36.022247388122736,5,8,1,1,1,1,1,0,0,1
12,6,0.08,60,21466879,5.465484327546531e-06,1.2407962292981297e-05,-22.62371346713204,-19.06299534986121,55.951797736860115,4,12,1,1,1,1,1,0,0,1
12,6,0.08,61,21466880,3.370460944587063e-06,6.672736804023356e-06,-24.72310700908693,-21.75696004898153,49.48907706722632,4,12,1,1,1,1,1,0,0,1
12,6,0.08,62,21466881,4.380057847626074e-06,5.4650267613212705e-06,-23.585201537107643,-22.62407707041689,19.852947864300763,5,9,1,1,1,1,1,0,0,1
12,6,0.08,63,21466882,3.045110244685744e-06,4.084199462090757e-06,-25.16396979618307,-23.88893056210483,25.441686358606223,3,8,1,1,1,1,1,0,0,1
12,6,0.08,64,21466883,3.620713553998901e-06,5.529481733167676e-06,-24.412058322220446,-22.573155723071032,34.51983877113377,5,8,1,1,1,1,1,0,0,1
12,6,0.08,65,21466884,3.076728932827813e-06,2.5629551477788344e-06,-25.119107644489315,-25.91258993988443,-20.04614811516451,4,6,1,1,1,1,0,1,0,1
12,6,0.08,66,21466885,2.992593399915797e-06,5.606494849788493e-06,-25.239522862231254,-22.513085724608842,46.62273880393034,4,10,1,1,1,1,1,0,0,1
12,6,0.08,67,21466886,3.0046461608013132e-06,4.449781172500802e-06,-25.22206664912336,-23.51661345853257,32.47654110791509,6,8,1,1,1,1,1,0,0,1
12,6,0.08,68,21466887,2.696228709789676e-06,2.48277655617883e-06,-25.692432711920844,-26.050623641285284,-8.597316302171148,4,9,1,1,1,1,0,1,0,1
12,6,0.08,69,21466888,6.029315691639386e-06,1.1012545507315948e-05,-22.1973197612012,-19.58112283934232,45.25048102971344,5,12,1,1,1,1,1,0,0,1
12,6,0.08,70,21466889,2.9778606196909763e-06,5.385177522337694e-06,-25.260956334863582,-22.687999756155985,44.70264708379951,4,8,1,1,1,1,1,0,0,1
12,6,0.08,71,21466890,1.8313696228247605e-06,3.0738064278296313e-06,-27.372239937907104,-25.12323485558604,40.42013816342159,4,7,1,1,1,1,1,0,0,1
12,6,0.08,72,21466891,3.3675214413950046e-06,6.099064517389104e-06,-24.726896303934282,-22.147367725452543,44.78626301142035,4,7,1,1,1,1,1,0,0,1
12,6,0.08,73,21466892,3.621229221560832e-06,5.8058284700140604e-06,-24.41143983741889,-22.361357993046916,37.62769189162658,5,11,1,1,1,1,1,0,0,1
12,6,0.08,74,21466893,2.425463080465295e-06,3.863636921167211e-06,-26.152053316634497,-24.130036924383113,37.223317564411346,4,7,1,1,1,1,1,0,0,1
12,6,0.08,75,21466894,3.901259519146433e-06,8.56438409300059e-06,-24.08795158638633,-20.67303863828542,54.44786832558324,3,9,1,1,1,1,1,0,0,1
12,6,0.08,76,21466895,2.8862220439868828e-06,3.5593741673542497e-06,-25.39670260640738,-24.48626355835467,18.91209217455589,6,8,1,1,1,1,1,0,0,1
12,6,0.08,77,21466896,3.961681351441067e-06,6.722636319337737e-06,-24.021204588520128,-21.724603825392602,41.06952744051842,5,8,1,1,1,1,1,0,0,1
12,6,0.08,78,21466897,4.4649771636841924e-06,5.327176862471868e-06,-23.501807579873734,-22.735028843827095,16.184927233439097,5,7,1,1,1,1,1,0,0,1
12,6,0.08,79,21466898,4.772206780335736e-06,6.770112104161988e-06,-23.21280746558035,-21.69404139909264,29.510668259067987,3,6,1,1,1,1,1,0,0,1
12,6,0.08,80,21466899,3.6097135182660976e-06,4.888601251710337e-06,-24.425272641257017,-23.10815385367443,26.160606431068697,4,8,1,1,1,1,1,0,0,1
12,6,0.08,81,21466900,3.588863918118821e-06,5.239682880300706e-06,-24.45043008852754,-22.806949968909137,31.506085385212167,3,9,1,1,1,1,1,0,0,1
12,6,0.08,82,21466901,4.538678578155221e-06,6.483970958517781e-06,-23.43070572197945,-21.881589390091673,30.00155911875412,4,9,1,1,1,1,1,0,0,1
12,6,0.08,83,21466902,9.830910222156923e-07,1.6699006663930425e-06,-30.0740626994413,-27.77309361978423,41.1287723874527,4,8,1,1,1,1,1,0,0,1
12,6,0.08,84,21466903,3.2825177036420873e-06,5.187217889597726e-06,-24.837929229465306,-22.85065509040829,36.71910890373934,6,13,1,1,1,1,1,0,0,1
12,6,0.08,85,21466904,3.1151526515794384e-06,4.392132736440248e-06,-25.065206667851534,-23.57324543368425,29.074259852533082,3,11,1,1,1,1,1,0,0,1
12,6,0.08,86,21466905,3.102920578713898e-06,3.3251661906201678e-06,-25.082293403255093,-24.781866439351337,6.683744485710036,6,9,1,1,1,1,1,0,0,1
12,6,0.08,87,21466906,5.0911613279733786e-06,6.102162979625413e-06,-22.931831408847756,-22.145161971841492,16.567922800942554,3,8,1,1,1,1,1,0,0,1
12,6,0.08,88,21466907,4.603818245595569e-06,4.212185653300629e-06,-23.36881830240557,-23.75492495409835,-9.297609947179323,3,8,1,1,1,1,0,1,0,1
12,6,0.08,89,21466908,2.78886327674569e-06,4.062896303912869e-06,-25.54572776379475,-23.91164261900301,31.35775397319866,4,8,1,1,1,1,1,0,0,1
12,6,0.08,90,21466909,3.065309388162132e-06,4.071845154218844e-06,-25.135256846723358,-23.902087458842068,24.71940184203319,3,7,1,1,1,1,1,0,0,1
12,6,0.08,91,21466910,2.771264013445628e-06,4.204403932420595e-06,-25.57322097775797,-23.762955663844785,34.086637297712436,5,7,1,1,1,1,1,0,0,1
12,6,0.08,92,21466911,5.5949802288102764e-06,9.025024082097813e-06,-22.522014438154827,-20.445516305626658,38.00592466109235,9,12,1,1,1,1,1,0,0,1
12,6,0.08,93,21466912,3.7981206575979167e-06,8.131397518947354e-06,-24.20431242838433,-20.898348070986536,53.29067790932942,4,17,1,1,1,1,1,0,0,1
12,6,0.08,94,21466913,2.783137421040288e-06,3.3500249976015997e-06,-25.554653492800238,-24.749519522825786,16.921890940132275,3,8,1,1,1,1,1,0,0,1
12,6,0.08,95,21466914,4.180816506688617e-06,5.472215842429651e-06,-23.78738892933046,-22.61836780928393,23.599203191657292,6,8,1,1,1,1,1,0,0,1
12,6,0.08,96,21466915,4.072605567653074e-06,5.546597141033434e-06,-23.9012764935095,-22.55973376536851,26.57470041362564,5,12,1,1,1,1,1,0,0,1
12,6,0.08,97,21466916,3.594815342762151e-06,5.5087074613144815e-06,-24.443234133976873,-22.589502901262666,34.74303422341544,5,13,1,1,1,1,1,0,0,1
12,6,0.08,98,21466917,3.3167502685112095e-06,6.538228231670245e-06,-24.792872270305686,-21.845399234581638,49.27142107940888,4,25,1,0,1,1,1,0,0,1
12,6,0.08,99,21466918,4.818155218938417e-06,6.308518616395008e-06,-23.17119213129166,-22.000726110025713,23.6246175700161,4,8,1,1,1,1,1,0,0,1
12,6,0.08,100,21466919,2.1838392665994042e-06,3.105034177822151e-06,-26.60779329427816,-25.07933615082289,29.667786519144418,5,17,1,1,1,1,1,0,0,1
12,6,0.08,101,21466920,4.916438141755163e-06,5.3703823570644945e-06,-23.08349420727094,-22.699947925775902,8.452735487486999,3,9,1,1,1,1,1,0,0,1
12,6,0.08,102,21466921,5.910785457012556e-06,1.0936995971972304e-05,-22.283548038936324,-19.611019478333986,45.956042480404754,3,8,1,1,1,1,1,0,0,1
12,6,0.08,103,21466922,3.965473222738661e-06,4.876399356864077e-06,-24.01704978394095,-23.119007346819906,18.68030215456381,3,11,1,1,1,1,1,0,0,1
12,6,0.08,104,21466923,5.746421837165429e-06,7.783716027362727e-06,-22.406024961949672,-21.08813016778634,26.173799031663446,4,9,1,1,1,1,1,0,0,1
12,6,0.08,105,21466924,3.5455948268066134e-06,5.552292484157203e-06,-24.503108949437582,-22.555276641472645,36.14178581327369,3,8,1,1,1,1,1,0,0,1
12,6,0.08,106,21466925,5.051422717374736e-06,9.13611701730669e-06,-22.965862869733698,-20.39238346527614,44.70930365924882,4,10,1,1,1,1,1,0,0,1
12,6,0.08,107,21466926,3.5043957197344916e-06,6.014352699622796e-06,-24.553868587843596,-22.208111071619182,41.73278663962827,6,23,1,1,1,1,1,0,0,1
12,6,0.08,108,21466927,1.8491518265035594e-06,2.654171524057885e-06,-27.330274291838776,-25.760710145745204,30.33035695912955,5,7,1,1,1,1,1,0,0,1
12,6,0.08,109,21466928,4.014360213772174e-06,4.628967672895773e-06,-23.96383660290332,-23.34515852168584,13.277419557763176,5,8,1,1,1,1,1,0,0,1
12,6,0.08,110,21466929,4.0047449435614795e-06,6.9497430967416165e-06,-23.974251382891385,-21.580312491839354,42.37564054074025,5,20,1,1,1,1,1,0,0,1
12,6,0.08,111,21466930,4.506172873662387e-06,6.079132500661243e-06,-23.461921511302783,-22.16158390637782,25.874738325373908,4,7,1,1,1,1,1,0,0,1
12,6,0.08,112,21466931,3.137288948470167e-06,4.334233312733575e-06,-25.034454803627803,-23.630877142193647,27.61605751003059,4,7,1,1,1,1,1,0,0,1
12,6,0.08,113,21466932,2.4150273455039526e-06,4.451443266146139e-06,-26.170779473413575,-23.514991573561712,45.74731831649793,3,9,1,1,1,1,1,0,0,1
12,6,0.08,114,21466933,4.368726778037293e-06,5.57790328220374e-06,-23.596451153959812,-22.535290204337876,21.677975450458522,4,9,1,1,1,1,1,0,0,1
12,6,0.08,115,21466934,4.8424761865875084e-06,6.5509716524301595e-06,-23.14932506294772,-21.836942798566866,26.08003142875553,5,7,1,1,1,1,1,0,0,1
12,6,0.08,116,21466935,5.5125438929569055e-06,9.58525322525288e-06,-22.58647939493613,-20.183964093506205,42.48932434634274,6,8,1,1,1,1,1,0,0,1
12,6,0.08,117,21466936,4.205266487656854e-06,4.950552713893175e-06,-23.762064777610142,-23.053463107243136,15.054606410810612,3,9,1,1,1,1,1,0,0,1
12,6,0.08,118,21466937,2.5955833532072984e-06,4.790194242180155e-06,-25.85765019855168,-23.19646875604934,45.81465339438983,4,8,1,1,1,1,1,0,0,1
12,6,0.08,119,21466938,5.2073990993171695e-06,7.618360615908559e-06,-22.833791363652022,-21.181384738131065,31.64672346379681,4,14,1,1,1,1,1,0,0,1
12,6,0.08,120,21466939,2.6987015982800466e-06,3.625638820098979e-06,-25.688451337409525,-24.406154617547713,25.566176550195568,3,8,1,1,1,1,1,0,0,1
12,6,0.08,121,21466940,4.931939561451258e-06,6.531561205951228e-06,-23.069822541138247,-21.849829991091436,24.490647703683404,5,10,1,1,1,1,1,0,0,1
12,6,0.08,122,21466941,3.915486630233434e-06,6.341898434126878e-06,-24.072142546299258,-21.977807175046813,38.26002306874693,7,13,1,1,1,1,1,0,0,1
12,6,0.08,123,21466942,2.920084388883413e-06,4.023669994321655e-06,-25.346045974910275,-23.95377645626632,27.427338896968717,5,8,1,1,1,1,1,0,0,1
12,6,0.08,124,21466943,2.047652249437916e-06,2.5589498337906544e-06,-26.88743797195118,-25.919382280328822,19.98075841898538,5,7,1,1,1,1,1,0,0,1
12,6,0.08,125,21466944,6.224067535542016e-06,6.917463731037978e-06,-22.05925703590009,-21.60053109230937,10.023850105418855,3,8,1,1,1,1,1,0,0,1
12,6,0.08,126,21466945,4.499451713418145e-06,7.119354730332958e-06,-23.468404045234323,-21.47559367283808,36.79972576380227,4,9,1,1,1,1,1,0,0,1
12,6,0.08,127,21466946,3.2623558420597006e-06,6.58305829447158e-06,-24.864686699620833,-21.815722991149332,50.44315732705252,3,23,1,1,1,1,1,0,0,1
12,6,0.08,128,21466947,3.783904058404058e-06,4.5544747516896845e-06,-24.220598837485575,-23.415617011489225,16.9189804598159,4,7,1,1,1,1,1,0,0,1
12,6,0.08,129,21466948,5.617646844868747e-06,8.304859909610922e-06,-22.504455663351507,-20.806676890399295,32.35711491812592,4,9,1,1,1,1,1,0,0,1
12,6,0.08,130,21466949,1.9984988170244037e-06,4.174669535799374e-06,-26.99296104476644,-23.793778972963256,52.12797564246658,5,7,1,1,1,1,1,0,0,1
12,6,0.08,131,21466950,5.390580766945236e-06,9.159447023172102e-06,-22.683644425512703,-20.381307448948327,41.14731213240459,5,19,1,1,1,1,1,0,0,1
12,6,0.08,132,21466951,4.832505900467835e-06,6.376929202948108e-06,-23.158276070274887,-21.953884045494622,24.21891875114865,4,8,1,1,1,1,1,0,0,1
12,6,0.08,133,21466952,3.451124912138064e-06,4.221053231557464e-06,-24.620393213023938,-23.74579170938248,18.240194500824046,4,7,1,1,1,1,1,0,0,1
12,6,0.08,134,21466953,3.5956449448043183e-06,5.773985658582578e-06,-24.442231996210225,-22.385242991539794,37.72681199061045,5,16,1,1,1,1,1,0,0,1
12,6,0.08,135,21466954,3.7119420314674767e-06,6.658210549605209e-06,-24.303988146757987,-21.766424754626343,44.25015544623214,5,8,1,1,1,1,1,0,0,1
12,6,0.08,136,21466955,4.415326952972838e-06,5.3459516952558835e-06,-23.550371315848217,-22.719749697430803,17.408027519382614,4,8,1,1,1,1,1,0,0,1
12,6,0.08,137,21466956,2.3729859471290196e-06,3.7005932980545996e-06,-26.247048336757892,-24.317286420370692,35.87552708435976,4,7,1,1,1,1,1,0,0,1
12,6,0.08,138,21466957,2.956838342437378e-06,5.137717383603388e-06,-25.291724187632173,-22.89229789154394,42.44840419066472,3,9,1,1,1,1,1,0,0,1
12,6,0.08,139,21466958,2.7283252215879083e-06,3.877370772833078e-06,-25.641038621964476,-24.114626676808925,29.634657569918097,4,9,1,1,1,1,1,0,0,1
12,6,0.08,140,21466959,3.568994914650285e-06,5.194220104158291e-06,-24.47454070856582,-22.84479651164926,31.28910898879533,7,7,1,1,1,1,1,0,0,1
12,6,0.08,141,21466960,3.123762346856869e-06,5.069706654194675e-06,-25.05322014287275,-22.95017169295908,38.38376537482167,5,8,1,1,1,1,1,0,0,1
12,6,0.08,142,21466961,3.36338128314311e-06,4.364405975723605e-06,-24.73223896949743,-23.60074858263347,22.936103977232058,4,7,1,1,1,1,1,0,0,1
12,6,0.08,143,21466962,5.475267768785251e-06,8.579554831598929e-06,-22.61594636732189,-20.66535245857098,36.18237919968101,4,10,1,1,1,1,1,0,0,1
12,6,0.08,144,21466963,2.9105688267798936e-06,4.377238040799921e-06,-25.360221264126714,-23.587998351563975,33.50672730953421,3,8,1,1,1,1,1,0,0,1
12,6,0.08,145,21466964,2.756602105896573e-06,3.8033317625923093e-06,-25.59625916405761,-24.19835789661036,27.521387089889235,4,17,1,1,1,1,1,0,0,1
12,6,0.08,146,21466965,4.228412952989019e-06,7.680407816870817e-06,-23.73822605459533,-21.146157190421405,44.9454631341207,3,15,1,1,1,1,1,0,0,1
12,6,0.08,147,21466966,1.0061864559143363e-05,1.3680799206472241e-05,-19.97321532926843,-18.638885312107565,26.45265523389013,6,10,1,1,1,1,1,0,0,1
12,6,0.08,148,21466967,2.2991881331147878e-06,4.193262965590703e-06,-26.384254907443246,-23.774479015067747,45.16947417842415,4,9,1,1,1,1,1,0,0,1
12,6,0.08,149,21466968,3.7836302990239113e-06,6.680482947888229e-06,-24.22091305393337,-21.75192140215867,43.3629225830154,4,11,1,1,1,1,1,0,0,1
12,6,0.08,150,21466969,5.085793387007215e-06,9.2107179258099e-06,-22.93641287240395,-20.357065175701305,44.78396333519224,4,15,1,1,1,1,1,0,0,1
12,6,0.08,151,21466970,3.983918893673941e-06,3.987005737865705e-06,-23.99689511711292,-23.993531393259122,0.07742261723998939,5,8,1,1,1,1,1,0,0,1
12,6,0.08,152,21466971,4.608012722141736e-06,5.705985486905576e-06,-23.364863305509193,-22.43669337299489,19.242473842310524,4,10,1,1,1,1,1,0,0,1
12,6,0.08,153,21466972,5.160345378032566e-06,6.055057711870124e-06,-22.873212303971975,-22.178817131605175,14.77628086159435,4,11,1,1,1,1,1,0,0,1
12,6,0.08,154,21466973,3.910633637475553e-06,5.970019988044887e-06,-24.077528684445653,-22.24024214819866,34.495468268000884,4,9,1,1,1,1,1,0,0,1
12,6,0.08,155,21466974,9.178639291306905e-06,1.2820027250079613e-05,-20.37221697020759,-18.92111051685639,28.40390186183181,4,25,1,0,1,1,1,0,0,1
12,6,0.08,156,21466975,3.123207476370992e-06,3.149270108106865e-06,-25.05399164392891,-25.017900889888654,0.827576893731109,4,9,1,1,1,1,1,0,0,1
12,6,0.08,157,21466976,1.7130392109918477e-06,1.942390672840114e-06,-27.66232696040624,-27.116634160371863,11.80768961956115,3,7,1,1,1,1,1,0,0,1
12,6,0.08,158,21466977,4.3917886108056164e-06,7.048261989152365e-06,-23.57358571875369,-21.51917961246333,37.68976497234633,4,11,1,1,1,1,1,0,0,1
12,6,0.08,159,21466978,4.777027215289861e-06,7.652598623472053e-06,-23.20842284482495,-21.161910646899614,37.57640443028383,5,17,1,1,1,1,1,0,0,1
12,6,0.08,160,21466979,4.708139660061792e-06,6.982644896258241e-06,-23.271506629283117,-21.55980043526349,32.573691917446325,3,11,1,1,1,1,1,0,0,1
12,6,0.08,161,21466980,2.0819422779134347e-06,2.6287411019638056e-06,-26.815313155224988,-25.802521843482506,20.800786492130545,5,13,1,1,1,1,1,0,0,1
12,6,0.08,162,21466981,4.21933939875597e-06,6.064518647439504e-06,-23.747555390697848,-22.172036642214735,30.425815401896507,6,10,1,1,1,1,1,0,0,1
12,6,0.08,163,21466982,1.9712713872008613e-06,3.500425378779501e-06,-27.05253581783304,-24.55879176097944,43.68480473398386,4,7,1,1,1,1,1,0,0,1
12,6,0.08,164,21466983,7.638878802040247e-06,1.289846600374553e-05,-21.169703804059754,-18.89461936655982,40.77684276702342,6,12,1,1,1,1,1,0,0,1
12,6,0.08,165,21466984,4.455556904442083e-06,7.086012776009727e-06,-23.510980053397166,-21.49598068973555,37.12180537513658,5,8,1,1,1,1,1,0,0,1
12,6,0.08,166,21466985,4.450423222995143e-06,5.510117836959696e-06,-23.51598686845691,-22.588391134178806,19.231795858457684,4,7,1,1,1,1,1,0,0,1
12,6,0.08,167,21466986,3.183644709900071e-06,4.412485268154972e-06,-24.97075404860063,-23.553167315689223,27.849170786438147,4,7,1,1,1,1,1,0,0,1
12,6,0.08,168,21466987,4.675542484650004e-06,5.606033052873832e-06,-23.301679924017886,-22.51344345990931,16.598021443109914,5,7,1,1,1,1,1,0,0,1
12,6,0.08,169,21466988,3.891516830210954e-06,4.141210744249309e-06,-24.098810869544003,-23.828726678951845,6.029490635923148,4,6,1,1,1,1,1,0,0,1
12,6,0.08,170,21466989,4.547315837746962e-06,6.59121673825256e-06,-23.422448804491562,-21.81034407267507,31.009462769501788,6,8,1,1,1,1,1,0,0,1
12,6,0.08,171,21466990,3.0410956487643086e-06,7.331066359663328e-06,-25.169699201790255,-21.348328493105594,58.51769033906319,3,13,1,1,1,1,1,0,0,1
12,6,0.08,172,21466991,3.1833398775285115e-06,5.718252764050326e-06,-24.97116990328084,-22.427366514253766,44.33019999497708,3,16,1,1,1,1,1,0,0,1
12,6,0.08,173,21466992,6.734136495111475e-06,7.692994208890469e-06,-21.717180850858945,-21.139045944890512,12.464037899195121,3,10,1,1,1,1,1,0,0,1
12,6,0.08,174,21466993,4.414434894721729e-06,9.181469508547857e-06,-23.551248838898083,-20.370878037248676,51.92017039743002,6,10,1,1,1,1,1,0,0,1
12,6,0.08,175,21466994,2.627099576192269e-06,4.129741185332226e-06,-25.805234656337067,-23.84077165124262,36.3858542631425,5,7,1,1,1,1,1,0,0,1
12,6,0.08,176,21466995,1.5204672245917112e-06,2.469435302265193e-06,-28.180229371327247,-26.074023476102642,38.42854586240834,3,8,1,1,1,1,1,0,0,1
12,6,0.08,177,21466996,2.8998518350999616e-06,3.2808561082618804e-06,-25.376241913570254,-24.84012816477168,11.612952857105512,6,7,1,1,1,1,1,0,0,1
12,6,0.08,178,21466997,3.2150003440013067e-06,5.406686181320116e-06,-24.92818976270751,-22.670688373184436,40.536583108725566,3,8,1,1,1,1,1,0,0,1
12,6,0.08,179,21466998,3.4696575217876538e-06,5.388147365223229e-06,-24.59713390839728,-22.685605348814818,35.605741888540436,7,11,1,1,1,1,1,0,0,1
12,6,0.08,180,21466999,3.6828845853564795e-06,7.535433233635273e-06,-24.33811890900232,-21.228917737981348,51.12577510583597,4,25,1,0,1,1,1,0,0,1
12,6,0.08,181,21467000,2.4061591804746867e-06,4.5272522143984065e-06,-26.186756451112903,-23.4416531017223,46.85166483938815,3,14,1,1,1,1,1,0,0,1
12,6,0.08,182,21467001,4.642372406639657e-06,5.9726657478649815e-06,-23.332600237979438,-22.238317892743037,22.273025101075806,4,7,1,1,1,1,1,0,0,1
12,6,0.08,183,21467002,4.320157096710227e-06,6.603165040342422e-06,-23.645004603624294,-21.802478477801085,34.574449217670995,3,11,1,1,1,1,1,0,0,1
12,6,0.08,184,21467003,8.168834477860378e-06,1.0464238063935236e-05,-20.87839903803289,-19.802923886033962,21.935697296355624,5,12,1,1,1,1,1,0,0,1
12,6,0.08,185,21467004,1.6749575272195916e-06,2.9763832651507034e-06,-27.759962011214817,-25.26311145967953,43.72507241150667,3,8,1,1,1,1,1,0,0,1
12,6,0.08,186,21467005,3.4754144684584453e-06,5.0089108450608744e-06,-24.589933952088995,-23.002566983649245,30.615365775866433,7,8,1,1,1,1,1,0,0,1
12,6,0.08,187,21467006,7.259469204453982e-06,9.95682734113155e-06,-21.3909513274399,-20.018790237991176,27.090538424170617,3,8,1,1,1,1,1,0,0,1
12,6,0.08,188,21467007,5.378872480351006e-06,9.000729040968904e-06,-22.693087516349348,-20.457223121554755,40.23959108347978,4,16,1,1,1,1,1,0,0,1
12,6,0.08,189,21467008,4.91365444136218e-06,7.717856036947154e-06,-23.08595389061988,-21.12503326690065,36.33394536203598,3,25,1,0,1,1,1,0,0,1
12,6,0.08,190,21467009,2.683571989652967e-06,3.5009172154513035e-06,-25.71286749812504,-24.558181586716323,23.346602490084084,9,10,1,1,1,1,1,0,0,1
12,6,0.08,191,21467010,3.6091285672749912e-06,5.131761420348174e-06,-24.42597646878273,-22.897335425221264,29.67076464302732,5,9,1,1,1,1,1,0,0,1
12,6,0.08,192,21467011,3.380756162336897e-06,3.7752637709213188e-06,-24.709861516744578,-24.23052699596734,10.449802517723038,3,7,1,1,1,1,1,0,0,1
12,6,0.08,193,21467012,2.5242674764043967e-06,4.52397519068213e-06,-25.978646282821853,-23.444797853954316,44.202446520848746,3,11,1,1,1,1,1,0,0,1
12,6,0.08,194,21467013,3.098555614268129e-06,5.178636134347398e-06,-25.08840704531889,-22.857846026713485,40.16657023425718,4,9,1,1,1,1,1,0,0,1
12,6,0.08,195,21467014,5.562452399257279e-06,6.852755144488273e-06,-22.54733692474536,-21.641347856636195,18.82896321297566,4,10,1,1,1,1,1,0,0,1
12,6,0.08,196,21467015,3.6948099227601638e-06,5.4662272400044495e-06,-24.324078987088615,-22.623123179363258,32.406580251186995,4,14,1,1,1,1,1,0,0,1
12,6,0.08,197,21467016,3.3140799433793568e-06,3.964494945004611e-06,-24.796370195890525,-24.018121315666768,16.40599901495139,3,8,1,1,1,1,1,0,0,1
12,6,0.08,198,21467017,4.0778342316155875e-06,4.517365502841012e-06,-23.89570432740784,-23.451147689814242,9.729814223555728,4,8,1,1,1,1,1,0,0,1
12,6,0.08,199,21467018,2.6283014665049154e-06,3.036175122388544e-06,-25.80324822624165,-25.176731825481,13.433798758049125,4,8,1,1,1,1,1,0,0,1
12,6,0.08,200,21467019,4.667975715391949e-06,7.9560806425183e-06,-23.308714119880012,-20.99300823533624,41.32820008829853,3,16,1,1,1,1,1,0,0,1
12,6,0.08,201,21467020,2.9595799282756716e-06,3.586206756437892e-06,-25.287699267040097,-24.4536467556815,17.473248775668374,5,8,1,1,1,1,1,0,0,1
12,6,0.08,202,21467021,4.635403274331027e-06,6.735701865033853e-06,-23.33912476795004,-21.716171437821743,31.181584826457733,5,11,1,1,1,1,1,0,0,1
12,6,0.08,203,21467022,5.608496289922122e-06,8.132739841082769e-06,-22.511535630802626,-20.89763120161343,31.038046224094842,5,7,1,1,1,1,1,0,0,1
12,6,0.08,204,21467023,3.9079565465457165e-06,7.008230627760568e-06,-24.080502739451614,-21.54391614785791,44.23761496852342,3,12,1,1,1,1,1,0,0,1
12,6,0.08,205,21467024,4.192141555856854e-06,5.640113346323891e-06,-23.7756406097434,-22.487121681463783,25.672742754554672,4,8,1,1,1,1,1,0,0,1
12,6,0.08,206,21467025,2.1880607452197577e-06,3.6861996988377282e-06,-26.59940625232785,-24.33421140697523,40.64182833312962,4,10,1,1,1,1,1,0,0,1
12,6,0.08,207,21467026,2.3865563037689947e-06,3.876788212609531e-06,-26.222283152773134,-24.11527923678716,38.439858643643475,4,8,1,1,1,1,1,0,0,1
12,6,0.08,208,21467027,3.9451205674171556e-06,5.3538707972381335e-06,-24.039397197134097,-22.71332113672729,26.312742372260846,4,8,1,1,1,1,1,0,0,1
12,6,0.08,209,21467028,3.876928714559273e-06,4.692650587215517e-06,-24.115121843314974,-23.285817819676918,17.38296635335617,4,8,1,1,1,1,1,0,0,1
12,6,0.08,210,21467029,2.5260305559033734e-06,3.6705795530164603e-06,-25.975614003444395,-24.352653589616438,31.181697074853027,3,12,1,1,1,1,1,0,0,1
12,6,0.08,211,21467030,4.4911509801661e-06,6.6915063413416705e-06,-23.476423449036933,-21.744761061345347,32.88281066971823,4,10,1,1,1,1,1,0,0,1
12,6,0.08,212,21467031,3.3388129002668606e-06,5.704566269158482e-06,-24.764079171715473,-22.437773703644165,41.47122247806948,4,9,1,1,1,1,1,0,0,1
12,6,0.08,213,21467032,3.2763489662052287e-06,3.5252944942887727e-06,-24.846098474409388,-24.528045972818564,7.061694519049498,4,9,1,1,1,1,1,0,0,1
12,6,0.08,214,21467033,4.727481879464741e-06,5.8008190959151834e-06,-23.25370127139412,-22.365106782095015,18.50320099115424,3,7,1,1,1,1,1,0,0,1
12,6,0.08,215,21467034,3.376288104390688e-06,5.7874923417863466e-06,-24.715605013803597,-22.37509570647361,41.66233136908869,4,9,1,1,1,1,1,0,0,1
12,6,0.08,216,21467035,4.062831106258071e-06,4.6058554351848095e-06,-23.911712311180175,-23.36689697437095,11.789869147400843,4,7,1,1,1,1,1,0,0,1
12,6,0.08,217,21467036,2.690335033475537e-06,3.0021130569089523e-06,-25.70193632960647,-25.225729566406642,10.385285881086359,4,10,1,1,1,1,1,0,0,1
12,6,0.08,218,21467037,4.2961343498026554e-06,5.935568500514134e-06,-23.669221457289847,-22.26537678594451,27.620507632410813,3,8,1,1,1,1,1,0,0,1
12,6,0.08,219,21467038,4.825501229324609e-06,6.331283974779715e-06,-23.164575694032802,-21.985082067890676,23.7832128751972,5,9,1,1,1,1,1,0,0,1
12,6,0.08,220,21467039,3.338380887611189e-06,4.518153761210957e-06,-24.764641146457237,-23.450389933118153,26.11183540782297,3,9,1,1,1,1,1,0,0,1
12,6,0.08,221,21467040,4.363697593952036e-06,8.971583946913198e-06,-23.601453538280918,-20.471308748293072,51.36090104297103,5,10,1,1,1,1,1,0,0,1
12,6,0.08,222,21467041,4.773103747941295e-06,6.455082748781521e-06,-23.211991257283024,-21.90098186068536,26.056660561907137,5,14,1,1,1,1,1,0,0,1
12,6,0.08,223,21467042,3.5617913021472765e-06,7.052674878840947e-06,-24.483315309651733,-21.51646136229101,49.49729906261283,3,25,1,0,1,1,1,0,0,1
12,6,0.08,224,21467043,4.559072410013747e-06,7.334342991960447e-06,-23.41123510009121,-21.34638784035541,37.83938909032231,5,12,1,1,1,1,1,0,0,1
12,6,0.08,225,21467044,4.521089936093197e-06,5.572651192799085e-06,-23.447568536468587,-22.53938139750804,18.87003547009551,4,11,1,1,1,1,1,0,0,1
12,6,0.08,226,21467045,2.511322588316969e-06,4.107285428743393e-06,-26.000974970331804,-23.86445115548847,38.8568768378657,4,12,1,1,1,1,1,0,0,1
12,6,0.08,227,21467046,2.2665274552972933e-06,3.8038444487613892e-06,-26.446390158014573,-24.197772510474085,40.41482279762197,5,9,1,1,1,1,1,0,0,1
12,6,0.08,228,21467047,5.175412981787668e-06,6.9867325439798295e-06,-22.86054989145381,-21.557258814625477,25.925130964872828,3,8,1,1,1,1,1,0,0,1
12,6,0.08,229,21467048,2.7882476530521258e-06,5.590303855505359e-06,-25.54668654685464,-22.525645858196853,50.123504461993676,3,11,1,1,1,1,1,0,0,1
12,6,0.08,230,21467049,2.7387939435813836e-06,3.705722525072287e-06,-25.624406411786392,-24.31127102648379,26.092848963969356,3,12,1,1,1,1,1,0,0,1
12,6,0.08,231,21467050,2.230678019579995e-06,3.278969790741608e-06,-26.515631121057556,-24.84262584481796,31.970156422957466,4,8,1,1,1,1,1,0,0,1
12,6,0.08,232,21467051,2.8195204022861366e-06,3.888244221754178e-06,-25.498247584729576,-24.102464647259147,27.486026044575148,4,8,1,1,1,1,1,0,0,1
12,6,0.08,233,21467052,3.1461346351453155e-06,5.05060923304503e-06,-25.022226961915756,-22.9665623166529,37.70781919613093,4,7,1,1,1,1,1,0,0,1
12,6,0.08,234,21467053,3.932872530860806e-06,6.736670582432854e-06,-24.05290129369781,-21.715546887656917,41.61993698910383,3,8,1,1,1,1,1,0,0,1
12,6,0.08,235,21467054,2.037715312319376e-06,3.279140353155906e-06,-26.908564910484664,-24.84239994341118,37.85824658715079,3,20,1,1,1,1,1,0,0,1
12,6,0.08,236,21467055,5.107021933026866e-06,5.150480118532954e-06,-22.918322769844668,-22.881522849179113,0.8437696002303382,6,7,1,1,1,1,1,0,0,1
12,6,0.08,237,21467056,4.052985175619251e-06,8.01318468584695e-06,-23.922249847504197,-20.961948476346166,49.4210437608194,3,16,1,1,1,1,1,0,0,1
12,6,0.08,238,21467057,4.359537179009857e-06,5.331057205681558e-06,-23.605596142339714,-22.731866571901858,18.22377793350832,4,6,1,1,1,1,1,0,0,1
12,6,0.08,239,21467058,3.6819964987042586e-06,6.156242591335217e-06,-24.339166288124883,-22.10684274805082,40.19084784139937,5,8,1,1,1,1,1,0,0,1
12,6,0.08,240,21467059,5.579629694586982e-06,8.08963565033433e-06,-22.533946230936092,-20.920710381667895,31.0274289750443,5,9,1,1,1,1,1,0,0,1
12,6,0.08,241,21467060,3.4722422960778827e-06,4.66804323836616e-06,-24.593899769926423,-23.308651298981196,25.61674948638252,4,10,1,1,1,1,1,0,0,1
12,6,0.08,242,21467061,2.8082348174942815e-06,4.524752205212994e-06,-25.515665804174997,-23.44405199631229,37.93616334925706,4,10,1,1,1,1,1,0,0,1
12,6,0.08,243,21467062,2.464491106725067e-06,3.4091855493898036e-06,-26.082727446860467,-24.673493610817125,27.710267715813345,4,7,1,1,1,1,1,0,0,1
12,6,0.08,244,21467063,2.6169241340113646e-06,5.0999214667198025e-06,-25.82208867600018,-22.924365115163454,48.68697192518666,3,7,1,1,1,1,1,0,0,1
12,6,0.08,245,21467064,3.6012408760853186e-06,5.013351884665223e-06,-24.435478290158194,-22.998718114042983,28.167003654765416,4,8,1,1,1,1,1,0,0,1
12,6,0.08,246,21467065,3.345039693784018e-06,5.258325585250573e-06,-24.755987243269256,-22.791525267309837,36.38583918868123,4,21,1,1,1,1,1,0,0,1
12,6,0.08,247,21467066,2.915995867959032e-06,4.197675132833119e-06,-25.352130957600515,-23.769911754433135,30.53307424505357,10,8,1,1,1,1,1,0,0,1
12,6,0.08,248,21467067,2.0369717754456502e-06,3.134751988147555e-06,-26.910149886007837,-25.037968135062147,35.01968311536586,4,8,1,1,1,1,1,0,0,1
12,6,0.08,249,21467068,3.826754395781875e-06,6.471995758071183e-06,-24.171694102551193,-21.889617760445606,40.872112114573696,4,9,1,1,1,1,1,0,0,1
12,6,0.08,250,21467069,4.90022627790075e-06,8.898803942049722e-06,-23.097838650786905,-20.506683614758124,44.933877520937415,3,11,1,1,1,1,1,0,0,1
12,6,0.08,251,21467070,5.317279532016949e-06,8.643963473439251e-06,-22.74310508009799,-20.63287076971269,38.485631639286474,3,9,1,1,1,1,1,0,0,1
12,6,0.08,252,21467071,2.5763892811615732e-06,2.622333736798765e-06,-25.889885163559278,-25.813120377311098,1.752044562157023,4,7,1,1,1,1,1,0,0,1
12,6,0.08,253,21467072,4.33374889320678e-06,7.203019171125139e-06,-23.631362562497088,-21.424854293295464,39.83427240372273,4,10,1,1,1,1,1,0,0,1
12,6,0.08,254,21467073,7.523087945401883e-06,1.0471788155581825e-05,-21.236038612195603,-19.79979152151766,28.158516638900707,5,18,1,1,1,1,1,0,0,1
12,6,0.08,255,21467074,4.21420546093211e-06,5.722928254892445e-06,-23.75284294457905,-22.423816985612287,26.362776654950213,5,9,1,1,1,1,1,0,0,1
12,6,0.08,256,21467075,4.545397663381014e-06,6.867219977516047e-06,-23.42428115641756,-21.632190406367823,33.81022192003325,5,9,1,1,1,1,1,0,0,1
12,6,0.08,257,21467076,2.18241046983791e-06,3.832470052882698e-06,-26.610635635458273,-24.165212300596558,43.05472868088428,3,9,1,1,1,1,1,0,0,1
12,6,0.08,258,21467077,3.690893427683134e-06,6.038194166227523e-06,-24.328684946139717,-22.190929257671485,38.87421758765518,4,8,1,1,1,1,1,0,0,1
12,6,0.08,259,21467078,4.493428114586645e-06,4.93729500006878e-06,-23.474222017174313,-23.065109232008645,8.990082332045207,6,8,1,1,1,1,1,0,0,1
12,6,0.08,260,21467079,7.873209383510581e-06,1.0336330084445534e-05,-21.03848198590488,-19.856336301961008,23.82974112486541,6,10,1,1,1,1,1,0,0,1
12,6,0.08,261,21467080,2.439777117697484e-06,3.1822590630630326e-06,-26.12649846192138,-24.97264467970709,23.331913921894355,3,7,1,1,1,1,1,0,0,1
12,6,0.08,262,21467081,2.738451456001255e-06,5.44402347780308e-06,-25.624949533211534,-22.640800105336663,49.698022663444696,3,7,1,1,1,1,1,0,0,1
12,6,0.08,263,21467082,3.6323974926224497e-06,4.743929820832584e-06,-24.398066327812362,-23.238617443171904,23.4306233479452,3,8,1,1,1,1,1,0,0,1
12,6,0.08,264,21467083,3.4460931823638167e-06,7.131110877489129e-06,-24.62672983405902,-21.4684281090774,51.675226460969164,3,13,1,1,1,1,1,0,0,1
12,6,0.08,265,21467084,1.7931586451471521e-06,3.7405903722948387e-06,-27.463812856391108,-24.270598482819846,52.06214884077094,3,11,1,1,1,1,1,0,0,1
12,6,0.08,266,21467085,2.0936777733281987e-06,2.4960158366459403e-06,-26.790901574392855,-26.02752663482352,16.11921116087106,5,8,1,1,1,1,1,0,0,1
12,6,0.08,267,21467086,5.617605930667885e-06,6.507548069682486e-06,-22.50448729381327,-21.86582615178658,13.67553692243449,6,8,1,1,1,1,1,0,0,1
12,6,0.08,268,21467087,4.169424534865456e-06,6.458283323088495e-06,-23.799238823353008,-21.898829065231155,35.44066857581677,5,10,1,1,1,1,1,0,0,1
12,6,0.08,269,21467088,5.011295688451234e-06,8.411388014746667e-06,-23.00049971219984,-20.75132332691257,40.42248818309728,4,9,1,1,1,1,1,0,0,1
12,6,0.08,270,21467089,4.2571770899852195e-06,6.269671992921195e-06,-23.708782836721177,-22.02755179327269,32.098886595793104,4,8,1,1,1,1,1,0,0,1
12,6,0.08,271,21467090,3.2053368457417685e-06,3.822484961209023e-06,-24.94126324160801,-24.176542145557427,16.14520715529658,4,9,1,1,1,1,1,0,0,1
12,6,0.08,272,21467091,4.955454794014935e-06,5.876928419533074e-06,-23.049164813467744,-22.308495989216595,15.679510787564606,4,9,1,1,1,1,1,0,0,1
12,6,0.08,273,21467092,2.8167806949992214e-06,7.696927064869408e-06,-25.502469643948594,-21.13682628741914,63.40382764108974,4,15,1,1,1,1,1,0,0,1
12,6,0.08,274,21467093,4.509322322650209e-06,6.107453707568813e-06,-23.458887205716007,-22.14139816147176,26.166901321545513,6,9,1,1,1,1,1,0,0,1
12,6,0.08,275,21467094,5.069599104551443e-06,6.41401371672801e-06,-22.950263825926957,-21.92870115643482,20.96058211834313,3,13,1,1,1,1,1,0,0,1
12,6,0.08,276,21467095,3.7503079563548687e-06,3.53968082048097e-06,-24.259330687378128,-24.510358973395732,-5.950455607612632,3,8,1,1,1,1,0,1,0,1
12,6,0.08,277,21467096,4.263001935629937e-06,4.7947396359719355e-06,-23.702844701599965,-23.192349709189088,11.0900224144123,3,8,1,1,1,1,1,0,0,1
12,6,0.08,278,21467097,2.1722589664478563e-06,3.3839148481601786e-06,-26.630884014611365,-24.705805739543628,35.806334854173265,3,8,1,1,1,1,1,0,0,1
12,6,0.08,279,21467098,2.425781456594348e-06,4.115084038377595e-06,-26.151483281481003,-23.856212911853735,41.051472242818846,4,13,1,1,1,1,1,0,0,1
12,6,0.08,280,21467099,1.358782184680327e-06,2.987735712064934e-06,-28.668501559039736,-25.246578218058392,54.52133938107857,3,7,1,1,1,1,1,0,0,1
12,6,0.08,281,21467100,3.3976592758665603e-06,4.6667739773972024e-06,-24.688201752110437,-23.30983232486648,27.194689686652982,3,8,1,1,1,1,1,0,0,1
12,6,0.08,282,21467101,3.7003855133216913e-06,5.936106510711373e-06,-24.317530279366242,-22.264983151752524,37.663087637586145,5,11,1,1,1,1,1,0,0,1
12,6,0.08,283,21467102,5.3821318993668604e-06,5.9491614259076296e-06,-22.690456632305192,-22.25544246669291,9.5312513133607,4,7,1,1,1,1,1,0,0,1
12,6,0.08,284,21467103,5.929270979835369e-06,9.074868612318245e-06,-22.269987010535953,-20.421596540448242,34.662734711255595,4,11,1,1,1,1,1,0,0,1
12,6,0.08,285,21467104,5.116673248146223e-06,5.9542504071760025e-06,-22.910123162813598,-22.251729049650795,14.066878309658252,3,8,1,1,1,1,1,0,0,1
12,6,0.08,286,21467105,4.240145219524348e-06,5.660113709801e-06,-23.726192691247018,-22.4717484389246,25.08727850851914,6,12,1,1,1,1,1,0,0,1
12,6,0.08,287,21467106,5.250639299578606e-06,7.915235047759235e-06,-22.797878151890746,-21.015361839691376,33.6641392466919,5,10,1,1,1,1,1,0,0,1
12,6,0.08,288,21467107,3.1533315289415385e-06,4.451884675887453e-06,-25.012303668287437,-23.514560943989675,29.16861602411245,3,8,1,1,1,1,1,0,0,1
12,6,0.08,289,21467108,3.1760738372087663e-06,4.811778873444876e-06,-24.981094096707675,-23.176943389899844,33.99376985636638,3,7,1,1,1,1,1,0,0,1
12,6,0.08,290,21467109,5.2581902326928705e-06,6.246860398346598e-06,-22.791637058838404,-22.043381993373426,15.826672962235659,5,7,1,1,1,1,1,0,0,1
12,6,0.08,291,21467110,3.920595812335107e-06,5.346670968079073e-06,-24.066479282992663,-22.719165413801985,26.672207140816806,3,8,1,1,1,1,1,0,0,1
12,6,0.08,292,21467111,3.526028174682665e-06,4.617626189587673e-06,-24.527142217983744,-23.355812274106743,23.639809072602326,4,7,1,1,1,1,1,0,0,1
12,6,0.08,293,21467112,2.1883136367587634e-06,3.5931880357106527e-06,-26.59890433274581,-24.44520055065113,39.0982710893402,4,12,1,1,1,1,1,0,0,1
12,6,0.08,294,21467113,3.4434508600668565e-06,4.146509956841652e-06,-24.630061102549874,-23.823172874271577,16.955442145140953,4,11,1,1,1,1,1,0,0,1
12,6,0.08,295,21467114,4.372600111845947e-06,6.741574002815387e-06,-23.59260238447446,-21.712386938310296,35.13977433133744,4,12,1,1,1,1,1,0,0,1
12,6,0.08,296,21467115,7.186392601037281e-06,1.0368581190385284e-05,-21.434890604674997,-19.842806672698725,30.69068497335802,3,10,1,1,1,1,1,0,0,1
12,6,0.08,297,21467116,3.4258475669925166e-06,4.746409073310622e-06,-24.652319648634418,-23.236348344656115,27.82232812050929,3,7,1,1,1,1,1,0,0,1
12,6,0.08,298,21467117,2.624129697120631e-06,3.1834392647581178e-06,-25.81014703842179,-24.97103431407811,17.5693494086492,5,7,1,1,1,1,1,0,0,1
12,6,0.08,299,21467118,2.378325780971229e-06,2.5004016457053046e-06,-26.2372865636685,-26.0199022392677,4.882250215430531,5,7,1,1,1,1,1,0,0,1
12,6,0.08,300,21467119,4.423791126084208e-06,5.007992420449684e-06,-23.542053868865764,-23.0033633709782,11.665378964631477,4,9,1,1,1,1,1,0,0,1
12,6,0.08,301,21467120,3.3507876724596436e-06,5.249196753206016e-06,-24.748530909951274,-22.799071484682415,36.165706297575795,4,9,1,1,1,1,1,0,0,1
12,6,0.08,302,21467121,2.6059679357320575e-06,4.325006381801856e-06,-25.840309322229366,-23.640132473715862,39.74649501797091,4,10,1,1,1,1,1,0,0,1
12,6,0.08,303,21467122,1.873778067588768e-06,4.1183390854943736e-06,-27.272818487359913,-23.852778983939345,54.50160784019473,4,10,1,1,1,1,1,0,0,1
12,6,0.08,304,21467123,4.280308109842037e-06,7.728935846187914e-06,-23.68524967998964,-21.11880297536121,44.61969674708606,4,14,1,1,1,1,1,0,0,1
12,6,0.08,305,21467124,3.1113761907434686e-06,3.8267796947894235e-06,-25.070474759736516,-24.171665391058575,18.694661336790684,4,9,1,1,1,1,1,0,0,1
12,6,0.08,306,21467125,5.572239288744923e-06,8.034044139970919e-06,-22.53970241933984,-20.95065786533506,30.64216238218112,3,10,1,1,1,1,1,0,0,1
12,6,0.08,307,21467126,3.970794503819711e-06,6.125338319862202e-06,-24.011225879213683,-22.128699189811435,35.174282685024984,3,11,1,1,1,1,1,0,0,1
12,6,0.08,308,21467127,4.2387367206601275e-06,5.51873091011448e-06,-23.727635577925806,-22.58160781347218,23.19363292579526,3,9,1,1,1,1,1,0,0,1
12,6,0.08,309,21467128,4.656895331943033e-06,7.3531512074765025e-06,-23.319035231302728,-21.335265032656498,36.66803251362468,4,10,1,1,1,1,1,0,0,1
12,6,0.08,310,21467129,4.568008005746749e-06,6.123752505783981e-06,-23.402731436307306,-22.12982369826214,25.40508452240366,3,9,1,1,1,1,1,0,0,1
12,6,0.08,311,21467130,4.7286221640526705e-06,5.576856981515124e-06,-23.252653864757185,-22.536104928466525,15.209908022995506,3,9,1,1,1,1,1,0,0,1
12,6,0.08,312,21467131,3.5719363666626835e-06,5.14091262499622e-06,-24.47096286584561,-22.88959777343716,30.519411100372285,5,8,1,1,1,1,1,0,0,1
12,6,0.08,313,21467132,3.912157751939015e-06,4.6917773399623825e-06,-24.075836412527117,-23.286626065991793,16.61672179928339,5,8,1,1,1,1,1,0,0,1
12,6,0.08,314,21467133,5.19779656644116e-06,9.50580299541063e-06,-22.8418072210337,-20.220111905559506,45.31975290303576,4,11,1,1,1,1,1,0,0,1
12,6,0.08,315,21467134,3.6251950593137656e-06,5.2982605530934465e-06,-24.40668620567606,-22.758666881700975,31.57763717004902,3,7,1,1,1,1,1,0,0,1
12,6,0.08,316,21467135,1.654191125458666e-06,2.2561099564071264e-06,-27.81414313443281,-26.46639737890308,26.679498897607854,5,7,1,1,1,1,1,0,0,1
12,6,0.08,317,21467136,3.4319919718444323e-06,5.69879300899702e-06,-24.64453736728851,-22.442171171414454,39.77686211051806,3,9,1,1,1,1,1,0,0,1
12,6,0.08,318,21467137,4.6764507370157145e-06,9.381602540423323e-06,-23.300836362688244,-20.277229702544926,50.152964625543596,4,12,1,1,1,1,1,0,0,1
12,6,0.08,319,21467138,2.3394764111767333e-06,2.429442492537122e-06,-26.308813294191943,-26.144933766871606,3.7031574789998527,4,12,1,1,1,1,1,0,0,1
12,6,0.08,320,21467139,5.309128217925841e-06,5.827547072695967e-06,-22.74976786117636,-22.345142097285287,8.89600458482943,5,7,1,1,1,1,1,0,0,1
12,6,0.08,321,21467140,3.5503427928593458e-06,4.989421449629317e-06,-24.497297128998298,-23.019498102484487,28.842595705698216,3,7,1,1,1,1,1,0,0,1
12,6,0.08,322,21467141,3.8595352641850505e-06,5.433289993917019e-06,-24.13464986610897,-22.64937114514065,28.96504201862787,3,13,1,1,1,1,1,0,0,1
12,6,0.08,323,21467142,3.931172291146024e-06,5.69625276931717e-06,-24.054779219763244,-22.444107472707856,30.986695107329865,4,8,1,1,1,1,1,0,0,1
12,6,0.08,324,21467143,5.228021206132973e-06,7.64025345370551e-06,-22.81662659483258,-21.168922341311244,31.572673108149427,5,8,1,1,1,1,1,0,0,1
12,6,0.08,325,21467144,5.666346000092845e-06,7.317755693853336e-06,-22.466969099879826,-21.356220936991626,22.56716079149265,5,15,1,1,1,1,1,0,0,1
12,6,0.08,326,21467145,3.7767039126568584e-06,5.269325102132674e-06,-24.22887061807302,-22.78245005885994,28.32661034468534,4,8,1,1,1,1,1,0,0,1
12,6,0.08,327,21467146,4.524481506965523e-06,7.367457686579915e-06,-23.444311825506475,-21.326823497484988,38.58829328321728,4,11,1,1,1,1,1,0,0,1
12,6,0.08,328,21467147,3.6740492445482834e-06,4.941472259267437e-06,-24.348550269925795,-23.061436383605685,25.648692296960235,5,8,1,1,1,1,1,0,0,1
12,6,0.08,329,21467148,4.00585156860887e-06,5.680296568470938e-06,-23.973051469366983,-22.456289891678367,29.47812635622311,4,7,1,1,1,1,1,0,0,1
12,6,0.08,330,21467149,4.389198179488279e-06,6.5165921111835955e-06,-23.576148096049934,-21.85979461666055,32.64580466904384,5,13,1,1,1,1,1,0,0,1
12,6,0.08,331,21467150,2.9843685772655643e-06,4.40479485275942e-06,-25.25147541391196,-23.56074313446996,32.24727423126228,4,8,1,1,1,1,1,0,0,1
12,6,0.08,332,21467151,4.680374440849252e-06,6.166156811598998e-06,-23.297194009665677,-22.099854349215153,24.095760392516762,3,8,1,1,1,1,1,0,0,1
12,6,0.08,333,21467152,3.2257546000529838e-06,4.610292130425486e-06,-24.91368674732747,-23.36271554737872,30.031449010254416,4,13,1,1,1,1,1,0,0,1
12,6,0.08,334,21467153,6.7723903453981705e-06,8.356620202036234e-06,-21.69258018081287,-20.779693355267472,18.957782193476238,5,9,1,1,1,1,1,0,0,1
12,6,0.08,335,21467154,4.677443898415921e-06,5.322085655423803e-06,-23.299914127546238,-22.739181400479612,12.112577638635328,6,11,1,1,1,1,1,0,0,1
12,6,0.08,336,21467155,3.0055776801945084e-06,4.211353532742248e-06,-25.220720430592426,-23.75578299098754,28.631551428136486,3,8,1,1,1,1,1,0,0,1
12,6,0.08,337,21467156,2.1973361702305054e-06,3.4603055687336474e-06,-26.581034953291503,-24.608855483299887,36.49878235942455,4,10,1,1,1,1,1,0,0,1
12,6,0.08,338,21467157,5.442111295703613e-06,8.25110721022513e-06,-22.64232580781971,-20.834877698710663,34.043866392142945,4,11,1,1,1,1,1,0,0,1
12,6,0.08,339,21467158,5.553876309529048e-06,8.295277245856436e-06,-22.55403796657632,-20.81169094349272,33.0477313184046,4,8,1,1,1,1,1,0,0,1
12,6,0.08,340,21467159,3.1483928385681226e-06,3.659208654091749e-06,-25.019110841343686,-24.36612825622152,13.959734571365011,4,8,1,1,1,1,1,0,0,1
12,6,0.08,341,21467160,3.107261584888644e-06,5.749549877711518e-06,-25.07622184114952,-22.403661541413236,45.95643744331824,3,13,1,1,1,1,1,0,0,1
12,6,0.08,342,21467161,3.7602790931928403e-06,6.388892444214486e-06,-24.247799199299614,-21.94574423071073,41.14349042457285,3,9,1,1,1,1,1,0,0,1
12,6,0.08,343,21467162,6.383231884537813e-06,1.0830360728258187e-05,-21.94959378608577,-19.653570780299905,41.06168718939421,5,12,1,1,1,1,1,0,0,1
12,6,0.08,344,21467163,2.648763569460144e-06,4.8770611290191e-06,-25.769568054103352,-23.118418009330792,45.689350627580154,4,8,1,1,1,1,1,0,0,1
12,6,0.08,345,21467164,3.1729628068503507e-06,5.2000664173181515e-06,-24.985350186258177,-22.83991109347784,38.9822638364155,3,11,1,1,1,1,1,0,0,1
12,6,0.08,346,21467165,5.202491779612794e-06,6.976121533826073e-06,-22.837885973386562,-21.563859619903027,25.424295514538247,4,8,1,1,1,1,1,0,0,1
12,6,0.08,347,21467166,5.4300394056190585e-06,6.292355956631066e-06,-22.65197018738811,-22.01186717449254,13.704192149258073,4,8,1,1,1,1,1,0,0,1
12,6,0.08,348,21467167,5.3637705337597885e-06,7.486353633614324e-06,-22.705298098759116,-21.25729661926393,28.352696168719156,6,10,1,1,1,1,1,0,0,1
12,6,0.08,349,21467168,2.567358302424031e-06,4.246437708161543e-06,-25.905135166395553,-23.719752422845332,39.54089335892918,4,9,1,1,1,1,1,0,0,1
12,6,0.08,350,21467169,2.1765343909619603e-06,3.925076205376097e-06,-26.62234466256637,-24.061519070071228,44.54797112013251,3,12,1,1,1,1,1,0,0,1
12,6,0.08,351,21467170,4.6623488546689746e-06,6.296281555262131e-06,-23.313952340352053,-22.009158595621653,25.950756589460223,4,8,1,1,1,1,1,0,0,1
12,6,0.08,352,21467171,4.324076470918426e-06,7.83419000857519e-06,-23.641066341904594,-21.060058993856757,44.80506004851357,6,11,1,1,1,1,1,0,0,1
12,6,0.08,353,21467172,3.1478003621264794e-06,7.106248809248153e-06,-25.019928189991738,-21.48359590740327,55.7037693638042,3,12,1,1,1,1,1,0,0,1
12,6,0.08,354,21467173,7.340517694762489e-06,1.0673905734715142e-05,-21.342733101043297,-19.716766369337638,31.22931870300625,3,10,1,1,1,1,1,0,0,1
12,6,0.08,355,21467174,4.255484193086014e-06,6.4344575710795155e-06,-23.7105101832395,-21.91488058521246,33.86413468304109,4,10,1,1,1,1,1,0,0,1
12,6,0.08,356,21467175,7.0666285443361065e-06,7.642901138673368e-06,-21.50787736672391,-21.167417580005697,7.53997184944995,4,8,1,1,1,1,1,0,0,1
12,6,0.08,357,21467176,3.690712111568734e-06,5.090973222066725e-06,-24.32889829969149,-22.9319918729565,27.504782473193654,5,14,1,1,1,1,1,0,0,1
12,6,0.08,358,21467177,2.9313384935207495e-06,5.377927227840778e-06,-25.329340289241667,-22.6938507878825,45.49315434493759,4,25,1,0,1,1,1,0,0,1
12,6,0.08,359,21467178,3.1089643891913127e-06,4.680381711451863e-06,-25.07384252439369,-23.297187263239337,33.57455479358955,3,9,1,1,1,1,1,0,0,1
12,6,0.08,360,21467179,4.539471358633427e-06,8.643260937371989e-06,-23.4299471969709,-20.633223755860456,47.47964464423924,4,15,1,1,1,1,1,0,0,1
12,6,0.08,361,21467180,3.946615639378812e-06,5.9186225370156e-06,-24.03775167454249,-22.277793564833747,33.31867990066403,5,10,1,1,1,1,1,0,0,1
12,6,0.08,362,21467181,2.9973767528464017e-06,4.7224454546968e-06,-25.232586653297457,-23.25833049575742,36.52913979418645,5,11,1,1,1,1,1,0,0,1
12,6,0.08,363,21467182,2.7158066133005096e-06,5.532432823807713e-06,-25.661011584587854,-22.570838506816347,50.91116874273499,3,16,1,1,1,1,1,0,0,1
12,6,0.08,364,21467183,3.98224373857925e-06,5.446392575751266e-06,-23.998721619177378,-22.638910579395404,26.88291041837089,5,8,1,1,1,1,1,0,0,1
12,6,0.08,365,21467184,4.438495154943069e-06,6.802399691032724e-06,-23.52764249858855,-21.67337853657307,34.75103850786476,4,9,1,1,1,1,1,0,0,1
12,6,0.08,366,21467185,2.359735536020926e-06,4.619829874204018e-06,-26.27136667234407,-23.353740170964315,48.92159234700171,3,9,1,1,1,1,1,0,0,1
12,6,0.08,367,21467186,2.7510698090230883e-06,4.7842470250715706e-06,-25.604983891490836,-23.20186404509656,42.49732936852413,3,7,1,1,1,1,1,0,0,1
12,6,0.08,368,21467187,5.535656323890007e-06,7.702007410847608e-06,-22.568308804861374,-21.133960678362854,28.127096890435137,5,10,1,1,1,1,1,0,0,1
12,6,0.08,369,21467188,4.65645380825716e-06,6.058904638175326e-06,-23.31944700862936,-22.17605882862466,23.146936842044816,3,8,1,1,1,1,1,0,0,1
12,6,0.08,370,21467189,3.20521762145715e-06,4.856415683006627e-06,-24.94142478285749,-23.136841470749673,34.00034447889793,6,10,1,1,1,1,1,0,0,1
12,6,0.08,371,21467190,3.630661332502332e-06,7.009661347596178e-06,-24.400142601163253,-21.54302963263436,48.20489674943577,4,11,1,1,1,1,1,0,0,1
12,6,0.08,372,21467191,5.144869769637656e-06,8.815753370326441e-06,-22.886256139129294,-20.54740568152515,41.64004420818836,5,10,1,1,1,1,1,0,0,1
12,6,0.08,373,21467192,3.5168379244662864e-06,4.926708969113039e-06,-24.53847645937213,-23.07443091640526,28.61689321381963,4,7,1,1,1,1,1,0,0,1
12,6,0.08,374,21467193,6.199065443275191e-06,9.067495268495721e-06,-22.076737787955032,-20.425126623664127,31.63420261366618,4,18,1,1,1,1,1,0,0,1
12,6,0.08,375,21467194,3.4072825232828724e-06,4.01455860770101e-06,-24.675918543347635,-23.963621975279178,15.12684565753301,5,8,1,1,1,1,1,0,0,1
12,6,0.08,376,21467195,3.6828250383910587e-06,1.0631111652250607e-05,-24.338189128763396,-19.734213206887496,65.35804383531797,5,9,1,1,1,1,1,0,0,1
12,6,0.08,377,21467196,5.8124163510272306e-06,9.406297156792583e-06,-22.356432841748838,-20.265813054627042,38.207179146685775,3,19,1,1,1,1,1,0,0,1
12,6,0.08,378,21467197,2.2945801845367852e-06,3.2951196531772912e-06,-26.392967612016633,-24.821288105779683,30.36428336299546,4,12,1,1,1,1,1,0,0,1
12,6,0.08,379,21467198,3.3808930058483514e-06,5.27237993300969e-06,-24.709685730097153,-22.779933015884918,35.87539121221108,4,8,1,1,1,1,1,0,0,1
12,6,0.08,380,21467199,4.3192817192852635e-06,5.255051485658706e-06,-23.64588468760809,-22.794230246732386,17.807052298673085,4,8,1,1,1,1,1,0,0,1
12,6,0.08,381,21467200,5.2663887216897645e-06,6.140859646758808e-06,-22.78487087984553,-22.117708285801733,14.240203739725526,3,9,1,1,1,1,1,0,0,1
12,6,0.08,382,21467201,4.6571718640209315e-06,4.567681571345164e-06,-23.31877734964263,-23.40304179855895,-1.9592060277838743,4,8,1,1,1,1,0,1,0,1
12,6,0.08,383,21467202,1.819408203507497e-06,7.6066874699147606e-06,-27.40069851435731,-21.18804426899934,76.08146501741466,5,12,1,1,1,1,1,0,0,1
12,6,0.08,384,21467203,2.865503917291156e-06,4.110222532837366e-06,-25.427989935029444,-23.861346642146792,30.28348478949524,3,9,1,1,1,1,1,0,0,1
12,6,0.08,385,21467204,7.0952661349353e-06,1.0203514772516284e-05,-21.490313100350956,-19.91250202417131,30.462528911637573,5,11,1,1,1,1,1,0,0,1
12,6,0.08,386,21467205,6.145461034514525e-06,6.980581539335976e-06,-22.11445530640021,-21.56108395599732,11.9634804079789,5,7,1,1,1,1,1,0,0,1
12,6,0.08,387,21467206,6.306623193139504e-06,1.3328795504099078e-05,-22.002031163713347,-18.752090951141632,52.68422273265432,3,25,1,0,1,1,1,0,0,1
12,6,0.08,388,21467207,3.5873202424904942e-06,3.6032162674330586e-06,-24.452298518329698,-24.433096704519382,0.44116211081298135,3,7,1,1,1,1,1,0,0,1
12,6,0.08,389,21467208,1.8667525820250555e-06,3.5536181390455843e-06,-27.28913239298778,-24.49329241982426,47.468959550999486,6,8,1,1,1,1,1,0,0,1
12,6,0.08,390,21467209,5.941903750174914e-06,8.070568871820495e-06,-22.260743873870283,-20.930958519960043,26.375651524121295,4,7,1,1,1,1,1,0,0,1
12,6,0.08,391,21467210,3.2372995449001796e-06,5.235760176891772e-06,-24.898171137953117,-22.81020254450899,38.169445590954965,4,8,1,1,1,1,1,0,0,1
12,6,0.08,392,21467211,3.5331024256950713e-06,4.596155064876071e-06,-24.518437720558474,-23.376053275285784,23.129172627461454,3,9,1,1,1,1,1,0,0,1
12,6,0.08,393,21467212,2.573582933040561e-06,3.5017761958477515e-06,-25.894618321616058,-24.557116138248993,26.506355943243893,4,9,1,1,1,1,1,0,0,1
12,6,0.08,394,21467213,6.456175721349795e-06,8.97547937456942e-06,-21.900246576890208,-20.469423467417855,28.068736477270132,7,8,1,1,1,1,1,0,0,1
12,6,0.08,395,21467214,2.909316637771892e-06,4.68883246647531e-06,-25.362090093979738,-23.289352844684746,37.95221606715063,4,10,1,1,1,1,1,0,0,1
12,6,0.08,396,21467215,3.72975159101624e-06,4.984294788814921e-06,-24.28320092117163,-23.023962798782524,25.169923749573503,7,8,1,1,1,1,1,0,0,1
12,6,0.08,397,21467216,6.392753814432937e-06,8.798805325360806e-06,-21.943120199665685,-20.55576291011782,27.345206786117938,7,8,1,1,1,1,1,0,0,1
12,6,0.08,398,21467217,5.003580436404676e-06,5.225570841368379e-06,-23.007191142051596,-22.818662602954127,4.248156071415379,3,8,1,1,1,1,1,0,0,1
12,6,0.08,399,21467218,4.897685222637998e-06,4.9443459047932e-06,-23.100091306985128,-23.05891153759047,0.9437179973587159,3,7,1,1,1,1,1,0,0,1
12,6,0.08,400,21467219,6.407824351343574e-06,8.496570259603852e-06,-21.93289401463106,-20.70756346982007,24.58340064803589,4,8,1,1,1,1,1,0,0,1
12,6,0.08,401,21467220,4.409762204263195e-06,6.393926980764074e-06,-23.5558482916272,-21.94232327719056,31.032021204968007,3,11,1,1,1,1,1,0,0,1
12,6,0.08,402,21467221,3.7220497029272116e-06,6.691683000310393e-06,-24.292178317525654,-21.74464640703786,44.377973332649425,5,13,1,1,1,1,1,0,0,1
12,6,0.08,403,21467222,3.3688697399568377e-06,4.414208085038179e-06,-24.725157810377667,-23.551471981218498,23.681220389779153,4,25,1,0,1,1,1,0,0,1
12,6,0.08,404,21467223,2.4943912233275525e-06,4.380826797560528e-06,-26.030354302450025,-23.584439169543696,43.06117683729109,5,8,1,1,1,1,1,0,0,1
12,6,0.08,405,21467224,3.2806132316887697e-06,4.21024701728254e-06,-24.84044967798791,-23.756924231439882,22.080267066937864,3,7,1,1,1,1,1,0,0,1
12,6,0.08,406,21467225,2.3006276060914296e-06,3.6908853949771913e-06,-26.381536732514267,-24.328694397953296,37.667324777347986,3,9,1,1,1,1,1,0,0,1
12,6,0.08,407,21467226,3.01456421030477e-06,3.050604039786242e-06,-25.207754612150982,-25.156141589572634,1.1813997821886184,5,14,1,1,1,1,1,0,0,1
12,6,0.08,408,21467227,2.4575098553109755e-06,3.591603983311708e-06,-26.095047318483836,-24.447115554523844,31.57625766287905,4,7,1,1,1,1,1,0,0,1
12,6,0.08,409,21467228,4.332865236492824e-06,8.307669702977205e-06,-23.63224818456438,-20.805207785098226,47.84499876132458,4,12,1,1,1,1,1,0,0,1
12,6,0.08,410,21467229,3.5559926759515764e-06,5.912796504558327e-06,-24.49039142189195,-22.282070674693855,39.85937663827649,6,8,1,1,1,1,1,0,0,1
12,6,0.08,411,21467230,3.131941414198659e-06,5.8417453697875815e-06,-25.04186370409819,-22.33457376993798,46.38688926093088,4,8,1,1,1,1,1,0,0,1
12,6,0.08,412,21467231,4.081176192067526e-06,1.199288465389237e-05,-23.892146555107484,-19.210763432907598,65.97002047590816,3,9,1,1,1,1,1,0,0,1
12,6,0.08,413,21467232,2.4664954885004908e-06,4.266858081456034e-06,-26.079196745748924,-23.698918018244267,42.19410532494633,3,9,1,1,1,1,1,0,0,1
12,6,0.08,414,21467233,4.078671720781964e-06,6.8888196959661825e-06,-23.89481248247568,-21.61855182074924,40.7928803366668,6,8,1,1,1,1,1,0,0,1
12,6,0.08,415,21467234,5.448130328408604e-06,1.0965156259727592e-05,-22.63752511919116,-19.59985174998415,50.31415695900031,5,11,1,1,1,1,1,0,0,1
12,6,0.08,416,21467235,3.899970924136736e-06,4.1403892682480585e-06,-24.08938630802743,-23.82958825762019,5.806660401596785,6,10,1,1,1,1,1,0,0,1
12,6,0.08,417,21467236,5.159664328141512e-06,5.493475779960325e-06,-22.87378551314219,-22.601527858933967,6.076507209452436,6,8,1,1,1,1,1,0,0,1
12,6,0.08,418,21467237,2.980750857906656e-06,4.000199910859584e-06,-25.25674322376676,-23.979183041686063,25.484952644125812,4,9,1,1,1,1,1,0,0,1
12,6,0.08,419,21467238,3.860351078396119e-06,6.629865344945492e-06,-24.133731967591498,-21.784952921896465,41.773310956621586,3,10,1,1,1,1,1,0,0,1
12,6,0.08,420,21467239,2.661917032192283e-06,5.015685655697881e-06,-25.748054849329435,-22.99669689536527,46.92815270095102,4,10,1,1,1,1,1,0,0,1
12,6,0.08,421,21467240,5.854544239245308e-06,8.031909775997598e-06,-22.325069079502796,-20.951811786859157,27.108939187278803,3,10,1,1,1,1,1,0,0,1
12,6,0.08,422,21467241,2.9951532250683104e-06,3.859630835957953e-06,-25.235809552114013,-24.134542325234577,22.397935129852414,5,8,1,1,1,1,1,0,0,1
12,6,0.08,423,21467242,4.606085036422296e-06,1.1859803233547315e-05,-23.366680484586183,-19.25922516308477,61.16221369176462,3,10,1,1,1,1,1,0,0,1
12,6,0.08,424,21467243,2.0715761934871178e-06,4.377364178215132e-06,-26.83699088529113,-23.587873204168307,52.67526051872152,4,8,1,1,1,1,1,0,0,1
12,6,0.08,425,21467244,2.7641698985211544e-06,6.6778762878861905e-06,-25.584352667527735,-21.753616308021687,58.60705141340493,5,11,1,1,1,1,1,0,0,1
12,6,0.08,426,21467245,5.846654541464309e-06,7.309788919491489e-06,-22.330925663590712,-21.360951637293674,20.016096143703205,5,7,1,1,1,1,1,0,0,1
12,6,0.08,427,21467246,3.736990475586375e-06,5.313430436360228e-06,-24.27478009029022,-22.74625000848387,29.668967715962726,3,11,1,1,1,1,1,0,0,1
12,6,0.08,428,21467247,1.1404427801972008e-05,1.542487320314291e-05,-19.42926499837583,-18.117783973045547,26.06469011590781,6,8,1,1,1,1,1,0,0,1
12,6,0.08,429,21467248,4.9571028337869935e-06,9.577672341168012e-06,-23.04772071677256,-20.187400245555484,48.24313614822965,4,9,1,1,1,1,1,0,0,1
12,6,0.08,430,21467249,4.136736441789561e-06,7.932228753952319e-06,-23.83342147831259,-21.00604769864278,47.849002214814,3,22,1,1,1,1,1,0,0,1
12,6,0.08,431,21467250,4.2788087459261326e-06,5.071666007096846e-06,-23.68677125164867,-22.948493545054408,15.63307323592007,3,7,1,1,1,1,1,0,0,1
12,6,0.08,432,21467251,5.696839549415411e-06,9.575552792583153e-06,-22.443660122064408,-20.18836145000211,40.50641594469659,5,8,1,1,1,1,1,0,0,1
12,6,0.08,433,21467252,3.856549733941078e-06,4.764886480836299e-06,-24.13801063617703,-23.21947441580462,19.063135093531045,4,10,1,1,1,1,1,0,0,1
12,6,0.08,434,21467253,3.5910267393114097e-06,5.303882617948772e-06,-24.44781361041524,-22.754060960175423,32.294377572401736,5,8,1,1,1,1,1,0,0,1
12,6,0.08,435,21467254,3.021912620070324e-06,4.3612740559922784e-06,-25.197180976309884,-23.60386622048071,30.710324981336736,4,7,1,1,1,1,1,0,0,1
12,6,0.08,436,21467255,8.734010063080116e-06,1.2934169318195373e-05,-20.587863120325345,-18.882614581038684,32.473359144963474,4,10,1,1,1,1,1,0,0,1
12,6,0.08,437,21467256,2.3758219098039985e-06,3.7020507416999063e-06,-26.241861169265963,-24.315576329388012,35.824166777544775,3,8,1,1,1,1,1,0,0,1
12,6,0.08,438,21467257,3.4133802925969718e-06,5.2330965132845805e-06,-24.668153232725885,-22.81241255552633,34.773221095161006,4,11,1,1,1,1,1,0,0,1
12,6,0.08,439,21467258,3.2855287198363373e-06,5.858300976269334e-06,-24.833947321526843,-22.322283197532325,43.91669644244502,4,10,1,1,1,1,1,0,0,1
12,6,0.08,440,21467259,4.01927174558753e-06,5.450393587356985e-06,-23.958526298817567,-22.635721350361315,26.257220122399215,3,8,1,1,1,1,1,0,0,1
12,6,0.08,441,21467260,7.408692037945149e-06,8.779673089392314e-06,-21.302584574514643,-20.565216547221645,15.615399770449292,3,10,1,1,1,1,1,0,0,1
12,6,0.08,442,21467261,3.6300834028373847e-06,4.036562778653285e-06,-24.40083396733599,-23.93988288761962,10.069938165349523,4,13,1,1,1,1,1,0,0,1
12,6,0.08,443,21467262,4.851000542706621e-06,6.950802604875033e-06,-23.141686767871548,-21.579650447993536,30.209490637752964,4,14,1,1,1,1,1,0,0,1
12,6,0.08,444,21467263,4.611544544534077e-06,9.942023840130374e-06,-23.361535920024792,-20.025251997944192,53.61563582336367,4,9,1,1,1,1,1,0,0,1
12,6,0.08,445,21467264,2.6452317861840234e-06,3.440916703133893e-06,-25.775362672770758,-24.63325840545931,23.124213272154527,4,8,1,1,1,1,1,0,0,1
12,6,0.08,446,21467265,3.2165073123396677e-06,3.937089451011529e-06,-24.92615456946605,-24.048247178896315,18.30240708619732,4,8,1,1,1,1,1,0,0,1
12,6,0.08,447,21467266,2.335560124546912e-06,3.235858590280085e-06,-26.31608948148046,-24.900104656762476,27.822552828405463,5,7,1,1,1,1,1,0,0,1
12,6,0.08,448,21467267,3.3646936655977236e-06,4.894495888640486e-06,-24.730544694478922,-23.10292031962144,31.255562530826566,3,8,1,1,1,1,1,0,0,1
12,6,0.08,449,21467268,3.3586508566721416e-06,3.4397952400758295e-06,-24.738351402195722,-24.63467408809828,2.3589887693983544,5,6,1,1,1,1,1,0,0,1
12,6,0.08,450,21467269,2.718590897954596e-06,3.585481847117932e-06,-25.656561414851033,-24.454524719396918,24.177808900640706,3,7,1,1,1,1,1,0,0,1
12,6,0.08,451,21467270,2.878968920865805e-06,4.324016132573741e-06,-25.407630234058143,-23.641126943961822,33.41909852791912,4,9,1,1,1,1,1,0,0,1
12,6,0.08,452,21467271,5.875591540840929e-06,7.712573181835377e-06,-22.309484031004118,-21.12800702074878,23.81801245427273,3,8,1,1,1,1,1,0,0,1
12,6,0.08,453,21467272,4.330948743057802e-06,5.948324813095525e-06,-23.634169561313634,-22.256053245005383,27.190446400589817,5,9,1,1,1,1,1,0,0,1
12,6,0.08,454,21467273,3.11433978750139e-06,5.0098298694742534e-06,-25.066340058377612,-23.001770222371643,37.83541819498517,3,7,1,1,1,1,1,0,0,1
12,6,0.08,455,21467274,3.897404879301486e-06,5.65786696088391e-06,-24.092244754716642,-22.473472687618997,31.11529651993431,4,7,1,1,1,1,1,0,0,1
12,6,0.08,456,21467275,5.577842782544862e-06,1.0835866754352963e-05,-22.535337309511934,-19.651363440047827,48.524258289682805,4,8,1,1,1,1,1,0,0,1
12,6,0.08,457,21467276,2.8741742192692643e-06,4.131951676947542e-06,-25.414869104627257,-23.83844766183818,30.440275105236815,3,10,1,1,1,1,1,0,0,1
12,6,0.08,458,21467277,2.2405688281191464e-06,3.4851638694273525e-06,-26.49641710437294,-24.577767969304176,35.711234476693505,6,8,1,1,1,1,1,0,0,1
12,6,0.08,459,21467278,4.211217118687267e-06,6.199356835735643e-06,-23.75592366982252,-22.076533648856014,32.070096458844255,3,9,1,1,1,1,1,0,0,1
12,6,0.08,460,21467279,1.9801576826524713e-06,2.9564481490362893e-06,-27.033002249004983,-25.292297333687106,33.02241125730747,6,9,1,1,1,1,1,0,0,1
12,6,0.08,461,21467280,4.68617840203947e-06,7.766320729698955e-06,-23.291811819049805,-21.09784678139416,39.66025142228295,3,13,1,1,1,1,1,0,0,1
12,6,0.08,462,21467281,3.3194529501416764e-06,5.008116644575947e-06,-24.789334826545534,-23.00325564480987,33.7185376116026,4,9,1,1,1,1,1,0,0,1
12,6,0.08,463,21467282,6.128256536610066e-06,6.726232873635401e-06,-22.126630628757475,-21.722281007466183,8.890211627510006,3,8,1,1,1,1,1,0,0,1
12,6,0.08,464,21467283,3.0374316860560476e-06,2.74350800784745e-06,-25.174934808677136,-25.616937678320774,-10.713425197515983,3,7,1,1,1,1,0,1,0,1
12,6,0.08,465,21467284,6.625119870830782e-06,1.0708215994305532e-05,-21.788062594637005,-19.70282877288155,38.13049835421772,4,25,1,0,1,1,1,0,0,1
12,6,0.08,466,21467285,2.0403919155506277e-06,2.735641274699074e-06,-26.902864059008525,-25.629408523586513,25.414492959239524,3,7,1,1,1,1,1,0,0,1
12,6,0.08,467,21467286,3.737935349827726e-06,6.053977278420528e-06,-24.273682143151,-22.179592133555115,38.25653487085854,5,7,1,1,1,1,1,0,0,1
12,6,0.08,468,21467287,3.3125085255284613e-06,4.430477042048685e-06,-24.798429952935656,-23.535495095387077,25.23359236285009,5,7,1,1,1,1,1,0,0,1
12,6,0.08,469,21467288,3.1565893225962667e-06,4.633858527794254e-06,-25.007819168508657,-23.34057229401499,31.879894397664682,3,9,1,1,1,1,1,0,0,1
12,6,0.08,470,21467289,3.416927428661526e-06,3.58484000724649e-06,-24.663642449842445,-24.455302222892126,4.683962973118488,4,8,1,1,1,1,1,0,0,1
12,6,0.08,471,21467290,5.4402196970536754e-06,8.030305659303067e-06,-22.643835614614712,-20.952679237596428,32.253890102536644,3,8,1,1,1,1,1,0,0,1
12,6,0.08,472,21467291,6.705167552546668e-06,9.83914854866264e-06,-21.735903652788604,-20.070424825256538,31.852156521632658,4,8,1,1,1,1,1,0,0,1
12,6,0.08,473,21467292,3.881466685047311e-06,6.9548362290331706e-06,-24.11004137070372,-21.57713092223279,44.19039417716246,3,7,1,1,1,1,1,0,0,1
12,6,0.08,474,21467293,4.072443682511953e-06,4.790849020474045e-06,-23.901449128005233,-23.19587515346859,14.995365850435574,5,7,1,1,1,1,1,0,0,1
12,6,0.08,475,21467294,3.0281921951002453e-06,4.743823242423231e-06,-25.188165642371594,-23.238715014039876,36.16557699663805,4,8,1,1,1,1,1,0,0,1
12,6,0.08,476,21467295,4.0746624428535696e-06,6.057559208635832e-06,-23.89908363679394,-22.177023322283176,32.73425314531614,4,11,1,1,1,1,1,0,0,1
12,6,0.08,477,21467296,2.2438993277638154e-06,3.2494151204587716e-06,-26.489966315412854,-24.88194802964592,30.944516333542254,4,7,1,1,1,1,1,0,0,1
12,6,0.08,478,21467297,3.623808255441868e-06,4.770030702773151e-06,-24.40834789970555,-23.21478825571617,24.02966602845772,4,13,1,1,1,1,1,0,0,1
12,6,0.08,479,21467298,2.928237111382201e-06,2.9590630808365383e-06,-25.33393759582371,-25.288457765199304,1.0417476279560316,5,9,1,1,1,1,1,0,0,1
12,6,0.08,480,21467299,1.9100241852958172e-06,4.248508184319862e-06,-27.189611335512165,-23.71763540785864,55.04247367710813,4,9,1,1,1,1,1,0,0,1
12,6,0.08,481,21467300,6.627839305276131e-06,8.519797107201199e-06,-21.786280297756143,-20.69570747518761,22.20660630903905,5,9,1,1,1,1,1,0,0,1
12,6,0.08,482,21467301,3.7264503709792383e-06,6.372726164970431e-06,-24.287046583471575,-21.956747426840053,41.52501967740632,4,11,1,1,1,1,1,0,0,1
12,6,0.08,483,21467302,3.541163784985462e-06,4.8486064954536e-06,-24.508539859020374,-23.143830610459037,26.965329351723835,3,9,1,1,1,1,1,0,0,1
12,6,0.08,484,21467303,1.8249532534392446e-06,2.751528322452482e-06,-27.38748255609369,-25.60426012483382,33.67492391237194,5,8,1,1,1,1,1,0,0,1
12,6,0.08,485,21467304,4.810497620945631e-06,5.75670141768665e-06,-23.17809995798217,-22.398262954734545,16.436561983811448,6,8,1,1,1,1,1,0,0,1
12,6,0.08,486,21467305,4.275635555491874e-06,5.917219701124706e-06,-23.689993200638636,-22.2788230545431,27.742491043907165,5,13,1,1,1,1,1,0,0,1
12,6,0.08,487,21467306,7.869339181278486e-06,8.749594330860688e-06,-21.040617354902086,-20.58012082286584,10.060525280325916,4,7,1,1,1,1,1,0,0,1
12,6,0.08,488,21467307,5.121166759247735e-06,6.074199116055101e-06,-22.90631082114843,-22.165109757390212,15.689843855930672,4,11,1,1,1,1,1,0,0,1
12,6,0.08,489,21467308,4.4942947090983995e-06,4.9424702836519295e-06,-23.473384525357858,-23.06055933179649,9.067845608216356,5,14,1,1,1,1,1,0,0,1
12,6,0.08,490,21467309,4.713694249815751e-06,6.186142490157439e-06,-23.2663859107862,-22.08580080780237,23.802365410826706,5,8,1,1,1,1,1,0,0,1
12,6,0.08,491,21467310,1.9795607007634607e-06,4.019221240724494e-06,-27.03431176608197,-23.95858087119416,50.74765527446729,7,9,1,1,1,1,1,0,0,1
12,6,0.08,492,21467311,3.4239112136638e-06,4.470035961514842e-06,-24.65477505652543,-23.496889829475638,23.403049927511603,4,9,1,1,1,1,1,0,0,1
12,6,0.08,493,21467312,3.2849662621489454e-06,5.686172188937976e-06,-24.834690864505582,-22.45179993120192,42.22886411108685,5,25,1,0,1,1,1,0,0,1
12,6,0.08,494,21467313,5.618704339817918e-06,1.0936967025495334e-05,-22.50363820185556,-19.61103097263451,48.62648550809317,4,24,1,1,1,1,1,0,0,1
12,6,0.08,495,21467314,2.6110173864658857e-06,3.2870346747369037e-06,-25.83190236250187,-24.83195714547073,20.56617453617604,5,7,1,1,1,1,1,0,0,1
12,6,0.08,496,21467315,4.683204895060491e-06,7.761874875489542e-06,-23.2945684096925,-21.10033362539374,39.66399909577104,5,9,1,1,1,1,1,0,0,1
12,6,0.08,497,21467316,3.5370022845105254e-06,5.4298481650583735e-06,-24.513646596791713,-22.65212314425749,34.86001492138407,4,7,1,1,1,1,1,0,0,1
12,6,0.08,498,21467317,4.36091352007465e-06,5.307263434305231e-06,-23.604225256005407,-22.751293549510464,17.831221795276626,5,8,1,1,1,1,1,0,0,1
12,6,0.08,499,21467318,3.5357173422885353e-06,4.397034094317389e-06,-24.51522461303486,-23.568401668759726,19.58858479496433,3,7,1,1,1,1,1,0,0,1
12,6,0.08,500,21467319,3.209814582282429e-06,5.024997309936374e-06,-24.93520054267205,-22.98864166401026,36.123058694272785,4,8,1,1,1,1,1,0,0,1
12,8,0.08,1,21468820,2.5444450541602145e-06,7.058634688451921e-06,-25.944069230310763,-21.51279293935862,63.95273071259826,5,20,1,1,1,1,1,0,0,1
12,8,0.08,2,21468821,2.609418623186173e-06,2.609422869147752e-06,-25.83456242419278,-25.834555357499198,0.00016271650061608313,3,7,1,1,1,1,1,0,0,1
12,8,0.08,3,21468822,4.5114560448535535e-06,5.202082449345348e-06,-23.45683269609753,-22.838227688237367,13.275960371960384,12,15,1,1,1,1,1,0,0,1
12,8,0.08,4,21468823,2.216598483768411e-06,2.4545721773488822e-06,-26.543129681738034,-26.10024192831392,9.695119001857998,5,13,1,1,1,1,1,0,0,1
12,8,0.08,5,21468824,2.065825320077681e-06,2.0658259837455297e-06,-26.849064038878524,-26.849062643662602,3.212602870835691e-05,3,8,1,1,1,1,0,0,1,1
12,8,0.08,6,21468825,1.807390314398618e-06,3.1770805257348185e-06,-27.42948049384381,-24.97971777480349,43.111598848109416,3,12,1,1,1,1,1,0,0,1
12,8,0.08,7,21468826,4.4027273654493165e-06,5.561518549343088e-06,-23.562782069653842,-22.548066099367418,20.835877352789637,5,9,1,1,1,1,1,0,0,1
12,8,0.08,8,21468827,1.878365574887338e-06,2.7460093408144553e-06,-27.262198797454417,-25.61297989802368,31.596533669101703,4,9,1,1,1,1,1,0,0,1
12,8,0.08,9,21468828,8.175153421391115e-06,1.1607924953504106e-05,-20.875040882776645,-19.35245408322251,29.57265442241453,5,13,1,1,1,1,1,0,0,1
12,8,0.08,10,21468829,4.947654526205402e-06,5.9245223315856e-06,-23.056006329315085,-22.273466591776344,16.4885496366887,4,8,1,1,1,1,1,0,0,1
12,8,0.08,11,21468830,2.9432040700349594e-06,5.507726687828432e-06,-25.3117962460867,-22.590276190529135,46.562270845080796,5,19,1,1,1,1,1,0,0,1
12,8,0.08,12,21468831,2.75719345320404e-06,3.922247805921078e-06,-25.595327613836886,-24.064649712637678,29.70374158813363,3,9,1,1,1,1,1,0,0,1
12,8,0.08,13,21468832,2.2614261732499552e-06,2.5353897469397663e-06,-26.456175857086947,-25.959552702814612,10.80558024739538,4,8,1,1,1,1,1,0,0,1
12,8,0.08,14,21468833,3.363432573862837e-06,4.916445654337244e-06,-24.73217274118482,-23.08348757102259,31.588126660250037,3,11,1,1,1,1,1,0,0,1
12,8,0.08,15,21468834,7.65164562876699e-06,1.0691018198219051e-05,-21.16245151691633,-19.70980931198127,28.429215188861725,4,16,1,1,1,1,1,0,0,1
12,8,0.08,16,21468835,3.3368712763596406e-06,4.502604388611044e-06,-24.76660546430303,-23.46536209686171,25.890196242868377,4,13,1,1,1,1,1,0,0,1
12,8,0.08,17,21468836,2.2686466759094027e-06,3.858647985489581e-06,-26.442331368393106,-24.135648391877492,41.20617676345101,4,10,1,1,1,1,1,0,0,1
12,8,0.08,18,21468837,4.37328499214961e-06,4.373333200069099e-06,-23.591922202346034,-23.59187432913845,0.0011023152658090419,3,8,1,1,1,1,1,0,0,1
12,8,0.08,19,21468838,2.924885252809404e-06,3.459968918862551e-06,-25.338911672054607,-24.60927802486736,15.464984761454257,4,8,1,1,1,1,1,0,0,1
12,8,0.08,20,21468839,1.9679813202445406e-06,2.5530174871844367e-06,-27.05979028137005,-25.92946210435979,22.915478247863312,4,8,1,1,1,1,1,0,0,1
12,8,0.08,21,21468840,4.2789635495868785e-06,5.536070458811842e-06,-23.68661413044159,-22.56798391152733,22.707567011254493,5,12,1,1,1,1,1,0,0,1
12,8,0.08,22,21468841,2.2496023607129088e-06,2.6744425526449457e-06,-26.47894240915226,-25.72766726367675,15.885186672335973,4,8,1,1,1,1,1,0,0,1
12,8,0.08,23,21468842,2.038914311146299e-06,3.519748489713212e-06,-26.906010258051396,-24.534883687469264,42.0721589310937,3,10,1,1,1,1,1,0,0,1
12,8,0.08,24,21468843,2.223049588533211e-06,3.1156481996699716e-06,-26.530508495879456,-25.064515861623484,28.648889538661972,3,12,1,1,1,1,1,0,0,1
12,8,0.08,25,21468844,5.11613269972907e-06,1.0306508663649385e-05,-22.91058199531015,-19.868884273353913,50.360176596237174,3,11,1,1,1,1,1,0,0,1
12,8,0.08,26,21468845,5.572999377556424e-06,6.492732870916305e-06,-22.539110054497797,-21.875724648422473,14.165583455308255,12,11,1,1,1,1,1,0,0,1
12,8,0.08,27,21468846,2.506969886480572e-06,2.9990294933074896e-06,-26.008508827206285,-25.230192632442364,16.40729469066502,6,7,1,1,1,1,1,0,0,1
12,8,0.08,28,21468847,4.535305244494786e-06,6.730791048724218e-06,-23.43393477834646,-21.71933891510497,32.6185405004598,6,8,1,1,1,1,1,0,0,1
12,8,0.08,29,21468848,5.423635903303878e-06,8.054906106807574e-06,-22.65709472993035,-20.93939517632475,32.66667753308618,5,10,1,1,1,1,1,0,0,1
12,8,0.08,30,21468849,2.121371831221021e-06,2.420898182212663e-06,-26.733832022546355,-26.160234756689917,12.372529881363262,4,11,1,1,1,1,1,0,0,1
12,8,0.08,31,21468850,3.7983109437388238e-06,4.252767184703849e-06,-24.204094851960733,-23.713283918371136,10.686130258895718,3,8,1,1,1,1,1,0,0,1
12,8,0.08,32,21468851,2.8694963674180665e-06,3.5533334257318563e-06,-25.421943207031482,-24.493640387360035,19.244944855490008,4,10,1,1,1,1,1,0,0,1
12,8,0.08,33,21468852,4.021688319415613e-06,4.389937104990056e-06,-23.955915902293366,-23.575417018880444,8.388475205165314,6,12,1,1,1,1,1,0,0,1
12,8,0.08,34,21468853,2.0136653434622835e-06,2.280145500707758e-06,-26.960127043703736,-26.42037438903799,11.68698037746973,4,7,1,1,1,1,1,0,0,1
12,8,0.08,35,21468854,3.991367751646936e-06,7.684135881190573e-06,-23.98878255890982,-21.144049639652778,48.05703837933021,6,9,1,1,1,1,1,0,0,1
12,8,0.08,36,21468855,3.75933127883043e-06,3.7595116844160298e-06,-24.248894018124737,-24.248685610659045,0.004798644099110389,3,9,1,1,1,1,1,0,0,1
12,8,0.08,37,21468856,3.752659245366333e-06,5.173546032550816e-06,-24.256608692601898,-22.86211682346935,27.464465924234084,5,10,1,1,1,1,1,0,0,1
12,8,0.08,38,21468857,2.321585560734124e-06,2.8547101893423923e-06,-26.34215306023239,-25.44437974828993,18.67526274991432,7,8,1,1,1,1,1,0,0,1
12,8,0.08,39,21468858,2.5431073679001906e-06,3.698654519915905e-06,-25.946353038816063,-24.319562329185356,31.242365184245095,4,8,1,1,1,1,1,0,0,1
12,8,0.08,40,21468859,2.4965363760291222e-06,4.7363937634615e-06,-26.02662101632253,-23.245521994038405,47.29035420812273,5,8,1,1,1,1,1,0,0,1
12,8,0.08,41,21468860,3.0965602932363806e-06,6.394866660504812e-06,-25.09120459408671,-21.941685065740216,51.57740641629051,6,15,1,1,1,1,1,0,0,1
12,8,0.08,42,21468861,3.034099985261096e-06,5.3380398914211485e-06,-25.179701116403628,-22.72618185033459,43.16078472667003,3,11,1,1,1,1,1,0,0,1
12,8,0.08,43,21468862,2.867474245281436e-06,3.777936962683844e-06,-25.425004741005868,-24.22745292837414,24.0994682122916,3,7,1,1,1,1,1,0,0,1
12,8,0.08,44,21468863,5.304980116292444e-06,5.392024835017955e-06,-22.753162395478725,-22.68248116159974,1.6143234014837573,4,6,1,1,1,1,1,0,0,1
12,8,0.08,45,21468864,7.1583087623057255e-06,9.94709181093291e-06,-21.45189572937689,-20.023038735333387,28.036164756838936,6,12,1,1,1,1,1,0,0,1
12,8,0.08,46,21468865,2.9510953272564647e-06,4.5004590771901615e-06,-25.300167615495862,-23.46743182997695,34.42679343061673,7,9,1,1,1,1,1,0,0,1
12,8,0.08,47,21468866,6.1799663900042855e-06,1.0110405738669228e-05,-22.090138868327646,-19.952314154743434,38.875189089911665,4,19,1,1,1,1,1,0,0,1
12,8,0.08,48,21468867,1.3517684463274378e-06,1.7153710755275799e-06,-28.69097695298809,-27.656419172411532,21.196733137657255,5,7,1,1,1,1,1,0,0,1
12,8,0.08,49,21468868,3.4347990311163515e-06,3.4348193246956185e-06,-24.640986682785222,-24.640961023748467,0.0005908194099499319,4,10,1,1,1,1,1,0,0,1
12,8,0.08,50,21468869,3.4184107258800537e-06,3.946077528190765e-06,-24.661757575114738,-24.038343864597316,13.37193196385681,4,8,1,1,1,1,1,0,0,1
12,8,0.08,51,21468870,4.842253135856117e-06,5.515614020158619e-06,-23.149525109223916,-22.584061331380283,12.208266964321373,9,25,1,0,1,1,1,0,0,1
12,8,0.08,52,21468871,5.126878990252394e-06,5.80352040289969e-06,-22.901469330932173,-22.363084844114645,11.659154541943487,4,11,1,1,1,1,1,0,0,1
12,8,0.08,53,21468872,3.0663311529450064e-06,4.638237387504027e-06,-25.133809446771785,-23.336470277021775,33.89016350896412,4,11,1,1,1,1,1,0,0,1
12,8,0.08,54,21468873,3.2309373665803333e-06,4.397786257491224e-06,-24.906714609276356,-23.567658821711994,26.532642165663944,3,9,1,1,1,1,1,0,0,1
12,8,0.08,55,21468874,2.9453015978125157e-06,4.30829840668875e-06,-25.308702270027766,-23.656942236911288,31.636546037761565,4,12,1,1,1,1,1,0,0,1
12,8,0.08,56,21468875,4.5651440673392956e-06,5.362068422418785e-06,-23.405455123984208,-22.70667648523724,14.86225635889971,3,9,1,1,1,1,1,0,0,1
12,8,0.08,57,21468876,1.9672104586904437e-06,3.2636966042091677e-06,-27.061491753330476,-24.86290220396731,39.72446899159237,6,13,1,1,1,1,1,0,0,1
12,8,0.08,58,21468877,2.049126375347209e-06,3.0927436756199936e-06,-26.88431256619069,-25.096560725208295,33.74406060546138,4,8,1,1,1,1,1,0,0,1
12,8,0.08,59,21468878,2.5279645331938077e-06,3.911720362218516e-06,-25.972290234063735,-24.07632199254122,35.374610168706354,3,8,1,1,1,1,1,0,0,1
12,8,0.08,60,21468879,3.435140886229658e-06,5.122321624452745e-06,-24.64055446418876,-22.905331561800025,32.93781339634918,3,10,1,1,1,1,1,0,0,1
12,8,0.08,61,21468880,3.0817779934899764e-06,4.164073455568138e-06,-25.111986503920978,-23.804816180023924,25.991267292149512,3,14,1,1,1,1,1,0,0,1
12,8,0.08,62,21468881,1.884570653018368e-06,1.9786823995020843e-06,-27.247875761019746,-27.036239092867433,4.7562836010164435,3,10,1,1,1,1,1,0,0,1
12,8,0.08,63,21468882,4.482732041463058e-06,8.060061966138186e-06,-23.484572206238447,-20.936616193055258,44.38340473936993,7,18,1,1,1,1,1,0,0,1
12,8,0.08,64,21468883,3.724564182359198e-06,3.724642348320626e-06,-24.289245374847287,-24.289154232131395,0.002098616568193713,3,9,1,1,1,1,1,0,0,1
12,8,0.08,65,21468884,4.905065845046376e-06,5.355865141553401e-06,-23.093551583251404,-22.711703668759643,8.416927696881404,3,9,1,1,1,1,1,0,0,1
12,8,0.08,66,21468885,2.1169791160793533e-06,2.7806046923071818e-06,-26.7428342625845,-25.558607486952077,23.866232336578236,4,7,1,1,1,1,1,0,0,1
12,8,0.08,67,21468886,2.4847457605045636e-06,3.263815708340615e-06,-26.047180417228365,-24.862743717044307,23.869912319042825,3,9,1,1,1,1,1,0,0,1
12,8,0.08,68,21468887,2.9447323583324924e-06,3.6007208307138684e-06,-25.309541713629166,-24.436105488259898,18.218254155830284,5,22,1,1,1,1,1,0,0,1
12,8,0.08,69,21468888,5.010786414939711e-06,6.2094413256068645e-06,-23.000941086903705,-22.069474723066214,19.30374807994512,5,9,1,1,1,1,1,0,0,1
12,8,0.08,70,21468889,3.504441697337955e-06,5.565849951882959e-06,-24.553811608866095,-22.544685058617723,37.03671986068574,3,9,1,1,1,1,1,0,0,1
12,8,0.08,71,21468890,3.4390370625779602e-06,4.747962171053868e-06,-24.635631437515954,-23.234927499044744,27.56814526568513,4,11,1,1,1,1,1,0,0,1
12,8,0.08,72,21468891,6.221619545800044e-06,6.834582310567527e-06,-22.060965496740312,-21.652880218070024,8.968547555857645,3,8,1,1,1,1,1,0,0,1
12,8,0.08,73,21468892,2.105279412312118e-06,2.201014603381893e-06,-26.76690256516018,-26.57377075962266,4.349593633893961,3,7,1,1,1,1,1,0,0,1
12,8,0.08,74,21468893,3.79680686635694e-06,6.320648748585038e-06,-24.20581493723704,-21.99238343636778,39.930108167980286,3,19,1,1,1,1,1,0,0,1
12,8,0.08,75,21468894,5.760780748633802e-06,8.131881789378337e-06,-22.395186534092076,-20.898089431911355,29.158085448826974,8,9,1,1,1,1,1,0,0,1
12,8,0.08,76,21468895,6.262082864846129e-06,7.941713797425386e-06,-22.03281189752111,-21.000857680450547,21.14947699479896,5,9,1,1,1,1,1,0,0,1
12,8,0.08,77,21468896,3.5040638720826504e-06,3.504066869055912e-06,-24.554279861111986,-24.554276146658026,8.552842663852214e-05,3,8,1,1,1,1,1,0,0,1
12,8,0.08,78,21468897,5.718519001708726e-06,7.898653049943425e-06,-22.427164314632563,-21.02446962235076,27.601339550549245,4,8,1,1,1,1,1,0,0,1
12,8,0.08,79,21468898,3.5776948214251807e-06,4.6707816601238855e-06,-24.463967076545092,-23.306104337226333,23.402653308134134,6,19,1,1,1,1,1,0,0,1
12,8,0.08,80,21468899,1.3331071137705002e-06,1.7966316765653892e-06,-28.751349540741074,-27.45540947504656,25.799643234667126,4,6,1,1,1,1,1,0,0,1
12,8,0.08,81,21468900,2.8156353775096806e-06,3.391917311791129e-06,-25.504235866706956,-24.69554743523386,16.98985798616471,5,9,1,1,1,1,1,0,0,1
12,8,0.08,82,21468901,3.481320735271342e-06,3.4813803046059826e-06,-24.58255963173133,-24.582485319670027,0.0017110838066691327,4,10,1,1,1,1,1,0,0,1
12,8,0.08,83,21468902,2.1013462079098643e-06,3.2496314735664706e-06,-26.775023893845393,-24.8816588765848,35.33586115832277,4,10,1,1,1,1,1,0,0,1
12,8,0.08,84,21468903,3.1924517148109924e-06,4.895086297335613e-06,-24.958756626314155,-23.10239647450977,34.78252433366418,3,10,1,1,1,1,1,0,0,1
12,8,0.08,85,21468904,5.803207057669779e-06,8.234860641924058e-06,-22.36331933588638,-20.843437459727326,29.528776381164462,5,12,1,1,1,1,1,0,0,1
12,8,0.08,86,21468905,1.649447772474859e-06,2.0289968372013506e-06,-27.82661431246293,-26.92718629944018,18.706242304941867,4,7,1,1,1,1,1,0,0,1
12,8,0.08,87,21468906,4.590345160285471e-06,4.661669541740614e-06,-23.381546574754893,-23.314585161619128,1.530017964948069,5,9,1,1,1,1,1,0,0,1
12,8,0.08,88,21468907,3.179050339343992e-06,4.949027573145552e-06,-24.977025951030857,-23.05480126542127,35.76414169534684,3,11,1,1,1,1,1,0,0,1
12,8,0.08,89,21468908,3.6607499703975525e-06,5.299009858805687e-06,-24.364299324636765,-22.75805272480212,30.916339694777857,7,17,1,1,1,1,1,0,0,1
12,8,0.08,90,21468909,3.168991263769462e-06,3.913585658547675e-06,-24.990789580649675,-24.074251561260805,19.02588724874188,6,8,1,1,1,1,1,0,0,1
12,8,0.08,91,21468910,3.460516096308127e-06,3.992511984228672e-06,-24.608591263331977,-23.987537715760613,13.32484135356512,3,7,1,1,1,1,1,0,0,1
12,8,0.08,92,21468911,2.4520258751617726e-06,2.452041883876958e-06,-26.104749512088084,-26.10472115808888,0.0006528728277768366,4,8,1,1,1,1,1,0,0,1
12,8,0.08,93,21468912,3.7340881452115427e-06,5.006559813541813e-06,-24.278154345050034,-23.004605909365402,25.416088406423736,6,8,1,1,1,1,1,0,0,1
12,8,0.08,94,21468913,1.3282635268766606e-06,1.3282643176122686e-06,-28.767157525927196,-28.767154940506444,5.9531495163172085e-05,3,8,1,1,1,1,0,0,1,1
12,8,0.08,95,21468914,5.985229941825572e-06,9.133279849443791e-06,-22.229191601201084,-20.393732350919144,34.467901559043256,5,9,1,1,1,1,1,0,0,1
12,8,0.08,96,21468915,2.4180703293777297e-06,2.5364401968409217e-06,-26.16531071872071,-25.957753728451642,4.666771470134362,5,8,1,1,1,1,1,0,0,1
12,8,0.08,97,21468916,6.295611813919918e-06,1.2259165696392793e-05,-22.009620583284622,-19.11539084938481,48.64567483762476,5,19,1,1,1,1,1,0,0,1
12,8,0.08,98,21468917,5.456185486935553e-06,5.551810231996424e-06,-22.631108739484837,-22.5556538704263,1.72240658568916,7,9,1,1,1,1,1,0,0,1
12,8,0.08,99,21468918,3.842101205251367e-06,5.256168163758869e-06,-24.154311995203116,-22.793307485806515,26.903000711762868,3,11,1,1,1,1,1,0,0,1
12,8,0.08,100,21468919,2.7784930946726775e-06,3.6098772690354453e-06,-25.561906782197138,-24.425075632707248,23.03081552090863,6,8,1,1,1,1,1,0,0,1
12,8,0.08,101,21468920,3.1653411942585413e-06,3.5551006248290045e-06,-24.995794702288347,-24.49148102335196,10.963386742090039,5,7,1,1,1,1,1,0,0,1
12,8,0.08,102,21468921,2.76043921771226e-06,3.4070367467703958e-06,-25.590218111765452,-24.676231823013485,18.97829630605128,4,9,1,1,1,1,1,0,0,1
12,8,0.08,103,21468922,2.2095332082462278e-06,2.965251508121273e-06,-26.556994668105762,-25.279384645402615,25.485807790849222,3,7,1,1,1,1,1,0,0,1
12,8,0.08,104,21468923,3.2940268783902205e-06,8.453731582021412e-06,-24.822728614234197,-20.72951545754409,61.03464078046146,5,14,1,1,1,1,1,0,0,1
12,8,0.08,105,21468924,3.242173412775266e-06,3.7897501557524624e-06,-24.891637599386893,-24.213894205212846,14.44888766997026,7,9,1,1,1,1,1,0,0,1
12,8,0.08,106,21468925,5.494544960555812e-06,7.009009659316644e-06,-22.60068268536685,-21.543433415023983,21.607399224336177,6,10,1,1,1,1,1,0,0,1
12,8,0.08,107,21468926,3.890155396860578e-06,3.890156333725164e-06,-24.10033049920798,-24.100329453298425,2.4082954659076465e-05,3,8,1,1,1,1,0,0,1,1
12,8,0.08,108,21468927,5.495044716006573e-06,6.863601394157978e-06,-22.600287691484265,-21.63447946217673,19.939337959169155,10,15,1,1,1,1,1,0,0,1
12,8,0.08,109,21468928,1.8021778294986174e-06,2.6224001184225283e-06,-27.442023573305967,-25.81301044161675,31.277541636830968,4,7,1,1,1,1,1,0,0,1
12,8,0.08,110,21468929,3.9688120987788126e-06,4.953962222267048e-06,-24.013394620389775,-23.05047309563568,19.88610488509959,5,7,1,1,1,1,1,0,0,1
12,8,0.08,111,21468930,2.6171954986956123e-06,2.940994573565774e-06,-25.82163835314428,-25.315057768096988,11.009849449588588,4,7,1,1,1,1,1,0,0,1
12,8,0.08,112,21468931,3.7465934870096316e-06,4.575966880017441e-06,-24.263634261818922,-23.395171275449535,18.12454973460491,4,8,1,1,1,1,1,0,0,1
12,8,0.08,113,21468932,5.295528745763142e-06,5.717576445121901e-06,-22.760906701357577,-22.427880200797333,7.381583847800408,4,8,1,1,1,1,1,0,0,1
12,8,0.08,114,21468933,3.2162241348488442e-06,3.301334041967032e-06,-24.92653693401135,-24.813105298219902,2.5780459061778753,5,8,1,1,1,1,1,0,0,1
12,8,0.08,115,21468934,3.107165877984458e-06,3.792915784840272e-06,-25.07635561044885,-24.210267999508325,18.07975567495213,4,7,1,1,1,1,1,0,0,1
12,8,0.08,116,21468935,5.094491820613495e-06,6.203682865368926e-06,-22.928991306978848,-22.073504115903212,17.87955749555339,7,10,1,1,1,1,1,0,0,1
12,8,0.08,117,21468936,3.586389569866544e-06,4.331194466683455e-06,-24.45342537179291,-23.63392316406035,17.19629313682684,4,14,1,1,1,1,1,0,0,1
12,8,0.08,118,21468937,3.520134024042047e-06,3.7024963094126988e-06,-24.534408010690747,-24.315053657041204,4.925387363845307,5,10,1,1,1,1,1,0,0,1
12,8,0.08,119,21468938,1.783756305619435e-06,3.3725102874649318e-06,-27.486644786336328,-24.72046716887359,47.10894397418549,4,11,1,1,1,1,1,0,0,1
12,8,0.08,120,21468939,5.527399685811289e-06,7.511305568990477e-06,-22.574791304849228,-21.242845700358977,26.412264352145456,9,13,1,1,1,1,1,0,0,1
12,8,0.08,121,21468940,3.445282810458595e-06,4.814641730185117e-06,-24.62775122673507,-23.174360243011478,28.441553836527564,5,12,1,1,1,1,1,0,0,1
12,8,0.08,122,21468941,4.929846008555443e-06,5.954120836788376e-06,-23.071666463777667,-22.251823557460824,17.20278872918242,12,10,1,1,1,1,1,0,0,1
12,8,0.08,123,21468942,4.314122399246834e-06,4.713747581800383e-06,-23.65107537359714,-23.266336773836755,8.477865554288215,7,15,1,1,1,1,1,0,0,1
12,8,0.08,124,21468943,3.3872550260232115e-06,4.808658167535264e-06,-24.701521041451247,-23.179760944649075,29.5592469248154,5,7,1,1,1,1,1,0,0,1
12,8,0.08,125,21468944,2.8710920989230366e-06,6.011866067874845e-06,-25.419528759770124,-22.20990703173421,52.24291315694681,5,21,1,1,1,1,1,0,0,1
12,8,0.08,126,21468945,4.341798474538098e-06,6.258396410452142e-06,-23.62330338280769,-22.03536931854655,30.624425335428352,7,9,1,1,1,1,1,0,0,1
12,8,0.08,127,21468946,3.98297207198484e-06,4.862982109973609e-06,-23.99792738789115,-23.130973281192656,18.096098609615183,5,10,1,1,1,1,1,0,0,1
12,8,0.08,128,21468947,4.025507737510384e-06,5.066620839245392e-06,-23.95179334254594,-22.952815949366375,20.548470761235574,4,7,1,1,1,1,1,0,0,1
12,8,0.08,129,21468948,3.2973284022178404e-06,4.53968404845345e-06,-24.818377965121606,-23.429743719860816,27.366566328748085,4,8,1,1,1,1,1,0,0,1
12,8,0.08,130,21468949,4.334088593704445e-06,5.900770224765885e-06,-23.631022154518895,-22.290912964030504,26.550459878711827,6,10,1,1,1,1,1,0,0,1
12,8,0.08,131,21468950,2.364890318084406e-06,2.790235507674834e-06,-26.261889967254554,-25.54359138888737,15.244060525373994,5,10,1,1,1,1,1,0,0,1
12,8,0.08,132,21468951,3.87989464197826e-06,5.1851894762629955e-06,-24.11180067454431,-22.85235369073982,25.173522399907966,7,15,1,1,1,1,1,0,0,1
12,8,0.08,133,21468952,3.2568478813363604e-06,3.256856348403732e-06,-24.8720252569642,-24.872013966305285,0.0002599766911974231,3,8,1,1,1,1,1,0,0,1
12,8,0.08,134,21468953,3.0686349852627927e-06,4.0212810571509185e-06,-25.130547679103188,-23.956355719346284,23.690114129030228,10,10,1,1,1,1,1,0,0,1
12,8,0.08,135,21468954,7.332386724878358e-06,8.980545068145293e-06,-21.347546375380354,-20.46697303321133,18.352542420983816,7,12,1,1,1,1,1,0,0,1
12,8,0.08,136,21468955,2.2349113990417714e-06,3.452780096068984e-06,-26.507396893866172,-24.61831080528324,35.27211878954485,4,10,1,1,1,1,1,0,0,1
12,8,0.08,137,21468956,5.431412850413479e-06,7.585089085679871e-06,-22.650871845316473,-21.200393141268243,28.393552283154918,4,10,1,1,1,1,1,0,0,1
12,8,0.08,138,21468957,2.2682924133038416e-06,3.5955706998548384e-06,-26.443009597886725,-24.442321672764127,36.91425916349196,4,8,1,1,1,1,1,0,0,1
12,8,0.08,139,21468958,2.6466901351131538e-06,5.899716360098251e-06,-25.7729690134611,-22.291688673756973,55.13868847977842,3,8,1,1,1,1,1,0,0,1
12,8,0.08,140,21468959,4.238626018305602e-06,4.6515872318334055e-06,-23.727749003346396,-23.32398830248502,8.877855943486972,7,8,1,1,1,1,1,0,0,1
12,8,0.08,141,21468960,2.498959548809353e-06,3.1799604301857326e-06,-26.02240773833962,-24.975782841221417,21.415388534775076,5,7,1,1,1,1,1,0,0,1
12,8,0.08,142,21468961,3.360251631623805e-06,4.192662797957017e-06,-24.736281993560482,-23.775100650649364,19.85399748195409,3,10,1,1,1,1,1,0,0,1
12,8,0.08,143,21468962,2.2420425440019465e-06,3.7885606187484304e-06,-26.493561506839626,-24.2152575944337,40.82072930529969,4,9,1,1,1,1,1,0,0,1
12,8,0.08,144,21468963,3.2693844914083747e-06,4.3113518855427726e-06,-24.855340018186098,-23.653865292888216,24.16799699482708,4,9,1,1,1,1,1,0,0,1
12,8,0.08,145,21468964,3.0202185125373655e-06,3.6535515140090096e-06,-25.199616347394844,-24.372847648502727,17.33472209282451,5,9,1,1,1,1,1,0,0,1
12,8,0.08,146,21468965,1.8544645194299246e-06,2.0675517089295344e-06,-27.317814714015366,-26.845436200477547,10.306256843749496,5,8,1,1,1,1,1,0,0,1
12,8,0.08,147,21468966,3.6163017681083885e-06,4.983006597297212e-06,-24.417353362840537,-23.025085378404064,27.427313259631756,4,15,1,1,1,1,1,0,0,1
12,8,0.08,148,21468967,3.6434399100056343e-06,4.541859664149794e-06,-24.38488388748814,-23.42766288880469,19.78087877165483,7,10,1,1,1,1,1,0,0,1
12,8,0.08,149,21468968,2.923134991415217e-06,3.8650911670195354e-06,-25.34151128305572,-24.128402577957047,24.37086565103414,5,9,1,1,1,1,1,0,0,1
12,8,0.08,150,21468969,2.976392979656338e-06,3.993659097971143e-06,-25.263097284928058,-23.98629009617729,25.472031872515018,3,12,1,1,1,1,1,0,0,1
12,8,0.08,151,21468970,4.211620155816008e-06,5.833688879789642e-06,-23.755508045501536,-22.34056736234775,27.805197661348792,4,9,1,1,1,1,1,0,0,1
12,8,0.08,152,21468971,3.042488808793169e-06,3.403142770406679e-06,-25.167710105632423,-24.681198307751394,10.597673560736672,4,7,1,1,1,1,1,0,0,1
12,8,0.08,153,21468972,4.306898543412324e-06,5.685211616517186e-06,-23.658353586890264,-22.452533652462137,24.243830591995252,10,12,1,1,1,1,1,0,0,1
12,8,0.08,154,21468973,1.938021108881569e-06,2.3757457095388735e-06,-27.126414969339333,-26.242000463735984,18.424724451770807,4,7,1,1,1,1,1,0,0,1
12,8,0.08,155,21468974,3.7914435656911024e-06,4.977792392848725e-06,-24.211954039504896,-23.029632203269372,23.832830570876634,5,13,1,1,1,1,1,0,0,1
12,8,0.08,156,21468975,3.4371894584247264e-06,3.996129936052313e-06,-24.6379652882271,-23.98360398926266,13.98704462997895,7,10,1,1,1,1,1,0,0,1
12,8,0.08,157,21468976,2.648221499661576e-06,3.1502074654362425e-06,-25.770456929265638,-25.016608436303503,15.935012893036593,5,8,1,1,1,1,1,0,0,1
12,8,0.08,158,21468977,7.88671068785648e-06,9.706841641490796e-06,-21.03104090322958,-20.129220554472393,18.751011099783184,6,14,1,1,1,1,1,0,0,1
12,8,0.08,159,21468978,4.58197787932545e-06,5.3013829450872385e-06,-23.389470118096686,-22.75610823403948,13.570139588358868,4,10,1,1,1,1,1,0,0,1
12,8,0.08,160,21468979,4.292667445648473e-06,4.849171090525572e-06,-23.67272755152996,-23.143324926507493,11.476263354873357,4,8,1,1,1,1,1,0,0,1
12,8,0.08,161,21468980,2.949983438231366e-06,4.488283753191118e-06,-25.30180422226894,-23.47919694410181,34.273686770940856,10,25,1,0,1,1,1,0,0,1
12,8,0.08,162,21468981,2.0907930450242802e-06,2.3533511885030378e-06,-26.79688953242644,-26.28313258608825,11.156776972406329,3,8,1,1,1,1,1,0,0,1
12,8,0.08,163,21468982,3.5082151627331336e-06,3.890882747835171e-06,-24.549137787261394,-24.099518565094,9.834981157295159,6,11,1,1,1,1,1,0,0,1
12,8,0.08,164,21468983,3.2964504801230007e-06,4.562285073021738e-06,-24.819534439217527,-23.408175814503785,27.745626865450067,4,19,1,1,1,1,1,0,0,1
12,8,0.08,165,21468984,5.306724739775837e-06,6.4858411914390306e-06,-22.751734386748854,-21.88033689416681,18.1798538826323,5,8,1,1,1,1,1,0,0,1
12,8,0.08,166,21468985,8.080185442426454e-06,8.113729317275395e-06,-20.925786719360147,-20.907794849203935,0.41342117215472646,3,8,1,1,1,1,1,0,0,1
12,8,0.08,167,21468986,2.5944252193919893e-06,3.357215987205006e-06,-25.859588427079082,-24.740207174252543,22.72093218667368,3,11,1,1,1,1,1,0,0,1
12,8,0.08,168,21468987,2.004888294589234e-06,2.205090487387218e-06,-26.979098197495137,-26.56573584261165,9.079091943986427,4,7,1,1,1,1,1,0,0,1
12,8,0.08,169,21468988,3.1742420217275936e-06,4.563108307310663e-06,-24.983599633109566,-23.407392229413123,30.436846816849254,7,25,1,0,1,1,1,0,0,1
12,8,0.08,170,21468989,3.1788774050503432e-06,3.8127336050647e-06,-24.977262205397068,-24.187635377350016,16.624717739848506,4,9,1,1,1,1,1,0,0,1
12,8,0.08,171,21468990,2.38073977567114e-06,2.7481065947715903e-06,-26.232880721156135,-25.60966425679713,13.367997435011576,5,11,1,1,1,1,1,0,0,1
12,8,0.08,172,21468991,1.2040817904773205e-06,1.4616566282012147e-06,-29.19344011461491,-28.351546396847343,17.622116764925718,3,9,1,1,1,1,1,0,0,1
12,8,0.08,173,21468992,4.842834351054634e-06,5.487541771036476e-06,-23.149003857239027,-22.606221608980498,11.748565147779663,3,9,1,1,1,1,1,0,0,1
12,8,0.08,174,21468993,4.524540239631568e-06,5.819301313411056e-06,-23.444255449748997,-22.351291552032436,22.249424871601093,3,9,1,1,1,1,1,0,0,1
12,8,0.08,175,21468994,3.3854627097049573e-06,4.964989257301526e-06,-24.703819655199485,-23.04081686846287,31.81329235050636,3,11,1,1,1,1,1,0,0,1
12,8,0.08,176,21468995,4.0512254440687365e-06,5.3668721269089326e-06,-23.92413588366464,-22.70278752251519,24.5142170659085,4,14,1,1,1,1,1,0,0,1
12,8,0.08,177,21468996,4.018262534467305e-06,4.597478901698261e-06,-23.959616918919757,-23.374802551071873,12.598564987802332,3,7,1,1,1,1,1,0,0,1
12,8,0.08,178,21468997,3.4826996259965414e-06,3.482721267945205e-06,-24.580839807233804,-24.580812819693424,0.0006214091510160745,3,9,1,1,1,1,1,0,0,1
12,8,0.08,179,21468998,5.202797437985439e-06,8.103758791358961e-06,-22.83763082287253,-20.91313494244617,35.79772582158809,5,10,1,1,1,1,1,0,0,1
12,8,0.08,180,21468999,1.9900991161982226e-06,2.177771005410886e-06,-27.01125293165167,-26.619877886366904,8.617613548273622,4,10,1,1,1,1,1,0,0,1
12,8,0.08,181,21469000,4.795038301390034e-06,5.30545785198714e-06,-23.192079194597603,-22.752771312703864,9.620650372444862,6,10,1,1,1,1,1,0,0,1
12,8,0.08,182,21469001,1.9281206548647452e-06,3.03944194323606e-06,-27.148657929941603,-25.172061477139934,36.56333330677484,4,12,1,1,1,1,1,0,0,1
12,8,0.08,183,21469002,5.7831719234449005e-06,7.140075990708114e-06,-22.378338966997624,-21.46297166071222,19.00405638580105,10,11,1,1,1,1,1,0,0,1
12,8,0.08,184,21469003,5.402953968191094e-06,5.767942977797465e-06,-22.673687325247982,-22.38979041726616,6.327888659983692,4,8,1,1,1,1,1,0,0,1
12,8,0.08,185,21469004,5.730455688402568e-06,7.632283846380554e-06,-22.41810841367719,-21.173454864925777,24.918205300761798,12,20,1,1,1,1,1,0,0,1
12,8,0.08,186,21469005,3.7465548484694167e-06,4.405287227892027e-06,-24.263679050748898,-23.56025770016553,14.953222011310714,5,8,1,1,1,1,1,0,0,1
12,8,0.08,187,21469006,3.1716444327031094e-06,3.7857062237327625e-06,-24.98715506591062,-24.218530909432875,16.220534683332588,6,7,1,1,1,1,1,0,0,1
12,8,0.08,188,21469007,2.292527960374863e-06,3.181501136940813e-06,-26.396853588368007,-24.97367917228312,27.941941187572418,6,9,1,1,1,1,1,0,0,1
12,8,0.08,189,21469008,3.5073699581015835e-06,6.030040183240353e-06,-24.550184222314254,-22.196797937800138,41.835048332682355,6,12,1,1,1,1,1,0,0,1
12,8,0.08,190,21469009,3.4318987178216986e-06,3.985534618013063e-06,-24.644655375308517,-23.99513414272906,13.891132639750412,3,12,1,1,1,1,1,0,0,1
12,8,0.08,191,21469010,3.2654749632164887e-06,3.2654788990289166e-06,-24.860536416777173,-24.86053118231478,0.00012052787813115692,3,7,1,1,1,1,1,0,0,1
12,8,0.08,192,21469011,2.4771169649484885e-06,2.673355673647342e-06,-26.060534863360807,-25.729432571707015,7.340538733146534,4,7,1,1,1,1,1,0,0,1
12,8,0.08,193,21469012,3.7494498943643944e-06,4.2966276648212154e-06,-24.2603244570348,-23.668722795764552,12.735052072043793,8,9,1,1,1,1,1,0,0,1
12,8,0.08,194,21469013,4.871393098409529e-06,6.480076984686283e-06,-23.123468235011618,-21.884198345883817,24.825073684747814,4,25,1,0,1,1,1,0,0,1
12,8,0.08,195,21469014,3.6680652593474393e-06,5.13271636801801e-06,-24.35562946305624,-22.896527340264072,28.535594091986486,4,8,1,1,1,1,1,0,0,1
12,8,0.08,196,21469015,3.409115209720438e-06,3.846072301636054e-06,-24.67358321710275,-24.149825557952962,11.361125263551118,4,7,1,1,1,1,1,0,0,1
12,8,0.08,197,21469016,3.7233661893535074e-06,3.7234106429249774e-06,-24.2906424925169,-24.29059064205535,0.001193893871322391,3,9,1,1,1,1,1,0,0,1
12,8,0.08,198,21469017,4.277911983604266e-06,6.256405574607397e-06,-23.687681551147044,-22.036751056795502,31.623486799403764,5,24,1,1,1,1,1,0,0,1
12,8,0.08,199,21469018,3.3834501459062623e-06,4.299311221737781e-06,-24.706402183285313,-23.666011157131518,21.30250704347307,6,8,1,1,1,1,1,0,0,1
12,8,0.08,200,21469019,2.8388332943886425e-06,3.5004855441997993e-06,-25.468601099231872,-24.558717114950298,18.90172781623095,3,12,1,1,1,1,1,0,0,1
12,8,0.08,201,21469020,4.29796397323608e-06,5.2634790763253526e-06,-23.667372292099422,-22.7872709915705,18.34366754552272,5,10,1,1,1,1,1,0,0,1
12,8,0.08,202,21469021,6.364693887460205e-06,7.284726364574532e-06,-21.962224790776936,-21.375867569464635,12.629609282078532,5,14,1,1,1,1,1,0,0,1
12,8,0.08,203,21469022,3.9867679881347045e-06,5.797146414930027e-06,-23.9937903757681,-22.367857307844503,31.228785633787968,6,8,1,1,1,1,1,0,0,1
12,8,0.08,204,21469023,4.713569305665343e-06,5.612481764600063e-06,-23.26650102914426,-22.508450570436644,16.01630965831344,4,7,1,1,1,1,1,0,0,1
12,8,0.08,205,21469024,1.9686392039594292e-06,2.7787317886128185e-06,-27.058338704983584,-25.561533705838674,29.153320517407643,5,8,1,1,1,1,1,0,0,1
12,8,0.08,206,21469025,3.757520295787913e-06,6.104804768620336e-06,-24.250986649460064,-22.1432822021486,38.44978769669814,4,8,1,1,1,1,1,0,0,1
12,8,0.08,207,21469026,2.025944318593124e-06,4.591356358717524e-06,-26.93372495036973,-23.380589981034184,55.87481867430088,4,8,1,1,1,1,1,0,0,1
12,8,0.08,208,21469027,2.7925079929025464e-06,3.7953488862254645e-06,-25.540055751439553,-24.207482955529187,26.422890843119813,5,18,1,1,1,1,1,0,0,1
12,8,0.08,209,21469028,2.5826633298607906e-06,4.673438546724352e-06,-25.879322037815136,-23.303634636822924,44.73740685707746,4,13,1,1,1,1,1,0,0,1
12,8,0.08,210,21469029,2.9144232526770903e-06,3.839630047764535e-06,-25.354473767410703,-24.157106183289415,24.09624842961389,3,8,1,1,1,1,1,0,0,1
12,8,0.08,211,21469030,6.158399861878372e-06,6.158442076826494e-06,-22.105321159899137,-22.105291389737086,0.0006854809641057457,3,9,1,1,1,1,1,0,0,1
12,8,0.08,212,21469031,3.2772072282909297e-06,3.9201778338076244e-06,-24.844960959207214,-24.066942313240453,16.40156729553732,4,8,1,1,1,1,1,0,0,1
12,8,0.08,213,21469032,5.447649845185095e-06,6.860317743447605e-06,-22.637908150437074,-21.636557689827196,20.59187272501731,5,10,1,1,1,1,1,0,0,1
12,8,0.08,214,21469033,4.270569546069123e-06,4.560520436908887e-06,-23.695142012699954,-23.4098559374333,6.357846540784124,4,9,1,1,1,1,1,0,0,1
12,8,0.08,215,21469034,3.2426323573053097e-06,5.252658730455625e-06,-24.89102287911832,-22.79620814748875,38.26683735411765,5,12,1,1,1,1,1,0,0,1
12,8,0.08,216,21469035,3.0548475590080792e-06,3.3986951872503725e-06,-25.150104567580623,-24.68687783469661,10.117048140479891,5,8,1,1,1,1,1,0,0,1
12,8,0.08,217,21469036,6.089296270615253e-06,6.886585059661696e-06,-22.154328951254477,-21.619960839564772,11.577418737141242,6,7,1,1,1,1,1,0,0,1
12,8,0.08,218,21469037,2.776003334582463e-06,3.1197039883183468e-06,-25.565800165349444,-25.058866118593546,11.01709184662591,3,7,1,1,1,1,1,0,0,1
12,8,0.08,219,21469038,4.1456197042246036e-06,4.601418698036159e-06,-23.82410540141809,-23.371082470713457,9.905618760711482,5,25,1,0,1,1,1,0,0,1
12,8,0.08,220,21469039,4.860659363066712e-06,5.103834379210941e-06,-23.133048133883403,-22.921034270301952,4.764555392603162,5,10,1,1,1,1,1,0,0,1
12,8,0.08,221,21469040,3.292826492416348e-06,3.9325831115618265e-06,-24.824311527898825,-24.053220901894147,16.26810167761207,8,10,1,1,1,1,1,0,0,1
12,8,0.08,222,21469041,3.6422045239178504e-06,3.938015580389542e-06,-24.386356705358825,-24.047225699490895,7.511678164626022,6,9,1,1,1,1,1,0,0,1
12,8,0.08,223,21469042,4.1163367287146605e-06,4.116422268049872e-06,-23.854891058626897,-23.85480081121098,0.0020780019551214675,3,8,1,1,1,1,1,0,0,1
12,8,0.08,224,21469043,5.246021691893643e-06,6.7420899323737886e-06,-22.801699179678852,-21.712054587457516,22.189977521605122,6,13,1,1,1,1,1,0,0,1
12,8,0.08,225,21469044,3.27864481188945e-06,3.923860531407491e-06,-24.84305629561721,-24.062864374583892,16.443390746271046,6,10,1,1,1,1,1,0,0,1
12,8,0.08,226,21469045,2.9431763234020012e-06,4.346758106162359e-06,-25.31183718876719,-23.61834527299824,32.290312653251,8,11,1,1,1,1,1,0,0,1
12,8,0.08,227,21469046,2.752721814146683e-06,3.0275784264225254e-06,-25.602376755247597,-25.189045980704968,9.078430797269917,3,12,1,1,1,1,1,0,0,1
12,8,0.08,228,21469047,1.946042079777422e-06,2.3915848678900147e-06,-27.108477731028415,-26.21314203124716,18.62960391222389,5,7,1,1,1,1,1,0,0,1
12,8,0.08,229,21469048,4.179315656611421e-06,4.1793882865545095e-06,-23.788948260931825,-23.78887278802665,0.0017378127636947039,3,9,1,1,1,1,1,0,0,1
12,8,0.08,230,21469049,5.412259137820291e-06,6.408671530186288e-06,-22.666214176488573,-21.932319871588355,15.547877398188836,4,8,1,1,1,1,1,0,0,1
12,8,0.08,231,21469050,2.8516685313162296e-06,3.78857487968564e-06,-25.44900956865892,-24.215241246708793,24.729783048320034,3,10,1,1,1,1,1,0,0,1
12,8,0.08,232,21469051,5.1533342559096775e-06,6.242510273882244e-06,-22.879116873877226,-22.04640734217032,17.447724876473508,4,8,1,1,1,1,1,0,0,1
12,8,0.08,233,21469052,4.24191639202631e-06,7.0258031874797785e-06,-23.72437895659026,-21.533040201842837,39.62375149384273,5,10,1,1,1,1,1,0,0,1
12,8,0.08,234,21469053,3.871409129587126e-06,5.450768311135057e-06,-24.121309301191726,-22.63542277582287,28.97498281703792,5,19,1,1,1,1,1,0,0,1
12,8,0.08,235,21469054,3.0844342610143286e-06,3.0845459455842875e-06,-25.10824481501366,-25.1080875637636,0.0036207782905248584,4,10,1,1,1,1,1,0,0,1
12,8,0.08,236,21469055,4.107597670039143e-06,5.386757605176707e-06,-23.864121011601576,-22.686725665187684,23.746380084158304,3,7,1,1,1,1,1,0,0,1
12,8,0.08,237,21469056,4.2497231956702645e-06,6.001372815208696e-06,-23.71639356657443,-22.21749393304109,29.18748215573937,4,11,1,1,1,1,1,0,0,1
12,8,0.08,238,21469057,2.469552107038021e-06,3.33491494619037e-06,-26.073818058821306,-24.769152378707375,25.948572995569013,4,9,1,1,1,1,1,0,0,1
12,8,0.08,239,21469058,4.1566989927842594e-06,5.406762677500573e-06,-23.812514237752254,-22.670626927720562,23.120372749450706,3,8,1,1,1,1,1,0,0,1
12,8,0.08,240,21469059,2.884650664141281e-06,4.128871199292023e-06,-25.399067730877455,-23.84168664790403,30.134641530210192,3,9,1,1,1,1,1,0,0,1
12,8,0.08,241,21469060,5.642233254931563e-06,6.48051644658073e-06,-22.48548963690103,-21.883903828697008,12.935438071320139,4,10,1,1,1,1,1,0,0,1
12,8,0.08,242,21469061,4.582701020348325e-06,5.210006267071571e-06,-23.388784756045354,-22.831617542910774,12.040393323285592,4,9,1,1,1,1,1,0,0,1
12,8,0.08,243,21469062,3.103639811701189e-06,5.035773468432177e-06,-25.081286858891282,-22.97933814629041,38.3681606975171,6,8,1,1,1,1,1,0,0,1
12,8,0.08,244,21469063,4.814471841246661e-06,5.678460246942851e-06,-23.174513490406405,-22.45769410223865,15.215188063724506,7,13,1,1,1,1,1,0,0,1
12,8,0.08,245,21469064,4.617991951288797e-06,4.964450575147919e-06,-23.355468283512607,-23.041288086761156,6.978790877554428,8,21,1,1,1,1,1,0,0,1
12,8,0.08,246,21469065,3.4926534561641746e-06,4.055112058868511e-06,-24.568445032664062,-23.919971400037966,13.870359056397518,3,8,1,1,1,1,1,0,0,1
12,8,0.08,247,21469066,3.014279018403448e-06,3.5980165246237474e-06,-25.20816549451903,-24.439368464000204,16.22386951881334,5,9,1,1,1,1,1,0,0,1
12,8,0.08,248,21469067,4.106526096090141e-06,5.346512605853031e-06,-23.8652541297987,-22.71929404872243,23.192435914308515,6,16,1,1,1,1,1,0,0,1
12,8,0.08,249,21469068,1.997567505933614e-06,2.6895594702348786e-06,-26.994985351883987,-25.70318848366966,25.728821837162542,4,7,1,1,1,1,1,0,0,1
12,8,0.08,250,21469069,3.2977407660092924e-06,3.4875400158304206e-06,-24.8178348705313,-24.574808006202417,5.442209951989178,3,10,1,1,1,1,1,0,0,1
12,8,0.08,251,21469070,2.6136376224900036e-06,3.665987651190167e-06,-25.82754626955406,-24.358090022840592,28.705771236259256,6,9,1,1,1,1,1,0,0,1
12,8,0.08,252,21469071,3.6182998292052317e-06,3.913800295274598e-06,-24.414954483180736,-24.074013383287497,7.550218298724767,3,10,1,1,1,1,1,0,0,1
12,8,0.08,253,21469072,2.4909363290393728e-06,3.1177076378794844e-06,-26.03637373346778,-25.06164613075598,20.103594744580075,5,9,1,1,1,1,1,0,0,1
12,8,0.08,254,21469073,4.07453819711905e-06,5.5985859439733844e-06,-23.899216065087927,-22.519216505434116,27.222012167106246,5,12,1,1,1,1,1,0,0,1
12,8,0.08,255,21469074,3.7510032617440838e-06,4.331463535361455e-06,-24.258525582014926,-23.63365337379016,13.401019514041282,3,11,1,1,1,1,1,0,0,1
12,8,0.08,256,21469075,2.6283346568878623e-06,3.4168794733974196e-06,-25.80319338356345,-24.663703401832684,23.077923077149205,11,17,1,1,1,1,1,0,0,1
12,8,0.08,257,21469076,3.1844984086419306e-06,3.3183159722620495e-06,-24.96958963803976,-24.790822625321805,4.03269503985473,3,7,1,1,1,1,1,0,0,1
12,8,0.08,258,21469077,4.894823924496172e-06,6.384515729420704e-06,-23.10262925923162,-21.948720387320385,23.33288644054603,5,21,1,1,1,1,1,0,0,1
12,8,0.08,259,21469078,3.8073808881202366e-06,5.329285466476747e-06,-24.193736744505593,-22.73331015883104,28.557385186623513,6,13,1,1,1,1,1,0,0,1
12,8,0.08,260,21469079,2.4183465013227338e-06,2.9066244785915525e-06,-26.164814731893685,-25.366110732897983,16.798798085723856,4,8,1,1,1,1,1,0,0,1
12,8,0.08,261,21469080,2.9044266131678506e-06,4.522818791502488e-06,-25.36939592470209,-23.445908120831888,35.78282157523726,5,16,1,1,1,1,1,0,0,1
12,8,0.08,262,21469081,2.6444396161056383e-06,3.940150860367607e-06,-25.776663453368187,-24.044871496031313,32.88481304853089,8,8,1,1,1,1,1,0,0,1
12,8,0.08,263,21469082,4.748683779779409e-06,5.102844101158978e-06,-23.234267496155677,-22.92187699753333,6.940449568097348,5,9,1,1,1,1,1,0,0,1
12,8,0.08,264,21469083,3.5140969623246704e-06,4.148807354347093e-06,-24.54186259453817,-23.820767307257242,15.29862290080491,4,8,1,1,1,1,1,0,0,1
12,8,0.08,265,21469084,4.20749889038377e-06,6.36948784773046e-06,-23.759759898857734,-21.958954866358567,33.94290104685634,4,15,1,1,1,1,1,0,0,1
12,8,0.08,266,21469085,3.517229892684476e-06,4.0983338946240606e-06,-24.53799244460616,-23.873926621657606,14.179030232305884,4,7,1,1,1,1,1,0,0,1
12,8,0.08,267,21469086,5.64731931117767e-06,1.2283846926285388e-05,-22.481576556557346,-19.10665604104888,54.02645974777376,6,9,1,1,1,1,1,0,0,1
12,8,0.08,268,21469087,3.3948706361264786e-06,3.4100817740482812e-06,-24.691767701572175,-24.672352064643604,0.4460637289569945,3,7,1,1,1,1,1,0,0,1
12,8,0.08,269,21469088,3.492753593343585e-06,3.619060365141869e-06,-24.568320518733387,-24.414041728936322,3.490043244783867,3,9,1,1,1,1,1,0,0,1
12,8,0.08,270,21469089,4.136704818504518e-06,5.022152339926203e-06,-23.83345467808464,-22.991101177111343,17.63083756703995,4,10,1,1,1,1,1,0,0,1
12,8,0.08,271,21469090,4.876803425103328e-06,7.53270523963017e-06,-23.118647496603227,-21.230490265016627,35.258273489236345,5,8,1,1,1,1,1,0,0,1
12,8,0.08,272,21469091,3.7903879648751414e-06,3.7904537175758063e-06,-24.213163355777823,-24.213088018404314,0.0017346920860686415,3,8,1,1,1,1,1,0,0,1
12,8,0.08,273,21469092,5.306956933696231e-06,6.679857157366765e-06,-22.751544366845344,-21.752328244152746,20.552838052179823,5,11,1,1,1,1,1,0,0,1
12,8,0.08,274,21469093,5.811340855380031e-06,8.488088227756424e-06,-22.357236509303018,-20.711901148950492,31.535338707051967,8,11,1,1,1,1,1,0,0,1
12,8,0.08,275,21469094,1.939988579415232e-06,2.85834999832663e-06,-27.122008267252088,-25.438845939371465,32.12907514646689,4,7,1,1,1,1,1,0,0,1
12,8,0.08,276,21469095,3.911330212805903e-06,4.203689387961708e-06,-24.076755173269202,-23.763693816252214,6.954823446114917,5,8,1,1,1,1,1,0,0,1
12,8,0.08,277,21469096,4.494202641853049e-06,5.591470460725074e-06,-23.47347349305749,-22.52473965101185,19.62395807291338,5,10,1,1,1,1,1,0,0,1
12,8,0.08,278,21469097,2.6238411999393483e-06,2.8397002658178752e-06,-25.810624528623087,-25.46727497900517,7.601473594832245,4,8,1,1,1,1,1,0,0,1
12,8,0.08,279,21469098,4.454316604308017e-06,6.50352855394318e-06,-23.512189173834347,-21.868509486319972,31.509232759387164,5,16,1,1,1,1,1,0,0,1
12,8,0.08,280,21469099,5.066768346822817e-06,8.315822411060554e-06,-22.952689512444348,-20.800947938379203,39.07074855177638,4,12,1,1,1,1,1,0,0,1
12,8,0.08,281,21469100,4.40108913493218e-06,5.062816400353506e-06,-23.564398356140185,-22.956078217261606,13.070338979211684,7,10,1,1,1,1,1,0,0,1
12,8,0.08,282,21469101,3.6585506558435765e-06,3.658606254730571e-06,-24.366909274008385,-24.36684327490486,0.0015196739720946383,3,9,1,1,1,1,1,0,0,1
12,8,0.08,283,21469102,2.8835226031741093e-06,6.858015763644996e-06,-25.40076639919699,-21.63801520962666,57.95398111418843,4,7,1,1,1,1,1,0,0,1
12,8,0.08,284,21469103,6.020316817283638e-06,6.608971017270494e-06,-22.203806535299453,-21.798661526638558,8.906896375375085,5,11,1,1,1,1,1,0,0,1
12,8,0.08,285,21469104,5.317709054510089e-06,6.322296422187986e-06,-22.742754277185114,-21.99125146031612,15.889596130803286,3,9,1,1,1,1,1,0,0,1
12,8,0.08,286,21469105,3.481157719563001e-06,4.19388834285111e-06,-24.582762998457895,-23.773831362762884,16.994506410811518,7,8,1,1,1,1,1,0,0,1
12,8,0.08,287,21469106,2.30792144989925e-06,3.3412567491610356e-06,-26.36778976476373,-24.76090150982751,30.926545813076117,5,8,1,1,1,1,1,0,0,1
12,8,0.08,288,21469107,5.3079915532888035e-06,6.271455354147459e-06,-22.7506977690839,-22.026316650811264,15.362682925287737,4,9,1,1,1,1,1,0,0,1
12,8,0.08,289,21469108,4.802293989213548e-06,5.198976343131335e-06,-23.185512566103164,-22.840821587293163,7.630008827446711,6,10,1,1,1,1,1,0,0,1
12,8,0.08,290,21469109,3.7927585411800646e-06,6.399517075500304e-06,-24.210448049563254,-21.938527977909,40.73367573781256,5,9,1,1,1,1,1,0,0,1
12,8,0.08,291,21469110,3.9625202985828395e-06,4.28914952664423e-06,-24.020285000322517,-23.676288132935586,7.615244608106274,4,10,1,1,1,1,1,0,0,1
12,8,0.08,292,21469111,4.199574860937381e-06,6.160294590856836e-06,-23.76794672672172,-22.103985189842092,31.828343612488474,4,8,1,1,1,1,1,0,0,1
12,8,0.08,293,21469112,4.379842627799902e-06,7.278055134590952e-06,-23.58541493857992,-21.379846587583135,39.82124967721803,4,10,1,1,1,1,1,0,0,1
12,8,0.08,294,21469113,2.578847804535102e-06,4.591898870665528e-06,-25.885742877965235,-23.38007685156152,43.83918554893313,5,9,1,1,1,1,1,0,0,1
12,8,0.08,295,21469114,3.4761550193386686e-06,5.698853037906196e-06,-24.589008644034088,-22.44212542473325,39.00255022867135,5,12,1,1,1,1,1,0,0,1
12,8,0.08,296,21469115,5.835421559257995e-06,6.71256418569122e-06,-22.33927764426431,-21.731115485388326,13.067176747493582,8,10,1,1,1,1,1,0,0,1
12,8,0.08,297,21469116,3.4244304691135864e-06,4.407602366144164e-06,-24.654116474382718,-23.557975924636295,22.3062748260268,3,8,1,1,1,1,1,0,0,1
12,8,0.08,298,21469117,4.034830501408163e-06,4.473494402479305e-06,-23.941747047707306,-23.493531017372156,9.805844416124126,5,9,1,1,1,1,1,0,0,1
12,8,0.08,299,21469118,3.3159976317598983e-06,4.403479474559261e-06,-24.793857882888254,-23.56204023643787,24.695967111512598,5,11,1,1,1,1,1,0,0,1
12,8,0.08,300,21469119,4.147005871469987e-06,5.387634360534684e-06,-23.82265349746855,-22.686018859613874,23.027332703802358,4,7,1,1,1,1,1,0,0,1
12,8,0.08,301,21469120,3.2213944961334e-06,3.5731354802546423e-06,-24.9195608765999,-24.469505166238918,9.844042748028548,12,8,1,1,1,1,1,0,0,1
12,8,0.08,302,21469121,4.4432641531257354e-06,4.816286611639216e-06,-23.52297867079916,-23.17287676619493,7.745022017834663,3,8,1,1,1,1,1,0,0,1
12,8,0.08,303,21469122,5.435556532957961e-06,6.340169077802151e-06,-22.64755982981784,-21.978991603237283,14.267956165575603,8,11,1,1,1,1,1,0,0,1
12,8,0.08,304,21469123,3.172282445810703e-06,4.201442651573294e-06,-24.986281519987884,-23.766015600691603,24.495400535271045,4,9,1,1,1,1,1,0,0,1
12,8,0.08,305,21469124,4.124409483406686e-06,5.0169829645920125e-06,-23.84638223224698,-22.995573736376357,17.791040700851003,5,12,1,1,1,1,1,0,0,1
12,8,0.08,306,21469125,5.316420653453113e-06,6.186494993617127e-06,-22.7438066349946,-22.085553341879873,14.064091881779694,5,12,1,1,1,1,1,0,0,1
12,8,0.08,307,21469126,4.008689767774442e-06,4.008738103859906e-06,-23.969975524691066,-23.969923158531916,0.0012057681048655065,3,9,1,1,1,1,1,0,0,1
12,8,0.08,308,21469127,3.246113586780083e-06,3.652835122097951e-06,-24.8863628757549,-24.373699300818288,11.13440715835741,4,14,1,1,1,1,1,0,0,1
12,8,0.08,309,21469128,6.29459370820175e-06,8.69977541620546e-06,-22.01032296688842,-20.60491958503406,27.64648043124735,4,9,1,1,1,1,1,0,0,1
12,8,0.08,310,21469129,5.11016738123319e-06,6.857478102769605e-06,-22.91564874511975,-21.63835570506009,25.480368954159836,14,13,1,1,1,1,1,0,0,1
12,8,0.08,311,21469130,4.670183785084723e-06,5.800968939411917e-06,-23.306660283680163,-22.36499459903567,19.493039285982267,12,10,1,1,1,1,1,0,0,1
12,8,0.08,312,21469131,3.282153638507011e-06,4.141584925206718e-06,-24.838410933639476,-23.828334287948536,20.75126557152056,4,8,1,1,1,1,1,0,0,1
12,8,0.08,313,21469132,3.7069422460816148e-06,5.827928089978377e-06,-24.309841801974265,-22.34485815570245,36.3934800009626,3,8,1,1,1,1,1,0,0,1
12,8,0.08,314,21469133,1.8711177514456523e-06,3.422441324060208e-06,-27.278988810227375,-24.656639888785055,45.327981570014046,3,9,1,1,1,1,1,0,0,1
12,8,0.08,315,21469134,4.563605610664152e-06,5.00519318545509e-06,-23.406918946028963,-23.00579155395856,8.82258802865342,4,15,1,1,1,1,1,0,0,1
12,8,0.08,316,21469135,4.6312166419330054e-06,6.143974060471047e-06,-23.343049028334868,-22.115506265406832,24.621806727192812,3,11,1,1,1,1,1,0,0,1
12,8,0.08,317,21469136,3.086973893225836e-06,3.8792544965732935e-06,-25.10467043364002,-24.112517277905468,20.42352735679786,5,10,1,1,1,1,1,0,0,1
12,8,0.08,318,21469137,5.1391857685910095e-06,7.582681227801651e-06,-22.891056833819974,-21.201772011566106,32.224689206921234,5,8,1,1,1,1,1,0,0,1
12,8,0.08,319,21469138,2.678765110692583e-06,3.154329774460918e-06,-25.720653661239282,-25.01092904620988,15.07656769494273,4,9,1,1,1,1,1,0,0,1
12,8,0.08,320,21469139,3.0286858235600745e-06,4.263084772433071e-06,-25.187457752544432,-23.70276031220133,28.955533721852024,4,16,1,1,1,1,1,0,0,1
12,8,0.08,321,21469140,2.6612190618228493e-06,3.0138124502557327e-06,-25.749193744433224,-25.208837773542804,11.699247854755015,3,8,1,1,1,1,1,0,0,1
12,8,0.08,322,21469141,4.636967939115035e-06,5.1681717480664806e-06,-23.33765906889091,-22.866630623507884,10.278369892606213,9,13,1,1,1,1,1,0,0,1
12,8,0.08,323,21469142,3.2343778287730437e-06,3.6498122002606972e-06,-24.902092486947033,-24.37729481430861,11.382349246845633,4,8,1,1,1,1,1,0,0,1
12,8,0.08,324,21469143,3.4555136747539458e-06,4.165221041326832e-06,-24.61487384026678,-23.80361946362531,17.038888441483735,6,8,1,1,1,1,1,0,0,1
12,8,0.08,325,21469144,3.357189093455824e-06,4.633825051138338e-06,-24.740241964548115,-23.340603669119275,27.55037023611623,3,7,1,1,1,1,1,0,0,1
12,8,0.08,326,21469145,3.36960166137006e-06,4.158525708825757e-06,-24.724214363672118,-23.810606092781896,18.971243721815664,5,10,1,1,1,1,1,0,0,1
12,8,0.08,327,21469146,7.158051976327086e-06,8.964723233736254e-06,-21.452051524184803,-20.474631137890853,20.153118064038612,5,14,1,1,1,1,1,0,0,1
12,8,0.08,328,21469147,4.181191852317119e-06,5.1334050682830784e-06,-23.786999045636552,-22.895944649464806,18.549348888308884,4,13,1,1,1,1,1,0,0,1
12,8,0.08,329,21469148,2.2296184382042052e-06,3.1242688536275416e-06,-26.51769452808731,-25.052516007157124,28.635513054024507,5,11,1,1,1,1,1,0,0,1
12,8,0.08,330,21469149,3.2156261435527867e-06,4.138525711971536e-06,-24.927344491120458,-23.831543422574086,22.300201391743748,5,13,1,1,1,1,1,0,0,1
12,8,0.08,331,21469150,2.988313736714811e-06,4.611679666028614e-06,-25.245738088073594,-23.36140867055513,35.201185834136176,3,16,1,1,1,1,1,0,0,1
12,8,0.08,332,21469151,3.9344293333650115e-06,4.4301767164296e-06,-24.05118250685708,-23.53578949749949,11.190239459886037,3,7,1,1,1,1,1,0,0,1
12,8,0.08,333,21469152,2.934949759261844e-06,4.711660050107946e-06,-25.323993286453614,-23.268260517710875,37.708796304296115,3,14,1,1,1,1,1,0,0,1
12,8,0.08,334,21469153,2.884474976522763e-06,3.8916831523422625e-06,-25.399332242930193,-24.0986252574975,25.88104263352729,5,8,1,1,1,1,1,0,0,1
12,8,0.08,335,21469154,3.884265095529438e-06,4.05715906156184e-06,-24.106911377761826,-23.9177796537814,4.261453973309207,4,11,1,1,1,1,1,0,0,1
12,8,0.08,336,21469155,1.4907857444895295e-06,1.98965560891945e-06,-28.26584768801975,-27.012220894644145,25.073176593654257,3,9,1,1,1,1,1,0,0,1
12,8,0.08,337,21469156,2.226651570041301e-06,2.900365810558485e-06,-26.523477367366247,-25.375472229673232,23.228595443533234,5,7,1,1,1,1,1,0,0,1
12,8,0.08,338,21469157,3.249265566676872e-06,4.1358300300740054e-06,-24.88214791754737,-23.83437317718213,21.43619193609051,5,10,1,1,1,1,1,0,0,1
12,8,0.08,339,21469158,4.397164882550537e-06,4.397189016872299e-06,-23.56827249131421,-23.56824865465063,0.0005488579560593593,3,9,1,1,1,1,1,0,0,1
12,8,0.08,340,21469159,2.7347190764388812e-06,3.6966889546764313e-06,-25.630872798675206,-24.32187090122223,26.022472813695266,8,9,1,1,1,1,1,0,0,1
12,8,0.08,341,21469160,3.227733942326392e-06,4.379338112743501e-06,-24.911022707720214,-23.585915232184462,26.296306445625625,6,12,1,1,1,1,1,0,0,1
12,8,0.08,342,21469161,2.180159566648247e-06,2.6159426437291353e-06,-26.61511719065688,-25.823717824368437,16.658739752017702,7,10,1,1,1,1,1,0,0,1
12,8,0.08,343,21469162,4.833078204975463e-06,9.755304630997825e-06,-23.157761774010513,-20.10759164250429,50.45692176932961,4,11,1,1,1,1,1,0,0,1
12,8,0.08,344,21469163,3.4176630144268836e-06,5.781746840752539e-06,-24.662707614484702,-22.379409282432263,40.88874679988499,5,11,1,1,1,1,1,0,0,1
12,8,0.08,345,21469164,2.8746596521518526e-06,3.969169879494532e-06,-25.41413566606403,-24.0130031299805,27.575293085768955,5,12,1,1,1,1,1,0,0,1
12,8,0.08,346,21469165,3.948009999577629e-06,3.974344241873463e-06,-24.036217560135746,-24.007345187382192,0.6626059720337815,4,12,1,1,1,1,1,0,0,1
12,8,0.08,347,21469166,2.3565486751192096e-06,3.073070677202837e-06,-26.277235853474355,-25.12427451339387,23.31615759439084,4,7,1,1,1,1,1,0,0,1
12,8,0.08,348,21469167,2.825029156701663e-06,4.842106522230843e-06,-25.489770655332865,-23.149656606794593,41.65702171706618,4,24,1,1,1,1,1,0,0,1
12,8,0.08,349,21469168,3.5375975666909354e-06,4.630059844320961e-06,-24.512915734913516,-23.344133956147893,23.59499259971756,4,7,1,1,1,1,1,0,0,1
12,8,0.08,350,21469169,2.034608681391494e-06,2.560385765972239e-06,-26.9151910676033,-25.916945958556,20.53507293972535,4,9,1,1,1,1,1,0,0,1
12,8,0.08,351,21469170,2.074129668637233e-06,2.4684322351886843e-06,-26.83164096253013,-26.075787907809218,15.973805597353632,3,7,1,1,1,1,1,0,0,1
12,8,0.08,352,21469171,2.862838248296549e-06,3.347303042265819e-06,-25.432031891271016,-24.75304967765878,14.47328753483078,10,7,1,1,1,1,1,0,0,1
12,8,0.08,353,21469172,4.364476765473622e-06,4.936000905937176e-06,-23.600678141550183,-23.066247692658436,11.578687916691976,5,8,1,1,1,1,1,0,0,1
12,8,0.08,354,21469173,3.613332518721956e-06,4.886482996088602e-06,-24.42092070427239,-23.110036081425843,26.054536123132777,5,7,1,1,1,1,1,0,0,1
12,8,0.08,355,21469174,3.4133267976693438e-06,4.490592427234578e-06,-24.66822129643969,-23.476963603537722,23.989387748303,4,7,1,1,1,1,1,0,0,1
12,8,0.08,356,21469175,3.4179106792135593e-06,4.665204894751534e-06,-24.662392909516008,-23.31129277382467,26.7361079240316,3,22,1,1,1,1,1,0,0,1
12,8,0.08,357,21469176,3.918935817759366e-06,5.04142205709589e-06,-24.068318491070457,-22.974469428326373,22.265270128625794,4,9,1,1,1,1,1,0,0,1
12,8,0.08,358,21469177,4.414270158563841e-06,5.616891765464286e-06,-23.55141091024132,-22.505039446683647,21.410802577589596,4,10,1,1,1,1,1,0,0,1
12,8,0.08,359,21469178,2.7763907948381396e-06,4.759895638991789e-06,-25.565194041766183,-23.224025691086766,41.671183458421005,4,11,1,1,1,1,1,0,0,1
12,8,0.08,360,21469179,1.9004489328424167e-06,2.327268613162351e-06,-27.21143795875515,-26.33153487584936,18.33994055976035,4,11,1,1,1,1,1,0,0,1
12,8,0.08,361,21469180,4.036287123726396e-06,5.149552272950134e-06,-23.940179475355432,-22.882305289859787,21.618678483400622,4,7,1,1,1,1,1,0,0,1
12,8,0.08,362,21469181,3.7514493352629623e-06,4.346711599657905e-06,-24.258009144848558,-23.61839173895244,13.694542431611781,6,8,1,1,1,1,1,0,0,1
12,8,0.08,363,21469182,6.946118436816133e-06,9.56359315793305e-06,-21.58257815897531,-20.193789073599927,27.369155900841605,11,17,1,1,1,1,1,0,0,1
12,8,0.08,364,21469183,2.793497434375158e-06,2.7935083272168195e-06,-25.538517231716252,-25.538500297060274,0.0003899341038465426,3,7,1,1,1,1,1,0,0,1
12,8,0.08,365,21469184,1.6851181457302962e-06,2.677161033238067e-06,-27.73369644798589,-25.72325504889531,37.055779431687,5,8,1,1,1,1,1,0,0,1
12,8,0.08,366,21469185,3.5505111931124334e-06,4.809699555598098e-06,-24.497091138843242,-23.178820515723487,26.180187513377454,5,24,1,1,1,1,1,0,0,1
12,8,0.08,367,21469186,5.913222382816595e-06,5.913252813358699e-06,-22.28175787868132,-22.281735529137098,0.0005146159493699213,3,8,1,1,1,1,1,0,0,1
12,8,0.08,368,21469187,4.052220460709051e-06,7.070973165836246e-06,-23.923069349147003,-21.50520810889426,42.69218160397562,4,10,1,1,1,1,1,0,0,1
12,8,0.08,369,21469188,4.404485577667118e-06,6.0203439276364525e-06,-23.561048077574206,-22.203786978438117,26.83996744026068,7,13,1,1,1,1,1,0,0,1
12,8,0.08,370,21469189,3.2071064180204706e-06,4.1928024501687985e-06,-24.93886629097978,-23.774955995145646,23.509240987698924,7,11,1,1,1,1,1,0,0,1
12,8,0.08,371,21469190,5.070001194267299e-06,6.163928095402287e-06,-22.949919383661438,-22.10142436136641,17.747236570636755,4,8,1,1,1,1,1,0,0,1
12,8,0.08,372,21469191,3.5823764106299566e-06,4.706418360501893e-06,-24.45828783514646,-23.27309470364044,23.883171103218046,12,13,1,1,1,1,1,0,0,1
12,8,0.08,373,21469192,3.0505069400175827e-06,3.3888329203534093e-06,-25.156279826342516,-24.69949842657836,9.983554465132608,3,7,1,1,1,1,1,0,0,1
12,8,0.08,374,21469193,4.0679685673965095e-06,4.296608309820839e-06,-23.906224114668415,-23.668742359453677,5.321400647616018,5,12,1,1,1,1,1,0,0,1
12,8,0.08,375,21469194,3.548140762117157e-06,4.230165705836341e-06,-24.499991591339683,-23.736426199250047,16.122889530738643,3,7,1,1,1,1,1,0,0,1
12,8,0.08,376,21469195,3.1089681448692043e-06,4.125488637026374e-06,-25.073837278051197,-23.845246047392365,24.640002229890303,5,12,1,1,1,1,1,0,0,1
12,8,0.08,377,21469196,2.025074581669835e-06,2.2390966379078028e-06,-26.935589774808196,-26.499271621581716,9.558410861531584,3,8,1,1,1,1,1,0,0,1
12,8,0.08,378,21469197,7.453016967649819e-06,8.189965425415319e-06,-21.276678900473158,-20.86717931644104,8.998187653864589,3,10,1,1,1,1,1,0,0,1
12,8,0.08,379,21469198,3.3300213229802267e-06,5.254144025403613e-06,-24.775529855858718,-22.79498026605004,36.621049844091,3,14,1,1,1,1,1,0,0,1
12,8,0.08,380,21469199,1.9664429329377017e-06,2.3037571891243507e-06,-27.063186524934263,-26.375632965076875,14.641918765530184,5,9,1,1,1,1,1,0,0,1
12,8,0.08,381,21469200,2.2955816991102713e-06,3.810098981281373e-06,-26.39107246203832,-24.1906374178739,39.75007708754472,5,12,1,1,1,1,1,0,0,1
12,8,0.08,382,21469201,2.0790317960462133e-06,2.568322026279273e-06,-26.82138868657072,-25.90350523645235,19.050968890450786,4,8,1,1,1,1,1,0,0,1
12,8,0.08,383,21469202,2.433600355464735e-06,3.428653626402526e-06,-26.137507398556885,-24.64876386491988,29.0216912923292,5,9,1,1,1,1,1,0,0,1
12,8,0.08,384,21469203,2.017180958669589e-06,3.5253001844378247e-06,-26.95255140048774,-24.52803896291246,42.779881055965554,6,9,1,1,1,1,1,0,0,1
12,8,0.08,385,21469204,4.575468549870638e-06,5.684787493766922e-06,-23.395644254874007,-22.452857652786832,19.513815513994064,5,11,1,1,1,1,1,0,0,1
12,8,0.08,386,21469205,5.038954898822131e-06,5.301479794021712e-06,-22.97659528780634,-22.756028895168733,4.951917302327946,3,12,1,1,1,1,1,0,0,1
12,8,0.08,387,21469206,3.471765343247131e-06,4.386838040986344e-06,-24.59449636484281,-23.578483991497215,20.859504937033563,16,14,1,1,1,1,1,0,0,1
12,8,0.08,388,21469207,1.814954855424307e-06,2.424247811587872e-06,-27.4113417298817,-26.154229877630762,25.13327858856479,4,7,1,1,1,1,1,0,0,1
12,8,0.08,389,21469208,3.0422974033726793e-06,3.223608896126898e-06,-25.167983332382068,-24.916576543847178,5.624487913904837,3,9,1,1,1,1,1,0,0,1
12,8,0.08,390,21469209,6.50192288857694e-06,7.0172245101002045e-06,-21.869581854495678,-21.538346283681683,7.343382284285873,14,17,1,1,1,1,1,0,0,1
12,8,0.08,391,21469210,2.795307064552031e-06,3.1875099713399146e-06,-25.535704778971777,-24.96548447972536,12.304366427535152,5,13,1,1,1,1,1,0,0,1
12,8,0.08,392,21469211,3.195161851439585e-06,4.270399834677345e-06,-24.955071376912574,-23.695314603696808,25.17885970551048,4,7,1,1,1,1,1,0,0,1
12,8,0.08,393,21469212,3.894404961038228e-06,4.684837432067332e-06,-24.09558890206871,-23.293054749109004,16.872143003696518,7,14,1,1,1,1,1,0,0,1
12,8,0.08,394,21469213,4.2257958995563455e-06,6.134923989415515e-06,-23.740914826355723,-22.12190813732724,31.119017825696904,4,18,1,1,1,1,1,0,0,1
12,8,0.08,395,21469214,3.391974667541872e-06,3.4569247746567756e-06,-24.695473998669335,-24.613100709368876,1.8788406271106155,4,7,1,1,1,1,1,0,0,1
12,8,0.08,396,21469215,3.951361923035289e-06,5.965424502930116e-06,-24.032531895090337,-22.243586462567755,33.76226752858163,4,13,1,1,1,1,1,0,0,1
12,8,0.08,397,21469216,3.69695929058392e-06,5.04286886203177e-06,-24.321553316752315,-22.973223253638647,26.68936290573267,5,13,1,1,1,1,1,0,0,1
12,8,0.08,398,21469217,5.1359465646384225e-06,6.476480596996478e-06,-22.89379503397808,-21.886609312467698,20.698495305918758,7,9,1,1,1,1,1,0,0,1
12,8,0.08,399,21469218,4.233221019584749e-06,6.2097292929213355e-06,-23.73329056099528,-22.069273320541832,31.829217991671076,6,9,1,1,1,1,1,0,0,1
12,8,0.08,400,21469219,3.538095417774995e-06,5.4900583571294866e-06,-24.512304589179948,-22.604230391483387,35.55450256406907,5,8,1,1,1,1,1,0,0,1
12,8,0.08,401,21469220,4.447071831358135e-06,6.169883693609846e-06,-23.519258555498247,-22.097230226279475,27.92292282650366,4,10,1,1,1,1,1,0,0,1
12,8,0.08,402,21469221,2.921763884278184e-06,3.4624875042494617e-06,-25.343548835072607,-24.60611785247437,15.616623000304129,6,12,1,1,1,1,1,0,0,1
12,8,0.08,403,21469222,6.157566139146058e-06,6.549697057579826e-06,-22.105909146554193,-21.837787869187558,5.987008482781093,7,11,1,1,1,1,1,0,0,1
12,8,0.08,404,21469223,6.298830357769415e-06,9.13598184231599e-06,-22.00740088058565,-20.392447722538538,31.054697059548356,4,14,1,1,1,1,1,0,0,1
12,8,0.08,405,21469224,3.4897361684467935e-06,4.373518877260589e-06,-24.572074053957973,-23.591689946050728,20.20758875442112,5,8,1,1,1,1,1,0,0,1
12,8,0.08,406,21469225,4.59300576076441e-06,5.663287061014814e-06,-23.379030098691164,-22.469314242722817,18.898588200094146,3,8,1,1,1,1,1,0,0,1
12,8,0.08,407,21469226,2.749224415600088e-06,3.2428479464168234e-06,-25.60789807817937,-24.89073414441514,15.221914162277121,4,8,1,1,1,1,1,0,0,1
12,8,0.08,408,21469227,3.905942782777756e-06,5.095807586245865e-06,-24.082741228776303,-22.927869789869337,23.349876998489542,4,9,1,1,1,1,1,0,0,1
12,8,0.08,409,21469228,3.55699003416011e-06,4.822233547768597e-06,-24.48917351602337,-23.167517599372136,26.23770709309498,4,17,1,1,1,1,1,0,0,1
12,8,0.08,410,21469229,2.01144741488195e-06,2.0114511552458302e-06,-26.964913166721956,-26.964905090856433,0.000185953502799779,3,9,1,1,1,1,1,0,0,1
12,8,0.08,411,21469230,2.912453401361505e-06,4.3160800708438515e-06,-25.357410145302026,-23.649105069911933,32.52086723238011,3,9,1,1,1,1,1,0,0,1
12,8,0.08,412,21469231,2.2291379282727682e-06,3.904995912645336e-06,-26.518630586464937,-24.083794163619704,42.91574234292354,4,12,1,1,1,1,1,0,0,1
12,8,0.08,413,21469232,3.781486917290559e-06,5.292148913867038e-06,-24.22337397782311,-22.763679438570183,28.54534181035771,4,11,1,1,1,1,1,0,0,1
12,8,0.08,414,21469233,2.871143864081708e-06,4.719087705469922e-06,-25.419450458136716,-23.261419511063703,39.15892131536889,6,8,1,1,1,1,1,0,0,1
12,8,0.08,415,21469234,3.7233977921261213e-06,5.550080209083363e-06,-24.290605631110267,-22.55700740461001,32.9127210444213,6,8,1,1,1,1,1,0,0,1
12,8,0.08,416,21469235,4.592176675600342e-06,4.5921786794931215e-06,-23.37981411602616,-23.379812220891353,4.363708207173483e-05,3,7,1,1,1,1,1,0,0,1
12,8,0.08,417,21469236,3.74381307218653e-06,4.318574613594542e-06,-24.266858436263906,-23.64659572536666,13.3090566410201,3,9,1,1,1,1,1,0,0,1
12,8,0.08,418,21469237,2.7563405565165414e-06,3.385428273092096e-06,-25.59667124689443,-24.703863831456285,18.582219613856253,3,8,1,1,1,1,1,0,0,1
12,8,0.08,419,21469238,1.5135923711856698e-06,2.145853150135066e-06,-28.199910698695525,-26.684000019731403,29.464307886567163,5,8,1,1,1,1,1,0,0,1
12,8,0.08,420,21469239,4.576342323228449e-06,5.116177833196879e-06,-23.39481496555816,-22.910543682915396,10.551539206976901,5,7,1,1,1,1,1,0,0,1
12,8,0.08,421,21469240,3.2028173993558336e-06,4.915363212464306e-06,-24.94467820846864,-23.08444385188742,34.84067685508618,4,10,1,1,1,1,1,0,0,1
12,8,0.08,422,21469241,3.222163135941554e-06,3.39012941492169e-06,-24.918524753241048,-24.697837227073656,4.954568348949482,3,9,1,1,1,1,1,0,0,1
12,8,0.08,423,21469242,2.642832862587182e-06,3.7197444282584157e-06,-25.77930301549076,-24.294868980777835,28.951224645706198,5,9,1,1,1,1,1,0,0,1
12,8,0.08,424,21469243,3.907138812221017e-06,4.775797024159075e-06,-24.081411589542043,-23.2095413940819,18.18875901852239,6,7,1,1,1,1,1,0,0,1
12,8,0.08,425,21469244,4.368863910293045e-06,6.0309501847617936e-06,-23.596314833127003,-22.19614258757105,27.55927712134463,6,13,1,1,1,1,1,0,0,1
12,8,0.08,426,21469245,4.567644488264455e-06,4.975889327689548e-06,-23.40307705723985,-23.031292876637494,8.204459796830996,4,7,1,1,1,1,1,0,0,1
12,8,0.08,427,21469246,2.1999945058276397e-06,3.2501199686845797e-06,-26.575784037649385,-24.881006080130916,32.310360016709076,8,10,1,1,1,1,1,0,0,1
12,8,0.08,428,21469247,2.679390005708384e-06,3.785192504314074e-06,-25.719640669071396,-24.219120285984165,29.21390384624773,3,9,1,1,1,1,1,0,0,1
12,8,0.08,429,21469248,3.1077931510332363e-06,5.313675853940855e-06,-25.07547894747043,-22.746049420481572,41.51330949688321,5,13,1,1,1,1,1,0,0,1
12,8,0.08,430,21469249,2.046356296835971e-06,3.691970388917082e-06,-26.89018747809544,-24.327417908480445,44.572786851733056,4,10,1,1,1,1,1,0,0,1
12,8,0.08,431,21469250,2.9681255281932017e-06,4.02269757501573e-06,-25.275177357889632,-23.95482616307396,26.215543852271935,4,13,1,1,1,1,1,0,0,1
12,8,0.08,432,21469251,2.833860622474794e-06,3.4016626884727436e-06,-25.47621513431754,-24.683087535682134,16.69189799218093,4,9,1,1,1,1,1,0,0,1
12,8,0.08,433,21469252,2.9243703943492557e-06,2.924385844264243e-06,-25.339676214424678,-25.339653270015468,0.0005283131505293616,3,7,1,1,1,1,1,0,0,1
12,8,0.08,434,21469253,2.7159078451464555e-06,2.863548177626314e-06,-25.660849704089795,-25.43095505722907,5.155852925172091,6,8,1,1,1,1,1,0,0,1
12,8,0.08,435,21469254,3.3825037700860197e-06,3.561478395164974e-06,-24.70761710672204,-24.483696858523597,5.025290208749497,6,9,1,1,1,1,1,0,0,1
12,8,0.08,436,21469255,3.5026286760635537e-06,3.857299190849348e-06,-24.55605901073494,-24.13716673839297,9.194788820819952,4,11,1,1,1,1,1,0,0,1
12,8,0.08,437,21469256,5.789379063894682e-06,8.151838000671553e-06,-22.373680137484243,-20.88744459535669,28.980690447752398,5,10,1,1,1,1,1,0,0,1
12,8,0.08,438,21469257,2.2478098546587683e-06,3.026786055944577e-06,-26.482404291194786,-25.19018275444617,25.736083981089692,4,14,1,1,1,1,1,0,0,1
12,8,0.08,439,21469258,3.5114927432845868e-06,4.859739218222768e-06,-24.54508224742986,-23.133870350845243,27.743185681293454,4,10,1,1,1,1,1,0,0,1
12,8,0.08,440,21469259,2.1562047745380137e-06,2.411724906325123e-06,-26.663099966259264,-26.176722315561488,10.594912011604979,5,8,1,1,1,1,1,0,0,1
12,8,0.08,441,21469260,3.441438291455622e-06,3.944061772929498e-06,-24.632600133892197,-24.040562916435242,12.74380348004912,6,15,1,1,1,1,1,0,0,1
12,8,0.08,442,21469261,2.8693110979205327e-06,4.273854168707432e-06,-25.42222361901937,-23.69180300797632,32.8636171320671,5,11,1,1,1,1,1,0,0,1
12,8,0.08,443,21469262,2.5088098650051077e-06,3.555175384113844e-06,-26.0053225128326,-24.49138969765705,29.432177208032492,3,10,1,1,1,1,1,0,0,1
12,8,0.08,444,21469263,3.753260054010506e-06,4.5979420203431254e-06,-24.255913433649607,-23.374365094486024,18.370870328408017,3,8,1,1,1,1,1,0,0,1
12,8,0.08,445,21469264,2.265257908411879e-06,3.052006083508182e-06,-26.44882344722412,-25.154146050450073,25.77806706702109,8,8,1,1,1,1,1,0,0,1
12,8,0.08,446,21469265,2.1830476421687755e-06,3.1109614354767554e-06,-26.60936786276555,-25.071053725182498,29.82723548823989,5,7,1,1,1,1,1,0,0,1
12,8,0.08,447,21469266,5.167760363815786e-06,7.39406735708343e-06,-22.866976333808957,-21.31116597490744,30.109368575536006,4,13,1,1,1,1,1,0,0,1
12,8,0.08,448,21469267,2.427349224601734e-06,3.957289252363637e-06,-26.14867736891477,-24.02602204443535,38.66131410151759,4,10,1,1,1,1,1,0,0,1
12,8,0.08,449,21469268,5.084209309406875e-06,7.510334873059632e-06,-22.937765784859995,-21.243406981117342,32.3038267222348,4,8,1,1,1,1,1,0,0,1
12,8,0.08,450,21469269,3.918603680707075e-06,5.860543150593398e-06,-24.06868657926742,-22.32062132040904,33.13582751608434,6,14,1,1,1,1,1,0,0,1
12,8,0.08,451,21469270,4.395558888152606e-06,5.270955161745483e-06,-23.569858972434133,-22.781106781673873,16.607924877565992,4,13,1,1,1,1,1,0,0,1
12,8,0.08,452,21469271,4.394689856157377e-06,6.922788746508498e-06,-23.570717687158446,-21.59718920970606,36.51850407288775,3,11,1,1,1,1,1,0,0,1
12,8,0.08,453,21469272,2.7870252487805238e-06,3.2987397733727763e-06,-25.548590968208234,-24.816519431529947,15.512424736342666,5,8,1,1,1,1,1,0,0,1
12,8,0.08,454,21469273,1.912077993609357e-06,2.9776251900958784e-06,-27.184943968385088,-25.26129970155892,35.785135081162146,5,19,1,1,1,1,1,0,0,1
12,8,0.08,455,21469274,4.825691763524102e-06,4.8257481397632805e-06,-23.164404216886865,-23.16435348064475,0.0011682383237994985,4,12,1,1,1,1,1,0,0,1
12,8,0.08,456,21469275,5.3129845254329536e-06,1.0210358095127289e-05,-22.746614490119388,-19.909590261784583,47.96475818053354,6,11,1,1,1,1,1,0,0,1
12,8,0.08,457,21469276,3.866610884808599e-06,6.0365932546236825e-06,-24.126695308189237,-22.192080859029595,35.9471357152149,4,11,1,1,1,1,1,0,0,1
12,8,0.08,458,21469277,2.9906194980114155e-06,4.633769405438576e-06,-25.242388395350726,-23.34065582207107,35.46032967239638,6,12,1,1,1,1,1,0,0,1
12,8,0.08,459,21469278,3.147117494877385e-06,3.2705086417490835e-06,-25.02087042779707,-24.853846989830224,3.7728427100473336,3,7,1,1,1,1,1,0,0,1
12,8,0.08,460,21469279,3.1802488512958507e-06,4.193019900241294e-06,-24.975388955765354,-23.77473076412441,24.153738189679522,3,8,1,1,1,1,1,0,0,1
12,8,0.08,461,21469280,2.472733298346566e-06,4.029361079181959e-06,-26.06822722822915,-23.947638128623538,38.632124305708025,3,9,1,1,1,1,1,0,0,1
12,8,0.08,462,21469281,2.852480814464098e-06,5.2886763794216545e-06,-25.44777267926538,-22.766530071786764,46.064372069292084,7,16,1,1,1,1,1,0,0,1
12,8,0.08,463,21469282,4.779195622801722e-06,7.175575857240957e-06,-23.20645192503993,-21.44143240017438,33.39634730529703,4,8,1,1,1,1,1,0,0,1
12,8,0.08,464,21469283,2.9519772725547926e-06,3.98991042723982e-06,-25.298869904946727,-23.990368540355902,26.01394626803838,3,9,1,1,1,1,1,0,0,1
12,8,0.08,465,21469284,1.768433500345837e-06,2.230087334269699e-06,-27.52411266624378,-26.516781288582422,20.70115492024185,4,8,1,1,1,1,1,0,0,1
12,8,0.08,466,21469285,2.2632313243797747e-06,3.3512164000898897e-06,-26.452710546323924,-24.74797527303344,32.46537811407619,3,10,1,1,1,1,1,0,0,1
12,8,0.08,467,21469286,3.902955985082261e-06,4.814588529568982e-06,-24.086063463727818,-23.174408231756985,18.934796585168073,5,10,1,1,1,1,1,0,0,1
12,8,0.08,468,21469287,4.300728040983912e-06,5.559833169704785e-06,-23.664580194394674,-22.549382398142818,22.646455213470524,6,10,1,1,1,1,1,0,0,1
12,8,0.08,469,21469288,3.451483252579732e-06,5.110104741246786e-06,-24.61994229571012,-22.915701980885128,32.457680862767916,3,11,1,1,1,1,1,0,0,1
12,8,0.08,470,21469289,3.96882345007558e-06,5.589183030584605e-06,-24.013382199044607,-22.52651668184887,28.99099155712462,5,13,1,1,1,1,1,0,0,1
12,8,0.08,471,21469290,2.753972466729503e-06,2.7626363946456497e-06,-25.60040405984403,-25.586762711422427,0.3136108657997325,3,7,1,1,1,1,1,0,0,1
12,8,0.08,472,21469291,3.8455856319518754e-06,6.273997231148743e-06,-24.150375135067428,-22.024556773018197,38.705971802799716,6,24,1,1,1,1,1,0,0,1
12,8,0.08,473,21469292,3.7103702380721917e-06,6.334423600489394e-06,-24.305827522908384,-21.982928975154593,41.42529025394623,4,9,1,1,1,1,1,0,0,1
12,8,0.08,474,21469293,2.599630914242638e-06,3.2998111196900747e-06,-25.850883071392023,-24.815109183111957,21.218796471999262,5,8,1,1,1,1,1,0,0,1
12,8,0.08,475,21469294,2.954818392618011e-06,3.108507652412107e-06,-25.294692063250565,-25.074480591640057,4.944149314698896,6,9,1,1,1,1,1,0,0,1
12,8,0.08,476,21469295,2.1661368360141977e-06,2.3053290971287424e-06,-26.643141122310908,-26.37267068163744,6.037847754054157,3,7,1,1,1,1,1,0,0,1
12,8,0.08,477,21469296,2.1990507134924354e-06,2.3772788728642833e-06,-26.577647550248575,-26.2391986924275,7.497149846669369,5,11,1,1,1,1,1,0,0,1
12,8,0.08,478,21469297,4.2106225507926355e-06,6.169069710508428e-06,-23.756536879207445,-22.097803221991903,31.7462316300262,3,19,1,1,1,1,1,0,0,1
12,8,0.08,479,21469298,1.344672279418188e-06,1.9158305118215218e-06,-28.713835480650825,-27.17642914378822,29.812565823491948,3,7,1,1,1,1,1,0,0,1
12,8,0.08,480,21469299,2.8496139823972e-06,3.4392396149662325e-06,-25.45213966892956,-24.6353756543055,17.1440695787293,6,8,1,1,1,1,1,0,0,1
12,8,0.08,481,21469300,4.016068384726057e-06,5.691055831672321e-06,-23.961989007294918,-22.448071537576446,29.431927861689378,7,11,1,1,1,1,1,0,0,1
12,8,0.08,482,21469301,3.2354284707549597e-06,4.804636107224209e-06,-24.900681971707197,-23.18339499277237,32.660280642477844,6,9,1,1,1,1,1,0,0,1
12,8,0.08,483,21469302,2.980278379536693e-06,4.062414612057785e-06,-25.257431677861348,-23.9121575435814,26.63775945737218,3,8,1,1,1,1,1,0,0,1
12,8,0.08,484,21469303,3.87838500742192e-06,4.82529626942819e-06,-24.1134908068814,-23.164760161590124,19.62389890970324,5,12,1,1,1,1,1,0,0,1
12,8,0.08,485,21469304,1.932511123300174e-06,2.4088359547498515e-06,-27.138779976559594,-26.181927750837552,19.774066827192556,3,8,1,1,1,1,1,0,0,1
12,8,0.08,486,21469305,2.794543464529411e-06,4.7449298030662e-06,-25.536891312588526,-23.237702081822107,41.10464052126627,3,7,1,1,1,1,1,0,0,1
12,8,0.08,487,21469306,4.633185403384082e-06,7.1782431550218925e-06,-23.341203205489368,-21.43981834509929,35.455162170945556,4,11,1,1,1,1,1,0,0,1
12,8,0.08,488,21469307,2.839615042162194e-06,4.1794310964888484e-06,-25.467405319235937,-23.788828302992574,32.05737870525578,3,13,1,1,1,1,1,0,0,1
12,8,0.08,489,21469308,8.037223953619434e-06,1.1382565345273656e-05,-20.94893930083721,-19.43759847805601,29.39004776320741,5,9,1,1,1,1,1,0,0,1
12,8,0.08,490,21469309,4.344841629114459e-06,4.843113398886966e-06,-23.620260491014342,-23.148753620634555,10.288253210982399,4,9,1,1,1,1,1,0,0,1
12,8,0.08,491,21469310,3.1685031434883195e-06,4.38595773951452e-06,-24.991458576727315,-23.579355572421864,27.758010184588787,4,8,1,1,1,1,1,0,0,1
12,8,0.08,492,21469311,2.8747278637379975e-06,4.1254456042011925e-06,-25.41403261538121,-23.84529134873151,30.317155053250804,4,10,1,1,1,1,1,0,0,1
12,8,0.08,493,21469312,5.292023112813309e-06,5.7506615966291395e-06,-22.763782677072577,-22.402821881387972,7.97540380544511,6,9,1,1,1,1,1,0,0,1
12,8,0.08,494,21469313,3.887864181434668e-06,8.084257630301321e-06,-24.102889151150393,-20.923598547763042,51.908210262099765,4,10,1,1,1,1,1,0,0,1
12,8,0.08,495,21469314,4.531134529917234e-06,6.295396991803613e-06,-23.437930433751365,-22.009768778018103,28.02464188014492,4,9,1,1,1,1,1,0,0,1
12,8,0.08,496,21469315,2.2121158633396107e-06,3.5510238567722756e-06,-26.55192129857729,-24.49646409976686,37.70484365739163,6,12,1,1,1,1,1,0,0,1
12,8,0.08,497,21469316,4.821772586302557e-06,5.903642320718087e-06,-23.167932765058342,-22.288799626423327,18.325462073114505,5,10,1,1,1,1,1,0,0,1
12,8,0.08,498,21469317,3.4407026824973897e-06,3.84201448142266e-06,-24.63352853949686,-24.154410025169856,10.44534841983908,4,8,1,1,1,1,1,0,0,1
12,8,0.08,499,21469318,2.4072784650890858e-06,3.4488058006608464e-06,-26.184736692361387,-24.623312596992626,30.199651582938863,3,9,1,1,1,1,1,0,0,1
12,8,0.08,500,21469319,4.025787392340715e-06,5.530652828563315e-06,-23.95149164561957,-22.572236023103244,27.20954438598373,3,13,1,1,1,1,1,0,0,1
