epsilon,K,N,realization,channel_seed,faa_energy_W,fpa_energy_W,faa_energy_dBm,fpa_energy_dBm,faa_energy_saving_pct,faa_iterations,fpa_iterations,faa_converged,fpa_converged,faa_monotone,fpa_monotone,faa_wins,fpa_wins,tie,same_physical_channel,same_g_phi
0.04,4,4,1,20664822,0.0036726899748777153,0.005332306820777003,5.649842695153131,7.269151307524546,31.123806293979438,12,25,1,0,1,1,1,0,0,1,1
0.06,4,4,1,20664822,0.0018174058889319205,0.002614441658034492,2.594519309611862,4.1737895487617775,30.485888512875594,11,25,1,0,1,1,1,0,0,1,1
0.08,4,4,1,20664822,0.0009986440706071346,0.0013947340556125858,-0.005892722492983177,1.444914053223771,28.398961322521316,9,18,1,1,1,1,1,0,0,1,1
0.04,4,4,2,20664823,0.0012706526608782839,0.0025073740286168816,1.0402685025544156,3.992191231278157,49.323369932997124,13,25,1,0,1,1,1,0,0,1,1
0.06,4,4,2,20664823,0.0006961051173510939,0.001336280172107715,-1.5732517355256739,1.2589752433990489,47.90724790497137,10,25,1,0,1,1,1,0,0,1,1
0.08,4,4,2,20664823,0.00045317922661741077,0.0008030643902629125,-3.4373000607298536,-0.9524963129075708,43.56875586663157,7,25,1,0,1,1,1,0,0,1,1
0.04,4,4,3,20664824,0.00254328283491727,0.008455950118249515,4.05394660141705,9.271624123986037,69.92315707458596,14,25,1,0,1,1,1,0,0,1,1
0.06,4,4,3,20664824,0.00121882101129583,0.0040080071400282165,0.8593993243214426,6.029284865298711,69.59034830244217,12,25,1,0,1,1,1,0,0,1,1
0.08,4,4,3,20664824,0.0006267286039644487,0.0019144947177325755,-2.029204835983645,2.8205417242684607,67.26402020546121,8,17,1,1,1,1,1,0,0,1,1
0.04,4,4,4,20664825,0.0012328557793421797,0.002838591275667456,0.9091227537980981,4.5310286364206425,56.568041693417435,7,25,1,0,1,1,1,0,0,1,1
0.06,4,4,4,20664825,0.0007501392363117343,0.0016449170103179458,-1.2485811800893702,2.1614399172662906,54.39652994002779,10,23,1,1,1,1,1,0,0,1,1
0.08,4,4,4,20664825,0.000438534342617695,0.0010549389775620505,-3.5799639038154947,0.23227338804755718,58.43035929612328,6,19,1,1,1,1,1,0,0,1,1
0.04,4,4,5,20664826,0.00045527332605616836,0.00113165194448663,-3.4172779376377784,0.5371287399717526,59.76913853466655,15,20,1,1,1,1,1,0,0,1,1
0.06,4,4,5,20664826,0.0002766500653556741,0.0006503541608150541,-5.580692228523039,-1.8685007689529516,57.461629059316955,7,18,1,1,1,1,1,0,0,1,1
0.08,4,4,5,20664826,0.00019661893211158949,0.0004147106650213304,-7.063746669935341,-3.822547958384038,52.58888938834585,5,16,1,1,1,1,1,0,0,1,1
0.04,4,4,6,20664827,0.0005715262817428221,0.0009818246655230677,-2.4296379369662486,-0.07966061698356491,41.7893742322779,9,23,1,1,1,1,1,0,0,1,1
0.06,4,4,6,20664827,0.0003226510204339144,0.0005895078247217404,-4.912669570310004,-2.2951042600414007,45.26772895911734,6,17,1,1,1,1,1,0,0,1,1
0.08,4,4,6,20664827,0.0002246199436895736,0.0003936938450919066,-6.485516859650289,-4.04841374804681,42.94552823472849,5,15,1,1,1,1,1,0,0,1,1
0.04,4,4,7,20664828,0.0006826195314561251,0.0011909160688326696,-1.6582128962569804,0.7588115516266126,42.68113855200345,9,25,1,0,1,1,1,0,0,1,1
0.06,4,4,7,20664828,0.00042581455401567584,0.0006978655630738699,-3.707794987908914,-1.562282318732423,38.983297565206996,7,23,1,1,1,1,1,0,0,1,1
0.08,4,4,7,20664828,0.0003109427282855185,0.0004527412155263869,-5.073195951534015,-3.441499674864115,31.3199864244752,5,19,1,1,1,1,1,0,0,1,1
0.04,4,4,8,20664829,0.001209926885503143,0.004347981712223119,0.8275912719089784,6.382877087589468,72.17267767935232,12,25,1,0,1,1,1,0,0,1,1
0.06,4,4,8,20664829,0.0006423560540659457,0.0015542477679647338,-1.9222417839173653,1.9152025235591121,58.67093604341461,9,25,1,0,1,1,1,0,0,1,1
0.08,4,4,8,20664829,0.0003578145624611007,0.0007901864028387022,-4.463419883415888,-1.022704477283863,54.71770190227633,10,25,1,0,1,1,1,0,0,1,1
0.04,4,4,9,20664830,0.0013898850918544765,0.0019044806881312454,1.4297889663081134,2.797765731741462,27.020258041141453,9,25,1,0,1,1,1,0,0,1,1
0.06,4,4,9,20664830,0.0007180675120910243,0.001107595258870076,-1.4383472184373902,0.44381088053158724,35.16878062266466,9,22,1,1,1,1,1,0,0,1,1
0.08,4,4,9,20664830,0.0004957955591048342,0.0007132683224493732,-3.0469736757405212,-1.4674706336320607,30.489614707370507,9,20,1,1,1,1,1,0,0,1,1
0.04,4,4,10,20664831,0.001613027016792006,0.0044620957644714776,2.076416415026786,6.495388867759733,63.85046171273591,14,25,1,0,1,1,1,0,0,1,1
0.06,4,4,10,20664831,0.0008615303426074968,0.002292534924957576,-0.6472942234253953,3.6031596052562307,62.42018678849834,12,25,1,0,1,1,1,0,0,1,1
0.08,4,4,10,20664831,0.0005205434753039225,0.0013482832934907428,-2.835429927699573,1.297811532329902,61.392128952646075,8,24,1,1,1,1,1,0,0,1,1
0.04,4,4,11,20664832,0.0006278738939507585,0.001209124508555613,-2.021275738756041,0.8247102426397876,48.07202322771544,10,25,1,0,1,1,1,0,0,1,1
0.06,4,4,11,20664832,0.00036209540713402744,0.000695934733938147,-4.41176983796626,-1.5743148742907274,47.96991880474102,10,25,1,0,1,1,1,0,0,1,1
0.08,4,4,11,20664832,0.00022588912981979308,0.0004463505265730731,-6.4610466758723915,-3.503239485396214,49.39198760353378,5,25,1,0,1,1,1,0,0,1,1
0.04,4,4,12,20664833,0.001665411887253687,0.0022381201602883643,2.2152166020834647,3.498833992384892,25.588808107643704,14,25,1,0,1,1,1,0,0,1,1
0.06,4,4,12,20664833,0.000731865385491149,0.0011148319987965684,-1.3556879286870873,0.4720942568652615,34.35195739975366,18,21,1,1,1,1,1,0,0,1,1
0.08,4,4,12,20664833,0.0005125653147688337,0.0006072471448096847,-2.9025078581108747,-2.166345185093511,15.591976158327588,6,17,1,1,1,1,1,0,0,1,1
0.04,4,4,13,20664834,0.0006956672876116388,0.0013475434152509856,-1.575984180075559,1.295427662151357,48.37514845619517,8,25,1,0,1,1,1,0,0,1,1
0.06,4,4,13,20664834,0.00046293744920691826,0.0007950939040132428,-3.344776856547285,-0.9958157626627117,41.77575166024569,10,19,1,1,1,1,1,0,0,1,1
0.08,4,4,13,20664834,0.00028811078579734023,0.0005202709895617152,-5.404404830434783,-2.837703897959139,44.62293851132282,5,15,1,1,1,1,1,0,0,1,1
0.04,4,4,14,20664835,0.0013724000475845391,0.002952567119151574,1.3748072444221093,4.701997789852429,53.51841322479737,9,25,1,0,1,1,1,0,0,1,1
0.06,4,4,14,20664835,0.0007659992655812938,0.0017171662524543866,-1.157716467566185,2.348123446822801,55.39166551366632,12,25,1,0,1,1,1,0,0,1,1
0.08,4,4,14,20664835,0.000539159809198433,0.0011052732043160566,-2.6828248905042917,0.43469641334649434,51.219317803685904,5,25,1,0,1,1,1,0,0,1,1
0.04,4,4,15,20664836,0.0015448164974074465,0.0021355003701691603,1.8887689871460784,3.2949965104376524,27.66020933608753,13,25,1,0,1,1,1,0,0,1,1
0.06,4,4,15,20664836,0.0009555953561057038,0.0012283052843539825,-0.19725969452264297,0.8930632025203776,22.202129366536784,10,25,1,0,1,1,1,0,0,1,1
0.08,4,4,15,20664836,0.0005695487668235656,0.0007840598359335142,-2.4446908412986694,-1.056507926419186,27.3590176768267,9,24,1,1,1,1,1,0,0,1,1
0.04,4,4,16,20664837,0.001316684884299198,0.002284610948160502,1.1948184984037815,3.5881225366065532,42.3672163805679,17,25,1,0,1,1,1,0,0,1,1
0.06,4,4,16,20664837,0.000723112036835289,0.0012475985191797506,-1.4079440919266535,0.9607485060542941,42.039684584532196,12,25,1,0,1,1,1,0,0,1,1
0.08,4,4,16,20664837,0.0004447222745054105,0.000742572355045166,-3.5191111779072592,-1.2926122299946208,40.110580270880014,9,25,1,0,1,1,1,0,0,1,1
0.04,4,4,17,20664838,0.0005425064237808786,0.0009703889676705827,-2.6559511499819517,-0.13054149597196857,44.09392090646245,7,21,1,1,1,1,1,0,0,1,1
0.06,4,4,17,20664838,0.0003202926500530639,0.0005763638379935938,-4.944530272369625,-2.393032753467781,44.428739462897404,6,16,1,1,1,1,1,0,0,1,1
0.08,4,4,17,20664838,0.00022825341944640793,0.000379878198856259,-6.415827076136749,-4.203556298148702,39.914051363401335,4,13,1,1,1,1,1,0,0,1,1
0.04,4,4,18,20664839,0.0005662542033962158,0.0011919877023603056,-2.4698856112921113,0.7627177484665898,52.494962634685606,7,16,1,1,1,1,1,0,0,1,1
0.06,4,4,18,20664839,0.0003035781502288273,0.0007145188175227012,-5.177294896162564,-1.4598632917020051,57.51292439275999,6,12,1,1,1,1,1,0,0,1,1
0.08,4,4,18,20664839,0.00021552910624165355,0.00047604994831351564,-6.664940720156997,-3.2234747765997467,54.72552680549584,4,11,1,1,1,1,1,0,0,1,1
0.04,4,4,19,20664840,0.0017664289420912507,0.0022857444876073192,2.470961718142502,3.5902768107928185,22.719754912749664,21,25,1,0,1,1,1,0,0,1,1
0.06,4,4,19,20664840,0.0010330427088712495,0.0012665798856422847,0.1411827683780928,1.026325867830998,18.43840877455653,12,22,1,1,1,1,1,0,0,1,1
0.08,4,4,19,20664840,0.0005684579667163361,0.0007668177818667906,-2.453016426702478,-1.153078247492639,25.86792062483927,14,19,1,1,1,1,1,0,0,1,1
0.04,4,4,20,20664841,0.0009343270512252979,0.0019721565160586135,-0.295010770029295,2.949413788421115,52.62409227577101,9,17,1,1,1,1,1,0,0,1,1
0.06,4,4,20,20664841,0.0005504685774933628,0.0011368260482053504,-2.592674669024548,0.5569401606494716,51.5784689871982,5,25,1,0,1,1,1,0,0,1,1
0.08,4,4,20,20664841,0.0003741441726239649,0.000646812797029695,-4.269610146183211,-1.8922139627274484,42.15572506571975,6,25,1,0,1,1,1,0,0,1,1
0.04,4,4,21,20664842,0.0005585918245926249,0.0011021288760485455,-2.5290542481169216,0.4223238116205067,49.317013941659894,14,25,1,0,1,1,1,0,0,1,1
0.06,4,4,21,20664842,0.0003464932101069986,0.0006571419693615773,-4.603052714185686,-1.823407950525523,47.27270114194325,4,21,1,1,1,1,1,0,0,1,1
0.08,4,4,21,20664842,0.00021937653979959562,0.00043611896809135647,-6.588098178750204,-3.6039502417669027,49.69800539525227,5,17,1,1,1,1,1,0,0,1,1
0.04,4,4,22,20664843,0.0017910607494992126,0.002817224899805219,2.531103165720058,4.49821518212491,36.42464435043701,21,25,1,0,1,1,1,0,0,1,1
0.06,4,4,22,20664843,0.0010823384621015814,0.001622504197115722,0.34363091858730543,2.101858289126783,33.2921009372042,13,25,1,0,1,1,1,0,0,1,1
0.08,4,4,22,20664843,0.0006881830450375047,0.0010431899879688286,-1.6229603142063866,0.18363410260203017,34.03090012611699,15,25,1,0,1,1,1,0,0,1,1
0.04,4,4,23,20664844,0.0010643272833959242,0.0017703971399239864,0.2707519517408857,2.4807069931717156,39.88200390779991,12,25,1,0,1,1,1,0,0,1,1
0.06,4,4,23,20664844,0.0006508072230866426,0.0010235009910727051,-1.8654763562260477,0.10088267533159148,36.41362062536469,11,21,1,1,1,1,1,0,0,1,1
0.08,4,4,23,20664844,0.0004094312838660614,0.0006521618858534735,-3.878189767899422,-1.856445861605496,37.21937869303027,8,17,1,1,1,1,1,0,0,1,1
0.04,4,4,24,20664845,0.0009869588460739945,0.003510651239890616,-0.05700956039175476,5.453876873080542,71.8867304487715,12,25,1,0,1,1,1,0,0,1,1
0.06,4,4,24,20664845,0.0005380708926160277,0.0006256664514150247,-2.691605008324376,-2.0365713151112868,14.000360511721286,12,24,1,1,1,1,1,0,0,1,1
0.08,4,4,24,20664845,0.00030860257822642415,0.0003336822130566924,-5.106004499357617,-4.766669428124215,7.516023884080154,9,16,1,1,1,1,1,0,0,1,1
0.04,4,4,25,20664846,0.002724556960686123,0.0035822940665850424,4.352958918705474,5.541612337333378,23.943793835903307,13,25,1,0,1,1,1,0,0,1,1
0.06,4,4,25,20664846,0.001370126942378291,0.0018786821156182363,1.3676080644138167,2.738533010626694,27.06978306825421,16,25,1,0,1,1,1,0,0,1,1
0.08,4,4,25,20664846,0.0008340303259707369,0.0011923739342975834,-0.7881815780074615,0.7641247363830437,30.052955538477402,10,25,1,0,1,1,1,0,0,1,1
0.04,4,4,26,20664847,0.000636713132794653,0.0014290118181061562,-1.9605619232018618,1.5503582047541162,55.443816158324175,9,19,1,1,1,1,1,0,0,1,1
0.06,4,4,26,20664847,0.0003749543811381432,0.0008209279126302416,-4.260215675393263,-0.8569497749862656,54.32554121143298,8,15,1,1,1,1,1,0,0,1,1
0.08,4,4,26,20664847,0.0002521322884392542,0.0005219052544683469,-5.983715343589543,-2.8240833070705924,51.69002682372001,4,13,1,1,1,1,1,0,0,1,1
0.04,4,4,27,20664848,0.0010611473587014105,0.0034105191515370666,0.2577569740475826,5.328204926249781,68.88604603720907,15,25,1,0,1,1,1,0,0,1,1
0.06,4,4,27,20664848,0.0006210265599496665,0.0012082204128270138,-2.06889825599722,0.8214616884026381,48.599895072408316,9,25,1,0,1,1,1,0,0,1,1
0.08,4,4,27,20664848,0.0003563160863002877,0.0006454149575318156,-4.4816457048157785,-1.9016097401383438,44.79271325491041,7,25,1,0,1,1,1,0,0,1,1
0.04,4,4,28,20664849,0.0010100653981460145,0.0027341372524620497,0.043494937177464874,4.368203121669621,63.057253353449404,11,25,1,0,1,1,1,0,0,1,1
0.06,4,4,28,20664849,0.0006486939156875337,0.0015774156568372846,-1.8796017544070303,1.9794614715584324,58.876158425600785,8,23,1,1,1,1,1,0,0,1,1
0.08,4,4,28,20664849,0.00038494028202188725,0.0010038287920574804,-4.146066398421421,0.01659648062874169,61.652795270705376,5,18,1,1,1,1,1,0,0,1,1
0.04,4,4,29,20664850,0.0008175193878301467,0.002286975429524243,-0.8750193906179777,3.592614987215887,64.25325006660809,20,23,1,1,1,1,1,0,0,1,1
0.06,4,4,29,20664850,0.0004599644411740319,0.0013215960698716338,-3.3727574135933365,1.2109873848447856,65.1962916915523,11,17,1,1,1,1,1,0,0,1,1
0.08,4,4,29,20664850,0.0003115088821066502,0.0008431526061736518,-5.0652956571456675,-0.7409381325075647,63.05427038643425,7,14,1,1,1,1,1,0,0,1,1
0.04,4,4,30,20664851,0.0009530024176058385,0.0018481756412763997,-0.2090599762867958,2.66743241999015,48.435506002683304,7,25,1,0,1,1,1,0,0,1,1
0.06,4,4,30,20664851,0.0005181338535199744,0.0010464142032553178,-2.8555803111261016,0.19703625813474537,50.484822175760044,11,25,1,0,1,1,1,0,0,1,1
0.08,4,4,30,20664851,0.0003874732245593835,0.0006642238142819537,-4.117583030360677,-1.776855577863559,41.6652615838151,6,21,1,1,1,1,1,0,0,1,1
0.04,4,6,1,20666822,0.0006634460604679814,0.002464853992943463,-1.781943804006953,3.917911986895159,73.08375821175063,16,25,1,0,1,1,1,0,0,1,1
0.06,4,6,1,20666822,0.00034405056039697995,0.000916564199597319,-4.633777304287852,-0.37837110020510095,62.46301562420459,10,25,1,0,1,1,1,0,0,1,1
0.08,4,6,1,20666822,0.00021043362284309478,0.0005204386489817547,-6.768848678994904,-2.8363045919683905,59.56610385204653,7,25,1,0,1,1,1,0,0,1,1
0.04,4,6,2,20666823,0.0008148365935619936,0.0025990875285764824,-0.889294754681603,4.148209053331364,68.64912841129754,12,25,1,0,1,1,1,0,0,1,1
0.06,4,6,2,20666823,0.0004861685708130817,0.000765564884679775,-3.132131202842051,-1.1601799521495757,36.49544531859776,10,25,1,0,1,1,1,0,0,1,1
0.08,4,6,2,20666823,0.0003047607805363333,0.00044161920691419105,-5.160409228067689,-3.549520465210416,30.990143597728537,6,25,1,0,1,1,1,0,0,1,1
0.04,4,6,3,20666824,0.0010353206107067748,0.0025542439334094755,0.15074859840495713,4.07262370560473,59.466650887771706,9,25,1,0,1,1,1,0,0,1,1
0.06,4,6,3,20666824,0.0006103879699564577,0.0014662602167446815,-2.1439403441263267,1.6621105125172178,58.371102005917415,5,25,1,0,1,1,1,0,0,1,1
0.08,4,6,3,20666824,0.0003890161204184704,0.0009108251061250805,-4.100324015952989,-0.4056500693116926,57.28970163399864,6,25,1,0,1,1,1,0,0,1,1
0.04,4,6,4,20666825,0.0007054272050239924,0.0013743151004894192,-1.5154779564106597,1.380863183964954,48.67063566624738,12,25,1,0,1,1,1,0,0,1,1
0.06,4,6,4,20666825,0.0003685149491538079,0.0005908474991856879,-4.335448898854662,-2.2852459832110315,37.62943066329316,5,25,1,0,1,1,1,0,0,1,1
0.08,4,6,4,20666825,0.00025406250581848534,0.0003401339611234759,-5.950594227797181,-4.683500031976006,25.305163595159133,10,25,1,0,1,1,1,0,0,1,1
0.04,4,6,5,20666826,0.004743532097729885,0.00846990062463464,6.761018436370146,9.278783148848987,43.9954220485969,16,25,1,0,1,1,1,0,0,1,1
0.06,4,6,5,20666826,0.002340093922846612,0.00447327141367022,3.6923328875860983,6.50625249588543,47.687191175224996,18,25,1,0,1,1,1,0,0,1,1
0.08,4,6,5,20666826,0.001485387710639347,0.0025958717014401204,1.7183982645745917,4.142832240553316,42.77884728219451,14,25,1,0,1,1,1,0,0,1,1
0.04,4,6,6,20666827,0.0019566596186048773,0.0038195123788919744,2.9151528216345994,5.820079218976074,48.7720047873625,18,25,1,0,1,1,1,0,0,1,1
0.06,4,6,6,20666827,0.0010827111363434592,0.00218403431414045,0.3451260378539469,3.392594574414813,50.426093155520235,13,25,1,0,1,1,1,0,0,1,1
0.08,4,6,6,20666827,0.0006475978148308605,0.0013793544244774124,-1.8869462534253725,1.3967587228003477,53.05065881988873,8,21,1,1,1,1,1,0,0,1,1
0.04,4,6,7,20666828,0.0015105906214696015,0.0027958998068596075,1.7914678404402686,4.465216040880737,45.97121764651798,11,21,1,1,1,1,1,0,0,1,1
0.06,4,6,7,20666828,0.0008914524853379133,0.0016159449709717661,-0.4990179988680834,2.084265673233297,44.833982508585756,10,16,1,1,1,1,1,0,0,1,1
0.08,4,6,7,20666828,0.0005976460704071903,0.0010316074393692855,-2.235559316872619,0.13514465363321276,42.066521857133445,6,13,1,1,1,1,1,0,0,1,1
0.04,4,6,8,20666829,0.0006303852399924417,0.000693822043362725,-2.0039396408588646,-1.5875190634072178,9.14309425264526,20,25,1,0,1,1,1,0,0,1,1
0.06,4,6,8,20666829,0.000346425702354984,0.0003794983881170507,-4.603898938577923,-4.2079006438867745,8.714842222693687,12,20,1,1,1,1,1,0,0,1,1
0.08,4,6,8,20666829,0.0002086842742291961,0.00022878097638506065,-6.8051027672662165,-6.4058009086887155,8.784254037818185,9,17,1,1,1,1,1,0,0,1,1
0.04,4,6,9,20666830,0.000467600579456989,0.0008373880066423184,-3.3012495932624346,-0.7707326351448079,44.159627825106924,8,25,1,0,1,1,1,0,0,1,1
0.06,4,6,9,20666830,0.00028670018935914845,0.0005028250064255823,-5.425720202114991,-2.9858313217424564,42.9821139172839,6,24,1,1,1,1,1,0,0,1,1
0.08,4,6,9,20666830,0.00017334211792084696,0.00033633756177158246,-7.6109590146249175,-4.732246284950757,48.46186164643451,8,19,1,1,1,1,1,0,0,1,1
0.04,4,6,10,20666831,0.0007605739576575365,0.0011157893056949293,-1.1885854907859845,0.47582194590090227,31.835342588819646,10,25,1,0,1,1,1,0,0,1,1
0.06,4,6,10,20666831,0.0004374783329300212,0.0006422484423805502,-3.5904345149183845,-1.922969403373691,31.883317410865267,9,23,1,1,1,1,1,0,0,1,1
0.08,4,6,10,20666831,0.000277859660090471,0.00041094570085501667,-5.561744999005278,-3.862155586030746,32.38531039201673,11,18,1,1,1,1,1,0,0,1,1
0.04,4,6,11,20666832,0.0019825999950462835,0.002072153742389962,2.972351007571792,3.164219745261734,4.321771377851048,19,25,1,0,1,1,1,0,0,1,1
0.06,4,6,11,20666832,0.0010089660110766414,0.0011962301760549603,0.038765364544653874,0.778147537096417,15.654526087604324,14,19,1,1,1,1,1,0,0,1,1
0.08,4,6,11,20666832,0.0007003297619839247,0.0007609722394168916,-1.5469741700380384,-1.1863118618338846,7.969078803641418,9,15,1,1,1,1,1,0,0,1,1
0.04,4,6,12,20666833,0.0008969360664161282,0.0014261697048278234,-0.4723851235416917,1.5417120678168328,37.108742151803575,9,19,1,1,1,1,1,0,0,1,1
0.06,4,6,12,20666833,0.000516761415182241,0.0008523822787351821,-2.867099210946731,-0.6936558796713379,39.374453449566815,7,15,1,1,1,1,1,0,0,1,1
0.08,4,6,12,20666833,0.00034605743002433015,0.0005656038557549209,-4.6085182180560915,-2.474876385899088,38.81628873225387,6,13,1,1,1,1,1,0,0,1,1
0.04,4,6,13,20666834,0.0016385520655387864,0.002616588370084544,2.144602457897648,4.177354067584642,37.37830205651173,12,15,1,1,1,1,1,0,0,1,1
0.06,4,6,13,20666834,0.000992327651223486,0.0015610900772998549,-0.03344906854278649,1.9342796324538083,36.433671211345526,7,12,1,1,1,1,1,0,0,1,1
0.08,4,6,13,20666834,0.0006900792698288471,0.0010340665047645057,-1.6110101872378766,0.14548470792206453,33.26548470052194,9,10,1,1,1,1,1,0,0,1,1
0.04,4,6,14,20666835,0.0011231980917911194,0.0016930540970312353,0.5045635696050643,2.286708350532968,33.65846408802628,14,25,1,0,1,1,1,0,0,1,1
0.06,4,6,14,20666835,0.0005853324990206367,0.0006552554811534822,-2.3259736217746916,-1.8358933753167754,10.671102210355603,10,25,1,0,1,1,1,0,0,1,1
0.08,4,6,14,20666835,0.00029037148695943685,0.00032628242176754337,-5.370460314434878,-4.864063228869504,11.006089330086835,15,18,1,1,1,1,1,0,0,1,1
0.04,4,6,15,20666836,0.0005671963648454458,0.0012460963619515771,-2.4626656120408503,0.9555162807408342,54.482142620404595,9,25,1,0,1,1,1,0,0,1,1
0.06,4,6,15,20666836,0.0003781450999559603,0.000706313348574439,-4.223415228650572,-1.5100258596539895,46.46213317089713,7,25,1,0,1,1,1,0,0,1,1
0.08,4,6,15,20666836,0.00024626639101882114,0.00046858765144526255,-6.085948540603051,-3.2920916042502473,47.44496781781105,4,22,1,1,1,1,1,0,0,1,1
0.04,4,6,16,20666837,0.0009466153878370458,0.0014630201259216015,-0.23826440076771777,1.6525030050437781,35.297172536109606,6,25,1,0,1,1,1,0,0,1,1
0.06,4,6,16,20666837,0.0005608834256334859,0.0008681029390167054,-2.511273934051231,-0.6142877344536358,35.38975616546179,7,21,1,1,1,1,1,0,0,1,1
0.08,4,6,16,20666837,0.00036520615458798605,0.0005727858707651407,-4.374619121862649,-2.4200770355707144,36.240369529343454,6,17,1,1,1,1,1,0,0,1,1
0.04,4,6,17,20666838,0.00036093284032503515,0.0006140461777013979,-4.425736008358122,-2.117989676751119,41.22057046651763,11,20,1,1,1,1,1,0,0,1,1
0.06,4,6,17,20666838,0.00020711935748630512,0.00036565544684911836,-6.8377930981432495,-4.369279528868085,43.356687485153344,5,15,1,1,1,1,1,0,0,1,1
0.08,4,6,17,20666838,0.0001456881751514423,0.00024178191085364438,-8.365756965133563,-6.165761944194776,39.74397231080269,6,13,1,1,1,1,1,0,0,1,1
0.04,4,6,18,20666839,0.0008592940896092905,0.0015238617668502101,-0.6585817535857459,1.8294557289794082,43.61075864607896,13,25,1,0,1,1,1,0,0,1,1
0.06,4,6,18,20666839,0.0005660463544058997,0.0008930998656450822,-2.471480023128356,-0.49099975967398296,36.62003811891218,8,20,1,1,1,1,1,0,0,1,1
0.08,4,6,18,20666839,0.00035779793987720837,0.0005784847213641304,-4.463621643347056,-2.3770810691944706,38.14911152130664,6,16,1,1,1,1,1,0,0,1,1
0.04,4,6,19,20666840,0.001445534442218472,0.002602810520924887,1.600284439051376,4.154425535445245,44.46255574129102,10,25,1,0,1,1,1,0,0,1,1
0.06,4,6,19,20666840,0.0007763949019741636,0.0014612035661209473,-1.0991732497321414,1.6471072345279947,46.8660684948055,9,23,1,1,1,1,1,0,0,1,1
0.08,4,6,19,20666840,0.000470272162760952,0.0008974063288334618,-3.276507280732208,-0.4701087199064535,47.59651813774718,7,18,1,1,1,1,1,0,0,1,1
0.04,4,6,20,20666841,0.0009553867279168473,0.002217556418235972,-0.19820796161847137,3.458746778011132,56.917139962696375,16,25,1,0,1,1,1,0,0,1,1
0.06,4,6,20,20666841,0.00035946798054670745,0.0006106654226545405,-4.443397881494987,-2.141966701064206,41.13503610797004,20,25,1,0,1,1,1,0,0,1,1
0.08,4,6,20,20666841,0.00021361801965979614,0.00029833397529342395,-6.7036211536664005,-5.252972848805383,28.396348605721528,13,24,1,1,1,1,1,0,0,1,1
0.04,4,6,21,20666842,0.006127373843907831,0.01337986567541171,7.872743783559873,11.264517534377605,54.204518994774695,22,25,1,0,1,1,1,0,0,1,1
0.06,4,6,21,20666842,0.002331193588890114,0.005019640532542284,3.675783400567166,7.00672617479076,53.55855516392046,25,25,0,0,1,1,1,0,0,1,1
0.08,4,6,21,20666842,0.0006219146201917308,0.001490898554441861,-2.062692335161766,1.7344809365756992,58.28591969997896,11,25,1,0,1,1,1,0,0,1,1
0.04,4,6,22,20666843,0.0007133293043388218,0.0007823845668998692,-1.4670993432611477,-1.0657972490799459,8.826255716504335,13,25,1,0,1,1,1,0,0,1,1
0.06,4,6,22,20666843,0.00038576117904336996,0.0004676386018994198,-4.136814795836711,-3.3008964656930506,17.508696357290905,13,25,1,0,1,1,1,0,0,1,1
0.08,4,6,22,20666843,0.00029216325190084384,0.00031233803742271727,-5.34374410237209,-5.053751229204305,6.45927908376044,5,22,1,1,1,1,1,0,0,1,1
0.04,4,6,23,20666844,0.0006637384621344824,0.0014049967105640518,-1.7800301525115851,1.4767530745422808,52.758717714860914,14,25,1,0,1,1,1,0,0,1,1
0.06,4,6,23,20666844,0.00040181186250648157,0.0007855712831692848,-3.959772459226171,-1.048144007163533,48.85099912443031,21,25,1,0,1,1,1,0,0,1,1
0.08,4,6,23,20666844,0.0002546146161082657,0.000401639581092797,-5.941166693666956,-3.961634945603922,36.60619418646437,10,25,1,0,1,1,1,0,0,1,1
0.04,4,6,24,20666845,0.0009462273596943746,0.0017973778746172612,-0.24004498696554824,2.5463939130434055,47.35512364666963,15,25,1,0,1,1,1,0,0,1,1
0.06,4,6,24,20666845,0.0005952406819679407,0.0010430168211760212,-2.25307394413767,0.18291312534888096,42.9308645955685,9,25,1,0,1,1,1,0,0,1,1
0.08,4,6,24,20666845,0.00040214328863735825,0.000667985770637796,-3.9561917483432985,-1.7523278872101977,39.79762648935023,7,25,1,0,1,1,1,0,0,1,1
0.04,4,6,25,20666846,0.0005497210640174057,0.001397544572078551,-2.5985762157300125,1.4536566779214541,60.665221346048924,10,25,1,0,1,1,1,0,0,1,1
0.06,4,6,25,20666846,0.00031535927686240564,0.0008246321822302585,-5.011943889265896,-0.8373972035652888,61.75758311911852,11,25,1,0,1,1,1,0,0,1,1
0.08,4,6,25,20666846,0.00021307774029962943,0.0005356091698322971,-6.7146191757805385,-2.7115199630999824,60.21768253774566,4,25,1,0,1,1,1,0,0,1,1
0.04,4,6,26,20666847,0.0007562340874438581,0.0008268683160119389,-1.2134375059802964,-0.825636490726439,8.542379384997611,12,25,1,0,1,1,1,0,0,1,1
0.06,4,6,26,20666847,0.0004127802732779323,0.0004857056353742759,-3.842810657685623,-3.1362685761868008,15.01431253523518,7,21,1,1,1,1,1,0,0,1,1
0.08,4,6,26,20666847,0.0002901860294050875,0.00031729051663463066,-5.3732349988701165,-4.9854290815423115,8.542482617201808,5,18,1,1,1,1,1,0,0,1,1
0.04,4,6,27,20666848,0.0005427783528060607,0.00090733104491835,-2.653774812855972,-0.42234229202000695,40.17857585211307,14,25,1,0,1,1,1,0,0,1,1
0.06,4,6,27,20666848,0.0003188449345373058,0.000520906941712001,-4.964204782218761,-2.83239855032019,38.7904232012349,8,25,1,0,1,1,1,0,0,1,1
0.08,4,6,27,20666848,0.00020361948962721458,0.0003307757580588257,-6.9118065544893525,-4.804663265894642,38.44183418332532,8,20,1,1,1,1,1,0,0,1,1
0.04,4,6,28,20666849,0.0016891809283351915,0.0017012054854458518,2.276761693870491,2.3075677440350897,0.706825672356033,10,17,1,1,1,1,1,0,0,1,1
0.06,4,6,28,20666849,0.0009419309074338277,0.0010073298265629504,-0.2598095243081924,0.03171693396834356,6.492304447319544,8,13,1,1,1,1,1,0,0,1,1
0.08,4,6,28,20666849,0.0006644388902139102,0.0006620132279760867,-1.775449558247916,-1.7913333264545748,-0.3664069138375489,5,12,1,1,1,1,0,1,0,1,1
0.04,4,6,29,20666850,0.003166259342223359,0.006898572238947294,5.005464842103905,8.387592164027021,54.102686287061005,25,25,0,0,1,1,1,0,0,1,1
0.06,4,6,29,20666850,0.001664264298715363,0.0030770716858254865,2.212222969300049,4.881376140231459,45.914022530518636,11,25,1,0,1,1,1,0,0,1,1
0.08,4,6,29,20666850,0.0008023768997338148,0.0014094033932145358,-0.9562158305661573,1.4903531274985091,43.06974826392524,25,25,0,0,1,1,1,0,0,1,1
0.04,4,6,30,20666851,0.0009592989649964465,0.001976894822790962,-0.18046024097288527,2.9598356405490076,51.47445610474527,13,25,1,0,1,1,1,0,0,1,1
0.06,4,6,30,20666851,0.000500726159231197,0.0011461804499168584,-3.0039971934006537,0.5925299654396179,56.31349677378299,9,25,1,0,1,1,1,0,0,1,1
0.08,4,6,30,20666851,0.00031002804304516705,0.0007422608941232591,-5.085990210401052,-1.2944341956836614,58.231930915427675,9,18,1,1,1,1,1,0,0,1,1
0.04,4,8,1,20668822,0.0020989332298487254,0.0032159729502958196,3.219986232563011,5.07312387219863,34.73411430106537,25,25,0,0,1,1,1,0,0,1,1
0.06,4,8,1,20668822,0.0012951262906777338,0.0017060668319997803,1.1231211951396929,2.319960398445265,24.087013100205407,13,25,1,0,1,1,1,0,0,1,1
0.08,4,8,1,20668822,0.0006159066175517519,0.0009660651685296988,-2.1048512964773893,-0.14993576091530048,36.245851976101164,19,19,1,1,1,1,1,0,0,1,1
0.04,4,8,2,20668823,0.0007212638796338675,0.0009302062106161988,-1.4190581641451274,-0.3142076520362494,22.461936783234453,13,25,1,0,1,1,1,0,0,1,1
0.06,4,8,2,20668823,0.00042949743798689153,0.0005417713888253216,-3.6703942245316767,-2.6618393397132674,20.72349207695601,8,24,1,1,1,1,1,0,0,1,1
0.08,4,8,2,20668823,0.00026173259233414433,0.0003492316252619659,-5.8214219333441335,-4.568864349124636,25.054727750439756,6,19,1,1,1,1,1,0,0,1,1
0.04,4,8,3,20668824,0.0009572731119353987,0.0013429133256961509,-0.18964139459418283,1.2804798334138199,28.716686801870903,24,25,1,0,1,1,1,0,0,1,1
0.06,4,8,3,20668824,0.0005440118599044247,0.0007176482840301255,-2.6439163222295514,-1.4408834925269258,24.195198119976528,10,25,1,0,1,1,1,0,0,1,1
0.08,4,8,3,20668824,0.00035334399686861223,0.00042001276897956323,-4.518022827247577,-3.76737506237653,15.873034592001876,11,21,1,1,1,1,1,0,0,1,1
0.04,4,8,4,20668825,0.0013626313121150408,0.0024390594180969762,1.3437836443791185,3.8722238032083247,44.13291853389104,18,25,1,0,1,1,1,0,0,1,1
0.06,4,8,4,20668825,0.0008156348171604252,0.0014208110117902158,-0.885042436860638,1.5253631438412745,42.59371511115128,12,23,1,1,1,1,1,0,0,1,1
0.08,4,8,4,20668825,0.000528735577130242,0.0009137332552385139,-2.767614661571945,-0.3918056869252069,42.1345809513932,15,19,1,1,1,1,1,0,0,1,1
0.04,4,8,5,20668826,0.0006162259500297658,0.0009323204021322591,-2.1026001696125056,-0.3043481193220789,33.90405823787305,17,25,1,0,1,1,1,0,0,1,1
0.06,4,8,5,20668826,0.0003629969266778066,0.0005082255057030318,-4.400970519129782,-2.93943543323183,28.57561798759578,15,25,1,0,1,1,1,0,0,1,1
0.08,4,8,5,20668826,0.00025200584160668085,0.0003215406533594855,-5.985893919639218,-4.92764110100483,21.62551174363139,5,23,1,1,1,1,1,0,0,1,1
0.04,4,8,6,20668827,0.0022749942088895105,0.003361277199031818,3.5698029547641443,5.265043295018346,32.31756638384958,25,25,0,0,1,1,1,0,0,1,1
0.06,4,8,6,20668827,0.0012758881448739342,0.0018475433357042392,1.0581260213330788,2.665946339337071,30.941368453065476,15,25,1,0,1,1,1,0,0,1,1
0.08,4,8,6,20668827,0.0007971599277220029,0.0011369071261006889,-0.9845454088803565,0.5572498863724608,29.883461065455283,22,25,1,0,1,1,1,0,0,1,1
0.04,4,8,7,20668828,0.000577778260466186,0.000799795729537141,-2.382388029854062,-0.9702091908647587,27.759271632950746,18,24,1,1,1,1,1,0,0,1,1
0.06,4,8,7,20668828,0.00030744312385505085,0.0004515457512623017,-5.122352157603405,-3.4529823978210423,31.91318421320767,21,17,1,1,1,1,1,0,0,1,1
0.08,4,8,7,20668828,0.0002033722885490479,0.00027766389479659824,-6.917082242261301,-5.564805887770428,26.755947618602843,16,22,1,1,1,1,1,0,0,1,1
0.04,4,8,8,20668829,0.000896833275855987,0.0015018122182463727,-0.47288286170744015,1.7661563328218044,40.283261451741545,25,25,0,0,1,1,1,0,0,1,1
0.06,4,8,8,20668829,0.0004819507112139178,0.0006884016978799085,-3.1699737450463377,-1.6215806719548564,29.989900853208823,19,25,1,0,1,1,1,0,0,1,1
0.08,4,8,8,20668829,0.0002866242027942667,0.00038826161919995736,-5.426871401905958,-4.108755386157111,26.17755950617068,8,25,1,0,1,1,1,0,0,1,1
0.04,4,8,9,20668830,0.0010027922797563576,0.0011242635089717327,0.012109817758884756,0.5086811468483776,10.804515867145279,12,25,1,0,1,1,1,0,0,1,1
0.06,4,8,9,20668830,0.0005244021012267197,0.0006258585625752845,-2.8033557680395687,-2.0352380166708164,16.210765085819308,13,22,1,1,1,1,1,0,0,1,1
0.08,4,8,9,20668830,0.0003423831189358567,0.0003831974181163668,-4.654876561845393,-4.16577425745874,10.650984910372198,9,18,1,1,1,1,1,0,0,1,1
0.04,4,8,10,20668831,0.0009152389605343492,0.0013531159686910976,-0.38465500805272856,1.3133501936503633,32.36064153321002,21,25,1,0,1,1,1,0,0,1,1
0.06,4,8,10,20668831,0.0005149279720102519,0.0007816836560535138,-2.8825351570871636,-1.0696896845733341,34.12578502536836,19,25,1,0,1,1,1,0,0,1,1
0.08,4,8,10,20668831,0.00034688856218820495,0.0005117685195734805,-4.598100197325738,-2.909264323918049,32.217682620003714,19,25,1,0,1,1,1,0,0,1,1
0.04,4,8,11,20668832,0.00030797733209484877,0.0004421450902031917,-5.114812474878877,-3.5443519324186017,30.344735490941435,17,18,1,1,1,1,1,0,0,1,1
0.06,4,8,11,20668832,0.00017885104253625287,0.0002599147995499064,-7.4750852397225405,-5.851689910650954,31.188588396671285,11,14,1,1,1,1,1,0,0,1,1
0.08,4,8,11,20668832,0.0001227722474885287,0.0001691037075983091,-9.108997938198037,-7.718468703925899,27.39825209500238,8,12,1,1,1,1,1,0,0,1,1
0.04,4,8,12,20668833,0.0009008317463318972,0.0015611094008363539,-0.4535631719319363,1.934333390103384,42.29541210569339,20,25,1,0,1,1,1,0,0,1,1
0.06,4,8,12,20668833,0.0005336959177353441,0.0008854507543532843,-2.727061191222026,-0.5283558772896371,39.72607566130033,11,25,1,0,1,1,1,0,0,1,1
0.08,4,8,12,20668833,0.000375114745541496,0.0005624204737058328,-4.2583586365136785,-2.4993887814537104,33.30350457019542,12,25,1,0,1,1,1,0,0,1,1
0.04,4,8,13,20668834,0.0010752858728579056,0.0012905463777967432,0.31523940065340705,1.1077361620983248,16.679796142339057,9,25,1,0,1,1,1,0,0,1,1
0.06,4,8,13,20668834,0.000594352617869654,0.000763836903017668,-2.2595582007178328,-1.1699936351993565,22.188543716392513,11,24,1,1,1,1,1,0,0,1,1
0.08,4,8,13,20668834,0.000362988824803983,0.0005070679632984529,-4.4010674521367354,-2.949338274371716,28.414167118198904,6,19,1,1,1,1,1,0,0,1,1
0.04,4,8,14,20668835,0.0006476076569728533,0.0009316996131970915,-1.8868802501841773,-0.30724084812027175,30.49179716297054,20,25,1,0,1,1,1,0,0,1,1
0.06,4,8,14,20668835,0.0003626077224367885,0.0005341847053993639,-4.405629509962441,-2.723085507132779,32.11941136246161,13,25,1,0,1,1,1,0,0,1,1
0.08,4,8,14,20668835,0.0002404813302752371,0.00034137779014906046,-6.1891863435531675,-4.6676473726191015,29.5556602641805,8,20,1,1,1,1,1,0,0,1,1
0.04,4,8,15,20668836,0.0005399105678506576,0.0006160707113570217,-2.6767817185398552,-2.103694375276124,12.362240584137796,21,18,1,1,1,1,1,0,0,1,1
0.06,4,8,15,20668836,0.0003648762792380244,0.00036488027627453427,-4.378543693864818,-4.3784961193446,0.0010954378106398503,4,14,1,1,1,1,1,0,0,1,1
0.08,4,8,15,20668836,0.00023971512429292496,0.00023971849126370917,-6.203045642569326,-6.202984643224061,0.0014045519669599476,4,11,1,1,1,1,1,0,0,1,1
0.04,4,8,16,20668837,0.0014578414303453744,0.001686005138948228,1.6371028826786493,2.2685889402149746,13.532800306005454,25,25,0,0,1,1,1,0,0,1,1
0.06,4,8,16,20668837,0.0008475644929829471,0.0009544118656931817,-0.7182724547773185,-0.20264169952719657,11.195101040852233,14,25,1,0,1,1,1,0,0,1,1
0.08,4,8,16,20668837,0.0005048392286081994,0.0005956879555787021,-2.968469055346545,-2.249811809630807,15.251059908076284,7,21,1,1,1,1,1,0,0,1,1
0.04,4,8,17,20668838,0.0009521733113803917,0.0015862256396986362,-0.212839956011249,2.003649655199738,39.972391849542085,12,25,1,0,1,1,1,0,0,1,1
0.06,4,8,17,20668838,0.0004684199768570403,0.0005058595521932027,-3.2936459170860894,-2.95970044769264,7.401179867779421,9,25,1,0,1,1,1,0,0,1,1
0.08,4,8,17,20668838,0.00025088718709939813,0.00025739683302335474,-6.005215176974202,-5.893968009007179,2.5290310869388026,8,25,1,0,1,1,1,0,0,1,1
0.04,4,8,18,20668839,0.0018536818512399722,0.004793225476461064,2.680351979274878,6.8062785896875795,61.32704667570567,18,25,1,0,1,1,1,0,0,1,1
0.06,4,8,18,20668839,0.001143680658662602,0.002474338913928816,0.5830477660621713,3.9345918533689845,53.778334397746754,13,25,1,0,1,1,1,0,0,1,1
0.08,4,8,18,20668839,0.0007248860118066274,0.0014090087356962706,-1.3973028078826453,1.4891368569482495,48.55347639499053,10,25,1,0,1,1,1,0,0,1,1
0.04,4,8,19,20668840,0.0020806059803040893,0.002749812500110005,3.1818984245004334,4.393030818507225,24.336441840276176,14,25,1,0,1,1,1,0,0,1,1
0.06,4,8,19,20668840,0.0012533387925018104,0.0015951423092555345,0.9806848186883528,2.027994343320209,21.427775739535523,11,25,1,0,1,1,1,0,0,1,1
0.08,4,8,19,20668840,0.0007180073692293192,0.0010218977995462338,-1.438710983771906,0.09407463986041113,29.737849563024298,8,25,1,0,1,1,1,0,0,1,1
0.04,4,8,20,20668841,0.0014176086704655888,0.0017269177833957212,1.5155636080979638,2.3727166179009225,17.91105030616589,19,25,1,0,1,1,1,0,0,1,1
0.06,4,8,20,20668841,0.0007866539005929252,0.000988487057253244,-1.042162995635831,-0.05029012744133572,20.41839143763421,25,25,0,0,1,1,1,0,0,1,1
0.08,4,8,20,20668841,0.0005297632337188708,0.0006251544650969813,-2.7591818561425208,-2.040126625743191,15.258825890863992,16,25,1,0,1,1,1,0,0,1,1
0.04,4,8,21,20668842,0.001689315069437147,0.0027791440249122727,2.2771065617670034,4.439110540115818,39.21455475879943,25,25,0,0,1,1,1,0,0,1,1
0.06,4,8,21,20668842,0.0008725761432861485,0.0014306702628005697,-0.5919666503796361,1.5553955021857588,39.009276562576986,25,25,0,0,1,1,1,0,0,1,1
0.08,4,8,21,20668842,0.000589455011954165,0.0008304401249937774,-2.295493352773316,-0.8069167485883617,29.018963051841713,25,25,0,0,1,1,1,0,0,1,1
0.04,4,8,22,20668843,0.0018682476944792876,0.0021882707881102892,2.7143445498518974,3.40101062864973,14.624474053659595,15,25,1,0,1,1,1,0,0,1,1
0.06,4,8,22,20668843,0.0010783080462670545,0.0012879036986481267,0.3274284589978731,1.0988339042339303,16.274171166763356,25,25,0,0,1,1,1,0,0,1,1
0.08,4,8,22,20668843,0.0006972097132604482,0.0008490774464969362,-1.5663657109441809,-0.7105269485349407,17.88620506445592,17,25,1,0,1,1,1,0,0,1,1
0.04,4,8,23,20668844,0.0006999487887958734,0.0010827305433922453,-1.5493373363853922,0.3452038822427105,35.353371799884656,16,24,1,1,1,1,1,0,0,1,1
0.06,4,8,23,20668844,0.0003716442179372135,0.0006282424613656879,-4.298726195877805,-2.0187271404764418,40.843823715874805,8,19,1,1,1,1,1,0,0,1,1
0.08,4,8,23,20668844,0.0002468804295263077,0.00040164949074024414,-6.075133356881572,-3.9615277935124764,38.533364234744944,9,15,1,1,1,1,1,0,0,1,1
0.04,4,8,24,20668845,0.0015259217754195527,0.003299135350723884,1.8353227059500663,5.184001333285169,53.747827439551976,25,25,0,0,1,1,1,0,0,1,1
0.06,4,8,24,20668845,0.000878867397917876,0.00183708955919488,-0.5607664562788371,2.641303289329428,52.15979572040859,14,25,1,0,1,1,1,0,0,1,1
0.08,4,8,24,20668845,0.000553191815158396,0.0011373035936057074,-2.5712425419150557,0.5587641141433162,51.35935397824985,11,25,1,0,1,1,1,0,0,1,1
0.04,4,8,25,20668846,0.0011493868337158005,0.0011495541116737732,0.604662179609595,0.6052941914441361,0.01455155144712472,7,22,1,1,1,1,1,0,0,1,1
0.06,4,8,25,20668846,0.0006429508276400765,0.0006430176103605393,-1.9182224029688768,-1.9177713286477271,0.010385830712379685,6,19,1,1,1,1,1,0,0,1,1
0.08,4,8,25,20668846,0.0003983368242517758,0.0003983789526135678,-3.9974954337699624,-3.99703614538617,0.010574946672165937,6,17,1,1,1,1,1,0,0,1,1
0.04,4,8,26,20668847,0.000303776606643466,0.0003184733138412839,-5.174456735174505,-4.969269530838326,4.614737423538802,9,25,1,0,1,1,1,0,0,1,1
0.06,4,8,26,20668847,0.00017865960634096259,0.00018859563672850936,-7.479736272717411,-7.244683591419121,5.268430680530574,10,21,1,1,1,1,1,0,0,1,1
0.08,4,8,26,20668847,0.00012141706674917066,0.00012393727554029885,-9.157202632274972,-9.067980549897882,2.0334550522766035,6,17,1,1,1,1,1,0,0,1,1
0.04,4,8,27,20668848,0.0012000971305740481,0.0013236686190769946,0.7921639735197739,1.2177927292876334,9.335530564221878,16,21,1,1,1,1,1,0,0,1,1
0.06,4,8,27,20668848,0.0006559162931347558,0.000736802347454889,-1.831515809738125,-1.3264899914524553,10.977985425743432,13,16,1,1,1,1,1,0,0,1,1
0.08,4,8,27,20668848,0.00041171154463431187,0.00045381509381751364,-3.854069549585936,-3.431210636457853,9.277688150260664,12,13,1,1,1,1,1,0,0,1,1
0.04,4,8,28,20668849,0.0033320290307659785,0.004198262982708837,5.227087766022606,6.230696396684978,20.633151270193665,25,25,0,0,1,1,1,0,0,1,1
0.06,4,8,28,20668849,0.0018434868568907743,0.0023616010608910466,2.65640045657807,3.73206535239079,21.939107861206015,25,25,0,0,1,1,1,0,0,1,1
0.08,4,8,28,20668849,0.0011363696627925864,0.001447610380236677,0.5551963101918216,1.6065168859984427,21.500309868820114,25,25,0,0,1,1,1,0,0,1,1
0.04,4,8,29,20668850,0.0007674379972919343,0.0011054823795625182,-1.1495670187254114,0.4355182468971819,30.578902795751574,25,25,0,0,1,1,1,0,0,1,1
0.06,4,8,29,20668850,0.00040174097120389426,0.0006226390049471043,-3.9605387486427936,-2.0576367661416004,35.477705699143634,8,25,1,0,1,1,1,0,0,1,1
0.08,4,8,29,20668850,0.00026197499688848755,0.00038116143272025826,-5.817401561288273,-4.188910492827547,31.269280047869884,11,25,1,0,1,1,1,0,0,1,1
0.04,4,8,30,20668851,0.0010205452603322062,0.0012762971839834923,0.08832270077713324,1.0595181101259734,20.038587161420395,14,25,1,0,1,1,1,0,0,1,1
0.06,4,8,30,20668851,0.0006036311044146491,0.0006058354976022853,-2.192283896260686,-2.17645283724954,0.3638600241089433,9,25,1,0,1,1,1,0,0,1,1
0.08,4,8,30,20668851,0.0003732308377330993,0.00037649816033427305,-4.280224804024177,-4.2423714153134355,0.8678190082716093,10,25,1,0,1,1,1,0,0,1,1
0.04,8,4,1,21064822,0.0008454817288633126,0.0009709959740401219,-0.7289577321062781,-0.12782570767365042,12.926340431111095,7,25,1,0,1,1,1,0,0,1,1
0.06,8,4,1,21064822,0.0003150731996053539,0.0004088331023420738,-5.015885367133899,-3.884539475541623,22.93353992120487,7,17,1,1,1,1,1,0,0,1,1
0.08,8,4,1,21064822,0.0001407446301626977,0.00017715777580720775,-8.515681658208203,-7.516397808636847,20.554076996392592,4,11,1,1,1,1,1,0,0,1,1
0.04,8,4,2,21064823,0.0005670951545904694,0.0007924153703624522,-2.463440634239496,-1.0104710910666337,28.434609448441275,12,24,1,1,1,1,1,0,0,1,1
0.06,8,4,2,21064823,0.00024397512849067644,0.0003681157712313567,-6.1265444460310565,-4.340155756203669,33.72326111576981,5,15,1,1,1,1,1,0,0,1,1
0.08,8,4,2,21064823,0.00011610080568574951,0.00016930482019881222,-9.351647664486693,-7.713306771187929,31.42498509527726,3,12,1,1,1,1,1,0,0,1,1
0.04,8,4,3,21064824,0.0009947947823231238,0.0016882467303104252,-0.02266501261187126,2.2743591727892816,41.07527268006575,7,25,1,0,1,1,1,0,0,1,1
0.06,8,4,3,21064824,0.00043271075933360435,0.0008823323579949839,-3.6380230595422383,-0.5436779349118608,50.95830325016094,6,25,1,0,1,1,1,0,0,1,1
0.08,8,4,3,21064824,0.00018383957247402292,0.00032355324346313667,-7.35560998623091,-4.900542422300224,43.18104479302854,5,25,1,0,1,1,1,0,0,1,1
0.04,8,4,4,21064825,0.0012056776125844953,0.0014664102041206197,0.8123119686484928,1.6625547403398775,17.78033123361148,12,25,1,0,1,1,1,0,0,1,1
0.06,8,4,4,21064825,0.0003743916744959602,0.0004387796905143096,-4.266738174143422,-3.577534825141267,14.674338263668927,8,25,1,0,1,1,1,0,0,1,1
0.08,8,4,4,21064825,0.00010813107209016259,0.00016436016240916484,-9.660494910766555,-7.8420343827066,34.21089970635542,3,16,1,1,1,1,1,0,0,1,1
0.04,8,4,5,21064826,0.0009101402715444822,0.0011906044631829586,-0.40891668708531753,0.7576750624538142,23.556453911543738,13,25,1,0,1,1,1,0,0,1,1
0.06,8,4,5,21064826,0.00041893989417941417,0.0005485294538567923,-3.778482813264989,-2.6080004757142294,23.624904508994845,7,24,1,1,1,1,1,0,0,1,1
0.08,8,4,5,21064826,0.00017435989453724564,0.0002468031893221089,-7.585534023402111,-6.076492324181989,29.35265746923381,6,18,1,1,1,1,1,0,0,1,1
0.04,8,4,6,21064827,0.0018118247713914122,0.0023429716874467117,2.5811619306614446,3.697670405986896,22.669796604931438,23,25,1,0,1,1,1,0,0,1,1
0.06,8,4,6,21064827,0.0007681784713749253,0.0009628457737239547,-1.1453786834252684,-0.16443271530377512,20.21791107792098,13,25,1,0,1,1,1,0,0,1,1
0.08,8,4,6,21064827,0.00030263531560703583,0.00036577866677085953,-5.190803939653793,-4.367816273830276,17.262721120742555,14,23,1,1,1,1,1,0,0,1,1
0.04,8,4,7,21064828,0.0004646074359579704,0.0009108036178171136,-3.329138436755355,-0.4057525298565142,48.98928519064555,7,24,1,1,1,1,1,0,0,1,1
0.06,8,4,7,21064828,0.00021871195475443064,0.0004387805713043872,-6.601274778586344,-3.577526107283655,50.1545945609548,5,19,1,1,1,1,1,0,0,1,1
0.08,8,4,7,21064828,0.00010571358381498955,0.00021131849323072964,-9.758692038292565,-6.750624946343154,49.97428658571524,5,20,1,1,1,1,1,0,0,1,1
0.04,8,4,8,21064829,0.000797426728890405,0.0014659689768926451,-0.9830921134347547,1.6612477978198805,45.60411976925474,13,25,1,0,1,1,1,0,0,1,1
0.06,8,4,8,21064829,0.0003524454613306427,0.0005570177014445522,-4.529080777525078,-2.5413100317898776,36.7263445278989,10,23,1,1,1,1,1,0,0,1,1
0.08,8,4,8,21064829,0.00014517127156992603,0.0002229745263870958,-8.381193191255354,-6.517447498730978,34.89333785245904,4,15,1,1,1,1,1,0,0,1,1
0.04,8,4,9,21064830,0.0003381066731191902,0.0006217650660693193,-4.709462575979054,-2.0637368248505457,45.62147480291288,6,21,1,1,1,1,1,0,0,1,1
0.06,8,4,9,21064830,0.00016144315839229797,0.000274201273299754,-7.919803547064631,-5.619305328223158,41.12238924003464,5,15,1,1,1,1,1,0,0,1,1
0.08,8,4,9,21064830,7.317022602928023e-05,0.00011797766950605276,-11.356656033905848,-9.282001869993673,37.979597041009285,5,10,1,1,1,1,1,0,0,1,1
0.04,8,4,10,21064831,0.0007693173077473585,0.002353527486997459,-1.1389449689460907,3.7171927482515925,67.31215964132103,8,17,1,1,1,1,1,0,0,1,1
0.06,8,4,10,21064831,0.00032360908016926704,0.0010058082278014211,-4.8997930099029094,0.02515183953570133,67.8259661012479,5,16,1,1,1,1,1,0,0,1,1
0.08,8,4,10,21064831,0.00013457673078416573,0.0003042577368025348,-8.710300260381603,-5.167583695221287,55.768838551669475,6,18,1,1,1,1,1,0,0,1,1
0.04,8,4,11,21064832,0.0011391273674291168,0.002616431539001273,0.5657228586935683,4.1770937556605165,56.4625578598576,12,25,1,0,1,1,1,0,0,1,1
0.06,8,4,11,21064832,0.00039252304956975236,0.0009856023769386562,-4.061348357160849,-0.06298257807391827,60.17429962081118,5,21,1,1,1,1,1,0,0,1,1
0.08,8,4,11,21064832,0.0001557346492695539,0.0003873510800427252,-8.07614750871583,-4.118952287615613,59.794961910942334,3,14,1,1,1,1,1,0,0,1,1
0.04,8,4,12,21064833,0.0008580255147864794,0.0013593492101720136,-0.6649979750535222,1.333310391965845,36.879684163136865,13,25,1,0,1,1,1,0,0,1,1
0.06,8,4,12,21064833,0.0003310815476109583,0.0004497898333015473,-4.800650233978954,-3.4699036524306615,26.39194506003981,13,25,1,0,1,1,1,0,0,1,1
0.08,8,4,12,21064833,0.0001234057767683226,0.00014806722538668446,-9.086645099957718,-8.295410617280796,16.655575569784148,5,19,1,1,1,1,1,0,0,1,1
0.04,8,4,13,21064834,0.0007475171610927835,0.0013775083482422642,-1.2637883259236482,1.3909423952713489,45.73411028349596,9,16,1,1,1,1,1,0,0,1,1
0.06,8,4,13,21064834,0.0003590970659137412,0.0006574079773740056,-4.447881433636996,-1.8216503023843718,45.37683169770124,5,25,1,0,1,1,1,0,0,1,1
0.08,8,4,13,21064834,0.00011522878438868805,0.0002063168497713103,-9.384390197004226,-6.854653020129141,44.149600715398584,6,16,1,1,1,1,1,0,0,1,1
0.04,8,4,14,21064835,0.000536992860523779,0.0009269700666991175,-2.700314883334766,-0.32934289671348754,42.070096995043535,9,14,1,1,1,1,1,0,0,1,1
0.06,8,4,14,21064835,0.0002491666135666945,0.00041688740142726427,-6.035101502758133,-3.7998122929992935,40.23167581614542,7,25,1,0,1,1,1,0,0,1,1
0.08,8,4,14,21064835,0.00011820512819343502,0.00017255017086080624,-9.273636816798126,-7.630846063297904,31.495212317819487,7,19,1,1,1,1,1,0,0,1,1
0.04,8,4,15,21064836,0.0007651055855830439,0.0014642466188830988,-1.1627862749749696,1.6561422986434242,47.74749173287128,11,25,1,0,1,1,1,0,0,1,1
0.06,8,4,15,21064836,0.00027003174833580267,0.0005110588228766262,-5.68585171705961,-2.9152910968823513,47.162295953358274,7,25,1,0,1,1,1,0,0,1,1
0.08,8,4,15,21064836,0.00011610191373093744,0.00019743258756439063,-9.351606216400985,-7.045811625511904,41.19414876580495,6,18,1,1,1,1,1,0,0,1,1
0.04,8,4,16,21064837,0.00047812203678529485,0.0006567625616789295,-3.204612390825069,-1.8259161185644148,27.200168724137225,8,25,1,0,1,1,1,0,0,1,1
0.06,8,4,16,21064837,0.00018487813187652313,0.0002556146897420913,-7.3311445588797195,-5.924141916301759,27.673119231504078,7,22,1,1,1,1,1,0,0,1,1
0.08,8,4,16,21064837,8.449668992364275e-05,0.00010261198740294972,-10.731603037846691,-9.888019008338656,17.654172711975196,4,17,1,1,1,1,1,0,0,1,1
0.04,8,4,17,21064838,0.0006072654223614592,0.000985240782709918,-2.166214468621842,-0.06457619428048762,38.36375503141805,10,25,1,0,1,1,1,0,0,1,1
0.06,8,4,17,21064838,0.0002651974429604747,0.00041001844415104825,-5.764306677239372,-3.871966066635405,35.32060648891745,5,15,1,1,1,1,1,0,0,1,1
0.08,8,4,17,21064838,0.00012299363368745546,0.00016985836717270294,-9.101173676334735,-7.699130550498721,27.590476857462026,5,10,1,1,1,1,1,0,0,1,1
0.04,8,4,18,21064839,0.0003792982263204703,0.0010151449405968434,-4.210191881462299,0.0652805447334541,62.63605213877478,9,21,1,1,1,1,1,0,0,1,1
0.06,8,4,18,21064839,0.0001991603743517771,0.00044109653108748354,-7.007970660742328,-3.554663576273691,54.84880058776132,6,15,1,1,1,1,1,0,0,1,1
0.08,8,4,18,21064839,7.967393986932461e-05,0.0001877855194327722,-10.986837064794631,-7.2633790021106135,57.57184041134325,4,17,1,1,1,1,1,0,0,1,1
0.04,8,4,19,21064840,0.0006895624104051035,0.0016185654054406244,-1.6142642090519308,2.0913025372192298,57.39669165748771,9,23,1,1,1,1,1,0,0,1,1
0.06,8,4,19,21064840,0.0002574516698776666,0.0005310837205405681,-5.8930428691577506,-2.7483701092836634,51.523336167108035,7,17,1,1,1,1,1,0,0,1,1
0.08,8,4,19,21064840,0.00012007085047882466,0.00022692753268594568,-9.205624131860912,-6.441128087947864,47.088460770868366,6,12,1,1,1,1,1,0,0,1,1
0.04,8,4,20,21064841,0.0005978858318616123,0.0012310026960862673,-2.233817379617295,0.9025900410443277,51.43098924458301,6,18,1,1,1,1,1,0,0,1,1
0.06,8,4,20,21064841,0.0002603721745457029,0.000523897038108672,-5.84405429807973,-2.807540568616471,50.30088822687829,5,25,1,0,1,1,1,0,0,1,1
0.08,8,4,20,21064841,0.00011944319842763042,0.00023130332163138426,-9.228385756709036,-6.35818130498628,48.36079413594386,4,17,1,1,1,1,1,0,0,1,1
0.04,8,4,21,21064842,0.00044905626088520046,0.0011458948357119724,-3.4769924416080134,0.5914476216391775,60.81173883586002,8,22,1,1,1,1,1,0,0,1,1
0.06,8,4,21,21064842,0.00018033674347773388,0.0004505137394557351,-7.439157770831888,-3.4629195967088733,59.970867104830496,12,13,1,1,1,1,1,0,0,1,1
0.08,8,4,21,21064842,8.447537974975574e-05,0.00016538184536389069,-10.73269847225718,-7.815121664341485,48.92100788699991,4,21,1,1,1,1,1,0,0,1,1
0.04,8,4,22,21064843,0.0007054921372616964,0.0010555567565091748,-1.5150782211216565,0.23481589965849037,33.16397882811862,8,16,1,1,1,1,1,0,0,1,1
0.06,8,4,22,21064843,0.0003333153044764803,0.0005038327793936154,-4.771447448540574,-2.977135806912947,33.84406134161423,8,12,1,1,1,1,1,0,0,1,1
0.08,8,4,22,21064843,0.00015035756999160253,0.00023775827057975464,-8.22874701764862,-6.238643669050548,36.76031978825908,4,10,1,1,1,1,1,0,0,1,1
0.04,8,4,23,21064844,0.0005675983186290221,0.0006752122023100284,-2.4595889970367435,-1.705597178219353,15.93778715977568,9,22,1,1,1,1,1,0,0,1,1
0.06,8,4,23,21064844,0.00022876402311965865,0.0002811966100432666,-6.406122744120233,-5.509899192438831,18.646237205896746,6,14,1,1,1,1,1,0,0,1,1
0.08,8,4,23,21064844,9.628397509121422e-05,0.00011910950258937263,-10.164459881462552,-9.240535890000064,19.163481503947597,6,10,1,1,1,1,1,0,0,1,1
0.04,8,4,24,21064845,0.0008768323882081415,0.002435399906513862,-0.5708341670609302,3.865702850299449,63.99636930826371,9,25,1,0,1,1,1,0,0,1,1
0.06,8,4,24,21064845,0.00034046293766457276,0.0009054843188212535,-4.679301578887096,-0.4311906639726566,62.399907918031914,7,25,1,0,1,1,1,0,0,1,1
0.08,8,4,24,21064845,0.00014933935736821858,0.0003683069522569642,-8.258257218442239,-4.337900832131312,59.4524739614402,5,14,1,1,1,1,1,0,0,1,1
0.04,8,4,25,21064846,0.001084003044834149,0.0014165386760452035,0.3503050208503611,1.5122843664940233,23.47522427975294,10,24,1,1,1,1,1,0,0,1,1
0.06,8,4,25,21064846,0.00043171450231057587,0.000597123320675302,-3.6480336212049904,-2.2393596709854195,27.70094763300504,11,18,1,1,1,1,1,0,0,1,1
0.08,8,4,25,21064846,0.00016450413169235255,0.0002532206800886003,-7.838231898194433,-5.9650082913804345,35.03526977544109,4,16,1,1,1,1,1,0,0,1,1
0.04,8,4,26,21064847,0.00038519658344652707,0.0005987399357784396,-4.143175735643794,-2.2276177357341016,35.66546000548276,7,16,1,1,1,1,1,0,0,1,1
0.06,8,4,26,21064847,0.00016969681306267372,0.00026386783033456064,-7.703263137358977,-5.786135539247022,35.68870716543451,6,11,1,1,1,1,1,0,0,1,1
0.08,8,4,26,21064847,7.913558791491687e-05,0.00011781255265187147,-11.016281668273852,-9.288084340225513,32.82923921633592,4,9,1,1,1,1,1,0,0,1,1
0.04,8,4,27,21064848,0.0008821939483800371,0.0013247205844583083,-0.5443592569405529,1.2212428474475712,33.40528117929298,5,23,1,1,1,1,1,0,0,1,1
0.06,8,4,27,21064848,0.00030016282251143155,0.0005450789317088449,-5.226430994944712,-2.635406039187691,44.932228150809514,4,15,1,1,1,1,1,0,0,1,1
0.08,8,4,27,21064848,0.00012462529797312966,0.000224114381471974,-9.043937903017019,-6.495302737928342,44.39210141062976,4,11,1,1,1,1,1,0,0,1,1
0.04,8,4,28,21064849,0.0007863158024325338,0.0011147446276862554,-1.0440299631607415,0.47175388021567294,29.46224786347728,17,25,1,0,1,1,1,0,0,1,1
0.06,8,4,28,21064849,0.00035365419080242135,0.0005075919169767694,-4.514211911611112,-2.9448530233843675,30.327064128838998,6,22,1,1,1,1,1,0,0,1,1
0.08,8,4,28,21064849,0.00015112272215001907,0.00022666081879141239,-8.206702321370129,-6.44623546716584,33.326490676321185,5,19,1,1,1,1,1,0,0,1,1
0.04,8,4,29,21064850,0.0009103844839851503,0.001441818989250554,-0.4077515272520519,1.5891074103247604,36.858614654648086,10,25,1,0,1,1,1,0,0,1,1
0.06,8,4,29,21064850,0.00041960868507795316,0.0006006297432891072,-3.771555313402662,-2.2139316526641997,30.138543792364498,4,23,1,1,1,1,1,0,0,1,1
0.08,8,4,29,21064850,0.0001788969879978882,0.0002632216130001178,-7.473969713773362,-5.796784538828491,32.03560074004707,11,16,1,1,1,1,1,0,0,1,1
0.04,8,4,30,21064851,0.0008520386643459915,0.0012489575537918693,-0.6954069709819154,0.9654767899286208,31.78001432000801,8,14,1,1,1,1,1,0,0,1,1
0.06,8,4,30,21064851,0.0003818024698888829,0.0005423596489596006,-4.181612664723593,-2.6571262903417425,29.603452133415878,4,10,1,1,1,1,1,0,0,1,1
0.08,8,4,30,21064851,0.00014717816899989538,0.00023577961344583496,-8.321566043056642,-6.274937486503273,37.578076896073014,4,9,1,1,1,1,1,0,0,1,1
0.04,8,6,1,21066822,0.0005004155617520931,0.0008003000719842377,-3.006691932272652,-0.9674714404274549,37.47150859159875,6,25,1,0,1,1,1,0,0,1,1
0.06,8,6,1,21066822,0.00017577184222087114,0.0003032324940384359,-7.55050695516741,-5.182242620589525,42.03396876108159,16,25,1,0,1,1,1,0,0,1,1
0.08,8,6,1,21066822,7.726341276224105e-05,8.812286709108621e-05,-11.12026112770601,-10.549113814533868,12.323083312326336,6,25,1,0,1,1,1,0,0,1,1
0.04,8,6,2,21066823,0.0011454175129527967,0.001536949613121879,0.5896381900833583,1.866596299578955,25.474621732965947,13,25,1,0,1,1,1,0,0,1,1
0.06,8,6,2,21066823,0.0004384074625246489,0.0006217770643427221,-3.5812206194683394,-2.063653019343616,29.491213544827755,8,21,1,1,1,1,1,0,0,1,1
0.08,8,6,2,21066823,0.00016136258907227354,0.00024861146209065256,-7.921971464587707,-6.0447885233167264,35.094469210983114,6,19,1,1,1,1,1,0,0,1,1
0.04,8,6,3,21066824,0.0010482857190612822,0.0015507673092894161,0.20479669384143173,1.9054663735396395,32.40212681929555,11,25,1,0,1,1,1,0,0,1,1
0.06,8,6,3,21066824,0.00047894041786889706,0.0005825569952939962,-3.197185112205993,-2.3466157840361275,17.78651329606084,10,25,1,0,1,1,1,0,0,1,1
0.08,8,6,3,21066824,0.00017412318587631406,0.00022030668864173898,-7.5914339529453,-6.569723172110033,20.963277624551917,6,25,1,0,1,1,1,0,0,1,1
0.04,8,6,4,21066825,0.0009411865102211122,0.002011389146039941,-0.2632430608007635,3.034961022367411,53.20713984789383,9,25,1,0,1,1,1,0,0,1,1
0.06,8,6,4,21066825,0.0003900928278111944,0.0006395977738825858,-4.088320344886592,-1.9409305648332553,39.009664551645905,8,25,1,0,1,1,1,0,0,1,1
0.08,8,6,4,21066825,0.00014552857368776008,0.00024662830746380267,-8.370517271139098,-6.079570774978999,40.99275335248403,6,14,1,1,1,1,1,0,0,1,1
0.04,8,6,5,21066826,0.00121985022005605,0.001822800111563451,0.8630650887433254,2.607390464911604,33.078223316007985,9,25,1,0,1,1,1,0,0,1,1
0.06,8,6,5,21066826,0.00046601181897076914,0.0006912521683375126,-3.316030686132275,-1.6036349337905054,32.58439679233918,5,14,1,1,1,1,1,0,0,1,1
0.08,8,6,5,21066826,0.0001685837207609402,0.00026312237059976503,-7.73184365209721,-5.798422267336758,35.929537128801336,13,25,1,0,1,1,1,0,0,1,1
0.04,8,6,6,21066827,0.00041461594282040027,0.000580795509696986,-3.823540024211123,-2.359767499549316,28.61240558889398,14,25,1,0,1,1,1,0,0,1,1
0.06,8,6,6,21066827,0.000194393043418061,0.0002808608297394532,-7.113192808665706,-5.515088254627316,30.786701869963842,8,21,1,1,1,1,1,0,0,1,1
0.08,8,6,6,21066827,9.348746680256124e-05,0.00013453950391406063,-10.292466079866333,-8.711501780192282,30.512998723201825,10,19,1,1,1,1,1,0,0,1,1
0.04,8,6,7,21066828,0.0005411470699913267,0.0012329113317743044,-2.666846886724479,0.9093184423091772,56.10819236996123,12,25,1,0,1,1,1,0,0,1,1
0.06,8,6,7,21066828,0.00020781848631058067,0.00042576453941016733,-6.823158227770072,-3.7083051241341822,51.18933892463616,5,19,1,1,1,1,1,0,0,1,1
0.08,8,6,7,21066828,8.139139632243583e-05,0.00016209870669654916,-10.894215008500218,-7.902204501532912,49.788990929581225,4,14,1,1,1,1,1,0,0,1,1
0.04,8,6,8,21066829,0.0004669281311590955,0.0009281695611585805,-3.307499602111294,-0.32372678146706235,49.69366043675726,8,25,1,0,1,1,1,0,0,1,1
0.06,8,6,8,21066829,0.00019019328320725651,0.0003779485858520757,-7.208048245044565,-4.225672752935114,49.67747192955611,5,19,1,1,1,1,1,0,0,1,1
0.08,8,6,8,21066829,8.36229629039999e-05,0.00015146283579766705,-10.776744487198183,-8.19693916257284,44.789781292812734,3,13,1,1,1,1,1,0,0,1,1
0.04,8,6,9,21066830,0.0004961150884664065,0.0006655161901735448,-3.044175644613891,-1.7684137487374672,25.454091757401727,5,21,1,1,1,1,1,0,0,1,1
0.06,8,6,9,21066830,0.00020672835742043558,0.0002935275973856003,-6.845999460795027,-5.32351060246582,29.571066141061557,5,15,1,1,1,1,1,0,0,1,1
0.08,8,6,9,21066830,0.00010024418022165704,0.00012916059119337858,-9.989408313859553,-8.888699757992361,22.387951854779015,4,12,1,1,1,1,1,0,0,1,1
0.04,8,6,10,21066831,0.0009359242229980869,0.0016112942969463537,-0.2875931244352777,2.071748699455862,41.914756058418085,25,17,0,1,1,1,1,0,0,1,1
0.06,8,6,10,21066831,0.0004376761315859092,0.0007302121443773258,-3.588471367388988,-1.3655094844435791,40.061784105339825,13,17,1,1,1,1,1,0,0,1,1
0.08,8,6,10,21066831,0.0001754210422186592,0.0003287141345708191,-7.559183130718371,-4.831816210351051,46.634165139355765,11,20,1,1,1,1,1,0,0,1,1
0.04,8,6,11,21066832,0.0010345485329218678,0.0017112639099601137,0.1475086917841122,2.3331699130676147,39.54476998547926,9,25,1,0,1,1,1,0,0,1,1
0.06,8,6,11,21066832,0.00039583399838483504,0.0006264600896912589,-4.024869067521358,-2.03106591675358,36.81417142153211,9,25,1,0,1,1,1,0,0,1,1
0.08,8,6,11,21066832,0.00013195754455034946,0.00022422423731247702,-8.795657743494534,-6.493174445414996,41.14929495045867,8,25,1,0,1,1,1,0,0,1,1
0.04,8,6,12,21066833,0.0004894587292754626,0.000663473340692112,-3.1028392164135923,-1.781765230224757,26.227822693693085,8,18,1,1,1,1,1,0,0,1,1
0.06,8,6,12,21066833,0.00015288841450331742,0.0002046606610778458,-8.156254230763153,-6.889656273847783,25.296628234204725,5,12,1,1,1,1,1,0,0,1,1
0.08,8,6,12,21066833,5.9035694927849904e-05,7.86898197129851e-05,-12.288853201763505,-11.040814497051754,24.976705826525038,4,9,1,1,1,1,1,0,0,1,1
0.04,8,6,13,21066834,0.00047368517611448113,0.0007196730383026476,-3.2451020622078106,-1.4286476733573603,34.18050268609896,10,25,1,0,1,1,1,0,0,1,1
0.06,8,6,13,21066834,0.00016010571876519115,0.00032632479187915905,-7.955931553773316,-4.863499302963893,50.93669780858093,6,25,1,0,1,1,1,0,0,1,1
0.08,8,6,13,21066834,5.3521654905227764e-05,0.0001067806652278347,-12.714704665201864,-9.715073778789538,49.8770167885448,7,24,1,1,1,1,1,0,0,1,1
0.04,8,6,14,21066835,0.000495215419468602,0.0011866994427438432,-3.05205841197407,0.7434073842698775,58.26951613598276,23,18,1,1,1,1,1,0,0,1,1
0.06,8,6,14,21066835,0.0001671297813661876,0.0003482638115152054,-7.769461549506165,-4.580916512258979,52.01058053116421,8,25,1,0,1,1,1,0,0,1,1
0.08,8,6,14,21066835,6.577647881136705e-05,0.00012144764958647672,-11.819293791617289,-9.156108858115138,45.83964445970529,5,25,1,0,1,1,1,0,0,1,1
0.04,8,6,15,21066836,0.0005038541112656236,0.0007951609096231313,-2.976951934037571,-0.9954497814828551,36.63494958467882,7,25,1,0,1,1,1,0,0,1,1
0.06,8,6,15,21066836,0.0002175873381130932,0.0003456239735759051,-6.623663807919189,-4.613961411045211,37.04506783430426,7,24,1,1,1,1,1,0,0,1,1
0.08,8,6,15,21066836,9.202330365233025e-05,0.0001432027629495907,-10.361021795452194,-8.440486026832945,35.7391563145163,5,17,1,1,1,1,1,0,0,1,1
0.04,8,6,16,21066837,0.0007562617982665327,0.0010250234460908961,-1.213278369582087,0.10733799432203914,26.220048804671972,16,25,1,0,1,1,1,0,0,1,1
0.06,8,6,16,21066837,0.0002516886738450345,0.0003064773608473889,-5.991363275476945,-5.136016008264367,17.876911642304496,17,25,1,0,1,1,1,0,0,1,1
0.08,8,6,16,21066837,7.512948530662179e-05,9.0433506093138e-05,-11.241895863933012,-10.436706313020599,16.922954165632497,7,13,1,1,1,1,1,0,0,1,1
0.04,8,6,17,21066838,0.0006449203462360664,0.0007436309304638075,-1.904939215296072,-1.2864255455050633,13.27413642761936,8,16,1,1,1,1,1,0,0,1,1
0.06,8,6,17,21066838,0.0002662643139094785,0.00032854330596272156,-5.746870360046421,-4.834073770903225,18.956098305137775,7,13,1,1,1,1,1,0,0,1,1
0.08,8,6,17,21066838,9.935511898665869e-05,0.00014562398116962845,-10.028097522040182,-8.367671000776737,31.77283151534911,5,11,1,1,1,1,1,0,0,1,1
0.04,8,6,18,21066839,0.0008504033887042951,0.0012631680954227412,-0.7037501789604383,1.0146114790838074,32.676942064492785,13,25,1,0,1,1,1,0,0,1,1
0.06,8,6,18,21066839,0.00035415547796806745,0.0005321420965168894,-4.508060362800929,-2.7397238369538863,33.4471976026375,8,25,1,0,1,1,1,0,0,1,1
0.08,8,6,18,21066839,0.00013589684854569257,0.00022486157687670678,-8.667906144601856,-6.48084748103853,39.56421971540038,5,25,1,0,1,1,1,0,0,1,1
0.04,8,6,19,21066840,0.00042535306594467697,0.000835267088329888,-3.712504324533987,-0.7817463057584162,49.07580199344761,11,25,1,0,1,1,1,0,0,1,1
0.06,8,6,19,21066840,0.0001888311352221981,0.000345975835004396,-7.239263959470399,-4.609542338394322,45.4207155191059,8,25,1,0,1,1,1,0,0,1,1
0.08,8,6,19,21066840,8.006334780669627e-05,0.00015250861301954787,-10.965662540563383,-8.167056285713974,47.502409062998886,7,23,1,1,1,1,1,0,0,1,1
0.04,8,6,20,21066841,0.0006889312761468153,0.0010451706752764188,-1.6182409867120808,0.19187216072226265,34.084327809464035,13,25,1,0,1,1,1,0,0,1,1
0.06,8,6,20,21066841,0.0002521999215744417,0.0003833690395328241,-5.982550528136609,-4.163829631923787,34.21484377513268,10,22,1,1,1,1,1,0,0,1,1
0.08,8,6,20,21066841,8.775646665748992e-05,0.00018370967951445978,-10.567208710993256,-7.358679604662707,52.23089665747166,7,25,1,0,1,1,1,0,0,1,1
0.04,8,6,21,21066842,0.0008686979012455992,0.0012545862645254985,-0.6113122773135107,0.9850052847994094,30.758216807502475,17,25,1,0,1,1,1,0,0,1,1
0.06,8,6,21,21066842,0.0003027068806898376,0.00043242352964800105,-5.189777071846042,-3.6409068262283673,29.997592652683508,9,25,1,0,1,1,1,0,0,1,1
0.08,8,6,21,21066842,9.122233667996218e-05,0.0001546919718545707,-10.39898807405142,-8.105322245665077,41.02968913879882,8,25,1,0,1,1,1,0,0,1,1
0.04,8,6,22,21066843,0.0006665388497947932,0.0012464888573414331,-1.7617453228195201,0.9568840059610305,46.52669008077482,18,25,1,0,1,1,1,0,0,1,1
0.06,8,6,22,21066843,0.0002779451936985235,0.0004795982829863928,-5.560408314950273,-3.1912238039151624,42.046249213446536,5,16,1,1,1,1,1,0,0,1,1
0.08,8,6,22,21066843,0.00013547533209385597,0.0001697940623206461,-8.681397757180271,-7.70077501055945,20.211973114808465,6,13,1,1,1,1,1,0,0,1,1
0.04,8,6,23,21066844,0.00043556231269706,0.001085052582378222,-3.609497048937271,0.3545078489733037,59.85795345121497,22,25,1,0,1,1,1,0,0,1,1
0.06,8,6,23,21066844,0.00019683438044900477,0.0003317954903802493,-7.05899042412728,-4.791295210129321,40.675992846248256,7,25,1,0,1,1,1,0,0,1,1
0.08,8,6,23,21066844,9.197852547829729e-05,0.0001383489681156134,-10.363135569469332,-8.590240757233639,33.51701372905503,8,22,1,1,1,1,1,0,0,1,1
0.04,8,6,24,21066845,0.0006578663949516846,0.0013343774936794297,-1.8186229761223551,1.252787083137017,50.6986292808585,6,25,1,0,1,1,1,0,0,1,1
0.06,8,6,24,21066845,0.0003126152674567586,0.0005861332669452268,-5.049898157912116,-2.320036288304028,46.664814115392645,5,12,1,1,1,1,1,0,0,1,1
0.08,8,6,24,21066845,0.00012692124471239344,0.00024360787172274823,-8.964656774393111,-6.133086824163439,47.89936638137729,4,9,1,1,1,1,1,0,0,1,1
0.04,8,6,25,21066846,0.0008460360841286373,0.001180059266111746,-0.7261111355228461,0.7190381942387185,28.305627655778963,11,25,1,0,1,1,1,0,0,1,1
0.06,8,6,25,21066846,0.0003526683013370867,0.00040320981355588994,-4.526335739958325,-3.9446890632119875,12.53479218997173,5,25,1,0,1,1,1,0,0,1,1
0.08,8,6,25,21066846,0.00012925488870394258,0.00014767277458856696,-8.885530219516635,-8.306995651878909,12.472093069246304,6,15,1,1,1,1,1,0,0,1,1
0.04,8,6,26,21066847,0.0005230967534648659,0.0008399498581959656,-2.8141797535904716,-0.7574663888903882,37.72285948254495,11,20,1,1,1,1,1,0,0,1,1
0.06,8,6,26,21066847,0.0002279094974831271,0.0003867367775262483,-6.4223757644941735,-4.125845258394626,41.068574098138726,13,17,1,1,1,1,1,0,0,1,1
0.08,8,6,26,21066847,0.00010970417690347232,0.00017043312421993263,-9.597768366769245,-7.684459948516336,35.63212702601968,3,17,1,1,1,1,1,0,0,1,1
0.04,8,6,27,21066848,0.0007989441661272418,0.0011626314355365941,-0.9748357011043286,0.6544206134831516,31.281389638453927,8,25,1,0,1,1,1,0,0,1,1
0.06,8,6,27,21066848,0.0003104096080677587,0.0005365076698878814,-5.0806484454584115,-2.704240650005954,42.14255909284062,8,25,1,0,1,1,1,0,0,1,1
0.08,8,6,27,21066848,0.00013650878278802342,0.00025571053792548186,-8.648394058124726,-5.9225137416926374,46.615894716155864,5,25,1,0,1,1,1,0,0,1,1
0.04,8,6,28,21066849,0.0007587865307981111,0.0011715449701589543,-1.1988038686610272,0.6875896379686626,35.23197571364593,7,24,1,1,1,1,1,0,0,1,1
0.06,8,6,28,21066849,0.00031601466574204926,0.000559466745749676,-5.002927619921998,-2.5222572248079915,43.51502244899383,13,20,1,1,1,1,1,0,0,1,1
0.08,8,6,28,21066849,0.00013241945063510466,0.0002607494038687269,-8.780482181964134,-5.837766757943111,49.21581845618691,5,25,1,0,1,1,1,0,0,1,1
0.04,8,6,29,21066850,0.0006152925300879062,0.0007519261522048043,-2.109183573990429,-1.2382481002645225,18.171149083757733,15,25,1,0,1,1,1,0,0,1,1
0.06,8,6,29,21066850,0.0002730883585934868,0.00032353549418195335,-5.636968128824924,-4.90078067138197,15.592457858764492,9,25,1,0,1,1,1,0,0,1,1
0.08,8,6,29,21066850,0.00012076674755885799,0.0001346862460486737,-9.180526297851486,-8.706767514941289,10.334758669259667,5,23,1,1,1,1,1,0,0,1,1
0.04,8,6,30,21066851,0.0003055006812587485,0.0005029183555469403,-5.149878169546992,-2.985025131814776,39.254418159681904,8,25,1,0,1,1,1,0,0,1,1
0.06,8,6,30,21066851,0.00012563572761677832,0.00022339536390556658,-9.008868406912828,-6.509258439828184,43.76081695684298,7,23,1,1,1,1,1,0,0,1,1
0.08,8,6,30,21066851,6.137981431886459e-05,0.00010092004886723313,-12.119744296939402,-9.960225478615126,39.17976159562337,3,15,1,1,1,1,1,0,0,1,1
0.04,8,8,1,21068822,0.0013768079333699105,0.002159964901883421,1.3887335979542523,3.3444669418695,36.25785621935905,15,25,1,0,1,1,1,0,0,1,1
0.06,8,8,1,21068822,0.0004694394361069393,0.0006612221206124657,-3.2842042951325934,-1.7965262591239626,29.004275345157115,25,25,0,0,1,1,1,0,0,1,1
0.08,8,8,1,21068822,0.00012894991722122107,0.00019454541628823773,-8.895789323192073,-7.109789972127247,33.71731923502666,25,25,0,0,1,1,1,0,0,1,1
0.04,8,8,2,21068823,0.0006323912194460643,0.0008107549836688022,-1.990141687407706,-0.9111037306114653,21.999712344118066,12,25,1,0,1,1,1,0,0,1,1
0.06,8,8,2,21068823,0.00022971155803449989,0.0003011090408171327,-6.388171525441058,-5.21276204573434,23.711504174327796,10,25,1,0,1,1,1,0,0,1,1
0.08,8,8,2,21068823,8.239777778768837e-05,0.00011728092615032959,-10.840845007732533,-9.307726131293677,29.743240872713038,11,24,1,1,1,1,1,0,0,1,1
0.04,8,8,3,21068824,0.0007570958728797554,0.0009377734199950394,-1.2084912125788,-0.27902080952123054,19.266652611698014,8,25,1,0,1,1,1,0,0,1,1
0.06,8,8,3,21068824,0.00024165687413883811,0.0003365286323304007,-6.168008464671505,-4.729779794813291,28.191288668245733,8,25,1,0,1,1,1,0,0,1,1
0.08,8,8,3,21068824,8.72743418221863e-05,0.00012224101800333936,-10.59113417725132,-9.12783042019433,28.60469975814325,7,21,1,1,1,1,1,0,0,1,1
0.04,8,8,4,21068825,0.00045190592682893733,0.0009134625555808748,-3.4495196277983293,-0.39309250432846243,50.528248359171286,13,25,1,0,1,1,1,0,0,1,1
0.06,8,8,4,21068825,0.00023318640125979175,0.0003701427139383923,-6.322967799423374,-4.316307950525332,37.0009478834145,5,25,1,0,1,1,1,0,0,1,1
0.08,8,8,4,21068825,9.528059620071859e-05,0.00015409461339684739,-10.209955339993332,-8.122125424166423,38.16747120463074,5,17,1,1,1,1,1,0,0,1,1
0.04,8,8,5,21068826,0.0009515196546830308,0.000943538927251728,-0.21582236455022938,-0.25240177595630453,-0.8458291651568077,15,25,1,0,1,1,0,1,0,1,1
0.06,8,8,5,21068826,0.00036513708283050447,0.0003863746797374749,-4.375440584475902,-4.129913419113111,5.496632678259472,13,19,1,1,1,1,1,0,0,1,1
0.08,8,8,5,21068826,0.00014104432565498253,0.00014105222269044385,-8.506443812299912,-8.506200658745197,0.0055986607730756175,5,24,1,1,1,1,1,0,0,1,1
0.04,8,8,6,21068827,0.0008281492984242852,0.0010382244986140573,-0.8189136172133394,0.16291272556092587,20.234082365635263,15,25,1,0,1,1,1,0,0,1,1
0.06,8,8,6,21068827,0.0003356626995031217,0.0004352320587535364,-4.74096917018332,-3.6127912243908122,22.877303555159052,13,22,1,1,1,1,1,0,0,1,1
0.08,8,8,6,21068827,0.00015030224231756532,0.00017761807865460544,-8.230345402455526,-7.505128321365515,15.378972987405334,5,17,1,1,1,1,1,0,0,1,1
0.04,8,8,7,21068828,0.0004049739395887707,0.0005662823934306858,-3.925729230987713,-2.46966941030661,28.485514597172376,10,25,1,0,1,1,1,0,0,1,1
0.06,8,8,7,21068828,0.00016231053718651796,0.00025229192240843287,-7.896532848970478,-5.980966539992803,35.66558309236906,5,23,1,1,1,1,1,0,0,1,1
0.08,8,8,7,21068828,7.773891835404241e-05,0.00010545497559551579,-11.093615063615411,-9.769329244811708,26.282360870084858,10,15,1,1,1,1,1,0,0,1,1
0.04,8,8,8,21068829,0.0010814760765768766,0.0011710868572474271,0.34016916816657417,0.6858910704876484,7.651932913086868,25,25,0,0,1,1,1,0,0,1,1
0.06,8,8,8,21068829,0.0004113854389997774,0.000440772229852774,-3.857510842357557,-3.5578577532146576,6.6671148640222455,12,20,1,1,1,1,1,0,0,1,1
0.08,8,8,8,21068829,0.00014786765082851444,0.0001590161783855754,-8.301268267017099,-7.985586880937268,7.010939182570787,7,16,1,1,1,1,1,0,0,1,1
0.04,8,8,9,21068830,0.00035236328721804434,0.000365181482472204,-4.530093471078953,-4.374912526712387,3.5100890569212653,9,15,1,1,1,1,1,0,0,1,1
0.06,8,8,9,21068830,0.0001670232467496077,0.0001758357165360638,-7.77223078358678,-7.548929044668173,5.011763229940071,5,11,1,1,1,1,1,0,0,1,1
0.08,8,8,9,21068830,8.462870229582913e-05,8.462990727395981e-05,-10.724823185847558,-10.724761349660401,0.0014238206911599937,4,9,1,1,1,1,1,0,0,1,1
0.04,8,8,10,21068831,0.0002527638437398476,0.0003035353913996763,-5.972850490102449,-5.177906640830088,16.726730753112054,8,25,1,0,1,1,1,0,0,1,1
0.06,8,8,10,21068831,0.0001149953772709387,0.00013749763557281745,-9.393196176122547,-8.617047699537707,16.36556018445988,8,22,1,1,1,1,1,0,0,1,1
0.08,8,8,10,21068831,4.4053026823317635e-05,6.427822731270053e-05,-13.560242464459481,-11.91936108867748,31.465087534214973,5,22,1,1,1,1,1,0,0,1,1
0.04,8,8,11,21068832,0.0006145439923942478,0.00062707122841693,-2.1144702250867766,-2.026831252753871,1.9977373311015716,25,25,0,0,1,1,1,0,0,1,1
0.06,8,8,11,21068832,0.00015304945022362327,0.0002017049634359015,-8.151682261141834,-6.952834147951606,24.12211994363746,6,25,1,0,1,1,1,0,0,1,1
0.08,8,8,11,21068832,4.578719637596978e-05,7.037316676718438e-05,-13.392559482111682,-11.52592905437448,34.93656960550375,9,21,1,1,1,1,1,0,0,1,1
0.04,8,8,12,21068833,0.0003720086538275522,0.0005364300657574748,-4.294469572529433,-2.7048688886175247,30.651043337354455,15,25,1,0,1,1,1,0,0,1,1
0.06,8,8,12,21068833,0.0001917454779494091,0.0002550821902029131,-7.172748694899398,-5.933198627018916,24.8299233290732,12,22,1,1,1,1,1,0,0,1,1
0.08,8,8,12,21068833,9.521101555184461e-05,0.0001239300376623206,-10.213128024913065,-9.068234183217008,23.173576521237234,8,20,1,1,1,1,1,0,0,1,1
0.04,8,8,13,21068834,0.0004491551994450087,0.0005672743466896798,-3.476035685373125,-2.4620685567912357,20.82222612990583,7,20,1,1,1,1,1,0,0,1,1
0.06,8,8,13,21068834,0.00020878243247785574,0.00024034536574909582,-6.803060468522538,-6.191642473609998,13.132324466863086,6,16,1,1,1,1,1,0,0,1,1
0.08,8,8,13,21068834,8.943882677605274e-05,9.670390241758896e-05,-10.484739063273768,-10.145559999167055,7.5127016179388635,6,14,1,1,1,1,1,0,0,1,1
0.04,8,8,14,21068835,0.0008883862507919477,0.001129779765632687,-0.5139817147812741,0.5299379225128916,21.36642221641815,10,14,1,1,1,1,1,0,0,1,1
0.06,8,8,14,21068835,0.00040895968812714974,0.0005068892289833179,-3.883194990507623,-2.9508693711119873,19.319712327008453,11,14,1,1,1,1,1,0,0,1,1
0.08,8,8,14,21068835,0.00016029816155207127,0.0002193559270669207,-7.950714585090445,-6.588506263254558,26.923259519143148,7,15,1,1,1,1,1,0,0,1,1
0.04,8,8,15,21068836,0.00043122660855402043,0.0005143040934263061,-3.652944491393857,-2.887800190477956,16.153378115041143,7,22,1,1,1,1,1,0,0,1,1
0.06,8,8,15,21068836,0.00016074214252182958,0.00021526038755141646,-7.938702472859457,-6.670358821627542,25.326650039856872,8,15,1,1,1,1,1,0,0,1,1
0.08,8,8,15,21068836,7.867438668249905e-05,9.63543855717284e-05,-11.041666340066651,-10.161285136369003,18.348930133613855,8,12,1,1,1,1,1,0,0,1,1
0.04,8,8,16,21068837,0.00045135384656661893,0.0005311732968635273,-3.4548285200663447,-2.7476376593732326,15.027007337949088,13,21,1,1,1,1,1,0,0,1,1
0.06,8,8,16,21068837,0.0001803509580199742,0.00021608850854599733,-7.438815463775931,-6.653683280161598,16.538385482176587,5,15,1,1,1,1,1,0,0,1,1
0.08,8,8,16,21068837,8.650489435280964e-05,8.650518828224105e-05,-10.629593199307374,-10.629578442718834,0.0003397824306833921,4,11,1,1,1,1,1,0,0,1,1
0.04,8,8,17,21068838,0.0005274772894021206,0.0007020415738732925,-2.777962342286866,-1.536371688258252,24.865234619663422,24,25,1,0,1,1,1,0,0,1,1
0.06,8,8,17,21068838,0.00021684136918631895,0.00030435257569869057,-6.638578591474584,-5.166230185142419,28.753233420639038,9,25,1,0,1,1,1,0,0,1,1
0.08,8,8,17,21068838,8.872945472802169e-05,0.00013372826444830928,-10.519321873567373,-8.73776791716117,33.64943821407421,9,19,1,1,1,1,1,0,0,1,1
0.04,8,8,18,21068839,0.0014651481612064192,0.001843851039400405,1.6588154437670708,2.6572583245538346,20.538691580917227,18,18,1,1,1,1,1,0,0,1,1
0.06,8,8,18,21068839,0.0005874356610384583,0.0007639012146941012,-2.310396926070203,-1.1696279939171288,23.100572464242944,14,13,1,1,1,1,1,0,0,1,1
0.08,8,8,18,21068839,0.0002337639285898334,0.0002865290134869318,-6.312225026822396,-5.428313954791207,18.41526770883359,6,11,1,1,1,1,1,0,0,1,1
0.04,8,8,19,21068840,0.0006452336838981095,0.0011816054115891864,-1.9028296870212316,0.7247247131704481,45.39347251039499,15,25,1,0,1,1,1,0,0,1,1
0.06,8,8,19,21068840,0.00029793895342949197,0.00040737975137536734,-5.258727121138426,-3.9000056120843203,26.86456496092133,6,25,1,0,1,1,1,0,0,1,1
0.08,8,8,19,21068840,0.00011669942836976514,0.00015335684644832815,-9.32931271259383,-8.142968306475405,23.90334629821324,5,25,1,0,1,1,1,0,0,1,1
0.04,8,8,20,21068841,0.0007265254566101611,0.0009554380150498202,-1.3874916392393652,-0.19797482962737603,23.958912544182436,23,25,1,0,1,1,1,0,0,1,1
0.06,8,8,20,21068841,0.0002705999792973152,0.0003633621210711193,-5.676722409647894,-4.39660347988953,25.528841999369593,12,21,1,1,1,1,1,0,0,1,1
0.08,8,8,20,21068841,8.896879649609188e-05,0.00011900891668036113,-10.507622842057195,-9.244204981032432,25.241907095879377,4,18,1,1,1,1,1,0,0,1,1
0.04,8,8,21,21068842,0.0007718766910257253,0.0008329234631964976,-1.1245207360782017,-0.7939490380156242,7.329217493344957,11,25,1,0,1,1,1,0,0,1,1
0.06,8,8,21,21068842,0.000286326586809921,0.0003299058682635728,-5.431383237606261,-4.816099592899958,13.209610875680108,6,19,1,1,1,1,1,0,0,1,1
0.08,8,8,21,21068842,0.00011726404029715592,0.00013293336142516482,-9.308351464079905,-8.763660133037696,11.78735041378607,10,17,1,1,1,1,1,0,0,1,1
0.04,8,8,22,21068843,0.0003867592521558554,0.0005719265431924653,-4.125592881982869,-2.4265974731673428,32.376061793358176,15,15,1,1,1,1,1,0,0,1,1
0.06,8,8,22,21068843,0.00017518832483990975,0.0002563365323063282,-7.564948401003311,-5.9118949507044025,31.656903031458835,8,25,1,0,1,1,1,0,0,1,1
0.08,8,8,22,21068843,8.019983611707851e-05,0.00011049019973426416,-10.958265191662255,-9.56676241346138,27.414525170590572,6,25,1,0,1,1,1,0,0,1,1
0.04,8,8,23,21068844,0.0006807319072240062,0.0009135317586823862,-1.6702389269412592,-0.3927634991980494,25.48349843842913,8,24,1,1,1,1,1,0,0,1,1
0.06,8,8,23,21068844,0.00028365473087353795,0.0003967750500875784,-5.472099687531183,-4.014556448594986,28.509937605469872,17,22,1,1,1,1,1,0,0,1,1
0.08,8,8,23,21068844,0.00010327101216443322,0.00017185856908889617,-9.860215664159586,-7.648288085064392,39.909302915809285,6,20,1,1,1,1,1,0,0,1,1
0.04,8,8,24,21068845,0.00046493730074508743,0.0005367942073230432,-3.326056100700379,-2.70192179391247,13.38630439704284,13,25,1,0,1,1,1,0,0,1,1
0.06,8,8,24,21068845,0.0001969878820587465,0.00020879041939856865,-7.055604891525563,-6.802894333412085,5.652815571624387,7,17,1,1,1,1,1,0,0,1,1
0.08,8,8,24,21068845,7.867456926444288e-05,8.43296709605287e-05,-11.041656261279636,-10.740195942099003,6.70594540649014,5,11,1,1,1,1,1,0,0,1,1
0.04,8,8,25,21068846,0.0004958760065380452,0.0007528876713729803,-3.0462690497814053,-1.2326981442597402,34.13678754577608,16,25,1,0,1,1,1,0,0,1,1
0.06,8,8,25,21068846,0.00021059319999478914,0.0003442189201923717,-6.765556561914564,-4.631652621045796,38.81998122674486,6,25,1,0,1,1,1,0,0,1,1
0.08,8,8,25,21068846,9.762444432256126e-05,0.00014869058890562488,-10.104414251078026,-8.277165184699657,34.34389826478912,12,22,1,1,1,1,1,0,0,1,1
0.04,8,8,26,21068847,0.00046127752273644545,0.0005493960343751007,-3.3603770730234,-2.601144797083706,16.039160482635054,14,25,1,0,1,1,1,0,0,1,1
0.06,8,8,26,21068847,0.00022305068807445402,0.00026443510690922007,-6.515964326937046,-5.776808875948194,15.650122753546949,7,22,1,1,1,1,1,0,0,1,1
0.08,8,8,26,21068847,0.00010697899810988277,0.00012574100208614602,-9.70701473718875,-9.005230828855494,14.921150352698222,4,15,1,1,1,1,1,0,0,1,1
0.04,8,8,27,21068848,0.0008415008414228198,0.0009970352823155987,-0.7494544543372493,-0.012894729382416426,15.599692774317138,22,25,1,0,1,1,1,0,0,1,1
0.06,8,8,27,21068848,0.00037942570315828157,0.00039882842865667986,-4.2087325235693465,-3.9921389256528417,4.864930407230469,7,19,1,1,1,1,1,0,0,1,1
0.08,8,8,27,21068848,0.00013165817817628676,0.00015287934310111823,-8.805521587643701,-8.156511920452234,13.88098908221712,11,15,1,1,1,1,1,0,0,1,1
0.04,8,8,28,21068849,0.0003180447584465883,0.0003584965740480446,-4.975117574415792,-4.45514990286666,11.283738403601884,9,22,1,1,1,1,1,0,0,1,1
0.06,8,8,28,21068849,0.0001244864699796664,0.00015050675412690183,-9.048778480259278,-8.224440102746179,17.28844947735441,9,15,1,1,1,1,1,0,0,1,1
0.08,8,8,28,21068849,5.271832298093806e-05,6.327653339684931e-05,-12.780384135071571,-11.987573216699667,16.68582308340704,12,11,1,1,1,1,1,0,0,1,1
0.04,8,8,29,21068850,0.0003750018835953716,0.0006011429870812722,-4.2596655085089035,-2.210222149948304,37.61852144094417,11,25,1,0,1,1,1,0,0,1,1
0.06,8,8,29,21068850,0.00016557683618778377,0.00026479292694986747,-7.8100042008418145,-5.770936197899987,37.46931306094442,5,23,1,1,1,1,1,0,0,1,1
0.08,8,8,29,21068850,6.474239272455342e-05,7.617511912711354e-05,-11.888112541477208,-11.181868579296063,15.008478534155365,11,16,1,1,1,1,1,0,0,1,1
0.04,8,8,30,21068851,0.00039122830454539116,0.0005841593239826336,-4.075697324549963,-2.3346868698059433,33.027123169393775,25,25,0,0,1,1,1,0,0,1,1
0.06,8,8,30,21068851,0.00017528054427069252,0.00023652096814663794,-7.562662868999331,-6.261303519802125,25.89217537701675,8,25,1,0,1,1,1,0,0,1,1
0.08,8,8,30,21068851,7.315737288999429e-05,9.534119152710653e-05,-11.357418986010934,-10.207194247771977,23.26782189501496,9,25,1,0,1,1,1,0,0,1,1
0.04,12,4,1,21464822,0.00030027256414150226,0.0005981780646970191,-5.224843474090182,-2.2316951667365497,49.80214389947712,6,25,1,0,1,1,1,0,0,1,1
0.06,12,4,1,21464822,7.575287122533136e-05,0.00012934683143462397,-11.206009016548853,-8.882442055814774,41.43430466356705,4,14,1,1,1,1,1,0,0,1,1
0.08,12,4,1,21464822,4.321611081583357e-06,8.70350577545287e-06,-23.6435431952641,-20.603057781568804,50.34631798864418,3,8,1,1,1,1,1,0,0,1,1
0.04,12,4,2,21464823,0.00037027167862891465,0.0005722618626324818,-4.314795050328285,-2.4240519590561744,35.29681028793096,7,17,1,1,1,1,1,0,0,1,1
0.06,12,4,2,21464823,0.00010919277729122044,0.0001656507639636098,-9.618060876963778,-7.808065568576926,34.08253926603808,3,13,1,1,1,1,1,0,0,1,1
0.08,12,4,2,21464823,7.1716122324017575e-06,1.3199699637924664e-05,-21.443832006883426,-18.794359511483954,45.66836799985457,4,20,1,1,1,1,1,0,0,1,1
0.04,12,4,3,21464824,0.0004141552044418837,0.0006136236421966924,-3.8283687675057108,-2.120979158815,32.506641536942375,7,22,1,1,1,1,1,0,0,1,1
0.06,12,4,3,21464824,7.616007358593712e-05,0.00011083323446993594,-11.182726450076288,-9.553299924716406,31.28408283835124,4,17,1,1,1,1,1,0,0,1,1
0.08,12,4,3,21464824,3.846022774982375e-06,3.2619264797308248e-06,-24.149881483294983,-24.865258317099173,-17.906482530524425,3,6,1,1,1,1,0,1,0,1,1
0.04,12,4,4,21464825,0.00022413124557561786,0.00031316386133092426,-6.494975953383606,-5.042283606949002,28.430041505084294,4,14,1,1,1,1,1,0,0,1,1
0.06,12,4,4,21464825,5.8292291014326586e-05,8.481278958049409e-05,-12.343888756236431,-10.715386521605685,31.26945676158598,3,10,1,1,1,1,1,0,0,1,1
0.08,12,4,4,21464825,4.4363839580453595e-06,6.03055795881003e-06,-23.529708737843208,-22.19642504240927,26.43493374333207,4,8,1,1,1,1,1,0,0,1,1
0.04,12,4,5,21464826,0.0002778600709198273,0.0005257276358849411,-5.561738577749653,-2.792391928562755,47.14752431606262,8,11,1,1,1,1,1,0,0,1,1
0.06,12,4,5,21464826,7.571341848747621e-05,0.00013348106209230172,-11.20827144824457,-8.745803463760192,43.27778240547664,4,12,1,1,1,1,1,0,0,1,1
0.08,12,4,5,21464826,3.073445816475073e-06,9.984891211217403e-06,-25.123744389001466,-20.006566625534546,69.2190355261733,3,10,1,1,1,1,1,0,0,1,1
0.04,12,4,6,21464827,0.0003415956986742872,0.0003722315754001229,-4.664876065245517,-4.291867896136305,8.2303272345728,13,13,1,1,1,1,1,0,0,1,1
0.06,12,4,6,21464827,8.013357561321047e-05,9.025575564978577e-05,-10.961854783192269,-10.445250933864239,11.214996720931362,6,12,1,1,1,1,1,0,0,1,1
0.08,12,4,6,21464827,4.893305404667593e-06,6.64245880803078e-06,-23.103976778793992,-21.77671130105551,26.332920593326797,6,8,1,1,1,1,1,0,0,1,1
0.04,12,4,7,21464828,0.0005966688048071842,0.0009195558994432994,-2.2426666745882313,-0.36421865031817524,35.11337318716476,7,17,1,1,1,1,1,0,0,1,1
0.06,12,4,7,21464828,0.00017324683603089314,0.0002608774973572456,-7.613346880689483,-5.835633804438648,33.590732130625675,4,15,1,1,1,1,1,0,0,1,1
0.08,12,4,7,21464828,1.0770934571077372e-05,1.8085768797402158e-05,-19.6774661225887,-17.426630253390268,40.44524901465892,4,13,1,1,1,1,1,0,0,1,1
0.04,12,4,8,21464829,0.000322334192187816,0.0006164785532771984,-4.916936234641717,-2.1008202751169134,47.713640567982736,7,25,1,0,1,1,1,0,0,1,1
0.06,12,4,8,21464829,7.601367188156633e-05,0.00012974267896010143,-11.19108288130832,-8.869171388893937,41.411976004486455,3,18,1,1,1,1,1,0,0,1,1
0.08,12,4,8,21464829,5.141130553173342e-06,8.406185916438867e-06,-22.889413675776513,-20.754010090973416,38.84110339363882,4,11,1,1,1,1,1,0,0,1,1
0.04,12,4,9,21464830,0.00039597063480807345,0.0005862991097163589,-4.023370201696611,-2.3188076528231205,32.46269212320022,6,25,1,0,1,1,1,0,0,1,1
0.06,12,4,9,21464830,8.671836790666838e-05,0.0001322462384162748,-10.618889044195946,-8.786166720964685,34.4265901660637,5,15,1,1,1,1,1,0,0,1,1
0.08,12,4,9,21464830,4.404166337075554e-06,5.992346610542612e-06,-23.561362869051308,-22.224030740314838,26.503478131136465,4,8,1,1,1,1,1,0,0,1,1
0.04,12,4,10,21464831,0.00033625601208027455,0.000575758991015416,-4.733299419636737,-2.397592713960482,41.59778356439573,7,25,1,0,1,1,1,0,0,1,1
0.06,12,4,10,21464831,6.084944012785883e-05,0.00011077045874303703,-12.15743413333671,-9.555760457040904,45.06708664174076,7,12,1,1,1,1,1,0,0,1,1
0.08,12,4,10,21464831,2.9835472182361713e-06,5.224046376310219e-06,-25.252670845310806,-22.819929762800314,42.888194259418654,4,8,1,1,1,1,1,0,0,1,1
0.04,12,4,11,21464832,0.0004069586020239683,0.0005752460022394375,-3.9044976725383758,-2.4014639084512557,29.254857845221867,8,25,1,0,1,1,1,0,0,1,1
0.06,12,4,11,21464832,8.06132020543029e-05,0.0001361851887614552,-10.93593827800211,-8.658701228854019,40.80618987465174,4,13,1,1,1,1,1,0,0,1,1
0.08,12,4,11,21464832,4.348021667608584e-06,8.612605558411803e-06,-23.617083003494514,-20.64865442221638,49.51560665213634,3,8,1,1,1,1,1,0,0,1,1
0.04,12,4,12,21464833,0.00039652960293010646,0.0007325125745990591,-4.017243848677282,-1.351849156399147,45.8671950925693,10,25,1,0,1,1,1,0,0,1,1
0.06,12,4,12,21464833,0.00010028529786387113,0.00015391851874125163,-9.987627312328685,-8.127091247864866,34.84520336863552,4,12,1,1,1,1,1,0,0,1,1
0.08,12,4,12,21464833,4.613874574191705e-06,5.400905290658107e-06,-23.35934215726676,-22.675334383650213,14.572199920404481,5,9,1,1,1,1,1,0,0,1,1
0.04,12,4,13,21464834,0.0002634775404924918,0.0006632453533113954,-5.7925639925938555,-1.7832578399665358,60.27449884465479,5,18,1,1,1,1,1,0,0,1,1
0.06,12,4,13,21464834,7.105955392739103e-05,0.00011976131679315778,-11.483775230988815,-9.216834375075367,40.66568752736792,3,10,1,1,1,1,1,0,0,1,1
0.08,12,4,13,21464834,4.580684475690344e-06,6.978993655979019e-06,-23.39069622038785,-21.562071964547947,34.36468491748813,3,7,1,1,1,1,1,0,0,1,1
0.04,12,4,14,21464835,0.0004236627904569791,0.000805418139882392,-3.729796776294914,-0.9397859330059045,47.398404694629455,8,24,1,1,1,1,1,0,0,1,1
0.06,12,4,14,21464835,0.00010274953111897939,0.00014488292310322433,-9.882201512806478,-8.38982800443902,29.080992488139042,3,25,1,0,1,1,1,0,0,1,1
0.08,12,4,14,21464835,3.749237835912852e-06,5.4950373647339874e-06,-24.26057008885381,-22.600293501481126,31.770476030341772,3,7,1,1,1,1,1,0,0,1,1
0.04,12,4,15,21464836,0.00026414006073281277,0.0004430969274295022,-5.781657266393783,-3.5350126148957743,40.387747153846355,9,25,1,0,1,1,1,0,0,1,1
0.06,12,4,15,21464836,7.336498525241317e-05,0.00010270034607244596,-11.345111654234689,-9.884280929450744,28.56403307476618,11,13,1,1,1,1,1,0,0,1,1
0.08,12,4,15,21464836,4.889283052550725e-06,6.482132676625813e-06,-23.107548196389068,-21.882820840509897,24.57292535555173,3,8,1,1,1,1,1,0,0,1,1
0.04,12,4,16,21464837,0.00020564780426365247,0.00034887400972219575,-6.868759231656025,-4.5733138324511495,41.053847941436686,5,23,1,1,1,1,1,0,0,1,1
0.06,12,4,16,21464837,4.9587065192632256e-05,9.795819415167439e-05,-13.046315946401707,-10.089592296436065,49.379359611454554,4,16,1,1,1,1,1,0,0,1,1
0.08,12,4,16,21464837,3.618978672944647e-06,7.893631065576052e-06,-24.414139762313273,-21.027231756259344,54.15318194022353,5,13,1,1,1,1,1,0,0,1,1
0.04,12,4,17,21464838,0.00041395602487025965,0.0006099436928607892,-3.830457921413312,-2.1471025516718374,32.13209191020537,12,15,1,1,1,1,1,0,0,1,1
0.06,12,4,17,21464838,8.923657958433988e-05,0.00014790501202082332,-10.494570844674856,-8.300171089232846,39.66629097614595,6,20,1,1,1,1,1,0,0,1,1
0.08,12,4,17,21464838,3.862139642810804e-06,6.611817074948858e-06,-24.13172027551505,-21.796791702910404,41.587318598939355,4,15,1,1,1,1,1,0,0,1,1
0.04,12,4,18,21464839,0.0004938300030039121,0.0008699661477688503,-3.064225277228316,-0.6049764637359365,43.23572195649128,8,25,1,0,1,1,1,0,0,1,1
0.06,12,4,18,21464839,9.001341167561244e-05,0.0001958855203745755,-10.456927774188252,-7.079976653520349,54.047950301029225,6,10,1,1,1,1,1,0,0,1,1
0.08,12,4,18,21464839,5.678400296535596e-06,1.1366988844044261e-05,-22.45773995316895,-19.44354566236751,50.044815083012985,3,13,1,1,1,1,1,0,0,1,1
0.04,12,4,19,21464840,0.00035627276888167483,0.001217896016983258,-4.482173709590487,0.856102101538691,70.74686476402422,7,15,1,1,1,1,1,0,0,1,1
0.06,12,4,19,21464840,6.578778879846846e-05,0.00018734264743990923,-11.818547104832211,-7.273633468132315,64.88370923680358,8,17,1,1,1,1,1,0,0,1,1
0.08,12,4,19,21464840,3.308775626657874e-06,7.1979197752883186e-06,-24.80332682041784,-21.4279299810319,54.031501740024076,4,7,1,1,1,1,1,0,0,1,1
0.04,12,4,20,21464841,0.000425640037114793,0.000763835561973942,-3.7095752761099092,-1.1700012599736915,44.2759596038141,10,14,1,1,1,1,1,0,0,1,1
0.06,12,4,20,21464841,8.787869693416499e-05,0.0001931150801906623,-10.561163914249157,-7.141838112135021,54.49413021116609,5,14,1,1,1,1,1,0,0,1,1
0.08,12,4,20,21464841,5.562062499587424e-06,1.1757914960612823e-05,-22.547641353795473,-19.296696851802892,52.69516306063223,3,8,1,1,1,1,1,0,0,1,1
0.04,12,4,21,21464842,0.00039511194511997243,0.0005522968344690123,-4.0327984042417,-2.578274459607879,28.460219132010803,13,15,1,1,1,1,1,0,0,1,1
0.06,12,4,21,21464842,9.328141771748298e-05,0.00011962140990651097,-10.302048620040052,-9.22191083122631,22.01946307907069,7,10,1,1,1,1,1,0,0,1,1
0.08,12,4,21,21464842,5.700365476763536e-06,6.385677945137599e-06,-22.440972988093897,-21.94792988423659,10.73202366705476,3,8,1,1,1,1,1,0,0,1,1
0.04,12,4,22,21464843,0.00025220592388560607,0.0004058970950490153,-5.982447168088704,-3.9158405685885995,37.86456543741704,7,25,1,0,1,1,1,0,0,1,1
0.06,12,4,22,21464843,5.869236658897418e-05,7.596771607038982e-05,-12.314183785455375,-11.193709302356659,22.740382856065754,3,11,1,1,1,1,1,0,0,1,1
0.08,12,4,22,21464843,3.5583116165001434e-06,4.989361457578324e-06,-24.487560215695613,-23.019550321711918,28.682023806965592,3,7,1,1,1,1,1,0,0,1,1
0.04,12,4,23,21464844,0.0003459948669933966,0.000968646919055654,-4.609303441349091,-0.13834498542154966,64.28060006315704,14,25,1,0,1,1,1,0,0,1,1
0.06,12,4,23,21464844,7.920621494138598e-05,0.00018145592934027646,-11.012407400158972,-7.412288360184499,56.349613248044385,9,12,1,1,1,1,1,0,0,1,1
0.08,12,4,23,21464844,2.155841678035262e-06,6.1084364353184835e-06,-26.663831362869438,-22.140699410525535,64.70714394979441,5,9,1,1,1,1,1,0,0,1,1
0.04,12,4,24,21464845,0.0004963797126693352,0.0007209364401442699,-3.04185976681379,-1.4210302225891969,31.147923030495946,8,21,1,1,1,1,1,0,0,1,1
0.06,12,4,24,21464845,0.00013113704279391064,0.00017384956208271016,-8.822746141174761,-7.598263989427707,24.568666597203585,3,16,1,1,1,1,1,0,0,1,1
0.08,12,4,24,21464845,7.527750239319616e-06,1.1912500246127076e-05,-21.23334798651563,-19.239970773805528,36.80797411301633,5,11,1,1,1,1,1,0,0,1,1
0.04,12,4,25,21464846,0.0005077206167157708,0.000789323606620808,-2.9437520109391295,-1.0274490837942738,35.67649409481295,9,21,1,1,1,1,1,0,0,1,1
0.06,12,4,25,21464846,0.00011838276490144235,0.00018164540584733333,-9.267115210340688,-7.407755817835583,34.827548019057,8,14,1,1,1,1,1,0,0,1,1
0.08,12,4,25,21464846,6.123363500047837e-06,8.70487633580581e-06,-22.130099588593563,-20.602373942259874,29.655939224999944,5,9,1,1,1,1,1,0,0,1,1
0.04,12,4,26,21464847,0.0004235010636338676,0.0007195766200825134,-3.73145494590088,-1.4292295585192276,41.14579993089478,11,25,1,0,1,1,1,0,0,1,1
0.06,12,4,26,21464847,8.401035141147688e-05,0.00014716139568219218,-10.756671986534679,-8.322061019621374,42.912778842554246,4,25,1,0,1,1,1,0,0,1,1
0.08,12,4,26,21464847,3.7179953522592983e-06,5.017832490984048e-06,-24.296911574606778,-22.994838407208007,25.90435493931441,3,9,1,1,1,1,1,0,0,1,1
0.04,12,4,27,21464848,0.0001816187459163814,0.00029325984491108525,-7.4083932746760075,-5.327473994382089,38.06900294465913,5,21,1,1,1,1,1,0,0,1,1
0.06,12,4,27,21464848,5.4596063208387685e-05,9.638894479784589e-05,-12.628386721032172,-10.159727740703614,43.35858399229224,5,19,1,1,1,1,1,0,0,1,1
0.08,12,4,27,21464848,5.323308661999477e-06,8.675437274451988e-06,-22.738183513518088,-20.617086259208914,38.63930435326972,3,19,1,1,1,1,1,0,0,1,1
0.04,12,4,28,21464849,0.0002797120991951563,0.00043275248488560444,-5.532887474288169,-3.6376042970558338,35.364415234011524,8,16,1,1,1,1,1,0,0,1,1
0.06,12,4,28,21464849,7.037023374585842e-05,0.00010780131638945482,-11.526110063924158,-9.673759358358696,34.7222871642576,3,11,1,1,1,1,1,0,0,1,1
0.08,12,4,28,21464849,4.7014287991335665e-06,7.374725270032872e-06,-23.27770136685634,-21.32254153781135,36.24943808771048,3,9,1,1,1,1,1,0,0,1,1
0.04,12,4,29,21464850,0.0005791463903761013,0.0007856637287264697,-2.3721164612269767,-1.0476329620925635,26.285716242128796,9,23,1,1,1,1,1,0,0,1,1
0.06,12,4,29,21464850,0.0001279247019871741,0.00018083438244893686,-8.93045586085191,-7.427189926205009,29.258639726161107,8,17,1,1,1,1,1,0,0,1,1
0.08,12,4,29,21464850,6.362556771890542e-06,9.245515589309401e-06,-21.96368329510385,-20.340688647808122,31.18223953623989,5,9,1,1,1,1,1,0,0,1,1
0.04,12,4,30,21464851,0.0003884763322179096,0.0006224745990122953,-4.106354352936206,-2.0587836589306208,37.59161693757141,11,25,1,0,1,1,1,0,0,1,1
0.06,12,4,30,21464851,8.575323525171148e-05,0.00014176165355434366,-10.667494861486205,-8.484412296744432,39.50886357371785,8,14,1,1,1,1,1,0,0,1,1
0.08,12,4,30,21464851,3.5306267626408546e-06,6.142017946079028e-06,-24.52148191101044,-22.11688918946075,42.51682763488579,4,8,1,1,1,1,1,0,0,1,1
0.04,12,6,1,21466822,0.00038662365123278027,0.0007034885879200573,-4.12711582056809,-1.5274294335154681,45.04194412366001,11,25,1,0,1,1,1,0,0,1,1
0.06,12,6,1,21466822,9.269853395112322e-05,0.0001364448341972979,-10.329271342694415,-8.65042902075995,32.06152911800087,4,25,1,0,1,1,1,0,0,1,1
0.08,12,6,1,21466822,3.439581296436176e-06,5.546324069785191e-06,-24.6349442129902,-22.55994758341346,37.98448750634596,4,9,1,1,1,1,1,0,0,1,1
0.04,12,6,2,21466823,0.00028836696286467235,0.000449324005473257,-5.40054496613597,-3.474403782775011,35.82204392553083,13,25,1,0,1,1,1,0,0,1,1
0.06,12,6,2,21466823,7.052190995783891e-05,0.00010196884379894377,-11.516759341362228,-9.915325050337048,30.83974738706472,5,13,1,1,1,1,1,0,0,1,1
0.08,12,6,2,21466823,4.092383703459459e-06,6.313507803616285e-06,-23.88023653434277,-21.997292783996865,35.18050771846038,4,9,1,1,1,1,1,0,0,1,1
0.04,12,6,3,21466824,0.00027750138053464073,0.00032816952613781133,-5.567348519752322,-4.839017500490941,15.43962542758862,7,15,1,1,1,1,1,0,0,1,1
0.06,12,6,3,21466824,4.178338252266189e-05,6.352074569865711e-05,-13.78996405153595,-11.970844121724117,34.22088789561355,5,10,1,1,1,1,1,0,0,1,1
0.08,12,6,3,21466824,2.006805564654214e-06,3.291240304551698e-06,-26.97494703391113,-24.82640407243536,39.02585715546643,3,9,1,1,1,1,1,0,0,1,1
0.04,12,6,4,21466825,0.00020092404491486412,0.00033252198972521916,-6.9696808739820035,-4.781796294569898,39.575711945878076,13,16,1,1,1,1,1,0,0,1,1
0.06,12,6,4,21466825,4.4151998385238426e-05,7.214598917427527e-05,-13.550496348261516,-11.417878077152901,38.80186703298888,3,12,1,1,1,1,1,0,0,1,1
0.08,12,6,4,21466825,2.469496062957225e-06,3.823004717315053e-06,-26.073916618844194,-24.175951660922372,35.404315569571544,4,7,1,1,1,1,1,0,0,1,1
0.04,12,6,5,21466826,0.00017791418158554664,0.00019465885523139724,-7.497894328105444,-7.107258349940789,8.602061090899596,8,18,1,1,1,1,1,0,0,1,1
0.06,12,6,5,21466826,3.35409468252217e-05,3.747552499866763e-05,-14.744246818860102,-14.262522743588748,10.499060849943568,5,13,1,1,1,1,1,0,0,1,1
0.08,12,6,5,21466826,1.9580393413707912e-06,2.167867595629852e-06,-27.081785865019317,-26.639672462311168,9.67901613004632,7,8,1,1,1,1,1,0,0,1,1
0.04,12,6,6,21466827,0.00039268210938043206,0.0006028008927456672,-4.059588847605207,-2.1982611316857046,34.8570789947201,10,18,1,1,1,1,1,0,0,1,1
0.06,12,6,6,21466827,6.28840156435646e-05,0.00011452468638924365,-12.01459732933073,-9.411008888084378,45.09130072634648,8,12,1,1,1,1,1,0,0,1,1
0.08,12,6,6,21466827,3.298726275736677e-06,6.402367617259172e-06,-24.81653720183398,-21.936593927405532,48.476462569188605,3,10,1,1,1,1,1,0,0,1,1
0.04,12,6,7,21466828,0.0002110167550166576,0.00039632223869367496,-6.7568305976209615,-4.019515575649507,46.75626689226579,10,24,1,1,1,1,1,0,0,1,1
0.06,12,6,7,21466828,5.9053930093608995e-05,9.256997349693831e-05,-12.28751194389648,-10.335298606105134,36.206171544856105,5,14,1,1,1,1,1,0,0,1,1
0.08,12,6,7,21466828,4.10396832560243e-06,5.467429936457297e-06,-23.867959997649454,-22.622167736135886,24.93788903929406,4,8,1,1,1,1,1,0,0,1,1
0.04,12,6,8,21466829,0.00023194061151614057,0.0003946327774580959,-6.346232021461021,-4.038068459008666,41.22621719105195,7,25,1,0,1,1,1,0,0,1,1
0.06,12,6,8,21466829,6.684285043401957e-05,9.46489345628721e-05,-11.749450384110464,-10.238842704066798,29.378126924801123,6,12,1,1,1,1,1,0,0,1,1
0.08,12,6,8,21466829,4.815369352066129e-06,7.001424995973568e-06,-23.173703956812552,-21.548135592850475,31.223010246694244,3,8,1,1,1,1,1,0,0,1,1
0.04,12,6,9,21466830,0.0003068982138061437,0.0005064345281671421,-5.130056392201579,-2.954766922457103,39.40021923132857,7,16,1,1,1,1,1,0,0,1,1
0.06,12,6,9,21466830,5.929992974905888e-05,0.0001345885952927362,-12.269458211317602,-8.709917396014852,55.939855364357676,3,11,1,1,1,1,1,0,0,1,1
0.08,12,6,9,21466830,3.0443383137555133e-06,7.828083126298539e-06,-25.165070865818485,-21.06344571222892,61.11004105809733,4,11,1,1,1,1,1,0,0,1,1
0.04,12,6,10,21466831,0.00021806455564244475,0.0002915490909687108,-6.6141491919824045,-5.352883083430507,25.204858324923556,6,14,1,1,1,1,1,0,0,1,1
0.06,12,6,10,21466831,6.158684645024509e-05,8.266479828653587e-05,-12.10512033356096,-10.826793896557534,25.498098674637273,7,14,1,1,1,1,1,0,0,1,1
0.08,12,6,10,21466831,4.731223129088157e-06,5.9102750671246556e-06,-23.250265697179398,-22.283923063684096,19.949188906534374,4,10,1,1,1,1,1,0,0,1,1
0.04,12,6,11,21466832,0.00033134614382438745,0.0004990694890660894,-4.797180793222722,-3.0183898019453235,33.60721280628941,9,23,1,1,1,1,1,0,0,1,1
0.06,12,6,11,21466832,8.150150105945686e-05,0.0001184925820865445,-10.88834392538111,-9.263088366557122,31.218056333745963,12,25,1,0,1,1,1,0,0,1,1
0.08,12,6,11,21466832,2.8445821715838895e-06,5.562665466333175e-06,-25.459815162291306,-22.547170573509415,48.862965267278696,5,9,1,1,1,1,1,0,0,1,1
0.04,12,6,12,21466833,0.00028451688421338,0.0004503676760979258,-5.458919559714639,-3.464327873309222,36.825642843978,5,15,1,1,1,1,1,0,0,1,1
0.06,12,6,12,21466833,6.587579514554362e-05,0.00011232614641485829,-11.812741296505502,-9.495191402479021,41.353106780462205,11,14,1,1,1,1,1,0,0,1,1
0.08,12,6,12,21466833,3.545202189195985e-06,4.339774918805553e-06,-24.503589911866698,-23.625327944634368,18.30907695619063,3,7,1,1,1,1,1,0,0,1,1
0.04,12,6,13,21466834,0.00037020675692051545,0.0004111015053940956,-4.315556588772408,-3.8605093289332633,9.94760367865281,7,19,1,1,1,1,1,0,0,1,1
0.06,12,6,13,21466834,7.918253187853227e-05,9.405267460334823e-05,-11.01370615702082,-10.266288497791061,15.810441103911563,3,9,1,1,1,1,1,0,0,1,1
0.08,12,6,13,21466834,5.277187140747996e-06,7.110054904205674e-06,-22.775975045052537,-21.481270456132023,25.778531785647917,4,9,1,1,1,1,1,0,0,1,1
0.04,12,6,14,21466835,0.00030829355985350834,0.0005191386237504367,-5.110355474411762,-2.8471665854616255,40.61440514167695,8,25,1,0,1,1,1,0,0,1,1
0.06,12,6,14,21466835,8.206839127538731e-05,0.00013785895171206423,-10.858240796396244,-8.605650282311899,40.46930557922892,7,25,1,0,1,1,1,0,0,1,1
0.08,12,6,14,21466835,5.758771468788005e-06,8.218973756141541e-06,-22.39670155679783,-20.85182406288274,29.93320529239038,4,12,1,1,1,1,1,0,0,1,1
0.04,12,6,15,21466836,0.0001287047376440578,0.0002621888506224731,-8.90405466345015,-5.813857802892933,50.911437561706116,9,25,1,0,1,1,1,0,0,1,1
0.06,12,6,15,21466836,3.5418342407543066e-05,6.32592089865897e-05,-14.507717678241608,-11.988762429436443,44.01077254214261,4,18,1,1,1,1,1,0,0,1,1
0.08,12,6,15,21466836,2.032683336195095e-06,3.1638368038296886e-06,-26.91930273135105,-24.997859262565783,35.75258579283801,4,8,1,1,1,1,1,0,0,1,1
0.04,12,6,16,21466837,0.0002907944326718456,0.0004280288616897352,-5.364139124039266,-3.6852694582331047,32.06195686807834,5,25,1,0,1,1,1,0,0,1,1
0.06,12,6,16,21466837,5.800189981607938e-05,9.912262916780736e-05,-12.365577811590063,-10.038271870806675,41.484704044838836,5,21,1,1,1,1,1,0,0,1,1
0.08,12,6,16,21466837,3.1851957596077004e-06,5.1560116201891e-06,-24.968638711136222,-22.876861125408382,38.22365048333849,4,8,1,1,1,1,1,0,0,1,1
0.04,12,6,17,21466838,0.00046337033418105376,0.0008282095619755495,-3.3407177398557666,-0.8185975971960442,44.05155947780117,9,22,1,1,1,1,1,0,0,1,1
0.06,12,6,17,21466838,0.00010694603395367589,0.0001396877743641401,-9.708353164124247,-8.548416021788237,23.439231213687012,4,14,1,1,1,1,1,0,0,1,1
0.08,12,6,17,21466838,4.027695422213588e-06,7.187044874030807e-06,-23.949433785983732,-21.434496435134875,43.958949849235026,4,8,1,1,1,1,1,0,0,1,1
0.04,12,6,18,21466839,0.00024835404393014495,0.00040185097800967177,-6.049287640269274,-3.9593497036538237,38.197476795946095,7,19,1,1,1,1,1,0,0,1,1
0.06,12,6,18,21466839,7.299220194786152e-05,0.00011077486831664506,-11.367235348372386,-9.555587575625514,34.10761569202092,4,13,1,1,1,1,1,0,0,1,1
0.08,12,6,18,21466839,4.200126646846722e-06,6.836571387850031e-06,-23.767376140789015,-21.65161646913848,38.56384423468179,4,19,1,1,1,1,1,0,0,1,1
0.04,12,6,19,21466840,0.0002713598678979351,0.00046620376266691714,-5.664543808444142,-3.314242256698286,41.79371990787422,5,21,1,1,1,1,1,0,0,1,1
0.06,12,6,19,21466840,9.011815792910298e-05,0.0001232645978858106,-10.451876941053534,-9.091616367092412,26.890478308633025,3,11,1,1,1,1,1,0,0,1,1
0.08,12,6,19,21466840,5.906133790952485e-06,8.840698877087698e-06,-22.2869671923781,-20.53513401676351,33.19381337306579,5,7,1,1,1,1,1,0,0,1,1
0.04,12,6,20,21466841,0.00030777393453709496,0.0005372019212781713,-5.117681634715482,-2.69862442766137,42.70796094608066,7,18,1,1,1,1,1,0,0,1,1
0.06,12,6,20,21466841,7.117150489791766e-05,0.00010259114416255934,-11.476938510628923,-9.888901266250471,30.626073547689586,3,9,1,1,1,1,1,0,0,1,1
0.08,12,6,20,21466841,3.5393821876417725e-06,5.918574552908123e-06,-24.510725390799017,-22.277828774576285,40.198739476844494,3,7,1,1,1,1,1,0,0,1,1
0.04,12,6,21,21466842,0.00035368257873777376,0.00044052990827586814,-4.51386331602797,-3.560246013081401,19.71428679564452,17,16,1,1,1,1,1,0,0,1,1
0.06,12,6,21,21466842,8.592457356156414e-05,9.127415623117168e-05,-10.658826145625046,-10.396521731231257,5.861004790949322,5,10,1,1,1,1,1,0,0,1,1
0.08,12,6,21,21466842,3.6210658037338123e-06,4.354296403185193e-06,-24.4116358290494,-23.61082011242017,16.839244083499196,4,7,1,1,1,1,1,0,0,1,1
0.04,12,6,22,21466843,0.00017513548398621464,0.000463401716326585,-7.56625853127563,-3.340423620225546,62.206552583679496,10,25,1,0,1,1,1,0,0,1,1
0.06,12,6,22,21466843,4.8971052499219086e-05,7.986480409781084e-05,-13.100605619060005,-10.976445692929806,38.682561044983,3,11,1,1,1,1,1,0,0,1,1
0.08,12,6,22,21466843,2.869809914019759e-06,4.460181272798107e-06,-25.42146868431953,-23.506474901272952,35.657101393563416,4,8,1,1,1,1,1,0,0,1,1
0.04,12,6,23,21466844,0.00037281026332171204,0.0007492677341010359,-4.285121401951189,-1.2536296912829683,50.243384793687106,10,25,1,0,1,1,1,0,0,1,1
0.06,12,6,23,21466844,7.331303654715458e-05,0.00012342187004776153,-11.34818792110853,-9.086078775839969,40.599638849432395,8,20,1,1,1,1,1,0,0,1,1
0.08,12,6,23,21466844,2.5795790538168243e-06,5.396806248096506e-06,-25.884511581917835,-22.678631733546467,52.20174793700142,4,8,1,1,1,1,1,0,0,1,1
0.04,12,6,24,21466845,0.00027283866248256893,0.00034416647564192463,-5.640940881464003,-4.63231435440176,20.72479983017466,13,24,1,1,1,1,1,0,0,1,1
0.06,12,6,24,21466845,4.927446691741882e-05,6.019138446450049e-05,-13.07378065497545,-12.204656673351531,18.137010212018335,8,12,1,1,1,1,1,0,0,1,1
0.08,12,6,24,21466845,3.356990737039555e-06,3.936497202698939e-06,-24.740498571011557,-24.048900528343957,14.721373744710467,7,7,1,1,1,1,1,0,0,1,1
0.04,12,6,25,21466846,0.00033763217857233095,0.0005919907786953617,-4.715561689467854,-2.2768505812997017,42.966649021728024,9,25,1,0,1,1,1,0,0,1,1
0.06,12,6,25,21466846,6.397741954867495e-05,9.65429998950684e-05,-11.939732806378377,-10.152792104102971,33.73168472265068,5,25,1,0,1,1,1,0,0,1,1
0.08,12,6,25,21466846,3.609860650836677e-06,5.721985957607573e-06,-24.425095625654652,-22.424532123365978,36.91245176795225,5,10,1,1,1,1,1,0,0,1,1
0.04,12,6,26,21466847,0.0004018199979684117,0.0006676667032249758,-3.95968452875955,-1.7544028164614889,39.81727768847338,8,19,1,1,1,1,1,0,0,1,1
0.06,12,6,26,21466847,9.029629894037848e-05,0.0001458360405539252,-10.44330050159488,-8.361351352809775,38.083687271398475,7,10,1,1,1,1,1,0,0,1,1
0.08,12,6,26,21466847,3.3301118240479385e-06,5.707087203735907e-06,-24.77541182784502,-22.435854914230124,41.649536704678006,4,9,1,1,1,1,1,0,0,1,1
0.04,12,6,27,21466848,0.0003286275548833124,0.0004288073909087646,-4.832960244917845,-3.6773773776670833,23.36243221301356,8,19,1,1,1,1,1,0,0,1,1
0.06,12,6,27,21466848,7.789352095615257e-05,9.951969763646611e-05,-11.084986646639141,-10.020909521369159,21.730549020869667,5,12,1,1,1,1,1,0,0,1,1
0.08,12,6,27,21466848,3.894237690965267e-06,4.333723906369179e-06,-24.095775441554295,-23.631387602427274,10.141075548398662,4,7,1,1,1,1,1,0,0,1,1
0.04,12,6,28,21466849,0.00023820556592564512,0.00031880359884610464,-6.230480949835799,-4.964767846718392,25.281406236372643,8,23,1,1,1,1,1,0,0,1,1
0.06,12,6,28,21466849,6.502684022674836e-05,9.1803845358951e-05,-11.869073486436058,-10.371391272606626,29.167629120005966,10,25,1,0,1,1,1,0,0,1,1
0.08,12,6,28,21466849,4.1634720887389494e-06,6.275974390196778e-06,-23.80544342437721,-22.02318837267847,33.66014853020445,5,13,1,1,1,1,1,0,0,1,1
0.04,12,6,29,21466850,0.0003596705048525787,0.00039896955580486773,-4.4409517548419934,-3.990602427854207,9.850137781317281,13,25,1,0,1,1,1,0,0,1,1
0.06,12,6,29,21466850,6.828410145432701e-05,9.156443933558513e-05,-11.6568040106805,-10.382731595076532,25.42508647482164,9,12,1,1,1,1,1,0,0,1,1
0.08,12,6,29,21466850,3.9770228119057154e-06,5.423545033994824e-06,-24.004419179261745,-22.65716749360918,26.67115720478572,5,11,1,1,1,1,1,0,0,1,1
0.04,12,6,30,21466851,0.00028107414708918846,0.00036671996990290213,-5.511790985151151,-4.356654396917313,23.35455656706954,8,18,1,1,1,1,1,0,0,1,1
0.06,12,6,30,21466851,6.067291974969289e-05,7.254588446408959e-05,-12.170051050943716,-11.393872201005859,16.36614509851879,9,11,1,1,1,1,1,0,0,1,1
0.08,12,6,30,21466851,4.035444919054405e-06,4.5045813710850645e-06,-23.941085761245663,-23.463455635474144,10.414651515500395,3,11,1,1,1,1,1,0,0,1,1
0.04,12,8,1,21468822,0.00044436975321956757,0.00045487184284472807,-3.5225550971516952,-3.4211094572804166,2.3088018725189414,8,24,1,1,1,1,1,0,0,1,1
0.06,12,8,1,21468822,8.63190750129439e-05,0.00011995099373029799,-10.638932221588654,-9.209961497820427,28.038049266163878,13,24,1,1,1,1,1,0,0,1,1
0.08,12,8,1,21468822,4.471435022947071e-06,5.202082449345348e-06,-23.495530758544522,-22.838227688237367,14.045287315471606,4,15,1,1,1,1,1,0,0,1,1
0.04,12,8,2,21468823,0.0002450133857969849,0.00038939117171083663,-6.108101882111303,-4.096138990428262,37.07782723463161,20,25,1,0,1,1,1,0,0,1,1
0.06,12,8,2,21468823,5.690151682590841e-05,5.690639071652458e-05,-12.44876156446022,-12.448389586124618,0.008564750908996088,6,23,1,1,1,1,1,0,0,1,1
0.08,12,8,2,21468823,2.4059729473104157e-06,2.4545721773488822e-06,-26.187092601631974,-26.10024192831392,1.9799470753782136,5,13,1,1,1,1,1,0,0,1,1
0.04,12,8,3,21468824,0.0002809260553318084,0.000387937147598643,-5.514079789826205,-4.112386317826187,27.58464687623767,9,25,1,0,1,1,1,0,0,1,1
0.06,12,8,3,21468824,5.174535682048061e-05,6.514021250774221e-05,-12.861286139427932,-11.861508289644329,20.563113277638696,12,25,1,0,1,1,1,0,0,1,1
0.08,12,8,3,21468824,2.065825320077681e-06,2.0658259837455297e-06,-26.849064038878524,-26.849062643662602,3.212602870835691e-05,3,8,1,1,1,1,0,0,1,1,1
0.04,12,8,4,21468825,0.0004802947457508036,0.0006132219750990954,-3.184921643581522,-2.123822903909281,21.67685352874235,23,25,1,0,1,1,1,0,0,1,1
0.06,12,8,4,21468825,8.026960459519368e-05,0.00010028425328372473,-10.95448876334906,-9.987672549044916,19.957917652241473,13,25,1,0,1,1,1,0,0,1,1
0.08,12,8,4,21468825,1.9803650526839736e-06,3.1770805257348185e-06,-27.03254746226851,-24.97971777480349,37.66714325800917,3,12,1,1,1,1,1,0,0,1,1
0.04,12,8,5,21468826,0.00040119641400552207,0.0005238524900716539,-3.966429574676065,-2.8079098738014965,23.414239388144292,10,18,1,1,1,1,1,0,0,1,1
0.06,12,8,5,21468826,9.911305900316051e-05,0.00010495728606495705,-10.038691196886516,-9.789874076011484,5.56819567359964,11,23,1,1,1,1,1,0,0,1,1
0.08,12,8,5,21468826,4.448212566329904e-06,5.561518549343088e-06,-23.518144673391458,-22.548066099367418,20.018021573346804,8,9,1,1,1,1,1,0,0,1,1
0.04,12,8,6,21468827,0.00020805340157202393,0.00029004315412809925,-6.8182517930923,-5.375373807031149,28.26812196362479,21,25,1,0,1,1,1,0,0,1,1
0.06,12,8,6,21468827,3.925523754522912e-05,5.8411610860547225e-05,-14.061023902501756,-12.33500816732397,32.79548883021275,5,20,1,1,1,1,1,0,0,1,1
0.08,12,8,6,21468827,1.9875567718015145e-06,2.7460093408144553e-06,-27.01680457475017,-25.61297989802368,27.620174401445656,4,9,1,1,1,1,1,0,0,1,1
0.04,12,8,7,21468828,0.0004627006461915271,0.0007109497276357747,-3.346998939792071,-1.4816110782477687,34.917951550496625,8,25,1,0,1,1,1,0,0,1,1
0.06,12,8,7,21468828,0.00012778842502653436,0.0001751051821329276,-8.935084824433922,-7.567010010414399,27.021905651240907,5,25,1,0,1,1,1,0,0,1,1
0.08,12,8,7,21468828,8.966361031198063e-06,1.1607924953504106e-05,-20.473837782183402,-19.35245408322251,22.75655582618692,7,13,1,1,1,1,1,0,0,1,1
0.04,12,8,8,21468829,0.0005025096708481673,0.0005494685256505042,-2.9885557578691735,-2.600571795422084,8.546231969655281,10,25,1,0,1,1,1,0,0,1,1
0.06,12,8,8,21468829,0.00011459315325524507,0.00012467997953227977,-9.408413299453755,-9.042032776898616,8.09017318969258,7,22,1,1,1,1,1,0,0,1,1
0.08,12,8,8,21468829,4.750914236378928e-06,5.9245223315856e-06,-23.232228094047404,-22.273466591776344,19.809328575736426,5,8,1,1,1,1,1,0,0,1,1
0.04,12,8,9,21468830,0.00024119348943574666,0.00044355907898195986,-6.1763441933574414,-3.5304852697752236,45.623142245374645,20,25,1,0,1,1,1,0,0,1,1
0.06,12,8,9,21468830,5.655048153610898e-05,8.139199806270371e-05,-12.475636926380027,-10.894182900498189,30.52083388769623,8,25,1,0,1,1,1,0,0,1,1
0.08,12,8,9,21468830,2.798691002064665e-06,5.507726687828432e-06,-25.530450484813638,-22.590276190529135,49.186095086208354,4,19,1,1,1,1,1,0,0,1,1
0.04,12,8,10,21468831,0.0005024104792133894,0.0006936895877257186,-2.989413107177421,-1.588348242076926,27.574164568253554,18,25,1,0,1,1,1,0,0,1,1
0.06,12,8,10,21468831,7.964895134475207e-05,9.918442180683064e-05,-10.988199377308428,-10.03556534041487,19.69610762073646,6,17,1,1,1,1,1,0,0,1,1
0.08,12,8,10,21468831,2.560496608395957e-06,3.922247805921078e-06,-25.916757950906266,-24.064649712637678,34.71864259747697,5,9,1,1,1,1,1,0,0,1,1
0.04,12,8,11,21468832,0.0002625600086409779,0.0004715281839306271,-5.807714219981386,-3.2649234373314853,44.31721844232185,12,25,1,0,1,1,1,0,0,1,1
0.06,12,8,11,21468832,6.177931231106704e-05,8.909685542821683e-05,-12.091569303040906,-10.5013762362051,30.660501973786122,9,17,1,1,1,1,1,0,0,1,1
0.08,12,8,11,21468832,2.1720119231771576e-06,2.5353897469397663e-06,-26.631377950335434,-25.959552702814612,14.33222739033351,3,8,1,1,1,1,1,0,0,1,1
0.04,12,8,12,21468833,0.00018774912867794018,0.0004055738493327499,-7.26422069829736,-3.9193005529360416,53.70778244533639,11,18,1,1,1,1,1,0,0,1,1
0.06,12,8,12,21468833,5.964663090769891e-05,8.010606183987447e-05,-12.244140820777606,-10.963346184476435,25.54042785560012,5,19,1,1,1,1,1,0,0,1,1
0.08,12,8,12,21468833,3.1466732588075096e-06,4.916445654337244e-06,-25.02148350592973,-23.08348757102259,35.99698888095015,4,11,1,1,1,1,1,0,0,1,1
0.04,12,8,13,21468834,0.00025488018711435957,0.0003679317932429029,-5.936639227156367,-4.3423268285826175,30.726240081652417,6,18,1,1,1,1,1,0,0,1,1
0.06,12,8,13,21468834,8.67529084922801e-05,0.0001183320686429303,-10.617159560647716,-9.268975432223014,26.68689942870942,5,16,1,1,1,1,1,0,0,1,1
0.08,12,8,13,21468834,7.356069812713021e-06,1.0691018198219051e-05,-21.333541577466086,-19.70980931198127,31.19392674929295,5,16,1,1,1,1,1,0,0,1,1
0.04,12,8,14,21468835,0.0002108059524067894,0.0002777955280388716,-6.761171303621221,-5.562747498283301,24.114706275152287,11,25,1,0,1,1,1,0,0,1,1
0.06,12,8,14,21468835,4.522927534703904e-05,5.998065730147802e-05,-13.445803703638173,-12.219887793093907,24.593565022628532,9,19,1,1,1,1,1,0,0,1,1
0.08,12,8,14,21468835,3.1332675317327324e-06,4.502604388611044e-06,-25.040025216217025,-23.46536209686171,30.41210683181345,9,13,1,1,1,1,1,0,0,1,1
0.04,12,8,15,21468836,0.00025464766235894394,0.0003832646128907072,-5.940603062510904,-4.165012776299779,33.55826397894971,8,18,1,1,1,1,1,0,0,1,1
0.06,12,8,15,21468836,5.796784679540279e-05,9.505609236403103e-05,-12.368128311152088,-10.220200429722537,39.01722093371296,8,12,1,1,1,1,1,0,0,1,1
0.08,12,8,15,21468836,2.2733128193656996e-06,3.858647985489581e-06,-26.433407990411055,-24.135648391877492,41.0852498617527,5,10,1,1,1,1,1,0,0,1,1
0.04,12,8,16,21468837,0.00024220079431732625,0.00027838385562168054,-6.1582443688633575,-5.55355954469957,12.997542987380177,12,25,1,0,1,1,1,0,0,1,1
0.06,12,8,16,21468837,6.897943748794392e-05,6.722059845289241e-05,-11.612803515296319,-11.724976254037042,-2.6165179655222652,7,18,1,1,1,1,0,1,0,1,1
0.08,12,8,16,21468837,4.228593050508262e-06,4.373333200069099e-06,-23.738041082848138,-23.59187432913845,3.3096071792231623,4,8,1,1,1,1,1,0,0,1,1
0.04,12,8,17,21468838,0.0002004082501891713,0.0003324199787827476,-6.980844038732551,-4.783128825583278,39.7123328979731,7,23,1,1,1,1,1,0,0,1,1
0.06,12,8,17,21468838,5.235949055503116e-05,6.972585440420053e-05,-12.810045876792488,-11.566061552869948,24.906634701808926,7,19,1,1,1,1,1,0,0,1,1
0.08,12,8,17,21468838,2.0965697457180906e-06,3.459968918862551e-06,-26.784906855252963,-24.60927802486736,39.40495435411806,4,8,1,1,1,1,1,0,0,1,1
0.04,12,8,18,21468839,0.0002445500360618468,0.00036026367836218494,-6.116322688007445,-4.433795210637447,32.119153067661564,15,25,1,0,1,1,1,0,0,1,1
0.06,12,8,18,21468839,4.381197176480975e-05,6.265305982144611e-05,-13.584072008892374,-12.030577142768557,30.07209561724719,5,16,1,1,1,1,1,0,0,1,1
0.08,12,8,18,21468839,2.131633358882567e-06,2.5530174871844367e-06,-26.712874919096116,-25.92946210435979,16.505336544583873,3,8,1,1,1,1,1,0,0,1,1
0.04,12,8,19,21468840,0.00021693608481518302,0.0003304866696998521,-6.636682020998644,-4.808460532511126,34.35859757605222,11,25,1,0,1,1,1,0,0,1,1
0.06,12,8,19,21468840,5.714239255479977e-05,0.00010356329085457,-12.430415796411676,-9.847941577613744,44.82369951429734,7,25,1,0,1,1,1,0,0,1,1
0.08,12,8,19,21468840,4.035100230964168e-06,5.536070458811842e-06,-23.94145673032613,-22.56798391152733,27.112556442603758,4,12,1,1,1,1,1,0,0,1,1
0.04,12,8,20,21468841,0.00020740078579431324,0.0003046089000974985,-6.831896025010392,-5.1625741154901235,31.91243403330339,8,25,1,0,1,1,1,0,0,1,1
0.06,12,8,20,21468841,5.4806433646007575e-05,7.009607684057717e-05,-12.611684573376063,-11.543062880842353,21.812409315493582,8,17,1,1,1,1,1,0,0,1,1
0.08,12,8,20,21468841,2.0401991899206735e-06,2.6744425526449457e-06,-26.90327429211206,-25.72766726367675,23.71497425125187,5,8,1,1,1,1,1,0,0,1,1
0.04,12,8,21,21468842,0.00024086407744061472,0.00039225594305286967,-6.182279660150492,-4.064304677142207,38.595174475622876,5,25,1,0,1,1,1,0,0,1,1
0.06,12,8,21,21468842,3.515433538939062e-05,6.107153694607991e-05,-14.54021108209317,-12.141611502710033,42.43744770918669,3,20,1,1,1,1,1,0,0,1,1
0.08,12,8,21,21468842,2.27417075302605e-06,3.519748489713212e-06,-26.43176930011996,-24.534883687469264,35.38825971024569,3,10,1,1,1,1,1,0,0,1,1
0.04,12,8,22,21468843,0.000231354633445283,0.0003385184449688363,-6.357217982623419,-4.70417662784025,31.65671268914717,9,16,1,1,1,1,1,0,0,1,1
0.06,12,8,22,21468843,4.424308434539802e-05,5.642534802564593e-05,-13.541546044091817,-12.485257535589916,21.59005501341514,7,22,1,1,1,1,1,0,0,1,1
0.08,12,8,22,21468843,2.511769750525687e-06,3.1156481996699716e-06,-26.000201741144778,-25.064515861623484,19.38211282031942,3,12,1,1,1,1,1,0,0,1,1
0.04,12,8,23,21468844,0.0004299877314393629,0.0006844264315767044,-3.6654393568598893,-1.6467322697100915,37.17546377500272,9,25,1,0,1,1,1,0,0,1,1
0.06,12,8,23,21468844,0.00010488723763272334,0.00020447310980579992,-9.79277352253303,-6.8936379783183295,48.703652166125465,17,25,1,0,1,1,1,0,0,1,1
0.08,12,8,23,21468844,4.994677355993265e-06,1.0306508663649385e-05,-23.014925608989465,-19.868884273353913,51.53861002795954,4,11,1,1,1,1,1,0,0,1,1
0.04,12,8,24,21468845,0.00026315660640659834,0.0002647143491749272,-5.797857227779345,-5.7722251658083055,0.5884617789644125,12,20,1,1,1,1,1,0,0,1,1
0.06,12,8,24,21468845,6.630018321177499e-05,7.711952294842574e-05,-11.784852714782893,-11.128356655874232,14.029313619958806,11,14,1,1,1,1,1,0,0,1,1
0.08,12,8,24,21468845,5.240006635914618e-06,6.492732870916305e-06,-22.806681630278618,-21.875724648422473,19.294282698941416,7,11,1,1,1,1,1,0,0,1,1
0.04,12,8,25,21468846,0.0002660578220254554,0.0003181476977084184,-5.750239684154258,-4.973712152099271,16.372859542332204,13,17,1,1,1,1,1,0,0,1,1
0.06,12,8,25,21468846,6.342584405183706e-05,8.036775874836982e-05,-11.97733744608933,-10.949181428676958,21.08048670310395,8,16,1,1,1,1,1,0,0,1,1
0.08,12,8,25,21468846,2.5123286425219133e-06,2.9990294933074896e-06,-25.99923550325709,-25.230192632442364,16.228611684936006,3,7,1,1,1,1,1,0,0,1,1
0.04,12,8,26,21468847,0.00018527222462433405,0.0003127531282290154,-7.321896837385122,-5.047983376991144,40.7608724256573,11,21,1,1,1,1,1,0,0,1,1
0.06,12,8,26,21468847,4.9922540841305464e-05,8.310653097837672e-05,-13.017033190532592,-10.803648455730652,39.92946131478561,3,11,1,1,1,1,1,0,0,1,1
0.08,12,8,26,21468847,4.386485160214738e-06,6.730791048724218e-06,-23.57883335551458,-21.71933891510497,34.829574585498825,3,8,1,1,1,1,1,0,0,1,1
0.04,12,8,27,21468848,0.00035138241821896555,0.0005000906461423587,-4.542199726685879,-3.009512685612093,29.736254631137616,7,19,1,1,1,1,1,0,0,1,1
0.06,12,8,27,21468848,8.258384196711893e-05,0.00013595893289007637,-10.83104916734909,-8.665922527516003,39.258244962919456,6,13,1,1,1,1,1,0,0,1,1
0.08,12,8,27,21468848,5.824773848173509e-06,8.054906106807574e-06,-22.34720931829319,-20.93939517632475,27.686632582213182,8,10,1,1,1,1,1,0,0,1,1
0.04,12,8,28,21468849,0.0005077752704159766,0.0006556699062552741,-2.9432845388254822,-1.8331474899659401,22.556264124423173,12,22,1,1,1,1,1,0,0,1,1
0.06,12,8,28,21468849,0.00010414631112658716,0.00012738806183583906,-9.823561082005352,-8.948712699736078,18.244842078846293,10,25,1,0,1,1,1,0,0,1,1
0.08,12,8,28,21468849,1.7916051975037991e-06,2.420898182212663e-06,-27.46757686323384,-26.160234756689917,25.99419460647039,4,11,1,1,1,1,1,0,0,1,1
0.04,12,8,29,21468850,0.00033214138546526327,0.0004061074727741853,-4.7867700708941054,-3.913590189937506,18.213426806369217,5,21,1,1,1,1,1,0,0,1,1
0.06,12,8,29,21468850,8.605874272386164e-05,0.00011723883637539307,-10.65205003037076,-9.309285006929477,26.595362608081746,6,12,1,1,1,1,1,0,0,1,1
0.08,12,8,29,21468850,3.750258619643341e-06,4.252767184703849e-06,-24.259387820826262,-23.713283918371136,11.816037493609041,4,8,1,1,1,1,1,0,0,1,1
0.04,12,8,30,21468851,0.0003195773513835071,0.0004604362705822276,-4.954240069478605,-3.368304724156839,30.592489818537224,18,25,1,0,1,1,1,0,0,1,1
0.06,12,8,30,21468851,4.6444895725772855e-05,6.134209289400672e-05,-13.33062007826139,-12.122414106682955,24.28544000605718,5,19,1,1,1,1,1,0,0,1,1
0.08,12,8,30,21468851,2.545186772195072e-06,3.5533334257318563e-06,-25.94280342538444,-24.493640387360035,28.37185630360998,4,10,1,1,1,1,1,0,0,1,1
